file,N_all,N_filt,M_filtered,alpha,alpha0,q,k,B_orig,B_surr_mean,B_surr_std,B_fgn,orig_surr,orig_fgn
PG1257_text.txt,227491,83160,82596,0.727,0.7813,0.6,1,0.8284,0.7749,0.0041,0.7822,1.0691,1.059
PG1257_text.txt,227491,83160,82596,0.727,0.7813,0.6,2,0.9831,0.7769,0.0044,0.7775,1.2654,1.2644
PG1257_text.txt,227491,83160,82596,0.727,0.7813,0.6,3,0.8659,0.7768,0.004,0.7839,1.1147,1.1046
PG1257_text.txt,227491,83160,82596,0.727,0.7813,0.6,4,0.9356,0.7738,0.0029,0.781,1.2092,1.198
PG1257_text.txt,227491,83160,82596,0.727,0.7813,0.6,5,0.8716,0.7754,0.0043,0.7762,1.124,1.1229
PG1257_text.txt,227491,83160,82596,0.727,0.7813,0.6,6,0.8838,0.7723,0.0048,0.772,1.1444,1.1449
PG1257_text.txt,227491,83160,82596,0.727,0.7813,0.6,7,0.8548,0.7738,0.0038,0.7729,1.1047,1.106
PG1257_text.txt,227491,83160,82596,0.727,0.7813,0.6,8,0.8967,0.7755,0.0048,0.777,1.1564,1.154
PG1257_text.txt,227491,83160,82596,0.727,0.7813,0.6,9,0.8766,0.7745,0.0043,0.7686,1.1318,1.1404
PG1257_text.txt,227491,83160,82596,0.727,0.7813,0.6,10,0.8473,0.7755,0.0035,0.7816,1.0926,1.0841
PG1257_text.txt,227491,83160,82596,0.727,0.7813,0.6,11,0.8597,0.7742,0.0037,0.7751,1.1105,1.1092
PG1257_text.txt,227491,83160,82596,0.727,0.7813,0.6,12,0.8276,0.775,0.0037,0.7684,1.0679,1.0771
PG1257_text.txt,227491,83160,82596,0.727,0.7813,0.6,13,0.8335,0.7748,0.0043,0.7684,1.0757,1.0847
PG1257_text.txt,227491,83160,82596,0.727,0.7813,0.6,14,0.833,0.7772,0.0048,0.7774,1.0719,1.0716
PG1257_text.txt,227491,83160,82596,0.727,0.7813,0.6,15,0.8443,0.7744,0.0049,0.777,1.0903,1.0866
PG1257_text.txt,227491,83160,82596,0.727,0.7813,0.6,16,0.8402,0.7755,0.0031,0.7724,1.0833,1.0878
PG1257_text.txt,227491,83160,82596,0.727,0.7813,0.6,17,0.8314,0.7715,0.0039,0.7799,1.0777,1.066
PG1257_text.txt,227491,83160,82596,0.727,0.7813,0.6,18,0.8263,0.775,0.0048,0.7728,1.0662,1.0693
PG1257_text.txt,227491,83160,82596,0.727,0.7813,0.6,19,0.8312,0.7753,0.0049,0.7761,1.0722,1.071
PG1257_text.txt,227491,83160,82596,0.727,0.7813,0.6,20,0.8292,0.7747,0.0042,0.7776,1.0702,1.0663
PG1257_text.txt,227491,83160,82596,0.727,0.7813,0.7,1,0.8974,0.835,0.0042,0.8358,1.0747,1.0738
PG1257_text.txt,227491,83160,82596,0.727,0.7813,0.7,2,1.0626,0.8388,0.006,0.8454,1.2668,1.2569
PG1257_text.txt,227491,83160,82596,0.727,0.7813,0.7,3,0.937,0.8366,0.0047,0.843,1.1199,1.1114
PG1257_text.txt,227491,83160,82596,0.727,0.7813,0.7,4,1.0603,0.8384,0.0036,0.8518,1.2647,1.2447
PG1257_text.txt,227491,83160,82596,0.727,0.7813,0.7,5,0.9505,0.8363,0.006,0.8475,1.1365,1.1216
PG1257_text.txt,227491,83160,82596,0.727,0.7813,0.7,6,0.9579,0.8351,0.0048,0.8338,1.1471,1.1489
PG1257_text.txt,227491,83160,82596,0.727,0.7813,0.7,7,0.9249,0.8346,0.0045,0.8299,1.1083,1.1145
PG1257_text.txt,227491,83160,82596,0.727,0.7813,0.7,8,0.9611,0.8354,0.0059,0.8366,1.1504,1.1488
PG1257_text.txt,227491,83160,82596,0.727,0.7813,0.7,9,0.9552,0.8358,0.0044,0.8346,1.1428,1.1445
PG1257_text.txt,227491,83160,82596,0.727,0.7813,0.7,10,0.9134,0.8348,0.004,0.8428,1.0941,1.0837
PG1257_text.txt,227491,83160,82596,0.727,0.7813,0.7,11,0.9269,0.8347,0.0047,0.8334,1.1105,1.1122
PG1257_text.txt,227491,83160,82596,0.727,0.7813,0.7,12,0.9046,0.8368,0.0046,0.831,1.0811,1.0886
PG1257_text.txt,227491,83160,82596,0.727,0.7813,0.7,13,0.9088,0.8343,0.0052,0.8344,1.0893,1.0893
PG1257_text.txt,227491,83160,82596,0.727,0.7813,0.7,14,0.9008,0.8401,0.0052,0.8355,1.0723,1.0782
PG1257_text.txt,227491,83160,82596,0.727,0.7813,0.7,15,0.9075,0.8365,0.0042,0.8367,1.0849,1.0846
PG1257_text.txt,227491,83160,82596,0.727,0.7813,0.7,16,0.916,0.8381,0.0037,0.8346,1.093,1.0975
PG1257_text.txt,227491,83160,82596,0.727,0.7813,0.7,17,0.9012,0.8335,0.0045,0.8457,1.0813,1.0656
PG1257_text.txt,227491,83160,82596,0.727,0.7813,0.7,18,0.9017,0.837,0.007,0.8318,1.0772,1.084
PG1257_text.txt,227491,83160,82596,0.727,0.7813,0.7,19,0.905,0.8366,0.005,0.8422,1.0817,1.0745
PG1257_text.txt,227491,83160,82596,0.727,0.7813,0.7,20,0.9007,0.8373,0.0051,0.8409,1.0757,1.0711
PG1257_text.txt,227491,83160,82596,0.727,0.7813,0.8,1,0.9659,0.8907,0.0063,0.8928,1.0844,1.0819
PG1257_text.txt,227491,83160,82596,0.727,0.7813,0.8,2,1.1445,0.8948,0.0096,0.9039,1.279,1.2661
PG1257_text.txt,227491,83160,82596,0.727,0.7813,0.8,3,1.0199,0.8971,0.0063,0.8973,1.1369,1.1367
PG1257_text.txt,227491,83160,82596,0.727,0.7813,0.8,4,1.2106,0.894,0.0065,0.8965,1.3541,1.3504
PG1257_text.txt,227491,83160,82596,0.727,0.7813,0.8,5,1.0274,0.8968,0.0091,0.894,1.1456,1.1493
PG1257_text.txt,227491,83160,82596,0.727,0.7813,0.8,6,1.0234,0.8974,0.0089,0.9002,1.1404,1.1369
PG1257_text.txt,227491,83160,82596,0.727,0.7813,0.8,7,0.9803,0.8923,0.0071,0.8915,1.0986,1.0995
PG1257_text.txt,227491,83160,82596,0.727,0.7813,0.8,8,1.061,0.8922,0.0066,0.8921,1.1892,1.1893
PG1257_text.txt,227491,83160,82596,0.727,0.7813,0.8,9,1.0241,0.8935,0.0063,0.8933,1.1462,1.1465
PG1257_text.txt,227491,83160,82596,0.727,0.7813,0.8,10,0.9741,0.8954,0.0058,0.8965,1.0878,1.0866
PG1257_text.txt,227491,83160,82596,0.727,0.7813,0.8,11,1.0369,0.8941,0.0055,0.9027,1.1598,1.1487
PG1257_text.txt,227491,83160,82596,0.727,0.7813,0.8,12,0.9801,0.8935,0.0043,0.8909,1.0969,1.1002
PG1257_text.txt,227491,83160,82596,0.727,0.7813,0.8,13,0.9865,0.8918,0.0079,0.8848,1.1062,1.1148
PG1257_text.txt,227491,83160,82596,0.727,0.7813,0.8,14,0.9663,0.8951,0.0088,0.8925,1.0795,1.0826
PG1257_text.txt,227491,83160,82596,0.727,0.7813,0.8,15,0.9773,0.8943,0.0058,0.894,1.0928,1.0932
PG1257_text.txt,227491,83160,82596,0.727,0.7813,0.8,16,0.9867,0.8952,0.0064,0.9017,1.1022,1.0942
PG1257_text.txt,227491,83160,82596,0.727,0.7813,0.8,17,0.9909,0.892,0.0069,0.8957,1.1109,1.1063
PG1257_text.txt,227491,83160,82596,0.727,0.7813,0.8,18,1.0004,0.8936,0.0087,0.8919,1.1196,1.1216
PG1257_text.txt,227491,83160,82596,0.727,0.7813,0.8,19,0.9649,0.896,0.0065,0.8961,1.0769,1.0767
PG1257_text.txt,227491,83160,82596,0.727,0.7813,0.8,20,0.9753,0.8936,0.0074,0.8897,1.0914,1.0963
PG1257_text.txt,227491,83160,82596,0.727,0.7813,0.9,1,1.0724,0.9487,0.0115,0.9447,1.1304,1.1351
PG1257_text.txt,227491,83160,82596,0.727,0.7813,0.9,2,1.2493,0.9476,0.0096,0.9511,1.3184,1.3135
PG1257_text.txt,227491,83160,82596,0.727,0.7813,0.9,3,1.144,0.9467,0.012,0.9402,1.2084,1.2167
PG1257_text.txt,227491,83160,82596,0.727,0.7813,0.9,4,1.4138,0.9496,0.0106,0.938,1.4888,1.5072
PG1257_text.txt,227491,83160,82596,0.727,0.7813,0.9,5,1.1213,0.9467,0.0112,0.9552,1.1844,1.1739
PG1257_text.txt,227491,83160,82596,0.727,0.7813,0.9,6,1.0744,0.9467,0.0108,0.9541,1.135,1.1261
PG1257_text.txt,227491,83160,82596,0.727,0.7813,0.9,7,1.0362,0.9485,0.0128,0.9553,1.0925,1.0847
PG1257_text.txt,227491,83160,82596,0.727,0.7813,0.9,8,1.1768,0.9494,0.0102,0.9465,1.2395,1.2433
PG1257_text.txt,227491,83160,82596,0.727,0.7813,0.9,9,1.1319,0.9493,0.0097,0.9647,1.1923,1.1732
PG1257_text.txt,227491,83160,82596,0.727,0.7813,0.9,10,1.0783,0.9543,0.0111,0.9602,1.1299,1.123
PG1257_text.txt,227491,83160,82596,0.727,0.7813,0.9,11,1.1181,0.9476,0.0096,0.9742,1.1798,1.1477
PG1257_text.txt,227491,83160,82596,0.727,0.7813,0.9,12,1.0943,0.9496,0.0075,0.9741,1.1523,1.1234
PG1257_text.txt,227491,83160,82596,0.727,0.7813,0.9,13,1.0275,0.9502,0.0092,0.9474,1.0814,1.0846
PG1257_text.txt,227491,83160,82596,0.727,0.7813,0.9,14,1.0438,0.9505,0.0077,0.9577,1.0981,1.0899
PG1257_text.txt,227491,83160,82596,0.727,0.7813,0.9,15,1.0433,0.9494,0.0113,0.953,1.0989,1.0948
PG1257_text.txt,227491,83160,82596,0.727,0.7813,0.9,16,1.07,0.946,0.0111,0.9408,1.1311,1.1374
PG1257_text.txt,227491,83160,82596,0.727,0.7813,0.9,17,1.129,0.9472,0.0097,0.9567,1.192,1.18
PG1257_text.txt,227491,83160,82596,0.727,0.7813,0.9,18,1.093,0.9477,0.009,0.9328,1.1533,1.1717
PG1257_text.txt,227491,83160,82596,0.727,0.7813,0.9,19,1.0479,0.9495,0.0111,0.9512,1.1035,1.1016
PG1257_text.txt,227491,83160,82596,0.727,0.7813,0.9,20,1.0487,0.9496,0.0121,0.95,1.1044,1.104
PG1257_text.txt,227491,83160,82596,0.727,0.7813,0.95,1,1.1772,0.9738,0.0132,0.9793,1.2089,1.2021
PG1257_text.txt,227491,83160,82596,0.727,0.7813,0.95,2,1.2561,0.9749,0.0145,0.9536,1.2884,1.3173
PG1257_text.txt,227491,83160,82596,0.727,0.7813,0.95,3,1.2626,0.9727,0.0169,0.9869,1.298,1.2794
PG1257_text.txt,227491,83160,82596,0.727,0.7813,0.95,4,1.4464,0.9706,0.0153,0.9777,1.4902,1.4793
PG1257_text.txt,227491,83160,82596,0.727,0.7813,0.95,5,1.1157,0.972,0.0185,0.9855,1.1478,1.1321
PG1257_text.txt,227491,83160,82596,0.727,0.7813,0.95,6,1.141,0.9753,0.0112,0.9948,1.1699,1.1469
PG1257_text.txt,227491,83160,82596,0.727,0.7813,0.95,7,1.1132,0.9727,0.0134,1.0006,1.1444,1.1126
PG1257_text.txt,227491,83160,82596,0.727,0.7813,0.95,8,1.3652,0.973,0.0154,0.9619,1.4031,1.4192
PG1257_text.txt,227491,83160,82596,0.727,0.7813,0.95,9,1.2043,0.9728,0.0147,0.9716,1.2379,1.2395
PG1257_text.txt,227491,83160,82596,0.727,0.7813,0.95,10,1.2195,0.9749,0.0137,0.9804,1.251,1.244
PG1257_text.txt,227491,83160,82596,0.727,0.7813,0.95,11,1.2728,0.9771,0.0147,0.9825,1.3027,1.2956
PG1257_text.txt,227491,83160,82596,0.727,0.7813,0.95,12,1.1399,0.9741,0.0104,0.9806,1.1703,1.1624
PG1257_text.txt,227491,83160,82596,0.727,0.7813,0.95,13,1.0425,0.9765,0.0163,0.9556,1.0676,1.091
PG1257_text.txt,227491,83160,82596,0.727,0.7813,0.95,14,1.0836,0.9701,0.0144,0.9889,1.117,1.0958
PG1257_text.txt,227491,83160,82596,0.727,0.7813,0.95,15,1.0852,0.9744,0.0125,0.9979,1.1137,1.0875
PG1257_text.txt,227491,83160,82596,0.727,0.7813,0.95,16,1.1427,0.9751,0.0124,0.9712,1.1719,1.1765
PG1257_text.txt,227491,83160,82596,0.727,0.7813,0.95,17,1.1702,0.9708,0.0122,0.9685,1.2054,1.2083
PG1257_text.txt,227491,83160,82596,0.727,0.7813,0.95,18,1.1703,0.9676,0.0113,0.9597,1.2096,1.2195
PG1257_text.txt,227491,83160,82596,0.727,0.7813,0.95,19,1.0458,0.9784,0.0127,0.9932,1.0689,1.0529
PG1257_text.txt,227491,83160,82596,0.727,0.7813,0.95,20,1.0794,0.979,0.0181,0.9695,1.1026,1.1133
PG1257_text.txt,227491,83160,82596,0.727,0.7813,0.99,1,2.5493,0.9888,0.0332,1.01,2.5781,2.524
PG1257_text.txt,227491,83160,82596,0.727,0.7813,0.99,2,1.2978,0.9913,0.0353,1.01,1.3092,1.2849
PG1257_text.txt,227491,83160,82596,0.727,0.7813,0.99,3,1.5155,0.9936,0.0371,1.0381,1.5253,1.4599
PG1257_text.txt,227491,83160,82596,0.727,0.7813,0.99,4,1.4301,0.9958,0.0326,1.0234,1.4361,1.3974
PG1257_text.txt,227491,83160,82596,0.727,0.7813,0.99,5,1.122,0.9907,0.0247,0.9467,1.1325,1.1851
PG1257_text.txt,227491,83160,82596,0.727,0.7813,0.99,6,1.329,1.0045,0.0339,1.0641,1.3231,1.249
PG1257_text.txt,227491,83160,82596,0.727,0.7813,0.99,7,1.1108,0.9918,0.0306,0.9474,1.12,1.1725
PG1257_text.txt,227491,83160,82596,0.727,0.7813,0.99,8,1.4504,0.988,0.0364,0.9981,1.468,1.4531
PG1257_text.txt,227491,83160,82596,0.727,0.7813,0.99,9,1.4465,0.9933,0.0328,0.9677,1.4563,1.4949
PG1257_text.txt,227491,83160,82596,0.727,0.7813,0.99,10,1.8036,0.9953,0.0359,0.9536,1.8121,1.8914
PG1257_text.txt,227491,83160,82596,0.727,0.7813,0.99,11,1.1746,0.9986,0.0373,0.9859,1.1762,1.1915
PG1257_text.txt,227491,83160,82596,0.727,0.7813,0.99,12,1.2693,0.9974,0.0348,0.9348,1.2726,1.3579
PG1257_text.txt,227491,83160,82596,0.727,0.7813,0.99,13,1.2867,0.9929,0.0254,0.9943,1.2959,1.2941
PG1257_text.txt,227491,83160,82596,0.727,0.7813,0.99,14,1.1148,0.9973,0.0421,0.9888,1.1178,1.1275
PG1257_text.txt,227491,83160,82596,0.727,0.7813,0.99,15,1.1222,0.9818,0.0384,1.0488,1.1431,1.07
PG1257_text.txt,227491,83160,82596,0.727,0.7813,0.99,16,1.5923,0.9876,0.0426,0.9547,1.6123,1.6679
PG1257_text.txt,227491,83160,82596,0.727,0.7813,0.99,17,1.304,0.9961,0.0271,0.9709,1.3091,1.3431
PG1257_text.txt,227491,83160,82596,0.727,0.7813,0.99,18,1.4429,0.9951,0.032,1.0134,1.4499,1.4238
PG1257_text.txt,227491,83160,82596,0.727,0.7813,0.99,19,1.1333,0.9886,0.0293,0.9667,1.1464,1.1723
PG1257_text.txt,227491,83160,82596,0.727,0.7813,0.99,20,1.187,0.9874,0.0424,1.0374,1.2021,1.1442
PG1290_text.txt,105194,37255,36702,0.6506,0.6656,0.6,1,0.8909,0.7757,0.0048,0.7745,1.1485,1.1503
PG1290_text.txt,105194,37255,36702,0.6506,0.6656,0.6,2,1.1294,0.7736,0.0048,0.7781,1.46,1.4514
PG1290_text.txt,105194,37255,36702,0.6506,0.6656,0.6,3,0.9282,0.7775,0.0077,0.7681,1.1939,1.2085
PG1290_text.txt,105194,37255,36702,0.6506,0.6656,0.6,4,0.8607,0.7739,0.0064,0.7751,1.1122,1.1105
PG1290_text.txt,105194,37255,36702,0.6506,0.6656,0.6,5,0.8585,0.776,0.0068,0.7694,1.1063,1.1158
PG1290_text.txt,105194,37255,36702,0.6506,0.6656,0.6,6,0.8788,0.7746,0.006,0.7685,1.1346,1.1435
PG1290_text.txt,105194,37255,36702,0.6506,0.6656,0.6,7,0.8904,0.7778,0.0061,0.7655,1.1449,1.1632
PG1290_text.txt,105194,37255,36702,0.6506,0.6656,0.6,8,0.8673,0.7748,0.0061,0.7699,1.1194,1.1265
PG1290_text.txt,105194,37255,36702,0.6506,0.6656,0.6,9,0.8554,0.7751,0.0036,0.7723,1.1035,1.1076
PG1290_text.txt,105194,37255,36702,0.6506,0.6656,0.6,10,0.8443,0.7734,0.0072,0.7668,1.0917,1.1011
PG1290_text.txt,105194,37255,36702,0.6506,0.6656,0.6,11,0.8508,0.7739,0.0061,0.772,1.0994,1.1021
PG1290_text.txt,105194,37255,36702,0.6506,0.6656,0.6,12,0.8451,0.7744,0.0069,0.7727,1.0913,1.0937
PG1290_text.txt,105194,37255,36702,0.6506,0.6656,0.6,13,0.8807,0.7726,0.0058,0.7717,1.1398,1.1412
PG1290_text.txt,105194,37255,36702,0.6506,0.6656,0.6,14,0.8236,0.7758,0.005,0.7661,1.0616,1.075
PG1290_text.txt,105194,37255,36702,0.6506,0.6656,0.6,15,0.81,0.7764,0.0082,0.7764,1.0433,1.0432
PG1290_text.txt,105194,37255,36702,0.6506,0.6656,0.6,16,0.8087,0.7751,0.004,0.7794,1.0433,1.0376
PG1290_text.txt,105194,37255,36702,0.6506,0.6656,0.6,17,0.8517,0.7754,0.0067,0.7744,1.0985,1.0998
PG1290_text.txt,105194,37255,36702,0.6506,0.6656,0.6,18,0.8253,0.7743,0.0043,0.7846,1.0658,1.0519
PG1290_text.txt,105194,37255,36702,0.6506,0.6656,0.6,19,0.813,0.7743,0.0065,0.7663,1.0499,1.0608
PG1290_text.txt,105194,37255,36702,0.6506,0.6656,0.6,20,0.8187,0.7743,0.0072,0.7786,1.0574,1.0515
PG1290_text.txt,105194,37255,36702,0.6506,0.6656,0.7,1,0.9478,0.8367,0.0062,0.8301,1.1327,1.1418
PG1290_text.txt,105194,37255,36702,0.6506,0.6656,0.7,2,1.2638,0.8376,0.0067,0.8363,1.5088,1.5112
PG1290_text.txt,105194,37255,36702,0.6506,0.6656,0.7,3,1.0085,0.8359,0.0083,0.8274,1.2064,1.2188
PG1290_text.txt,105194,37255,36702,0.6506,0.6656,0.7,4,0.9443,0.8383,0.0084,0.8328,1.1265,1.1339
PG1290_text.txt,105194,37255,36702,0.6506,0.6656,0.7,5,0.9233,0.8378,0.0075,0.825,1.1021,1.1192
PG1290_text.txt,105194,37255,36702,0.6506,0.6656,0.7,6,0.9606,0.84,0.0067,0.8418,1.1435,1.1411
PG1290_text.txt,105194,37255,36702,0.6506,0.6656,0.7,7,0.9624,0.838,0.0063,0.8264,1.1485,1.1646
PG1290_text.txt,105194,37255,36702,0.6506,0.6656,0.7,8,0.9665,0.8366,0.0077,0.8421,1.1553,1.1477
PG1290_text.txt,105194,37255,36702,0.6506,0.6656,0.7,9,0.9128,0.836,0.0073,0.8393,1.0919,1.0876
PG1290_text.txt,105194,37255,36702,0.6506,0.6656,0.7,10,0.9157,0.835,0.0052,0.8216,1.0967,1.1146
PG1290_text.txt,105194,37255,36702,0.6506,0.6656,0.7,11,0.9183,0.8363,0.0095,0.8454,1.0981,1.0863
PG1290_text.txt,105194,37255,36702,0.6506,0.6656,0.7,12,0.9225,0.8347,0.0078,0.8393,1.1052,1.0991
PG1290_text.txt,105194,37255,36702,0.6506,0.6656,0.7,13,0.9571,0.8345,0.0059,0.8369,1.1469,1.1436
PG1290_text.txt,105194,37255,36702,0.6506,0.6656,0.7,14,0.9026,0.8371,0.0062,0.8114,1.0782,1.1125
PG1290_text.txt,105194,37255,36702,0.6506,0.6656,0.7,15,0.8675,0.8365,0.0075,0.837,1.037,1.0364
PG1290_text.txt,105194,37255,36702,0.6506,0.6656,0.7,16,0.8723,0.8367,0.0063,0.8527,1.0426,1.023
PG1290_text.txt,105194,37255,36702,0.6506,0.6656,0.7,17,0.9328,0.8392,0.0081,0.8415,1.1116,1.1085
PG1290_text.txt,105194,37255,36702,0.6506,0.6656,0.7,18,0.9076,0.8379,0.0052,0.8422,1.0831,1.0777
PG1290_text.txt,105194,37255,36702,0.6506,0.6656,0.7,19,0.8921,0.8365,0.0069,0.8195,1.0665,1.0886
PG1290_text.txt,105194,37255,36702,0.6506,0.6656,0.7,20,0.9016,0.8351,0.0075,0.8345,1.0797,1.0804
PG1290_text.txt,105194,37255,36702,0.6506,0.6656,0.8,1,0.9922,0.8926,0.0092,0.8865,1.1116,1.1192
PG1290_text.txt,105194,37255,36702,0.6506,0.6656,0.8,2,1.3445,0.8929,0.0089,0.8984,1.5057,1.4964
PG1290_text.txt,105194,37255,36702,0.6506,0.6656,0.8,3,1.131,0.8941,0.0095,0.8778,1.265,1.2885
PG1290_text.txt,105194,37255,36702,0.6506,0.6656,0.8,4,1.0269,0.8958,0.0066,0.8946,1.1464,1.1478
PG1290_text.txt,105194,37255,36702,0.6506,0.6656,0.8,5,0.9823,0.8961,0.0076,0.8845,1.0961,1.1106
PG1290_text.txt,105194,37255,36702,0.6506,0.6656,0.8,6,1.0653,0.8989,0.0122,0.9006,1.1852,1.1829
PG1290_text.txt,105194,37255,36702,0.6506,0.6656,0.8,7,1.0601,0.8959,0.01,0.8955,1.1833,1.1838
PG1290_text.txt,105194,37255,36702,0.6506,0.6656,0.8,8,1.0371,0.8919,0.0096,0.902,1.1628,1.1497
PG1290_text.txt,105194,37255,36702,0.6506,0.6656,0.8,9,0.9793,0.8943,0.0077,0.8846,1.095,1.1071
PG1290_text.txt,105194,37255,36702,0.6506,0.6656,0.8,10,0.9783,0.892,0.0122,0.8935,1.0968,1.095
PG1290_text.txt,105194,37255,36702,0.6506,0.6656,0.8,11,0.9557,0.8928,0.011,0.8987,1.0705,1.0634
PG1290_text.txt,105194,37255,36702,0.6506,0.6656,0.8,12,0.9982,0.8945,0.0109,0.8904,1.1159,1.121
PG1290_text.txt,105194,37255,36702,0.6506,0.6656,0.8,13,1.0421,0.8921,0.0087,0.8889,1.1681,1.1723
PG1290_text.txt,105194,37255,36702,0.6506,0.6656,0.8,14,0.9562,0.8915,0.0077,0.8817,1.0726,1.0844
PG1290_text.txt,105194,37255,36702,0.6506,0.6656,0.8,15,0.9545,0.8931,0.0078,0.9075,1.0688,1.0518
PG1290_text.txt,105194,37255,36702,0.6506,0.6656,0.8,16,0.9492,0.8975,0.01,0.9038,1.0575,1.0502
PG1290_text.txt,105194,37255,36702,0.6506,0.6656,0.8,17,0.9962,0.896,0.0088,0.9006,1.1119,1.1062
PG1290_text.txt,105194,37255,36702,0.6506,0.6656,0.8,18,0.9568,0.8953,0.0125,0.8979,1.0687,1.0656
PG1290_text.txt,105194,37255,36702,0.6506,0.6656,0.8,19,0.9367,0.8976,0.0096,0.8762,1.0435,1.0691
PG1290_text.txt,105194,37255,36702,0.6506,0.6656,0.8,20,0.9589,0.8899,0.0082,0.8927,1.0775,1.0741
PG1290_text.txt,105194,37255,36702,0.6506,0.6656,0.9,1,1.0382,0.9428,0.0123,0.9613,1.1011,1.08
PG1290_text.txt,105194,37255,36702,0.6506,0.6656,0.9,2,1.4053,0.9502,0.0171,0.9521,1.4789,1.476
PG1290_text.txt,105194,37255,36702,0.6506,0.6656,0.9,3,1.1676,0.9451,0.0123,0.937,1.2354,1.2461
PG1290_text.txt,105194,37255,36702,0.6506,0.6656,0.9,4,1.0923,0.9537,0.0146,0.9695,1.1454,1.1267
PG1290_text.txt,105194,37255,36702,0.6506,0.6656,0.9,5,1.1031,0.9468,0.0113,0.926,1.1651,1.1913
PG1290_text.txt,105194,37255,36702,0.6506,0.6656,0.9,6,1.1891,0.9493,0.0199,0.9232,1.2526,1.288
PG1290_text.txt,105194,37255,36702,0.6506,0.6656,0.9,7,1.1986,0.9481,0.0169,0.956,1.2642,1.2538
PG1290_text.txt,105194,37255,36702,0.6506,0.6656,0.9,8,1.1588,0.9498,0.0175,0.9604,1.2201,1.2066
PG1290_text.txt,105194,37255,36702,0.6506,0.6656,0.9,9,1.026,0.9482,0.0145,0.9269,1.082,1.1068
PG1290_text.txt,105194,37255,36702,0.6506,0.6656,0.9,10,1.0123,0.9472,0.0127,0.9355,1.0688,1.0822
PG1290_text.txt,105194,37255,36702,0.6506,0.6656,0.9,11,1.0414,0.9533,0.0137,0.9497,1.0924,1.0965
PG1290_text.txt,105194,37255,36702,0.6506,0.6656,0.9,12,1.0503,0.9504,0.0175,0.9907,1.1052,1.0602
PG1290_text.txt,105194,37255,36702,0.6506,0.6656,0.9,13,1.0878,0.9446,0.0212,0.9392,1.1516,1.1582
PG1290_text.txt,105194,37255,36702,0.6506,0.6656,0.9,14,1.0317,0.9488,0.0129,0.9635,1.0875,1.0708
PG1290_text.txt,105194,37255,36702,0.6506,0.6656,0.9,15,0.981,0.9538,0.0122,0.9665,1.0285,1.015
PG1290_text.txt,105194,37255,36702,0.6506,0.6656,0.9,16,1.0267,0.9529,0.0119,0.9435,1.0774,1.0882
PG1290_text.txt,105194,37255,36702,0.6506,0.6656,0.9,17,1.015,0.9486,0.0136,0.9429,1.07,1.0764
PG1290_text.txt,105194,37255,36702,0.6506,0.6656,0.9,18,1.0327,0.9531,0.0155,0.9601,1.0835,1.0756
PG1290_text.txt,105194,37255,36702,0.6506,0.6656,0.9,19,1.0083,0.9548,0.018,0.9259,1.056,1.089
PG1290_text.txt,105194,37255,36702,0.6506,0.6656,0.9,20,1.0312,0.9417,0.012,0.955,1.095,1.0798
PG1290_text.txt,105194,37255,36702,0.6506,0.6656,0.95,1,1.0305,0.9765,0.0208,0.9656,1.0553,1.0672
PG1290_text.txt,105194,37255,36702,0.6506,0.6656,0.95,2,1.2967,0.9703,0.0208,1.0171,1.3364,1.2749
PG1290_text.txt,105194,37255,36702,0.6506,0.6656,0.95,3,1.2519,0.9734,0.0204,0.9708,1.2861,1.2896
PG1290_text.txt,105194,37255,36702,0.6506,0.6656,0.95,4,1.1604,0.9786,0.0183,0.9582,1.1858,1.2111
PG1290_text.txt,105194,37255,36702,0.6506,0.6656,0.95,5,1.1561,0.9721,0.0283,0.9979,1.1893,1.1585
PG1290_text.txt,105194,37255,36702,0.6506,0.6656,0.95,6,1.1861,0.9703,0.0161,0.9969,1.2224,1.1898
PG1290_text.txt,105194,37255,36702,0.6506,0.6656,0.95,7,1.2933,0.9817,0.0328,0.9841,1.3174,1.3142
PG1290_text.txt,105194,37255,36702,0.6506,0.6656,0.95,8,1.1184,0.9773,0.024,0.9913,1.1443,1.1283
PG1290_text.txt,105194,37255,36702,0.6506,0.6656,0.95,9,1.132,0.9728,0.0201,0.9548,1.1636,1.1855
PG1290_text.txt,105194,37255,36702,0.6506,0.6656,0.95,10,1.0869,0.9703,0.0249,0.9886,1.1201,1.0994
PG1290_text.txt,105194,37255,36702,0.6506,0.6656,0.95,11,1.078,0.9807,0.0261,0.9841,1.0992,1.0954
PG1290_text.txt,105194,37255,36702,0.6506,0.6656,0.95,12,1.0928,0.9838,0.0224,0.9986,1.1109,1.0944
PG1290_text.txt,105194,37255,36702,0.6506,0.6656,0.95,13,1.1126,0.9692,0.0273,0.9604,1.148,1.1584
PG1290_text.txt,105194,37255,36702,0.6506,0.6656,0.95,14,1.0611,0.9678,0.0248,1.0019,1.0964,1.0591
PG1290_text.txt,105194,37255,36702,0.6506,0.6656,0.95,15,1.0168,0.9761,0.0227,0.966,1.0417,1.0526
PG1290_text.txt,105194,37255,36702,0.6506,0.6656,0.95,16,1.0549,0.9812,0.0222,1.0214,1.0751,1.0328
PG1290_text.txt,105194,37255,36702,0.6506,0.6656,0.95,17,1.0591,0.9754,0.0252,0.9939,1.0858,1.0656
PG1290_text.txt,105194,37255,36702,0.6506,0.6656,0.95,18,1.0285,0.9712,0.0172,0.9517,1.059,1.0808
PG1290_text.txt,105194,37255,36702,0.6506,0.6656,0.95,19,1.0417,0.9793,0.0235,1.0013,1.0637,1.0404
PG1290_text.txt,105194,37255,36702,0.6506,0.6656,0.95,20,1.0387,0.9734,0.0193,0.9953,1.067,1.0436
PG1290_text.txt,105194,37255,36702,0.6506,0.6656,0.99,1,1.118,0.9854,0.0445,0.8997,1.1345,1.2426
PG1290_text.txt,105194,37255,36702,0.6506,0.6656,0.99,2,1.0579,1.0006,0.0587,1.0034,1.0572,1.0543
PG1290_text.txt,105194,37255,36702,0.6506,0.6656,0.99,3,1.2128,0.9904,0.0468,0.9928,1.2245,1.2216
PG1290_text.txt,105194,37255,36702,0.6506,0.6656,0.99,4,1.0905,0.9814,0.0659,0.9822,1.1112,1.1103
PG1290_text.txt,105194,37255,36702,0.6506,0.6656,0.99,5,1.3426,0.9879,0.0376,1.0045,1.3591,1.3366
PG1290_text.txt,105194,37255,36702,0.6506,0.6656,0.99,6,1.3511,0.9918,0.048,0.9375,1.3623,1.4412
PG1290_text.txt,105194,37255,36702,0.6506,0.6656,0.99,7,1.2377,0.9864,0.0494,0.9371,1.2547,1.3208
PG1290_text.txt,105194,37255,36702,0.6506,0.6656,0.99,8,0.9995,0.9819,0.0451,0.8947,1.018,1.1172
PG1290_text.txt,105194,37255,36702,0.6506,0.6656,0.99,9,1.1859,0.9773,0.0515,0.9671,1.2134,1.2262
PG1290_text.txt,105194,37255,36702,0.6506,0.6656,0.99,10,1.2463,0.9642,0.0472,1.0126,1.2926,1.2307
PG1290_text.txt,105194,37255,36702,0.6506,0.6656,0.99,11,0.9512,1.001,0.0592,0.9214,0.9503,1.0324
PG1290_text.txt,105194,37255,36702,0.6506,0.6656,0.99,12,1.1734,0.9958,0.0476,1.01,1.1784,1.1618
PG1290_text.txt,105194,37255,36702,0.6506,0.6656,0.99,13,1.082,0.9678,0.0419,0.9563,1.118,1.1315
PG1290_text.txt,105194,37255,36702,0.6506,0.6656,0.99,14,1.1323,0.9901,0.041,1.0896,1.1437,1.0393
PG1290_text.txt,105194,37255,36702,0.6506,0.6656,0.99,15,1.0796,0.9897,0.0491,0.987,1.0908,1.0938
PG1290_text.txt,105194,37255,36702,0.6506,0.6656,0.99,16,1.056,0.9923,0.0441,1.0082,1.0642,1.0475
PG1290_text.txt,105194,37255,36702,0.6506,0.6656,0.99,17,1.1121,0.9942,0.0609,0.9587,1.1185,1.16
PG1290_text.txt,105194,37255,36702,0.6506,0.6656,0.99,18,1.37,1.0087,0.0586,0.9599,1.3582,1.4272
PG1290_text.txt,105194,37255,36702,0.6506,0.6656,0.99,19,0.957,0.9903,0.0622,0.9518,0.9664,1.0054
PG1290_text.txt,105194,37255,36702,0.6506,0.6656,0.99,20,1.0826,0.9928,0.0447,1.0556,1.0905,1.0256
PG133_text.txt,117479,39093,39014,0.6894,0.7119,0.6,1,0.8592,0.7749,0.0052,0.7713,1.1088,1.114
PG133_text.txt,117479,39093,39014,0.6894,0.7119,0.6,2,0.9776,0.7714,0.0049,0.7749,1.2673,1.2616
PG133_text.txt,117479,39093,39014,0.6894,0.7119,0.6,3,0.898,0.7762,0.0052,0.7772,1.157,1.1554
PG133_text.txt,117479,39093,39014,0.6894,0.7119,0.6,4,0.9297,0.7775,0.0062,0.7638,1.1959,1.2173
PG133_text.txt,117479,39093,39014,0.6894,0.7119,0.6,5,0.866,0.7753,0.0051,0.7787,1.117,1.1122
PG133_text.txt,117479,39093,39014,0.6894,0.7119,0.6,6,0.8388,0.7729,0.0056,0.7716,1.0853,1.0871
PG133_text.txt,117479,39093,39014,0.6894,0.7119,0.6,7,0.8504,0.7757,0.0048,0.7687,1.0963,1.1063
PG133_text.txt,117479,39093,39014,0.6894,0.7119,0.6,8,0.8289,0.7734,0.0056,0.7773,1.0717,1.0664
PG133_text.txt,117479,39093,39014,0.6894,0.7119,0.6,9,0.8483,0.7761,0.007,0.7767,1.093,1.0922
PG133_text.txt,117479,39093,39014,0.6894,0.7119,0.6,10,0.8266,0.7759,0.0064,0.7773,1.0653,1.0634
PG133_text.txt,117479,39093,39014,0.6894,0.7119,0.6,11,0.821,0.7748,0.0059,0.7817,1.0596,1.0502
PG133_text.txt,117479,39093,39014,0.6894,0.7119,0.6,12,0.8499,0.774,0.0075,0.769,1.0981,1.1052
PG133_text.txt,117479,39093,39014,0.6894,0.7119,0.6,13,0.818,0.7738,0.0045,0.7583,1.0571,1.0788
PG133_text.txt,117479,39093,39014,0.6894,0.7119,0.6,14,0.8351,0.7733,0.0068,0.7673,1.0799,1.0884
PG133_text.txt,117479,39093,39014,0.6894,0.7119,0.6,15,0.8233,0.7775,0.0051,0.7774,1.0588,1.059
PG133_text.txt,117479,39093,39014,0.6894,0.7119,0.6,16,0.8162,0.7765,0.0059,0.769,1.0512,1.0614
PG133_text.txt,117479,39093,39014,0.6894,0.7119,0.6,17,0.8,0.7768,0.0058,0.7719,1.0299,1.0365
PG133_text.txt,117479,39093,39014,0.6894,0.7119,0.6,18,0.8369,0.7767,0.0061,0.7724,1.0774,1.0835
PG133_text.txt,117479,39093,39014,0.6894,0.7119,0.6,19,0.835,0.7767,0.0057,0.7641,1.0751,1.0928
PG133_text.txt,117479,39093,39014,0.6894,0.7119,0.6,20,0.8139,0.7757,0.0051,0.788,1.0493,1.0329
PG133_text.txt,117479,39093,39014,0.6894,0.7119,0.7,1,0.9619,0.8347,0.0067,0.833,1.1524,1.1548
PG133_text.txt,117479,39093,39014,0.6894,0.7119,0.7,2,1.0419,0.8342,0.0062,0.8358,1.249,1.2467
PG133_text.txt,117479,39093,39014,0.6894,0.7119,0.7,3,0.965,0.8391,0.0076,0.8278,1.15,1.1657
PG133_text.txt,117479,39093,39014,0.6894,0.7119,0.7,4,1.0344,0.8376,0.0075,0.8393,1.2351,1.2326
PG133_text.txt,117479,39093,39014,0.6894,0.7119,0.7,5,0.9513,0.8377,0.0077,0.8336,1.1357,1.1412
PG133_text.txt,117479,39093,39014,0.6894,0.7119,0.7,6,0.9125,0.837,0.0081,0.8381,1.0903,1.0887
PG133_text.txt,117479,39093,39014,0.6894,0.7119,0.7,7,0.9135,0.838,0.0061,0.834,1.0901,1.0954
PG133_text.txt,117479,39093,39014,0.6894,0.7119,0.7,8,0.915,0.8346,0.008,0.8401,1.0964,1.0892
PG133_text.txt,117479,39093,39014,0.6894,0.7119,0.7,9,0.9311,0.8376,0.0073,0.8405,1.1117,1.1077
PG133_text.txt,117479,39093,39014,0.6894,0.7119,0.7,10,0.8998,0.8339,0.0067,0.8457,1.079,1.064
PG133_text.txt,117479,39093,39014,0.6894,0.7119,0.7,11,0.9,0.8376,0.0076,0.8486,1.0746,1.0606
PG133_text.txt,117479,39093,39014,0.6894,0.7119,0.7,12,0.9207,0.8352,0.0074,0.8379,1.1024,1.0989
PG133_text.txt,117479,39093,39014,0.6894,0.7119,0.7,13,0.8876,0.8341,0.0048,0.8243,1.0642,1.0768
PG133_text.txt,117479,39093,39014,0.6894,0.7119,0.7,14,0.9147,0.8365,0.0052,0.8285,1.0934,1.104
PG133_text.txt,117479,39093,39014,0.6894,0.7119,0.7,15,0.8961,0.8404,0.0085,0.8438,1.0662,1.0619
PG133_text.txt,117479,39093,39014,0.6894,0.7119,0.7,16,0.9019,0.8392,0.0076,0.8247,1.0747,1.0936
PG133_text.txt,117479,39093,39014,0.6894,0.7119,0.7,17,0.8751,0.8384,0.0068,0.8288,1.0439,1.0559
PG133_text.txt,117479,39093,39014,0.6894,0.7119,0.7,18,0.919,0.839,0.0056,0.8413,1.0954,1.0924
PG133_text.txt,117479,39093,39014,0.6894,0.7119,0.7,19,0.9128,0.8375,0.0071,0.8254,1.0898,1.1059
PG133_text.txt,117479,39093,39014,0.6894,0.7119,0.7,20,0.8927,0.836,0.0065,0.8414,1.0679,1.0609
PG133_text.txt,117479,39093,39014,0.6894,0.7119,0.8,1,1.0326,0.8947,0.0109,0.901,1.1541,1.146
PG133_text.txt,117479,39093,39014,0.6894,0.7119,0.8,2,1.0909,0.8926,0.0105,0.8924,1.2222,1.2224
PG133_text.txt,117479,39093,39014,0.6894,0.7119,0.8,3,1.0414,0.8978,0.0087,0.8886,1.1599,1.1719
PG133_text.txt,117479,39093,39014,0.6894,0.7119,0.8,4,1.2043,0.901,0.0109,0.892,1.3366,1.3501
PG133_text.txt,117479,39093,39014,0.6894,0.7119,0.8,5,1.0189,0.8991,0.0105,0.8807,1.1332,1.1569
PG133_text.txt,117479,39093,39014,0.6894,0.7119,0.8,6,0.976,0.8969,0.0103,0.8797,1.0882,1.1095
PG133_text.txt,117479,39093,39014,0.6894,0.7119,0.8,7,0.9864,0.892,0.0112,0.9002,1.1058,1.0958
PG133_text.txt,117479,39093,39014,0.6894,0.7119,0.8,8,1.0236,0.8953,0.0119,0.9116,1.1433,1.1229
PG133_text.txt,117479,39093,39014,0.6894,0.7119,0.8,9,1.0097,0.8926,0.0079,0.8893,1.1312,1.1353
PG133_text.txt,117479,39093,39014,0.6894,0.7119,0.8,10,0.9784,0.8912,0.0099,0.8912,1.0978,1.0979
PG133_text.txt,117479,39093,39014,0.6894,0.7119,0.8,11,0.9728,0.8967,0.0096,0.9037,1.0849,1.0764
PG133_text.txt,117479,39093,39014,0.6894,0.7119,0.8,12,0.97,0.8932,0.0073,0.9029,1.086,1.0742
PG133_text.txt,117479,39093,39014,0.6894,0.7119,0.8,13,0.9455,0.8932,0.0089,0.8786,1.0585,1.0762
PG133_text.txt,117479,39093,39014,0.6894,0.7119,0.8,14,0.9741,0.891,0.007,0.8938,1.0933,1.0898
PG133_text.txt,117479,39093,39014,0.6894,0.7119,0.8,15,0.9703,0.899,0.009,0.8965,1.0793,1.0824
PG133_text.txt,117479,39093,39014,0.6894,0.7119,0.8,16,0.9921,0.8949,0.0102,0.8798,1.1087,1.1277
PG133_text.txt,117479,39093,39014,0.6894,0.7119,0.8,17,0.9418,0.9005,0.0077,0.899,1.0458,1.0476
PG133_text.txt,117479,39093,39014,0.6894,0.7119,0.8,18,0.9768,0.8958,0.0089,0.8974,1.0903,1.0884
PG133_text.txt,117479,39093,39014,0.6894,0.7119,0.8,19,0.9526,0.8953,0.0097,0.8987,1.0639,1.06
PG133_text.txt,117479,39093,39014,0.6894,0.7119,0.8,20,0.9634,0.8958,0.0085,0.9006,1.0754,1.0697
PG133_text.txt,117479,39093,39014,0.6894,0.7119,0.9,1,1.0946,0.9561,0.0159,0.9618,1.1449,1.138
PG133_text.txt,117479,39093,39014,0.6894,0.7119,0.9,2,1.173,0.9461,0.0179,0.9062,1.2398,1.2943
PG133_text.txt,117479,39093,39014,0.6894,0.7119,0.9,3,1.1015,0.9482,0.0128,0.9549,1.1617,1.1536
PG133_text.txt,117479,39093,39014,0.6894,0.7119,0.9,4,1.3375,0.9519,0.0166,0.9326,1.4051,1.4341
PG133_text.txt,117479,39093,39014,0.6894,0.7119,0.9,5,1.1027,0.9462,0.0109,0.9221,1.1655,1.1959
PG133_text.txt,117479,39093,39014,0.6894,0.7119,0.9,6,0.9998,0.952,0.015,0.9463,1.0503,1.0566
PG133_text.txt,117479,39093,39014,0.6894,0.7119,0.9,7,1.0846,0.9522,0.0134,0.9303,1.139,1.1659
PG133_text.txt,117479,39093,39014,0.6894,0.7119,0.9,8,1.1,0.9445,0.014,0.9615,1.1647,1.1441
PG133_text.txt,117479,39093,39014,0.6894,0.7119,0.9,9,1.1049,0.945,0.0141,0.9371,1.1692,1.179
PG133_text.txt,117479,39093,39014,0.6894,0.7119,0.9,10,1.0773,0.9489,0.0158,0.9491,1.1353,1.1351
PG133_text.txt,117479,39093,39014,0.6894,0.7119,0.9,11,1.0579,0.946,0.0148,0.9748,1.1183,1.0853
PG133_text.txt,117479,39093,39014,0.6894,0.7119,0.9,12,1.058,0.9486,0.0185,0.9528,1.1154,1.1104
PG133_text.txt,117479,39093,39014,0.6894,0.7119,0.9,13,1.0128,0.9432,0.0137,0.9161,1.0738,1.1056
PG133_text.txt,117479,39093,39014,0.6894,0.7119,0.9,14,1.0519,0.9509,0.0109,0.9538,1.1062,1.1029
PG133_text.txt,117479,39093,39014,0.6894,0.7119,0.9,15,1.0301,0.9517,0.0098,0.9189,1.0824,1.121
PG133_text.txt,117479,39093,39014,0.6894,0.7119,0.9,16,1.0572,0.9501,0.0189,0.9258,1.1127,1.142
PG133_text.txt,117479,39093,39014,0.6894,0.7119,0.9,17,1.0505,0.9468,0.0135,0.95,1.1095,1.1058
PG133_text.txt,117479,39093,39014,0.6894,0.7119,0.9,18,1.0294,0.9497,0.0222,0.9397,1.0838,1.0954
PG133_text.txt,117479,39093,39014,0.6894,0.7119,0.9,19,1.0123,0.9523,0.015,0.9263,1.063,1.0928
PG133_text.txt,117479,39093,39014,0.6894,0.7119,0.9,20,1.0461,0.9485,0.0134,0.9339,1.1029,1.12
PG133_text.txt,117479,39093,39014,0.6894,0.7119,0.95,1,1.1183,0.9678,0.0201,0.9702,1.1555,1.1526
PG133_text.txt,117479,39093,39014,0.6894,0.7119,0.95,2,1.1567,0.9695,0.0226,0.9676,1.193,1.1955
PG133_text.txt,117479,39093,39014,0.6894,0.7119,0.95,3,1.1754,0.9722,0.0252,0.9788,1.209,1.2009
PG133_text.txt,117479,39093,39014,0.6894,0.7119,0.95,4,1.5128,0.9751,0.0201,0.9559,1.5514,1.5827
PG133_text.txt,117479,39093,39014,0.6894,0.7119,0.95,5,1.149,0.9669,0.0154,0.9565,1.1883,1.2012
PG133_text.txt,117479,39093,39014,0.6894,0.7119,0.95,6,1.0417,0.9664,0.0209,0.9712,1.0779,1.0727
PG133_text.txt,117479,39093,39014,0.6894,0.7119,0.95,7,1.2265,0.973,0.0215,0.9663,1.2605,1.2693
PG133_text.txt,117479,39093,39014,0.6894,0.7119,0.95,8,1.1636,0.9719,0.0175,0.9989,1.1973,1.1649
PG133_text.txt,117479,39093,39014,0.6894,0.7119,0.95,9,1.1949,0.9775,0.028,0.9628,1.2224,1.2411
PG133_text.txt,117479,39093,39014,0.6894,0.7119,0.95,10,1.1614,0.9701,0.023,0.9241,1.1972,1.2569
PG133_text.txt,117479,39093,39014,0.6894,0.7119,0.95,11,1.1082,0.9725,0.0206,0.9658,1.1395,1.1474
PG133_text.txt,117479,39093,39014,0.6894,0.7119,0.95,12,1.1725,0.9661,0.0209,0.9709,1.2137,1.2077
PG133_text.txt,117479,39093,39014,0.6894,0.7119,0.95,13,1.0823,0.9707,0.0226,0.9396,1.1149,1.1519
PG133_text.txt,117479,39093,39014,0.6894,0.7119,0.95,14,1.1018,0.9816,0.0206,0.9635,1.1225,1.1435
PG133_text.txt,117479,39093,39014,0.6894,0.7119,0.95,15,1.0862,0.9759,0.023,0.963,1.113,1.1279
PG133_text.txt,117479,39093,39014,0.6894,0.7119,0.95,16,1.1046,0.9671,0.0212,0.9442,1.1422,1.1699
PG133_text.txt,117479,39093,39014,0.6894,0.7119,0.95,17,1.0947,0.9754,0.014,0.9475,1.1224,1.1554
PG133_text.txt,117479,39093,39014,0.6894,0.7119,0.95,18,1.0338,0.9824,0.0356,0.9479,1.0523,1.0906
PG133_text.txt,117479,39093,39014,0.6894,0.7119,0.95,19,1.0383,0.9806,0.0241,0.9851,1.0588,1.054
PG133_text.txt,117479,39093,39014,0.6894,0.7119,0.95,20,1.1052,0.9752,0.0196,0.9477,1.1333,1.1661
PG133_text.txt,117479,39093,39014,0.6894,0.7119,0.99,1,1.2151,0.9789,0.0611,0.9657,1.2413,1.2582
PG133_text.txt,117479,39093,39014,0.6894,0.7119,0.99,2,1.171,0.9884,0.0307,0.951,1.1847,1.2313
PG133_text.txt,117479,39093,39014,0.6894,0.7119,0.99,3,1.145,0.9914,0.0534,0.9651,1.1549,1.1864
PG133_text.txt,117479,39093,39014,0.6894,0.7119,0.99,4,1.3617,0.9943,0.0445,0.9972,1.3694,1.3655
PG133_text.txt,117479,39093,39014,0.6894,0.7119,0.99,5,1.1845,0.9768,0.0427,0.9704,1.2126,1.2206
PG133_text.txt,117479,39093,39014,0.6894,0.7119,0.99,6,1.0141,0.97,0.0578,1.0409,1.0455,0.9742
PG133_text.txt,117479,39093,39014,0.6894,0.7119,0.99,7,1.4078,0.9584,0.0463,0.9325,1.4689,1.5098
PG133_text.txt,117479,39093,39014,0.6894,0.7119,0.99,8,1.0966,0.9827,0.0459,0.9389,1.1159,1.1679
PG133_text.txt,117479,39093,39014,0.6894,0.7119,0.99,9,1.2253,0.9958,0.0582,1.0666,1.2305,1.1488
PG133_text.txt,117479,39093,39014,0.6894,0.7119,0.99,10,1.2735,0.9954,0.0509,0.9353,1.2794,1.3617
PG133_text.txt,117479,39093,39014,0.6894,0.7119,0.99,11,0.9974,0.9985,0.0641,0.9307,0.9989,1.0716
PG133_text.txt,117479,39093,39014,0.6894,0.7119,0.99,12,1.0959,0.9916,0.0493,1.0219,1.1053,1.0725
PG133_text.txt,117479,39093,39014,0.6894,0.7119,0.99,13,1.0301,1.0084,0.0486,0.9992,1.0215,1.0309
PG133_text.txt,117479,39093,39014,0.6894,0.7119,0.99,14,1.1132,1.0019,0.0393,0.9633,1.1111,1.1556
PG133_text.txt,117479,39093,39014,0.6894,0.7119,0.99,15,1.2188,0.9969,0.0382,0.9428,1.2226,1.2927
PG133_text.txt,117479,39093,39014,0.6894,0.7119,0.99,16,1.1236,0.9802,0.0422,0.9798,1.1462,1.1468
PG133_text.txt,117479,39093,39014,0.6894,0.7119,0.99,17,1.2011,0.9923,0.0603,1.0027,1.2104,1.1979
PG133_text.txt,117479,39093,39014,0.6894,0.7119,0.99,18,1.0715,0.9983,0.0466,1.003,1.0733,1.0682
PG133_text.txt,117479,39093,39014,0.6894,0.7119,0.99,19,1.1212,1.0035,0.0464,1.0158,1.1173,1.1037
PG133_text.txt,117479,39093,39014,0.6894,0.7119,0.99,20,1.0912,1.0062,0.0637,1.0293,1.0844,1.0601
PG135_text.txt,556622,227663,224736,0.7721,0.8044,0.6,1,0.862,0.775,0.0024,0.8156,1.1123,1.0569
PG135_text.txt,556622,227663,224736,0.7721,0.8044,0.6,2,1.0593,0.774,0.002,0.7777,1.3686,1.3621
PG135_text.txt,556622,227663,224736,0.7721,0.8044,0.6,3,1.0457,0.7746,0.0022,0.7814,1.35,1.3383
PG135_text.txt,556622,227663,224736,0.7721,0.8044,0.6,4,0.9207,0.7747,0.0027,0.7822,1.1885,1.1771
PG135_text.txt,556622,227663,224736,0.7721,0.8044,0.6,5,0.9198,0.7755,0.0029,0.776,1.1861,1.1853
PG135_text.txt,556622,227663,224736,0.7721,0.8044,0.6,6,0.9553,0.7749,0.0033,0.7761,1.2329,1.231
PG135_text.txt,556622,227663,224736,0.7721,0.8044,0.6,7,0.893,0.7749,0.0027,0.7768,1.1524,1.1496
PG135_text.txt,556622,227663,224736,0.7721,0.8044,0.6,8,0.9204,0.7748,0.0019,0.7756,1.188,1.1867
PG135_text.txt,556622,227663,224736,0.7721,0.8044,0.6,9,0.9045,0.7747,0.0022,0.7738,1.1677,1.169
PG135_text.txt,556622,227663,224736,0.7721,0.8044,0.6,10,0.8898,0.775,0.0018,0.7764,1.148,1.146
PG135_text.txt,556622,227663,224736,0.7721,0.8044,0.6,11,0.8611,0.7747,0.003,0.781,1.1115,1.1026
PG135_text.txt,556622,227663,224736,0.7721,0.8044,0.6,12,0.867,0.7741,0.0017,0.7781,1.12,1.1143
PG135_text.txt,556622,227663,224736,0.7721,0.8044,0.6,13,0.8658,0.7746,0.0018,0.7762,1.1177,1.1154
PG135_text.txt,556622,227663,224736,0.7721,0.8044,0.6,14,0.8545,0.7757,0.0021,0.7721,1.1016,1.1067
PG135_text.txt,556622,227663,224736,0.7721,0.8044,0.6,15,0.8732,0.7744,0.0021,0.7751,1.1276,1.1265
PG135_text.txt,556622,227663,224736,0.7721,0.8044,0.6,16,0.8697,0.7749,0.0033,0.7724,1.1223,1.1259
PG135_text.txt,556622,227663,224736,0.7721,0.8044,0.6,17,0.8528,0.7753,0.0028,0.7778,1.0999,1.0965
PG135_text.txt,556622,227663,224736,0.7721,0.8044,0.6,18,0.8422,0.7752,0.003,0.7718,1.0864,1.0911
PG135_text.txt,556622,227663,224736,0.7721,0.8044,0.6,19,0.8546,0.7731,0.0024,0.7699,1.1054,1.11
PG135_text.txt,556622,227663,224736,0.7721,0.8044,0.6,20,0.8414,0.7742,0.0024,0.7723,1.0868,1.0895
PG135_text.txt,556622,227663,224736,0.7721,0.8044,0.7,1,0.9597,0.8369,0.0035,0.8802,1.1467,1.0902
PG135_text.txt,556622,227663,224736,0.7721,0.8044,0.7,2,1.1565,0.8368,0.0031,0.8418,1.3821,1.3738
PG135_text.txt,556622,227663,224736,0.7721,0.8044,0.7,3,1.1809,0.837,0.0034,0.8394,1.4109,1.4068
PG135_text.txt,556622,227663,224736,0.7721,0.8044,0.7,4,1.0331,0.8358,0.0044,0.8399,1.236,1.23
PG135_text.txt,556622,227663,224736,0.7721,0.8044,0.7,5,1.019,0.8382,0.0042,0.8389,1.2158,1.2147
PG135_text.txt,556622,227663,224736,0.7721,0.8044,0.7,6,1.029,0.8382,0.0039,0.8358,1.2277,1.2312
PG135_text.txt,556622,227663,224736,0.7721,0.8044,0.7,7,0.96,0.837,0.0023,0.8426,1.147,1.1394
PG135_text.txt,556622,227663,224736,0.7721,0.8044,0.7,8,1.0161,0.8366,0.0028,0.8421,1.2146,1.2067
PG135_text.txt,556622,227663,224736,0.7721,0.8044,0.7,9,0.9927,0.838,0.0033,0.834,1.1846,1.1903
PG135_text.txt,556622,227663,224736,0.7721,0.8044,0.7,10,0.9631,0.8359,0.0026,0.8359,1.1522,1.1522
PG135_text.txt,556622,227663,224736,0.7721,0.8044,0.7,11,0.9383,0.8374,0.0037,0.8386,1.1204,1.1188
PG135_text.txt,556622,227663,224736,0.7721,0.8044,0.7,12,0.949,0.8366,0.003,0.8381,1.1343,1.1323
PG135_text.txt,556622,227663,224736,0.7721,0.8044,0.7,13,0.9393,0.8361,0.0034,0.8382,1.1235,1.1207
PG135_text.txt,556622,227663,224736,0.7721,0.8044,0.7,14,0.9478,0.8369,0.0031,0.8325,1.1326,1.1386
PG135_text.txt,556622,227663,224736,0.7721,0.8044,0.7,15,0.972,0.8361,0.0035,0.8386,1.1626,1.1592
PG135_text.txt,556622,227663,224736,0.7721,0.8044,0.7,16,0.9455,0.8372,0.0031,0.834,1.1293,1.1337
PG135_text.txt,556622,227663,224736,0.7721,0.8044,0.7,17,0.9293,0.8376,0.002,0.8376,1.1094,1.1095
PG135_text.txt,556622,227663,224736,0.7721,0.8044,0.7,18,0.9168,0.8374,0.0023,0.8311,1.0948,1.1032
PG135_text.txt,556622,227663,224736,0.7721,0.8044,0.7,19,0.9301,0.8358,0.0032,0.8367,1.1129,1.1116
PG135_text.txt,556622,227663,224736,0.7721,0.8044,0.7,20,0.9236,0.8366,0.0033,0.8362,1.104,1.1045
PG135_text.txt,556622,227663,224736,0.7721,0.8044,0.8,1,1.0316,0.8948,0.0042,0.9301,1.1529,1.1091
PG135_text.txt,556622,227663,224736,0.7721,0.8044,0.8,2,1.2396,0.8937,0.0044,0.8981,1.387,1.3802
PG135_text.txt,556622,227663,224736,0.7721,0.8044,0.8,3,1.3075,0.8935,0.0038,0.8934,1.4634,1.4635
PG135_text.txt,556622,227663,224736,0.7721,0.8044,0.8,4,1.1873,0.8936,0.0048,0.894,1.3286,1.328
PG135_text.txt,556622,227663,224736,0.7721,0.8044,0.8,5,1.1169,0.8953,0.0034,0.8979,1.2476,1.244
PG135_text.txt,556622,227663,224736,0.7721,0.8044,0.8,6,1.1084,0.8939,0.0036,0.8967,1.2398,1.236
PG135_text.txt,556622,227663,224736,0.7721,0.8044,0.8,7,1.0404,0.8939,0.0049,0.9043,1.1639,1.1504
PG135_text.txt,556622,227663,224736,0.7721,0.8044,0.8,8,1.1066,0.8935,0.0036,0.8941,1.2384,1.2376
PG135_text.txt,556622,227663,224736,0.7721,0.8044,0.8,9,1.0698,0.8947,0.0059,0.8913,1.1957,1.2003
PG135_text.txt,556622,227663,224736,0.7721,0.8044,0.8,10,1.0537,0.8937,0.0033,0.89,1.179,1.1838
PG135_text.txt,556622,227663,224736,0.7721,0.8044,0.8,11,1.025,0.8953,0.0043,0.8948,1.1449,1.1455
PG135_text.txt,556622,227663,224736,0.7721,0.8044,0.8,12,1.045,0.8947,0.0027,0.887,1.168,1.1781
PG135_text.txt,556622,227663,224736,0.7721,0.8044,0.8,13,1.0254,0.8936,0.0043,0.8931,1.1476,1.1482
PG135_text.txt,556622,227663,224736,0.7721,0.8044,0.8,14,1.0352,0.8929,0.0036,0.8928,1.1594,1.1595
PG135_text.txt,556622,227663,224736,0.7721,0.8044,0.8,15,1.0814,0.8946,0.0053,0.8947,1.2089,1.2087
PG135_text.txt,556622,227663,224736,0.7721,0.8044,0.8,16,1.0358,0.8962,0.0039,0.8913,1.1558,1.1622
PG135_text.txt,556622,227663,224736,0.7721,0.8044,0.8,17,1.0015,0.896,0.0035,0.9026,1.1178,1.1095
PG135_text.txt,556622,227663,224736,0.7721,0.8044,0.8,18,0.9797,0.8956,0.0045,0.8946,1.0939,1.0952
PG135_text.txt,556622,227663,224736,0.7721,0.8044,0.8,19,1.0228,0.8922,0.0039,0.8893,1.1463,1.1501
PG135_text.txt,556622,227663,224736,0.7721,0.8044,0.8,20,1.0149,0.8936,0.004,0.8939,1.1357,1.1353
PG135_text.txt,556622,227663,224736,0.7721,0.8044,0.9,1,1.1291,0.9513,0.0071,0.9744,1.187,1.1588
PG135_text.txt,556622,227663,224736,0.7721,0.8044,0.9,2,1.3358,0.9483,0.0078,0.9552,1.4085,1.3984
PG135_text.txt,556622,227663,224736,0.7721,0.8044,0.9,3,1.4699,0.9481,0.0066,0.9415,1.5504,1.5612
PG135_text.txt,556622,227663,224736,0.7721,0.8044,0.9,4,1.3759,0.9502,0.0077,0.9515,1.4479,1.446
PG135_text.txt,556622,227663,224736,0.7721,0.8044,0.9,5,1.2226,0.9494,0.0043,0.9507,1.2878,1.286
PG135_text.txt,556622,227663,224736,0.7721,0.8044,0.9,6,1.1907,0.9492,0.0083,0.949,1.2544,1.2547
PG135_text.txt,556622,227663,224736,0.7721,0.8044,0.9,7,1.1285,0.9488,0.0061,0.9546,1.1894,1.1822
PG135_text.txt,556622,227663,224736,0.7721,0.8044,0.9,8,1.2352,0.9489,0.0065,0.9524,1.3018,1.297
PG135_text.txt,556622,227663,224736,0.7721,0.8044,0.9,9,1.1562,0.9484,0.0071,0.9497,1.2191,1.2174
PG135_text.txt,556622,227663,224736,0.7721,0.8044,0.9,10,1.1515,0.9471,0.0064,0.9584,1.2159,1.2014
PG135_text.txt,556622,227663,224736,0.7721,0.8044,0.9,11,1.1145,0.9505,0.0049,0.9416,1.1725,1.1836
PG135_text.txt,556622,227663,224736,0.7721,0.8044,0.9,12,1.1494,0.9472,0.0047,0.9389,1.2134,1.2242
PG135_text.txt,556622,227663,224736,0.7721,0.8044,0.9,13,1.0839,0.9488,0.0061,0.9418,1.1424,1.1508
PG135_text.txt,556622,227663,224736,0.7721,0.8044,0.9,14,1.1769,0.9491,0.0056,0.9446,1.24,1.2459
PG135_text.txt,556622,227663,224736,0.7721,0.8044,0.9,15,1.2435,0.9474,0.0071,0.9527,1.3126,1.3053
PG135_text.txt,556622,227663,224736,0.7721,0.8044,0.9,16,1.1534,0.9487,0.0065,0.953,1.2159,1.2104
PG135_text.txt,556622,227663,224736,0.7721,0.8044,0.9,17,1.0866,0.9501,0.0058,0.9574,1.1436,1.135
PG135_text.txt,556622,227663,224736,0.7721,0.8044,0.9,18,1.0605,0.9504,0.0054,0.9462,1.1158,1.1208
PG135_text.txt,556622,227663,224736,0.7721,0.8044,0.9,19,1.1191,0.9458,0.0049,0.9429,1.1833,1.1869
PG135_text.txt,556622,227663,224736,0.7721,0.8044,0.9,20,1.1189,0.949,0.005,0.9499,1.179,1.1779
PG135_text.txt,556622,227663,224736,0.7721,0.8044,0.95,1,1.2145,0.9768,0.0097,0.9919,1.2433,1.2244
PG135_text.txt,556622,227663,224736,0.7721,0.8044,0.95,2,1.3756,0.9748,0.0089,0.9641,1.4112,1.4268
PG135_text.txt,556622,227663,224736,0.7721,0.8044,0.95,3,1.5782,0.9756,0.0092,0.9826,1.6177,1.6062
PG135_text.txt,556622,227663,224736,0.7721,0.8044,0.95,4,1.5714,0.9751,0.0115,0.9906,1.6115,1.5863
PG135_text.txt,556622,227663,224736,0.7721,0.8044,0.95,5,1.2668,0.9784,0.0083,0.9748,1.2948,1.2995
PG135_text.txt,556622,227663,224736,0.7721,0.8044,0.95,6,1.2723,0.9779,0.0082,0.9769,1.301,1.3024
PG135_text.txt,556622,227663,224736,0.7721,0.8044,0.95,7,1.1553,0.9761,0.0076,0.9674,1.1836,1.1943
PG135_text.txt,556622,227663,224736,0.7721,0.8044,0.95,8,1.2909,0.975,0.009,0.9692,1.3239,1.3319
PG135_text.txt,556622,227663,224736,0.7721,0.8044,0.95,9,1.2232,0.9699,0.0082,0.97,1.2612,1.2611
PG135_text.txt,556622,227663,224736,0.7721,0.8044,0.95,10,1.2019,0.9725,0.0101,0.9797,1.2359,1.2269
PG135_text.txt,556622,227663,224736,0.7721,0.8044,0.95,11,1.1555,0.9765,0.0083,0.9564,1.1833,1.2081
PG135_text.txt,556622,227663,224736,0.7721,0.8044,0.95,12,1.2118,0.9721,0.0115,0.9544,1.2466,1.2697
PG135_text.txt,556622,227663,224736,0.7721,0.8044,0.95,13,1.0869,0.9735,0.0062,0.9686,1.1165,1.1222
PG135_text.txt,556622,227663,224736,0.7721,0.8044,0.95,14,1.3258,0.974,0.0075,0.9614,1.3611,1.379
PG135_text.txt,556622,227663,224736,0.7721,0.8044,0.95,15,1.3467,0.9758,0.0101,0.989,1.3801,1.3617
PG135_text.txt,556622,227663,224736,0.7721,0.8044,0.95,16,1.2463,0.9708,0.0085,0.9797,1.2838,1.2722
PG135_text.txt,556622,227663,224736,0.7721,0.8044,0.95,17,1.1445,0.9745,0.01,0.9773,1.1744,1.171
PG135_text.txt,556622,227663,224736,0.7721,0.8044,0.95,18,1.1091,0.9732,0.0084,0.976,1.1396,1.1363
PG135_text.txt,556622,227663,224736,0.7721,0.8044,0.95,19,1.2747,0.9738,0.0111,0.9563,1.3089,1.3329
PG135_text.txt,556622,227663,224736,0.7721,0.8044,0.95,20,1.2035,0.9783,0.0078,0.9772,1.2302,1.2315
PG135_text.txt,556622,227663,224736,0.7721,0.8044,0.99,1,1.9683,0.9886,0.0177,0.9996,1.9909,1.9691
PG135_text.txt,556622,227663,224736,0.7721,0.8044,0.99,2,1.3563,0.9945,0.0237,1.0159,1.3639,1.3351
PG135_text.txt,556622,227663,224736,0.7721,0.8044,0.99,3,1.3178,0.9897,0.0141,0.9696,1.3315,1.3591
PG135_text.txt,556622,227663,224736,0.7721,0.8044,0.99,4,2.1489,0.9963,0.0147,0.9907,2.1569,2.1691
PG135_text.txt,556622,227663,224736,0.7721,0.8044,0.99,5,1.353,0.9878,0.0167,0.994,1.3697,1.3612
PG135_text.txt,556622,227663,224736,0.7721,0.8044,0.99,6,1.3733,0.9937,0.0208,0.9844,1.3819,1.395
PG135_text.txt,556622,227663,224736,0.7721,0.8044,0.99,7,1.1658,0.9908,0.0217,0.9479,1.1765,1.2298
PG135_text.txt,556622,227663,224736,0.7721,0.8044,0.99,8,1.5218,0.9852,0.0189,1.0275,1.5447,1.481
PG135_text.txt,556622,227663,224736,0.7721,0.8044,0.99,9,1.3504,0.9991,0.0192,1.0136,1.3516,1.3323
PG135_text.txt,556622,227663,224736,0.7721,0.8044,0.99,10,1.202,0.9914,0.0135,1.0105,1.2125,1.1895
PG135_text.txt,556622,227663,224736,0.7721,0.8044,0.99,11,1.2284,1.0032,0.0209,0.9992,1.2244,1.2294
PG135_text.txt,556622,227663,224736,0.7721,0.8044,0.99,12,1.1815,0.9881,0.0191,0.9792,1.1958,1.2066
PG135_text.txt,556622,227663,224736,0.7721,0.8044,0.99,13,1.1591,0.998,0.0213,0.9864,1.1614,1.1751
PG135_text.txt,556622,227663,224736,0.7721,0.8044,0.99,14,1.8039,0.9904,0.03,0.994,1.8213,1.8149
PG135_text.txt,556622,227663,224736,0.7721,0.8044,0.99,15,1.8023,0.9868,0.0245,0.9924,1.8263,1.816
PG135_text.txt,556622,227663,224736,0.7721,0.8044,0.99,16,1.36,0.993,0.0243,0.9832,1.3695,1.3832
PG135_text.txt,556622,227663,224736,0.7721,0.8044,0.99,17,1.1948,1.0036,0.0173,0.9904,1.1904,1.2064
PG135_text.txt,556622,227663,224736,0.7721,0.8044,0.99,18,1.3748,0.9979,0.0231,0.9955,1.3777,1.381
PG135_text.txt,556622,227663,224736,0.7721,0.8044,0.99,19,1.6011,0.9929,0.0235,0.9957,1.6125,1.6079
PG135_text.txt,556622,227663,224736,0.7721,0.8044,0.99,20,1.2473,0.9842,0.0189,0.9915,1.2673,1.258
PG14355_text.txt,88547,29234,29161,0.7766,0.7813,0.6,1,0.8919,0.7762,0.0089,0.769,1.149,1.1598
PG14355_text.txt,88547,29234,29161,0.7766,0.7813,0.6,2,0.9346,0.7752,0.0067,0.7854,1.2057,1.19
PG14355_text.txt,88547,29234,29161,0.7766,0.7813,0.6,3,1.0344,0.7754,0.0055,0.7656,1.334,1.3511
PG14355_text.txt,88547,29234,29161,0.7766,0.7813,0.6,4,0.8691,0.7762,0.0072,0.7814,1.1197,1.1123
PG14355_text.txt,88547,29234,29161,0.7766,0.7813,0.6,5,0.8878,0.7736,0.0069,0.7728,1.1476,1.1488
PG14355_text.txt,88547,29234,29161,0.7766,0.7813,0.6,6,0.9008,0.775,0.007,0.7805,1.1622,1.1542
PG14355_text.txt,88547,29234,29161,0.7766,0.7813,0.6,7,0.8445,0.7739,0.0071,0.7845,1.0912,1.0764
PG14355_text.txt,88547,29234,29161,0.7766,0.7813,0.6,8,0.8412,0.7738,0.0056,0.7694,1.0871,1.0932
PG14355_text.txt,88547,29234,29161,0.7766,0.7813,0.6,9,0.8773,0.7752,0.0074,0.7813,1.1318,1.1228
PG14355_text.txt,88547,29234,29161,0.7766,0.7813,0.6,10,0.8338,0.7748,0.0071,0.7853,1.0762,1.0618
PG14355_text.txt,88547,29234,29161,0.7766,0.7813,0.6,11,0.8465,0.7752,0.0068,0.7675,1.0919,1.1029
PG14355_text.txt,88547,29234,29161,0.7766,0.7813,0.6,12,0.8288,0.7702,0.0078,0.7739,1.0761,1.0709
PG14355_text.txt,88547,29234,29161,0.7766,0.7813,0.6,13,0.83,0.7731,0.0052,0.777,1.0736,1.0682
PG14355_text.txt,88547,29234,29161,0.7766,0.7813,0.6,14,0.8462,0.7782,0.0075,0.7792,1.0873,1.086
PG14355_text.txt,88547,29234,29161,0.7766,0.7813,0.6,15,0.8437,0.7762,0.0109,0.7837,1.087,1.0765
PG14355_text.txt,88547,29234,29161,0.7766,0.7813,0.6,16,0.8401,0.7756,0.0057,0.7728,1.0831,1.087
PG14355_text.txt,88547,29234,29161,0.7766,0.7813,0.6,17,0.8473,0.7728,0.0074,0.7744,1.0964,1.0941
PG14355_text.txt,88547,29234,29161,0.7766,0.7813,0.6,18,0.8488,0.7749,0.0067,0.7833,1.0954,1.0837
PG14355_text.txt,88547,29234,29161,0.7766,0.7813,0.6,19,0.815,0.7758,0.0056,0.7614,1.0505,1.0704
PG14355_text.txt,88547,29234,29161,0.7766,0.7813,0.6,20,0.8504,0.775,0.0054,0.7698,1.0973,1.1046
PG14355_text.txt,88547,29234,29161,0.7766,0.7813,0.7,1,0.9943,0.8363,0.0086,0.8533,1.1889,1.1653
PG14355_text.txt,88547,29234,29161,0.7766,0.7813,0.7,2,1.0301,0.8371,0.0076,0.8507,1.2306,1.2109
PG14355_text.txt,88547,29234,29161,0.7766,0.7813,0.7,3,1.1195,0.8369,0.01,0.8244,1.3377,1.358
PG14355_text.txt,88547,29234,29161,0.7766,0.7813,0.7,4,0.936,0.8377,0.0079,0.8495,1.1173,1.1018
PG14355_text.txt,88547,29234,29161,0.7766,0.7813,0.7,5,0.9731,0.8364,0.0084,0.8265,1.1634,1.1773
PG14355_text.txt,88547,29234,29161,0.7766,0.7813,0.7,6,0.967,0.8397,0.0095,0.8351,1.1516,1.158
PG14355_text.txt,88547,29234,29161,0.7766,0.7813,0.7,7,0.9232,0.8356,0.0105,0.8397,1.1047,1.0994
PG14355_text.txt,88547,29234,29161,0.7766,0.7813,0.7,8,0.912,0.8372,0.0085,0.8361,1.0894,1.0908
PG14355_text.txt,88547,29234,29161,0.7766,0.7813,0.7,9,0.9837,0.8348,0.0075,0.8459,1.1783,1.1629
PG14355_text.txt,88547,29234,29161,0.7766,0.7813,0.7,10,0.8952,0.8355,0.0086,0.8575,1.0714,1.0439
PG14355_text.txt,88547,29234,29161,0.7766,0.7813,0.7,11,0.9051,0.839,0.0088,0.8287,1.0788,1.0922
PG14355_text.txt,88547,29234,29161,0.7766,0.7813,0.7,12,0.9158,0.8319,0.0066,0.834,1.1009,1.0981
PG14355_text.txt,88547,29234,29161,0.7766,0.7813,0.7,13,0.9025,0.8337,0.0075,0.8455,1.0826,1.0674
PG14355_text.txt,88547,29234,29161,0.7766,0.7813,0.7,14,0.909,0.8415,0.008,0.8342,1.0803,1.0897
PG14355_text.txt,88547,29234,29161,0.7766,0.7813,0.7,15,0.8912,0.8366,0.011,0.8424,1.0653,1.0579
PG14355_text.txt,88547,29234,29161,0.7766,0.7813,0.7,16,0.9186,0.8367,0.0073,0.8294,1.0978,1.1075
PG14355_text.txt,88547,29234,29161,0.7766,0.7813,0.7,17,0.9263,0.8342,0.0103,0.8265,1.1104,1.1208
PG14355_text.txt,88547,29234,29161,0.7766,0.7813,0.7,18,0.9281,0.8349,0.0077,0.8525,1.1117,1.0886
PG14355_text.txt,88547,29234,29161,0.7766,0.7813,0.7,19,0.8625,0.8383,0.0108,0.8149,1.0288,1.0583
PG14355_text.txt,88547,29234,29161,0.7766,0.7813,0.7,20,0.9157,0.8424,0.0096,0.8399,1.087,1.0903
PG14355_text.txt,88547,29234,29161,0.7766,0.7813,0.8,1,1.0988,0.897,0.0116,0.8879,1.2249,1.2376
PG14355_text.txt,88547,29234,29161,0.7766,0.7813,0.8,2,1.1442,0.8947,0.011,0.9019,1.2789,1.2686
PG14355_text.txt,88547,29234,29161,0.7766,0.7813,0.8,3,1.1966,0.8957,0.0121,0.8881,1.336,1.3474
PG14355_text.txt,88547,29234,29161,0.7766,0.7813,0.8,4,1.0298,0.8948,0.0107,0.8932,1.1509,1.153
PG14355_text.txt,88547,29234,29161,0.7766,0.7813,0.8,5,1.0649,0.8957,0.0144,0.8896,1.1889,1.1971
PG14355_text.txt,88547,29234,29161,0.7766,0.7813,0.8,6,1.0495,0.8981,0.0109,0.8847,1.1686,1.1863
PG14355_text.txt,88547,29234,29161,0.7766,0.7813,0.8,7,1.0069,0.8959,0.0101,0.8943,1.1239,1.1259
PG14355_text.txt,88547,29234,29161,0.7766,0.7813,0.8,8,1.0108,0.898,0.012,0.8866,1.1256,1.1401
PG14355_text.txt,88547,29234,29161,0.7766,0.7813,0.8,9,1.0975,0.8943,0.0129,0.8899,1.2272,1.2333
PG14355_text.txt,88547,29234,29161,0.7766,0.7813,0.8,10,0.9508,0.8925,0.0119,0.9018,1.0653,1.0544
PG14355_text.txt,88547,29234,29161,0.7766,0.7813,0.8,11,0.9757,0.8962,0.0175,0.8834,1.0886,1.1044
PG14355_text.txt,88547,29234,29161,0.7766,0.7813,0.8,12,0.9872,0.8908,0.0122,0.9019,1.1083,1.0946
PG14355_text.txt,88547,29234,29161,0.7766,0.7813,0.8,13,0.9567,0.8889,0.0125,0.8988,1.0763,1.0644
PG14355_text.txt,88547,29234,29161,0.7766,0.7813,0.8,14,0.9497,0.8976,0.0089,0.8978,1.058,1.0577
PG14355_text.txt,88547,29234,29161,0.7766,0.7813,0.8,15,0.9486,0.8959,0.0099,0.9013,1.0588,1.0524
PG14355_text.txt,88547,29234,29161,0.7766,0.7813,0.8,16,0.9896,0.8934,0.009,0.8975,1.1077,1.1025
PG14355_text.txt,88547,29234,29161,0.7766,0.7813,0.8,17,0.9706,0.8933,0.0143,0.8979,1.0865,1.0809
PG14355_text.txt,88547,29234,29161,0.7766,0.7813,0.8,18,0.9853,0.8906,0.0106,0.8986,1.1063,1.0964
PG14355_text.txt,88547,29234,29161,0.7766,0.7813,0.8,19,0.9661,0.8976,0.0122,0.8766,1.0764,1.1022
PG14355_text.txt,88547,29234,29161,0.7766,0.7813,0.8,20,0.9957,0.8977,0.0093,0.8823,1.1091,1.1284
PG14355_text.txt,88547,29234,29161,0.7766,0.7813,0.9,1,1.3121,0.9485,0.0202,0.952,1.3832,1.3782
PG14355_text.txt,88547,29234,29161,0.7766,0.7813,0.9,2,1.2069,0.952,0.0168,0.9544,1.2678,1.2645
PG14355_text.txt,88547,29234,29161,0.7766,0.7813,0.9,3,1.2481,0.948,0.0192,0.9384,1.3165,1.33
PG14355_text.txt,88547,29234,29161,0.7766,0.7813,0.9,4,1.0777,0.9584,0.0116,0.9324,1.1245,1.1558
PG14355_text.txt,88547,29234,29161,0.7766,0.7813,0.9,5,1.1388,0.9516,0.018,0.9603,1.1967,1.1859
PG14355_text.txt,88547,29234,29161,0.7766,0.7813,0.9,6,1.1675,0.9521,0.0182,0.9504,1.2262,1.2284
PG14355_text.txt,88547,29234,29161,0.7766,0.7813,0.9,7,1.0404,0.9475,0.0143,0.9582,1.098,1.0858
PG14355_text.txt,88547,29234,29161,0.7766,0.7813,0.9,8,1.1702,0.9496,0.0179,0.9714,1.2323,1.2046
PG14355_text.txt,88547,29234,29161,0.7766,0.7813,0.9,9,1.2146,0.9475,0.0203,0.9286,1.2819,1.308
PG14355_text.txt,88547,29234,29161,0.7766,0.7813,0.9,10,1.0627,0.9445,0.0172,0.9408,1.1251,1.1296
PG14355_text.txt,88547,29234,29161,0.7766,0.7813,0.9,11,1.0197,0.9481,0.0262,0.9601,1.0755,1.062
PG14355_text.txt,88547,29234,29161,0.7766,0.7813,0.9,12,1.1101,0.9485,0.0211,0.9308,1.1704,1.1926
PG14355_text.txt,88547,29234,29161,0.7766,0.7813,0.9,13,1.0496,0.9455,0.0182,0.9448,1.1102,1.111
PG14355_text.txt,88547,29234,29161,0.7766,0.7813,0.9,14,0.9993,0.9468,0.0194,0.9463,1.0554,1.0559
PG14355_text.txt,88547,29234,29161,0.7766,0.7813,0.9,15,1.0739,0.952,0.0191,0.9611,1.1281,1.1173
PG14355_text.txt,88547,29234,29161,0.7766,0.7813,0.9,16,1.0767,0.9464,0.0162,0.945,1.1377,1.1394
PG14355_text.txt,88547,29234,29161,0.7766,0.7813,0.9,17,1.0774,0.9487,0.0178,0.9666,1.1356,1.1146
PG14355_text.txt,88547,29234,29161,0.7766,0.7813,0.9,18,1.0649,0.9471,0.0172,0.9004,1.1244,1.1827
PG14355_text.txt,88547,29234,29161,0.7766,0.7813,0.9,19,1.0484,0.9481,0.0203,0.953,1.1058,1.1001
PG14355_text.txt,88547,29234,29161,0.7766,0.7813,0.9,20,1.0982,0.9545,0.0113,0.9534,1.1505,1.1519
PG14355_text.txt,88547,29234,29161,0.7766,0.7813,0.95,1,1.4475,0.9672,0.0193,0.9538,1.4966,1.5177
PG14355_text.txt,88547,29234,29161,0.7766,0.7813,0.95,2,1.2828,0.9674,0.022,0.9828,1.326,1.3053
PG14355_text.txt,88547,29234,29161,0.7766,0.7813,0.95,3,1.2997,0.961,0.0226,0.9302,1.3524,1.3972
PG14355_text.txt,88547,29234,29161,0.7766,0.7813,0.95,4,1.1809,0.9806,0.0289,0.9599,1.2043,1.2303
PG14355_text.txt,88547,29234,29161,0.7766,0.7813,0.95,5,1.1348,0.9704,0.028,0.9608,1.1694,1.1811
PG14355_text.txt,88547,29234,29161,0.7766,0.7813,0.95,6,1.2739,0.9777,0.0193,0.989,1.3029,1.288
PG14355_text.txt,88547,29234,29161,0.7766,0.7813,0.95,7,1.0759,0.9784,0.0223,0.9944,1.0996,1.082
PG14355_text.txt,88547,29234,29161,0.7766,0.7813,0.95,8,1.4284,0.9812,0.031,1.0339,1.4558,1.3815
PG14355_text.txt,88547,29234,29161,0.7766,0.7813,0.95,9,1.2719,0.9739,0.0197,0.9483,1.306,1.3413
PG14355_text.txt,88547,29234,29161,0.7766,0.7813,0.95,10,1.1493,0.9708,0.0226,1.0066,1.1838,1.1418
PG14355_text.txt,88547,29234,29161,0.7766,0.7813,0.95,11,1.1849,0.961,0.0224,0.9589,1.233,1.2357
PG14355_text.txt,88547,29234,29161,0.7766,0.7813,0.95,12,1.1282,0.9684,0.0285,0.9739,1.165,1.1584
PG14355_text.txt,88547,29234,29161,0.7766,0.7813,0.95,13,1.0685,0.9674,0.0217,0.9963,1.1046,1.0725
PG14355_text.txt,88547,29234,29161,0.7766,0.7813,0.95,14,1.0578,0.9773,0.031,0.9657,1.0823,1.0953
PG14355_text.txt,88547,29234,29161,0.7766,0.7813,0.95,15,1.1077,0.9718,0.0273,0.987,1.1399,1.1223
PG14355_text.txt,88547,29234,29161,0.7766,0.7813,0.95,16,1.1555,0.978,0.0265,0.9599,1.1815,1.2038
PG14355_text.txt,88547,29234,29161,0.7766,0.7813,0.95,17,1.1787,0.976,0.0233,0.9935,1.2076,1.1864
PG14355_text.txt,88547,29234,29161,0.7766,0.7813,0.95,18,1.0971,0.9688,0.0228,0.9576,1.1324,1.1457
PG14355_text.txt,88547,29234,29161,0.7766,0.7813,0.95,19,1.1462,0.984,0.0213,1.0076,1.1649,1.1375
PG14355_text.txt,88547,29234,29161,0.7766,0.7813,0.95,20,1.1605,0.9716,0.0245,1.0014,1.1945,1.1589
PG14355_text.txt,88547,29234,29161,0.7766,0.7813,0.99,1,2.0126,0.9827,0.0612,0.9901,2.0481,2.0327
PG14355_text.txt,88547,29234,29161,0.7766,0.7813,0.99,2,1.7323,1.0005,0.0366,0.9862,1.7315,1.7565
PG14355_text.txt,88547,29234,29161,0.7766,0.7813,0.99,3,1.5256,1.0115,0.0633,1.0164,1.5082,1.501
PG14355_text.txt,88547,29234,29161,0.7766,0.7813,0.99,4,1.2753,1.0029,0.0541,0.9449,1.2717,1.3498
PG14355_text.txt,88547,29234,29161,0.7766,0.7813,0.99,5,1.0242,0.9735,0.0527,0.9296,1.0521,1.1017
PG14355_text.txt,88547,29234,29161,0.7766,0.7813,0.99,6,1.1581,0.9844,0.0557,1.0592,1.1764,1.0934
PG14355_text.txt,88547,29234,29161,0.7766,0.7813,0.99,7,1.1184,1.0,0.0495,1.0422,1.1184,1.0731
PG14355_text.txt,88547,29234,29161,0.7766,0.7813,0.99,8,1.7238,1.0067,0.0481,0.9929,1.7123,1.7361
PG14355_text.txt,88547,29234,29161,0.7766,0.7813,0.99,9,1.5485,0.9845,0.052,0.9185,1.5729,1.6859
PG14355_text.txt,88547,29234,29161,0.7766,0.7813,0.99,10,1.114,0.9786,0.0431,0.9923,1.1384,1.1227
PG14355_text.txt,88547,29234,29161,0.7766,0.7813,0.99,11,1.3288,0.9768,0.0523,1.009,1.3604,1.3169
PG14355_text.txt,88547,29234,29161,0.7766,0.7813,0.99,12,1.2288,0.9753,0.061,0.8949,1.2599,1.3731
PG14355_text.txt,88547,29234,29161,0.7766,0.7813,0.99,13,1.1479,1.0052,0.0606,1.0632,1.142,1.0796
PG14355_text.txt,88547,29234,29161,0.7766,0.7813,0.99,14,1.29,1.0037,0.0765,1.0296,1.2852,1.2529
PG14355_text.txt,88547,29234,29161,0.7766,0.7813,0.99,15,1.4052,0.9893,0.0502,1.0076,1.4203,1.3946
PG14355_text.txt,88547,29234,29161,0.7766,0.7813,0.99,16,1.2387,0.9901,0.0434,0.9288,1.2511,1.3336
PG14355_text.txt,88547,29234,29161,0.7766,0.7813,0.99,17,1.34,0.992,0.0808,0.9205,1.3508,1.4557
PG14355_text.txt,88547,29234,29161,0.7766,0.7813,0.99,18,1.1439,0.9861,0.0381,1.0609,1.1601,1.0783
PG14355_text.txt,88547,29234,29161,0.7766,0.7813,0.99,19,1.2036,1.0101,0.0504,0.994,1.1916,1.2109
PG14355_text.txt,88547,29234,29161,0.7766,0.7813,0.99,20,1.1873,0.9749,0.0682,1.0841,1.2179,1.0952
PG14393_text.txt,78860,23228,23188,0.7266,0.735,0.6,1,0.8618,0.7766,0.0079,0.7909,1.1096,1.0896
PG14393_text.txt,78860,23228,23188,0.7266,0.735,0.6,2,0.9969,0.7738,0.0073,0.7605,1.2884,1.3108
PG14393_text.txt,78860,23228,23188,0.7266,0.735,0.6,3,0.8742,0.7724,0.0059,0.7778,1.1318,1.124
PG14393_text.txt,78860,23228,23188,0.7266,0.735,0.6,4,0.9009,0.7794,0.0064,0.7704,1.1559,1.1694
PG14393_text.txt,78860,23228,23188,0.7266,0.735,0.6,5,0.8686,0.7747,0.0067,0.7716,1.1212,1.1257
PG14393_text.txt,78860,23228,23188,0.7266,0.735,0.6,6,0.8594,0.7773,0.0069,0.7818,1.1056,1.0993
PG14393_text.txt,78860,23228,23188,0.7266,0.735,0.6,7,0.8765,0.7715,0.0069,0.7781,1.1361,1.1264
PG14393_text.txt,78860,23228,23188,0.7266,0.735,0.6,8,0.8388,0.7768,0.0052,0.7936,1.0797,1.0569
PG14393_text.txt,78860,23228,23188,0.7266,0.735,0.6,9,0.8453,0.7762,0.0078,0.7726,1.089,1.0941
PG14393_text.txt,78860,23228,23188,0.7266,0.735,0.6,10,0.8285,0.7729,0.0072,0.7658,1.0719,1.0819
PG14393_text.txt,78860,23228,23188,0.7266,0.735,0.6,11,0.817,0.7746,0.0089,0.7761,1.0548,1.0527
PG14393_text.txt,78860,23228,23188,0.7266,0.735,0.6,12,0.8205,0.774,0.0069,0.7737,1.0601,1.0606
PG14393_text.txt,78860,23228,23188,0.7266,0.735,0.6,13,0.8298,0.7753,0.0089,0.7775,1.0704,1.0674
PG14393_text.txt,78860,23228,23188,0.7266,0.735,0.6,14,0.8152,0.7697,0.0092,0.7833,1.0591,1.0407
PG14393_text.txt,78860,23228,23188,0.7266,0.735,0.6,15,0.8339,0.7746,0.008,0.7634,1.0766,1.0923
PG14393_text.txt,78860,23228,23188,0.7266,0.735,0.6,16,0.8205,0.7726,0.0082,0.7791,1.062,1.0531
PG14393_text.txt,78860,23228,23188,0.7266,0.735,0.6,17,0.8287,0.7768,0.008,0.7814,1.0669,1.0605
PG14393_text.txt,78860,23228,23188,0.7266,0.735,0.6,18,0.7986,0.7758,0.0052,0.7682,1.0293,1.0395
PG14393_text.txt,78860,23228,23188,0.7266,0.735,0.6,19,0.8172,0.7742,0.0075,0.778,1.0555,1.0504
PG14393_text.txt,78860,23228,23188,0.7266,0.735,0.6,20,0.7922,0.7744,0.0071,0.778,1.0229,1.0182
PG14393_text.txt,78860,23228,23188,0.7266,0.735,0.7,1,0.9491,0.8347,0.0089,0.829,1.1371,1.1449
PG14393_text.txt,78860,23228,23188,0.7266,0.735,0.7,2,1.0911,0.8406,0.0099,0.8321,1.2979,1.3113
PG14393_text.txt,78860,23228,23188,0.7266,0.735,0.7,3,0.9416,0.837,0.008,0.8364,1.125,1.1257
PG14393_text.txt,78860,23228,23188,0.7266,0.735,0.7,4,0.986,0.8388,0.0109,0.838,1.1754,1.1766
PG14393_text.txt,78860,23228,23188,0.7266,0.735,0.7,5,0.9565,0.8345,0.0109,0.8393,1.1462,1.1396
PG14393_text.txt,78860,23228,23188,0.7266,0.735,0.7,6,0.9401,0.8381,0.008,0.8215,1.1218,1.1444
PG14393_text.txt,78860,23228,23188,0.7266,0.735,0.7,7,0.9798,0.835,0.0095,0.848,1.1734,1.1554
PG14393_text.txt,78860,23228,23188,0.7266,0.735,0.7,8,0.8945,0.8403,0.0083,0.8567,1.0645,1.0441
PG14393_text.txt,78860,23228,23188,0.7266,0.735,0.7,9,0.9322,0.8394,0.0072,0.8365,1.1106,1.1144
PG14393_text.txt,78860,23228,23188,0.7266,0.735,0.7,10,0.9206,0.8348,0.0091,0.8318,1.1027,1.1067
PG14393_text.txt,78860,23228,23188,0.7266,0.735,0.7,11,0.8864,0.8386,0.0089,0.8469,1.0569,1.0466
PG14393_text.txt,78860,23228,23188,0.7266,0.735,0.7,12,0.8835,0.8333,0.0081,0.8223,1.0603,1.0745
PG14393_text.txt,78860,23228,23188,0.7266,0.735,0.7,13,0.9077,0.8356,0.0089,0.8522,1.0863,1.0651
PG14393_text.txt,78860,23228,23188,0.7266,0.735,0.7,14,0.9041,0.8356,0.0077,0.8554,1.0819,1.0569
PG14393_text.txt,78860,23228,23188,0.7266,0.735,0.7,15,0.9049,0.835,0.0101,0.8343,1.0838,1.0847
PG14393_text.txt,78860,23228,23188,0.7266,0.735,0.7,16,0.8965,0.837,0.0106,0.8298,1.071,1.0803
PG14393_text.txt,78860,23228,23188,0.7266,0.735,0.7,17,0.9022,0.8388,0.0115,0.8407,1.0755,1.0731
PG14393_text.txt,78860,23228,23188,0.7266,0.735,0.7,18,0.8664,0.8375,0.0085,0.8331,1.0345,1.04
PG14393_text.txt,78860,23228,23188,0.7266,0.735,0.7,19,0.8827,0.8361,0.0096,0.8423,1.0557,1.048
PG14393_text.txt,78860,23228,23188,0.7266,0.735,0.7,20,0.8614,0.8376,0.0093,0.8384,1.0285,1.0275
PG14393_text.txt,78860,23228,23188,0.7266,0.735,0.8,1,1.048,0.8922,0.0104,0.8959,1.1747,1.1698
PG14393_text.txt,78860,23228,23188,0.7266,0.735,0.8,2,1.1746,0.8948,0.0136,0.8832,1.3126,1.3298
PG14393_text.txt,78860,23228,23188,0.7266,0.735,0.8,3,1.0203,0.8926,0.01,0.906,1.1431,1.1261
PG14393_text.txt,78860,23228,23188,0.7266,0.735,0.8,4,1.0901,0.9016,0.0146,0.8848,1.2091,1.232
PG14393_text.txt,78860,23228,23188,0.7266,0.735,0.8,5,1.0541,0.8888,0.0144,0.8826,1.1859,1.1942
PG14393_text.txt,78860,23228,23188,0.7266,0.735,0.8,6,1.0249,0.8963,0.0131,0.8855,1.1435,1.1573
PG14393_text.txt,78860,23228,23188,0.7266,0.735,0.8,7,1.0943,0.8959,0.0127,0.8984,1.2215,1.218
PG14393_text.txt,78860,23228,23188,0.7266,0.735,0.8,8,0.982,0.8947,0.0091,0.9282,1.0976,1.058
PG14393_text.txt,78860,23228,23188,0.7266,0.735,0.8,9,1.0531,0.8949,0.0143,0.876,1.1768,1.2022
PG14393_text.txt,78860,23228,23188,0.7266,0.735,0.8,10,0.9896,0.8928,0.0078,0.8996,1.1085,1.1001
PG14393_text.txt,78860,23228,23188,0.7266,0.735,0.8,11,0.9605,0.8921,0.0118,0.9069,1.0767,1.0591
PG14393_text.txt,78860,23228,23188,0.7266,0.735,0.8,12,0.9536,0.892,0.0118,0.8921,1.0691,1.0689
PG14393_text.txt,78860,23228,23188,0.7266,0.735,0.8,13,1.0048,0.8928,0.0117,0.9,1.1255,1.1164
PG14393_text.txt,78860,23228,23188,0.7266,0.735,0.8,14,0.9696,0.8959,0.0142,0.9261,1.0823,1.047
PG14393_text.txt,78860,23228,23188,0.7266,0.735,0.8,15,0.9771,0.896,0.0111,0.9088,1.0905,1.0751
PG14393_text.txt,78860,23228,23188,0.7266,0.735,0.8,16,0.9702,0.8978,0.0119,0.868,1.0806,1.1178
PG14393_text.txt,78860,23228,23188,0.7266,0.735,0.8,17,0.9956,0.8963,0.0141,0.8832,1.1107,1.1273
PG14393_text.txt,78860,23228,23188,0.7266,0.735,0.8,18,0.9341,0.8981,0.013,0.9023,1.0402,1.0353
PG14393_text.txt,78860,23228,23188,0.7266,0.735,0.8,19,0.9444,0.8941,0.0115,0.9046,1.0562,1.0439
PG14393_text.txt,78860,23228,23188,0.7266,0.735,0.8,20,0.9226,0.892,0.0105,0.914,1.0342,1.0094
PG14393_text.txt,78860,23228,23188,0.7266,0.735,0.9,1,1.1776,0.9482,0.0226,0.9491,1.2419,1.2407
PG14393_text.txt,78860,23228,23188,0.7266,0.735,0.9,2,1.1915,0.9472,0.0197,0.9293,1.2579,1.2821
PG14393_text.txt,78860,23228,23188,0.7266,0.735,0.9,3,1.0924,0.949,0.0188,1.005,1.1512,1.087
PG14393_text.txt,78860,23228,23188,0.7266,0.735,0.9,4,1.2502,0.9512,0.0233,0.9544,1.3143,1.31
PG14393_text.txt,78860,23228,23188,0.7266,0.735,0.9,5,1.1534,0.9489,0.025,0.923,1.2155,1.2497
PG14393_text.txt,78860,23228,23188,0.7266,0.735,0.9,6,1.1152,0.951,0.0236,0.9393,1.1727,1.1874
PG14393_text.txt,78860,23228,23188,0.7266,0.735,0.9,7,1.2929,0.9503,0.0176,0.9449,1.3606,1.3684
PG14393_text.txt,78860,23228,23188,0.7266,0.735,0.9,8,1.0341,0.9469,0.0143,0.9437,1.0921,1.0959
PG14393_text.txt,78860,23228,23188,0.7266,0.735,0.9,9,1.1389,0.9436,0.0215,0.9425,1.2071,1.2084
PG14393_text.txt,78860,23228,23188,0.7266,0.735,0.9,10,1.0528,0.9496,0.0188,0.9322,1.1087,1.1294
PG14393_text.txt,78860,23228,23188,0.7266,0.735,0.9,11,1.0345,0.949,0.0168,0.9548,1.09,1.0834
PG14393_text.txt,78860,23228,23188,0.7266,0.735,0.9,12,1.0501,0.9529,0.0185,0.9318,1.102,1.127
PG14393_text.txt,78860,23228,23188,0.7266,0.735,0.9,13,1.0689,0.9433,0.0158,0.9724,1.1331,1.0993
PG14393_text.txt,78860,23228,23188,0.7266,0.735,0.9,14,1.0016,0.9431,0.0198,0.9726,1.062,1.0298
PG14393_text.txt,78860,23228,23188,0.7266,0.735,0.9,15,1.0647,0.952,0.0173,0.9537,1.1184,1.1164
PG14393_text.txt,78860,23228,23188,0.7266,0.735,0.9,16,1.0128,0.9408,0.018,0.9449,1.0764,1.0718
PG14393_text.txt,78860,23228,23188,0.7266,0.735,0.9,17,1.017,0.9511,0.0235,0.9362,1.0692,1.0863
PG14393_text.txt,78860,23228,23188,0.7266,0.735,0.9,18,1.0765,0.9485,0.0186,0.9469,1.1349,1.1369
PG14393_text.txt,78860,23228,23188,0.7266,0.735,0.9,19,1.016,0.9489,0.0174,0.9479,1.0707,1.0718
PG14393_text.txt,78860,23228,23188,0.7266,0.735,0.9,20,0.99,0.9471,0.0229,0.9537,1.0453,1.0381
PG14393_text.txt,78860,23228,23188,0.7266,0.735,0.95,1,1.3905,0.9776,0.031,0.9909,1.4224,1.4033
PG14393_text.txt,78860,23228,23188,0.7266,0.735,0.95,2,1.1585,0.9674,0.0264,0.9663,1.1976,1.1989
PG14393_text.txt,78860,23228,23188,0.7266,0.735,0.95,3,1.0477,0.9746,0.0257,1.0373,1.075,1.01
PG14393_text.txt,78860,23228,23188,0.7266,0.735,0.95,4,1.2959,0.9712,0.0293,0.9663,1.3343,1.3411
PG14393_text.txt,78860,23228,23188,0.7266,0.735,0.95,5,1.2119,0.9652,0.0286,0.9579,1.2555,1.2651
PG14393_text.txt,78860,23228,23188,0.7266,0.735,0.95,6,1.0988,0.9654,0.0356,0.9515,1.1382,1.1548
PG14393_text.txt,78860,23228,23188,0.7266,0.735,0.95,7,1.3691,0.971,0.0312,1.0316,1.41,1.3272
PG14393_text.txt,78860,23228,23188,0.7266,0.735,0.95,8,1.0987,0.9728,0.0326,0.9469,1.1294,1.1603
PG14393_text.txt,78860,23228,23188,0.7266,0.735,0.95,9,1.182,0.9719,0.0224,0.9428,1.2161,1.2537
PG14393_text.txt,78860,23228,23188,0.7266,0.735,0.95,10,1.0909,0.9799,0.0312,0.9848,1.1133,1.1077
PG14393_text.txt,78860,23228,23188,0.7266,0.735,0.95,11,1.1135,0.9798,0.0312,0.9755,1.1365,1.1414
PG14393_text.txt,78860,23228,23188,0.7266,0.735,0.95,12,1.1245,0.9761,0.0281,0.9299,1.1521,1.2093
PG14393_text.txt,78860,23228,23188,0.7266,0.735,0.95,13,1.1335,0.9677,0.0269,0.9876,1.1713,1.1477
PG14393_text.txt,78860,23228,23188,0.7266,0.735,0.95,14,1.093,0.9693,0.0294,0.9534,1.1276,1.1464
PG14393_text.txt,78860,23228,23188,0.7266,0.735,0.95,15,1.1689,0.9815,0.0352,0.9283,1.1909,1.2591
PG14393_text.txt,78860,23228,23188,0.7266,0.735,0.95,16,1.1097,0.9772,0.031,0.9651,1.1357,1.1498
PG14393_text.txt,78860,23228,23188,0.7266,0.735,0.95,17,1.1251,0.9688,0.0272,0.9421,1.1613,1.1942
PG14393_text.txt,78860,23228,23188,0.7266,0.735,0.95,18,1.1615,0.97,0.0254,0.9573,1.1974,1.2133
PG14393_text.txt,78860,23228,23188,0.7266,0.735,0.95,19,1.0546,0.9676,0.0231,0.9867,1.0899,1.0688
PG14393_text.txt,78860,23228,23188,0.7266,0.735,0.95,20,1.0422,0.971,0.0254,0.9592,1.0733,1.0866
PG14393_text.txt,78860,23228,23188,0.7266,0.735,0.99,1,2.4664,1.0162,0.0632,1.0753,2.427,2.2937
PG14393_text.txt,78860,23228,23188,0.7266,0.735,0.99,2,1.3972,0.9727,0.0666,0.9883,1.4364,1.4137
PG14393_text.txt,78860,23228,23188,0.7266,0.735,0.99,3,1.217,0.9862,0.0635,1.0919,1.234,1.1146
PG14393_text.txt,78860,23228,23188,0.7266,0.735,0.99,4,1.1192,1.0018,0.0803,1.0315,1.1172,1.085
PG14393_text.txt,78860,23228,23188,0.7266,0.735,0.99,5,1.3246,0.9854,0.071,0.8559,1.3443,1.5476
PG14393_text.txt,78860,23228,23188,0.7266,0.735,0.99,6,1.1925,0.9703,0.056,1.0418,1.2291,1.1446
PG14393_text.txt,78860,23228,23188,0.7266,0.735,0.99,7,1.0876,0.9838,0.0649,0.9433,1.1055,1.153
PG14393_text.txt,78860,23228,23188,0.7266,0.735,0.99,8,1.145,0.983,0.044,1.037,1.1647,1.1042
PG14393_text.txt,78860,23228,23188,0.7266,0.735,0.99,9,1.1953,0.9633,0.0591,0.9143,1.2409,1.3074
PG14393_text.txt,78860,23228,23188,0.7266,0.735,0.99,10,1.1975,0.9939,0.0715,1.1223,1.2048,1.067
PG14393_text.txt,78860,23228,23188,0.7266,0.735,0.99,11,1.1715,0.9919,0.0753,0.9285,1.1811,1.2617
PG14393_text.txt,78860,23228,23188,0.7266,0.735,0.99,12,1.1889,0.9652,0.062,0.9669,1.2318,1.2296
PG14393_text.txt,78860,23228,23188,0.7266,0.735,0.99,13,1.1394,0.9921,0.0577,0.9967,1.1484,1.1432
PG14393_text.txt,78860,23228,23188,0.7266,0.735,0.99,14,1.2272,1.0157,0.0593,1.0712,1.2082,1.1457
PG14393_text.txt,78860,23228,23188,0.7266,0.735,0.99,15,1.0412,0.997,0.0656,1.115,1.0444,0.9338
PG14393_text.txt,78860,23228,23188,0.7266,0.735,0.99,16,1.4483,1.0002,0.0628,0.9679,1.448,1.4962
PG14393_text.txt,78860,23228,23188,0.7266,0.735,0.99,17,1.1584,0.9799,0.0476,1.0196,1.1822,1.1362
PG14393_text.txt,78860,23228,23188,0.7266,0.735,0.99,18,1.4226,0.9929,0.0519,0.9635,1.4328,1.4764
PG14393_text.txt,78860,23228,23188,0.7266,0.735,0.99,19,1.2972,1.0194,0.0651,0.8886,1.2725,1.4599
PG14393_text.txt,78860,23228,23188,0.7266,0.735,0.99,20,1.1351,0.9729,0.0689,0.9828,1.1667,1.155
PG14598_text.txt,65015,19387,19205,0.6238,0.6309,0.6,1,0.8504,0.7776,0.0094,0.7731,1.0937,1.1
PG14598_text.txt,65015,19387,19205,0.6238,0.6309,0.6,2,0.9169,0.7727,0.0086,0.7673,1.1866,1.1949
PG14598_text.txt,65015,19387,19205,0.6238,0.6309,0.6,3,0.9987,0.7742,0.0082,0.7863,1.2901,1.2702
PG14598_text.txt,65015,19387,19205,0.6238,0.6309,0.6,4,0.8376,0.773,0.0075,0.7698,1.0837,1.0881
PG14598_text.txt,65015,19387,19205,0.6238,0.6309,0.6,5,0.8406,0.7754,0.008,0.7847,1.0841,1.0712
PG14598_text.txt,65015,19387,19205,0.6238,0.6309,0.6,6,0.8511,0.7777,0.008,0.7762,1.0944,1.0965
PG14598_text.txt,65015,19387,19205,0.6238,0.6309,0.6,7,0.8407,0.7764,0.0093,0.7709,1.0828,1.0905
PG14598_text.txt,65015,19387,19205,0.6238,0.6309,0.6,8,0.8545,0.7745,0.011,0.7735,1.1033,1.1047
PG14598_text.txt,65015,19387,19205,0.6238,0.6309,0.6,9,0.8583,0.7727,0.0056,0.7631,1.1108,1.1248
PG14598_text.txt,65015,19387,19205,0.6238,0.6309,0.6,10,0.829,0.7753,0.0084,0.7669,1.0693,1.081
PG14598_text.txt,65015,19387,19205,0.6238,0.6309,0.6,11,0.8526,0.7709,0.006,0.7751,1.106,1.0999
PG14598_text.txt,65015,19387,19205,0.6238,0.6309,0.6,12,0.8216,0.7758,0.0092,0.7576,1.059,1.0844
PG14598_text.txt,65015,19387,19205,0.6238,0.6309,0.6,13,0.8297,0.7768,0.0086,0.7808,1.0681,1.0625
PG14598_text.txt,65015,19387,19205,0.6238,0.6309,0.6,14,0.8401,0.7751,0.0083,0.7683,1.0839,1.0935
PG14598_text.txt,65015,19387,19205,0.6238,0.6309,0.6,15,0.8337,0.7757,0.0098,0.7779,1.0748,1.0718
PG14598_text.txt,65015,19387,19205,0.6238,0.6309,0.6,16,0.8165,0.7754,0.0076,0.7694,1.053,1.0612
PG14598_text.txt,65015,19387,19205,0.6238,0.6309,0.6,17,0.8221,0.7736,0.0097,0.7651,1.0627,1.0745
PG14598_text.txt,65015,19387,19205,0.6238,0.6309,0.6,18,0.824,0.7757,0.0093,0.7811,1.0623,1.055
PG14598_text.txt,65015,19387,19205,0.6238,0.6309,0.6,19,0.8376,0.7764,0.0072,0.7804,1.0788,1.0732
PG14598_text.txt,65015,19387,19205,0.6238,0.6309,0.6,20,0.8203,0.7742,0.0101,0.7702,1.0595,1.065
PG14598_text.txt,65015,19387,19205,0.6238,0.6309,0.7,1,0.9113,0.8386,0.0102,0.8468,1.0867,1.0762
PG14598_text.txt,65015,19387,19205,0.6238,0.6309,0.7,2,0.9647,0.8352,0.01,0.8379,1.155,1.1512
PG14598_text.txt,65015,19387,19205,0.6238,0.6309,0.7,3,1.1152,0.8376,0.0104,0.8326,1.3314,1.3393
PG14598_text.txt,65015,19387,19205,0.6238,0.6309,0.7,4,0.885,0.8325,0.011,0.8318,1.0631,1.064
PG14598_text.txt,65015,19387,19205,0.6238,0.6309,0.7,5,0.9006,0.8382,0.0081,0.868,1.0744,1.0375
PG14598_text.txt,65015,19387,19205,0.6238,0.6309,0.7,6,0.9458,0.8378,0.0101,0.8312,1.129,1.138
PG14598_text.txt,65015,19387,19205,0.6238,0.6309,0.7,7,0.9191,0.8365,0.0108,0.8386,1.0987,1.096
PG14598_text.txt,65015,19387,19205,0.6238,0.6309,0.7,8,0.9032,0.8337,0.0142,0.846,1.0833,1.0676
PG14598_text.txt,65015,19387,19205,0.6238,0.6309,0.7,9,0.9511,0.8385,0.0111,0.8365,1.1343,1.137
PG14598_text.txt,65015,19387,19205,0.6238,0.6309,0.7,10,0.8899,0.8378,0.0109,0.8263,1.0621,1.077
PG14598_text.txt,65015,19387,19205,0.6238,0.6309,0.7,11,0.9384,0.8343,0.006,0.84,1.1248,1.1172
PG14598_text.txt,65015,19387,19205,0.6238,0.6309,0.7,12,0.8919,0.8349,0.0139,0.8317,1.0683,1.0723
PG14598_text.txt,65015,19387,19205,0.6238,0.6309,0.7,13,0.9069,0.8427,0.0109,0.8478,1.0761,1.0697
PG14598_text.txt,65015,19387,19205,0.6238,0.6309,0.7,14,0.8868,0.8346,0.0115,0.8304,1.0625,1.068
PG14598_text.txt,65015,19387,19205,0.6238,0.6309,0.7,15,0.9147,0.8353,0.0081,0.8201,1.095,1.1153
PG14598_text.txt,65015,19387,19205,0.6238,0.6309,0.7,16,0.8755,0.8368,0.0094,0.8332,1.0462,1.0508
PG14598_text.txt,65015,19387,19205,0.6238,0.6309,0.7,17,0.879,0.838,0.0091,0.8096,1.049,1.0857
PG14598_text.txt,65015,19387,19205,0.6238,0.6309,0.7,18,0.8961,0.835,0.0079,0.8363,1.0732,1.0716
PG14598_text.txt,65015,19387,19205,0.6238,0.6309,0.7,19,0.925,0.8403,0.0121,0.8342,1.1008,1.1089
PG14598_text.txt,65015,19387,19205,0.6238,0.6309,0.7,20,0.8818,0.8375,0.0093,0.8531,1.053,1.0336
PG14598_text.txt,65015,19387,19205,0.6238,0.6309,0.8,1,1.0101,0.8966,0.0139,0.8887,1.1265,1.1365
PG14598_text.txt,65015,19387,19205,0.6238,0.6309,0.8,2,1.0499,0.8969,0.0119,0.9195,1.1705,1.1419
PG14598_text.txt,65015,19387,19205,0.6238,0.6309,0.8,3,1.2378,0.8927,0.0157,0.8784,1.3866,1.4092
PG14598_text.txt,65015,19387,19205,0.6238,0.6309,0.8,4,0.9756,0.8938,0.0112,0.8881,1.0916,1.0985
PG14598_text.txt,65015,19387,19205,0.6238,0.6309,0.8,5,0.9884,0.8894,0.0177,0.9294,1.1114,1.0635
PG14598_text.txt,65015,19387,19205,0.6238,0.6309,0.8,6,1.0219,0.894,0.0139,0.8879,1.1431,1.1509
PG14598_text.txt,65015,19387,19205,0.6238,0.6309,0.8,7,1.0157,0.8923,0.0179,0.891,1.1383,1.1398
PG14598_text.txt,65015,19387,19205,0.6238,0.6309,0.8,8,0.9816,0.8919,0.0108,0.9244,1.1005,1.0618
PG14598_text.txt,65015,19387,19205,0.6238,0.6309,0.8,9,1.0811,0.8894,0.0119,0.8988,1.2155,1.2029
PG14598_text.txt,65015,19387,19205,0.6238,0.6309,0.8,10,0.9565,0.8898,0.0163,0.8881,1.0749,1.077
PG14598_text.txt,65015,19387,19205,0.6238,0.6309,0.8,11,1.0225,0.8939,0.0129,0.9015,1.1438,1.1342
PG14598_text.txt,65015,19387,19205,0.6238,0.6309,0.8,12,0.9683,0.8898,0.0174,0.9189,1.0883,1.0537
PG14598_text.txt,65015,19387,19205,0.6238,0.6309,0.8,13,0.9969,0.895,0.015,0.9101,1.1138,1.0953
PG14598_text.txt,65015,19387,19205,0.6238,0.6309,0.8,14,0.963,0.8951,0.0121,0.8746,1.0759,1.1011
PG14598_text.txt,65015,19387,19205,0.6238,0.6309,0.8,15,0.9868,0.8941,0.0143,0.8784,1.1038,1.1234
PG14598_text.txt,65015,19387,19205,0.6238,0.6309,0.8,16,0.9378,0.8915,0.0125,0.8986,1.0518,1.0436
PG14598_text.txt,65015,19387,19205,0.6238,0.6309,0.8,17,0.9558,0.8979,0.0116,0.899,1.0645,1.0632
PG14598_text.txt,65015,19387,19205,0.6238,0.6309,0.8,18,0.9765,0.8881,0.012,0.8737,1.0995,1.1176
PG14598_text.txt,65015,19387,19205,0.6238,0.6309,0.8,19,0.9714,0.8941,0.0196,0.9186,1.0864,1.0575
PG14598_text.txt,65015,19387,19205,0.6238,0.6309,0.8,20,0.9549,0.8909,0.0107,0.9025,1.0719,1.0581
PG14598_text.txt,65015,19387,19205,0.6238,0.6309,0.9,1,1.1088,0.9453,0.0188,0.9542,1.173,1.162
PG14598_text.txt,65015,19387,19205,0.6238,0.6309,0.9,2,1.1185,0.9522,0.026,0.9629,1.1747,1.1616
PG14598_text.txt,65015,19387,19205,0.6238,0.6309,0.9,3,1.2477,0.9557,0.0269,0.9575,1.3055,1.303
PG14598_text.txt,65015,19387,19205,0.6238,0.6309,0.9,4,1.0141,0.9449,0.0211,0.9485,1.0733,1.0692
PG14598_text.txt,65015,19387,19205,0.6238,0.6309,0.9,5,1.2146,0.94,0.0251,0.9685,1.2922,1.2542
PG14598_text.txt,65015,19387,19205,0.6238,0.6309,0.9,6,1.1077,0.9588,0.0237,0.9489,1.1552,1.1673
PG14598_text.txt,65015,19387,19205,0.6238,0.6309,0.9,7,1.1086,0.9433,0.0188,0.9513,1.1753,1.1654
PG14598_text.txt,65015,19387,19205,0.6238,0.6309,0.9,8,1.0943,0.9378,0.0195,0.9725,1.1669,1.1253
PG14598_text.txt,65015,19387,19205,0.6238,0.6309,0.9,9,1.0921,0.9383,0.0231,0.9501,1.164,1.1494
PG14598_text.txt,65015,19387,19205,0.6238,0.6309,0.9,10,1.081,0.9464,0.0242,0.9504,1.1422,1.1374
PG14598_text.txt,65015,19387,19205,0.6238,0.6309,0.9,11,1.0914,0.9531,0.0184,0.9224,1.1452,1.1832
PG14598_text.txt,65015,19387,19205,0.6238,0.6309,0.9,12,1.016,0.9422,0.0177,0.9733,1.0783,1.0438
PG14598_text.txt,65015,19387,19205,0.6238,0.6309,0.9,13,1.0981,0.9391,0.0205,0.9741,1.1693,1.1273
PG14598_text.txt,65015,19387,19205,0.6238,0.6309,0.9,14,1.0638,0.9576,0.0239,0.9352,1.111,1.1375
PG14598_text.txt,65015,19387,19205,0.6238,0.6309,0.9,15,1.1255,0.9488,0.0178,0.9302,1.1863,1.2099
PG14598_text.txt,65015,19387,19205,0.6238,0.6309,0.9,16,1.0058,0.947,0.021,0.9609,1.0621,1.0467
PG14598_text.txt,65015,19387,19205,0.6238,0.6309,0.9,17,1.0588,0.9512,0.0218,0.9767,1.1132,1.0842
PG14598_text.txt,65015,19387,19205,0.6238,0.6309,0.9,18,1.0312,0.9499,0.0191,0.9459,1.0857,1.0902
PG14598_text.txt,65015,19387,19205,0.6238,0.6309,0.9,19,1.0382,0.9517,0.024,0.9936,1.0908,1.0448
PG14598_text.txt,65015,19387,19205,0.6238,0.6309,0.9,20,1.0301,0.9511,0.0185,0.9441,1.0831,1.0911
PG14598_text.txt,65015,19387,19205,0.6238,0.6309,0.95,1,1.1411,0.978,0.0377,0.9532,1.1668,1.1972
PG14598_text.txt,65015,19387,19205,0.6238,0.6309,0.95,2,1.1265,0.9743,0.0329,0.9478,1.1562,1.1886
PG14598_text.txt,65015,19387,19205,0.6238,0.6309,0.95,3,1.23,0.9635,0.0238,0.9452,1.2766,1.3013
PG14598_text.txt,65015,19387,19205,0.6238,0.6309,0.95,4,1.0111,0.9848,0.0482,1.069,1.0267,0.9458
PG14598_text.txt,65015,19387,19205,0.6238,0.6309,0.95,5,1.5494,0.9696,0.0343,0.9897,1.5979,1.5655
PG14598_text.txt,65015,19387,19205,0.6238,0.6309,0.95,6,1.1573,0.9762,0.0331,0.944,1.1855,1.226
PG14598_text.txt,65015,19387,19205,0.6238,0.6309,0.95,7,1.1231,0.9667,0.0389,0.993,1.1617,1.131
PG14598_text.txt,65015,19387,19205,0.6238,0.6309,0.95,8,1.1953,0.9626,0.0285,0.9497,1.2417,1.2587
PG14598_text.txt,65015,19387,19205,0.6238,0.6309,0.95,9,1.1356,0.9744,0.0291,0.9823,1.1654,1.156
PG14598_text.txt,65015,19387,19205,0.6238,0.6309,0.95,10,1.1309,0.9832,0.0266,0.9537,1.1503,1.1858
PG14598_text.txt,65015,19387,19205,0.6238,0.6309,0.95,11,1.1757,0.9756,0.0311,0.9619,1.2051,1.2222
PG14598_text.txt,65015,19387,19205,0.6238,0.6309,0.95,12,1.0389,0.9603,0.0309,0.9924,1.0819,1.0468
PG14598_text.txt,65015,19387,19205,0.6238,0.6309,0.95,13,1.1721,0.9628,0.0386,0.9931,1.2175,1.1803
PG14598_text.txt,65015,19387,19205,0.6238,0.6309,0.95,14,1.1398,0.9706,0.0368,1.0202,1.1742,1.1172
PG14598_text.txt,65015,19387,19205,0.6238,0.6309,0.95,15,1.179,0.9703,0.0319,0.9863,1.215,1.1953
PG14598_text.txt,65015,19387,19205,0.6238,0.6309,0.95,16,1.0982,0.97,0.0268,0.9729,1.1321,1.1288
PG14598_text.txt,65015,19387,19205,0.6238,0.6309,0.95,17,1.2282,0.9748,0.0344,0.9659,1.2599,1.2716
PG14598_text.txt,65015,19387,19205,0.6238,0.6309,0.95,18,1.0839,0.9679,0.0332,0.9677,1.1198,1.12
PG14598_text.txt,65015,19387,19205,0.6238,0.6309,0.95,19,1.1463,0.9834,0.0368,0.9991,1.1657,1.1473
PG14598_text.txt,65015,19387,19205,0.6238,0.6309,0.95,20,0.9858,0.9699,0.0329,0.9511,1.0164,1.0366
PG14598_text.txt,65015,19387,19205,0.6238,0.6309,0.99,1,1.3217,1.0144,0.0618,1.0395,1.3029,1.2715
PG14598_text.txt,65015,19387,19205,0.6238,0.6309,0.99,2,1.0583,1.0069,0.0796,1.0383,1.0511,1.0193
PG14598_text.txt,65015,19387,19205,0.6238,0.6309,0.99,3,1.1828,0.9858,0.0759,0.9182,1.1999,1.2882
PG14598_text.txt,65015,19387,19205,0.6238,0.6309,0.99,4,1.0578,0.9919,0.061,1.004,1.0665,1.0535
PG14598_text.txt,65015,19387,19205,0.6238,0.6309,0.99,5,1.4554,0.9887,0.0736,1.0366,1.472,1.404
PG14598_text.txt,65015,19387,19205,0.6238,0.6309,0.99,6,1.2142,1.0119,0.064,1.0156,1.1998,1.1955
PG14598_text.txt,65015,19387,19205,0.6238,0.6309,0.99,7,1.1226,0.9858,0.0691,1.0405,1.1388,1.0789
PG14598_text.txt,65015,19387,19205,0.6238,0.6309,0.99,8,2.236,1.0012,0.0657,0.9869,2.2333,2.2656
PG14598_text.txt,65015,19387,19205,0.6238,0.6309,0.99,9,1.0791,0.9544,0.091,1.1423,1.1307,0.9447
PG14598_text.txt,65015,19387,19205,0.6238,0.6309,0.99,10,1.3494,0.965,0.0496,0.9997,1.3983,1.3498
PG14598_text.txt,65015,19387,19205,0.6238,0.6309,0.99,11,1.2778,1.0065,0.0758,0.9948,1.2696,1.2845
PG14598_text.txt,65015,19387,19205,0.6238,0.6309,0.99,12,1.2503,1.0035,0.0656,0.9999,1.2458,1.2504
PG14598_text.txt,65015,19387,19205,0.6238,0.6309,0.99,13,1.3988,0.975,0.063,0.9033,1.4346,1.5486
PG14598_text.txt,65015,19387,19205,0.6238,0.6309,0.99,14,1.201,0.9905,0.0636,0.946,1.2125,1.2696
PG14598_text.txt,65015,19387,19205,0.6238,0.6309,0.99,15,1.2343,0.9879,0.0512,0.9069,1.2494,1.361
PG14598_text.txt,65015,19387,19205,0.6238,0.6309,0.99,16,1.1794,0.997,0.0753,0.9276,1.183,1.2714
PG14598_text.txt,65015,19387,19205,0.6238,0.6309,0.99,17,1.1056,0.9881,0.0828,0.9128,1.1189,1.2113
PG14598_text.txt,65015,19387,19205,0.6238,0.6309,0.99,18,1.2731,0.9878,0.0728,1.0423,1.2888,1.2215
PG14598_text.txt,65015,19387,19205,0.6238,0.6309,0.99,19,1.2876,0.9847,0.0652,0.8974,1.3076,1.4348
PG14598_text.txt,65015,19387,19205,0.6238,0.6309,0.99,20,1.0742,0.9635,0.0685,0.9571,1.1148,1.1223
PG145_text.txt,310847,115423,114343,0.7197,0.7581,0.6,1,0.8352,0.7733,0.0028,0.7934,1.08,1.0527
PG145_text.txt,310847,115423,114343,0.7197,0.7581,0.6,2,0.9017,0.7741,0.0029,0.778,1.1649,1.159
PG145_text.txt,310847,115423,114343,0.7197,0.7581,0.6,3,0.9185,0.7746,0.0025,0.7773,1.1859,1.1816
PG145_text.txt,310847,115423,114343,0.7197,0.7581,0.6,4,0.9455,0.7747,0.0033,0.7703,1.2204,1.2274
PG145_text.txt,310847,115423,114343,0.7197,0.7581,0.6,5,0.9035,0.7737,0.0043,0.7707,1.1678,1.1723
PG145_text.txt,310847,115423,114343,0.7197,0.7581,0.6,6,0.8807,0.7749,0.0038,0.7731,1.1364,1.1392
PG145_text.txt,310847,115423,114343,0.7197,0.7581,0.6,7,0.8388,0.7746,0.0035,0.7817,1.0828,1.073
PG145_text.txt,310847,115423,114343,0.7197,0.7581,0.6,8,0.8603,0.7749,0.0033,0.7773,1.1103,1.1068
PG145_text.txt,310847,115423,114343,0.7197,0.7581,0.6,9,0.8359,0.7748,0.0029,0.7757,1.0789,1.0776
PG145_text.txt,310847,115423,114343,0.7197,0.7581,0.6,10,0.8417,0.7727,0.0038,0.7764,1.0892,1.0841
PG145_text.txt,310847,115423,114343,0.7197,0.7581,0.6,11,0.8333,0.7736,0.0033,0.7774,1.0771,1.0719
PG145_text.txt,310847,115423,114343,0.7197,0.7581,0.6,12,0.8223,0.7753,0.0043,0.7764,1.0606,1.0591
PG145_text.txt,310847,115423,114343,0.7197,0.7581,0.6,13,0.8479,0.776,0.0037,0.7798,1.0927,1.0873
PG145_text.txt,310847,115423,114343,0.7197,0.7581,0.6,14,0.8273,0.774,0.0037,0.777,1.0688,1.0647
PG145_text.txt,310847,115423,114343,0.7197,0.7581,0.6,15,0.8261,0.7744,0.0042,0.7766,1.0667,1.0636
PG145_text.txt,310847,115423,114343,0.7197,0.7581,0.6,16,0.8249,0.7755,0.005,0.7714,1.0636,1.0693
PG145_text.txt,310847,115423,114343,0.7197,0.7581,0.6,17,0.8072,0.7735,0.0038,0.7727,1.0436,1.0447
PG145_text.txt,310847,115423,114343,0.7197,0.7581,0.6,18,0.8244,0.7745,0.0032,0.7677,1.0644,1.0739
PG145_text.txt,310847,115423,114343,0.7197,0.7581,0.6,19,0.8166,0.7756,0.0043,0.7668,1.0529,1.0649
PG145_text.txt,310847,115423,114343,0.7197,0.7581,0.6,20,0.8153,0.7746,0.0039,0.7758,1.0525,1.0508
PG145_text.txt,310847,115423,114343,0.7197,0.7581,0.7,1,0.915,0.8358,0.0038,0.8529,1.0948,1.0728
PG145_text.txt,310847,115423,114343,0.7197,0.7581,0.7,2,0.9924,0.8365,0.0039,0.8419,1.1864,1.1788
PG145_text.txt,310847,115423,114343,0.7197,0.7581,0.7,3,1.0086,0.8362,0.0035,0.8412,1.2062,1.199
PG145_text.txt,310847,115423,114343,0.7197,0.7581,0.7,4,1.0213,0.8371,0.0039,0.8387,1.22,1.2176
PG145_text.txt,310847,115423,114343,0.7197,0.7581,0.7,5,0.9897,0.8364,0.0044,0.8413,1.1832,1.1763
PG145_text.txt,310847,115423,114343,0.7197,0.7581,0.7,6,0.9584,0.8363,0.0047,0.8344,1.1461,1.1487
PG145_text.txt,310847,115423,114343,0.7197,0.7581,0.7,7,0.9133,0.8365,0.0043,0.8387,1.0918,1.0889
PG145_text.txt,310847,115423,114343,0.7197,0.7581,0.7,8,0.9524,0.8367,0.0036,0.8403,1.1383,1.1335
PG145_text.txt,310847,115423,114343,0.7197,0.7581,0.7,9,0.9217,0.8357,0.005,0.8363,1.1029,1.1022
PG145_text.txt,310847,115423,114343,0.7197,0.7581,0.7,10,0.9306,0.8342,0.0039,0.8359,1.1155,1.1133
PG145_text.txt,310847,115423,114343,0.7197,0.7581,0.7,11,0.9024,0.8344,0.0033,0.8421,1.0815,1.0717
PG145_text.txt,310847,115423,114343,0.7197,0.7581,0.7,12,0.8936,0.8366,0.0052,0.843,1.0681,1.06
PG145_text.txt,310847,115423,114343,0.7197,0.7581,0.7,13,0.9286,0.8369,0.0053,0.8386,1.1095,1.1073
PG145_text.txt,310847,115423,114343,0.7197,0.7581,0.7,14,0.9006,0.8372,0.0047,0.8382,1.0757,1.0744
PG145_text.txt,310847,115423,114343,0.7197,0.7581,0.7,15,0.8992,0.8369,0.005,0.838,1.0745,1.0731
PG145_text.txt,310847,115423,114343,0.7197,0.7581,0.7,16,0.9007,0.8376,0.0044,0.8303,1.0753,1.0847
PG145_text.txt,310847,115423,114343,0.7197,0.7581,0.7,17,0.8729,0.8353,0.0055,0.8374,1.0449,1.0424
PG145_text.txt,310847,115423,114343,0.7197,0.7581,0.7,18,0.8773,0.8365,0.0046,0.8305,1.0488,1.0564
PG145_text.txt,310847,115423,114343,0.7197,0.7581,0.7,19,0.8833,0.8373,0.0045,0.8301,1.0549,1.064
PG145_text.txt,310847,115423,114343,0.7197,0.7581,0.7,20,0.8814,0.8367,0.003,0.8389,1.0534,1.0506
PG145_text.txt,310847,115423,114343,0.7197,0.7581,0.8,1,0.9887,0.8939,0.0048,0.9093,1.1061,1.0874
PG145_text.txt,310847,115423,114343,0.7197,0.7581,0.8,2,1.0732,0.895,0.0041,0.9001,1.1991,1.1923
PG145_text.txt,310847,115423,114343,0.7197,0.7581,0.8,3,1.1218,0.8936,0.0052,0.9031,1.2554,1.2421
PG145_text.txt,310847,115423,114343,0.7197,0.7581,0.8,4,1.107,0.8937,0.0064,0.8809,1.2386,1.2566
PG145_text.txt,310847,115423,114343,0.7197,0.7581,0.8,5,1.06,0.8953,0.0065,0.9032,1.184,1.1736
PG145_text.txt,310847,115423,114343,0.7197,0.7581,0.8,6,1.0441,0.8959,0.0055,0.8914,1.1655,1.1713
PG145_text.txt,310847,115423,114343,0.7197,0.7581,0.8,7,0.9998,0.8961,0.0059,0.8933,1.1158,1.1192
PG145_text.txt,310847,115423,114343,0.7197,0.7581,0.8,8,1.0369,0.8926,0.0057,0.896,1.1616,1.1572
PG145_text.txt,310847,115423,114343,0.7197,0.7581,0.8,9,1.0153,0.8946,0.0064,0.8999,1.135,1.1283
PG145_text.txt,310847,115423,114343,0.7197,0.7581,0.8,10,1.0124,0.8925,0.0051,0.8905,1.1343,1.1369
PG145_text.txt,310847,115423,114343,0.7197,0.7581,0.8,11,0.9656,0.8936,0.0051,0.8939,1.0805,1.0802
PG145_text.txt,310847,115423,114343,0.7197,0.7581,0.8,12,0.9629,0.8966,0.0054,0.9036,1.0739,1.0656
PG145_text.txt,310847,115423,114343,0.7197,0.7581,0.8,13,1.0059,0.8964,0.0052,0.8948,1.1221,1.1241
PG145_text.txt,310847,115423,114343,0.7197,0.7581,0.8,14,0.9725,0.8961,0.0064,0.8972,1.0852,1.0839
PG145_text.txt,310847,115423,114343,0.7197,0.7581,0.8,15,0.9778,0.8937,0.0056,0.8943,1.0942,1.0935
PG145_text.txt,310847,115423,114343,0.7197,0.7581,0.8,16,0.9562,0.8958,0.0051,0.8919,1.0674,1.0721
PG145_text.txt,310847,115423,114343,0.7197,0.7581,0.8,17,0.9462,0.8944,0.0067,0.8917,1.0579,1.0611
PG145_text.txt,310847,115423,114343,0.7197,0.7581,0.8,18,0.9449,0.8945,0.0052,0.8895,1.0564,1.0623
PG145_text.txt,310847,115423,114343,0.7197,0.7581,0.8,19,0.9563,0.8944,0.0045,0.8889,1.0692,1.0759
PG145_text.txt,310847,115423,114343,0.7197,0.7581,0.8,20,0.9697,0.8935,0.0047,0.8911,1.0853,1.0881
PG145_text.txt,310847,115423,114343,0.7197,0.7581,0.9,1,1.0732,0.9476,0.0066,0.9743,1.1326,1.1016
PG145_text.txt,310847,115423,114343,0.7197,0.7581,0.9,2,1.1611,0.9491,0.007,0.9634,1.2234,1.2053
PG145_text.txt,310847,115423,114343,0.7197,0.7581,0.9,3,1.234,0.9488,0.009,0.9539,1.3006,1.2936
PG145_text.txt,310847,115423,114343,0.7197,0.7581,0.9,4,1.1922,0.9467,0.0088,0.9378,1.2593,1.2713
PG145_text.txt,310847,115423,114343,0.7197,0.7581,0.9,5,1.1372,0.9494,0.0107,0.9576,1.1978,1.1876
PG145_text.txt,310847,115423,114343,0.7197,0.7581,0.9,6,1.1386,0.9483,0.0069,0.9496,1.2008,1.1991
PG145_text.txt,310847,115423,114343,0.7197,0.7581,0.9,7,1.0564,0.95,0.0089,0.9423,1.1119,1.121
PG145_text.txt,310847,115423,114343,0.7197,0.7581,0.9,8,1.1337,0.9453,0.0076,0.9553,1.1993,1.1867
PG145_text.txt,310847,115423,114343,0.7197,0.7581,0.9,9,1.1322,0.9477,0.0089,0.9498,1.1947,1.192
PG145_text.txt,310847,115423,114343,0.7197,0.7581,0.9,10,1.1199,0.9467,0.0074,0.9372,1.183,1.1949
PG145_text.txt,310847,115423,114343,0.7197,0.7581,0.9,11,1.0492,0.9498,0.0066,0.9623,1.1047,1.0903
PG145_text.txt,310847,115423,114343,0.7197,0.7581,0.9,12,1.0125,0.9507,0.0108,0.9508,1.065,1.0648
PG145_text.txt,310847,115423,114343,0.7197,0.7581,0.9,13,1.0725,0.9525,0.0089,0.95,1.126,1.1289
PG145_text.txt,310847,115423,114343,0.7197,0.7581,0.9,14,1.0386,0.9486,0.0124,0.9468,1.0949,1.097
PG145_text.txt,310847,115423,114343,0.7197,0.7581,0.9,15,1.0645,0.9491,0.0089,0.9458,1.1216,1.1255
PG145_text.txt,310847,115423,114343,0.7197,0.7581,0.9,16,1.0333,0.9499,0.0073,0.9579,1.0878,1.0786
PG145_text.txt,310847,115423,114343,0.7197,0.7581,0.9,17,1.0146,0.953,0.0099,0.9326,1.0646,1.0879
PG145_text.txt,310847,115423,114343,0.7197,0.7581,0.9,18,1.0177,0.9509,0.0124,0.9386,1.0702,1.0842
PG145_text.txt,310847,115423,114343,0.7197,0.7581,0.9,19,1.0287,0.9473,0.0095,0.9475,1.0859,1.0858
PG145_text.txt,310847,115423,114343,0.7197,0.7581,0.9,20,1.0427,0.9474,0.0089,0.9516,1.1005,1.0957
PG145_text.txt,310847,115423,114343,0.7197,0.7581,0.95,1,1.1638,0.9731,0.0113,1.0068,1.196,1.1559
PG145_text.txt,310847,115423,114343,0.7197,0.7581,0.95,2,1.2635,0.9737,0.0115,0.9827,1.2977,1.2857
PG145_text.txt,310847,115423,114343,0.7197,0.7581,0.95,3,1.3083,0.9718,0.0109,0.9668,1.3463,1.3532
PG145_text.txt,310847,115423,114343,0.7197,0.7581,0.95,4,1.2292,0.9699,0.0102,0.9845,1.2674,1.2485
PG145_text.txt,310847,115423,114343,0.7197,0.7581,0.95,5,1.1641,0.9797,0.014,1.0008,1.1883,1.1632
PG145_text.txt,310847,115423,114343,0.7197,0.7581,0.95,6,1.1918,0.9758,0.0127,0.9671,1.2214,1.2323
PG145_text.txt,310847,115423,114343,0.7197,0.7581,0.95,7,1.1517,0.975,0.0145,0.9655,1.1812,1.1928
PG145_text.txt,310847,115423,114343,0.7197,0.7581,0.95,8,1.2438,0.9755,0.0117,0.9683,1.2751,1.2845
PG145_text.txt,310847,115423,114343,0.7197,0.7581,0.95,9,1.1954,0.9717,0.0113,0.9667,1.2302,1.2366
PG145_text.txt,310847,115423,114343,0.7197,0.7581,0.95,10,1.1153,0.9774,0.0113,0.9752,1.1411,1.1437
PG145_text.txt,310847,115423,114343,0.7197,0.7581,0.95,11,1.0564,0.979,0.0146,0.9721,1.079,1.0867
PG145_text.txt,310847,115423,114343,0.7197,0.7581,0.95,12,1.0281,0.9709,0.0127,0.9802,1.0589,1.0489
PG145_text.txt,310847,115423,114343,0.7197,0.7581,0.95,13,1.1081,0.9754,0.0119,0.9571,1.136,1.1577
PG145_text.txt,310847,115423,114343,0.7197,0.7581,0.95,14,1.1083,0.9716,0.0143,0.9723,1.1407,1.1398
PG145_text.txt,310847,115423,114343,0.7197,0.7581,0.95,15,1.1052,0.9676,0.0087,0.9549,1.1423,1.1574
PG145_text.txt,310847,115423,114343,0.7197,0.7581,0.95,16,1.076,0.9747,0.0084,0.9503,1.1039,1.1322
PG145_text.txt,310847,115423,114343,0.7197,0.7581,0.95,17,1.0838,0.9769,0.0121,0.9549,1.1094,1.135
PG145_text.txt,310847,115423,114343,0.7197,0.7581,0.95,18,1.0554,0.9768,0.0122,0.9525,1.0805,1.108
PG145_text.txt,310847,115423,114343,0.7197,0.7581,0.95,19,1.0588,0.9752,0.0146,0.9713,1.0857,1.0901
PG145_text.txt,310847,115423,114343,0.7197,0.7581,0.95,20,1.0803,0.9741,0.0141,0.9977,1.109,1.0827
PG145_text.txt,310847,115423,114343,0.7197,0.7581,0.99,1,1.4512,0.9845,0.0341,0.9797,1.474,1.4813
PG145_text.txt,310847,115423,114343,0.7197,0.7581,0.99,2,1.8917,0.9889,0.0341,0.9872,1.9131,1.9162
PG145_text.txt,310847,115423,114343,0.7197,0.7581,0.99,3,1.4891,0.9999,0.0273,1.086,1.4892,1.3712
PG145_text.txt,310847,115423,114343,0.7197,0.7581,0.99,4,1.5027,1.0031,0.0319,1.0118,1.498,1.4852
PG145_text.txt,310847,115423,114343,0.7197,0.7581,0.99,5,1.0694,0.995,0.0322,1.0022,1.0749,1.0671
PG145_text.txt,310847,115423,114343,0.7197,0.7581,0.99,6,1.2776,0.9954,0.0327,0.9997,1.2835,1.278
PG145_text.txt,310847,115423,114343,0.7197,0.7581,0.99,7,1.5393,0.999,0.03,1.038,1.5409,1.483
PG145_text.txt,310847,115423,114343,0.7197,0.7581,0.99,8,1.2557,0.9859,0.0237,1.0153,1.2737,1.2368
PG145_text.txt,310847,115423,114343,0.7197,0.7581,0.99,9,1.233,0.9985,0.0335,0.9313,1.2349,1.3239
PG145_text.txt,310847,115423,114343,0.7197,0.7581,0.99,10,1.2218,0.9939,0.0208,0.9851,1.2294,1.2403
PG145_text.txt,310847,115423,114343,0.7197,0.7581,0.99,11,1.0962,0.9999,0.0264,0.9641,1.0963,1.137
PG145_text.txt,310847,115423,114343,0.7197,0.7581,0.99,12,1.1491,0.9954,0.034,1.0691,1.1544,1.0748
PG145_text.txt,310847,115423,114343,0.7197,0.7581,0.99,13,1.1118,1.0033,0.0369,1.0264,1.1082,1.0833
PG145_text.txt,310847,115423,114343,0.7197,0.7581,0.99,14,1.2642,0.9982,0.0282,0.9863,1.2665,1.2817
PG145_text.txt,310847,115423,114343,0.7197,0.7581,0.99,15,1.3773,0.9939,0.0326,0.9977,1.3858,1.3805
PG145_text.txt,310847,115423,114343,0.7197,0.7581,0.99,16,1.1017,0.9922,0.02,0.9631,1.1104,1.1439
PG145_text.txt,310847,115423,114343,0.7197,0.7581,0.99,17,1.3838,0.9948,0.0239,1.0343,1.391,1.338
PG145_text.txt,310847,115423,114343,0.7197,0.7581,0.99,18,1.1797,1.0017,0.0281,1.0412,1.1777,1.133
PG145_text.txt,310847,115423,114343,0.7197,0.7581,0.99,19,1.3749,0.9868,0.0269,0.9811,1.3933,1.4014
PG145_text.txt,310847,115423,114343,0.7197,0.7581,0.99,20,1.2092,0.9958,0.0202,1.0062,1.2143,1.2018
PG15384_text.txt,202417,68164,68087,0.7563,0.8044,0.6,1,0.8447,0.7761,0.0056,0.7913,1.0884,1.0674
PG15384_text.txt,202417,68164,68087,0.7563,0.8044,0.6,2,0.9831,0.7738,0.0038,0.7728,1.2706,1.2722
PG15384_text.txt,202417,68164,68087,0.7563,0.8044,0.6,3,0.8937,0.7747,0.0041,0.7808,1.1537,1.1447
PG15384_text.txt,202417,68164,68087,0.7563,0.8044,0.6,4,0.9065,0.7745,0.0043,0.7705,1.1705,1.1765
PG15384_text.txt,202417,68164,68087,0.7563,0.8044,0.6,5,0.8692,0.7752,0.0045,0.7854,1.1212,1.1066
PG15384_text.txt,202417,68164,68087,0.7563,0.8044,0.6,6,0.8529,0.7761,0.0051,0.7766,1.0989,1.0982
PG15384_text.txt,202417,68164,68087,0.7563,0.8044,0.6,7,0.8804,0.774,0.005,0.7666,1.1374,1.1484
PG15384_text.txt,202417,68164,68087,0.7563,0.8044,0.6,8,0.836,0.7751,0.0045,0.7766,1.0785,1.0764
PG15384_text.txt,202417,68164,68087,0.7563,0.8044,0.6,9,0.8756,0.7755,0.005,0.7751,1.1292,1.1297
PG15384_text.txt,202417,68164,68087,0.7563,0.8044,0.6,10,0.8671,0.7768,0.0052,0.7717,1.1161,1.1235
PG15384_text.txt,202417,68164,68087,0.7563,0.8044,0.6,11,0.8227,0.7744,0.0056,0.7794,1.0624,1.0555
PG15384_text.txt,202417,68164,68087,0.7563,0.8044,0.6,12,0.8386,0.7754,0.004,0.774,1.0815,1.0835
PG15384_text.txt,202417,68164,68087,0.7563,0.8044,0.6,13,0.8517,0.7756,0.005,0.7733,1.0982,1.1014
PG15384_text.txt,202417,68164,68087,0.7563,0.8044,0.6,14,0.8158,0.7748,0.0044,0.7679,1.0529,1.0624
PG15384_text.txt,202417,68164,68087,0.7563,0.8044,0.6,15,0.8412,0.774,0.0046,0.7745,1.0868,1.0862
PG15384_text.txt,202417,68164,68087,0.7563,0.8044,0.6,16,0.8321,0.7749,0.0046,0.7813,1.0739,1.065
PG15384_text.txt,202417,68164,68087,0.7563,0.8044,0.6,17,0.8246,0.775,0.0045,0.7801,1.064,1.057
PG15384_text.txt,202417,68164,68087,0.7563,0.8044,0.6,18,0.8285,0.7772,0.004,0.7782,1.0659,1.0646
PG15384_text.txt,202417,68164,68087,0.7563,0.8044,0.6,19,0.8156,0.7769,0.0047,0.7762,1.0499,1.0509
PG15384_text.txt,202417,68164,68087,0.7563,0.8044,0.6,20,0.8244,0.7784,0.0048,0.7703,1.0591,1.0702
PG15384_text.txt,202417,68164,68087,0.7563,0.8044,0.7,1,0.9349,0.8383,0.0056,0.8532,1.1152,1.0957
PG15384_text.txt,202417,68164,68087,0.7563,0.8044,0.7,2,1.0884,0.8386,0.005,0.8389,1.2979,1.2974
PG15384_text.txt,202417,68164,68087,0.7563,0.8044,0.7,3,0.9698,0.8361,0.0057,0.8448,1.1599,1.148
PG15384_text.txt,202417,68164,68087,0.7563,0.8044,0.7,4,1.0058,0.8354,0.0045,0.8346,1.2039,1.2051
PG15384_text.txt,202417,68164,68087,0.7563,0.8044,0.7,5,0.9467,0.8373,0.0076,0.8438,1.1307,1.1219
PG15384_text.txt,202417,68164,68087,0.7563,0.8044,0.7,6,0.9245,0.8385,0.0057,0.8406,1.1026,1.0997
PG15384_text.txt,202417,68164,68087,0.7563,0.8044,0.7,7,0.9537,0.8367,0.0048,0.8238,1.1399,1.1578
PG15384_text.txt,202417,68164,68087,0.7563,0.8044,0.7,8,0.9205,0.8378,0.0062,0.8395,1.0987,1.0964
PG15384_text.txt,202417,68164,68087,0.7563,0.8044,0.7,9,0.9685,0.8376,0.0075,0.8415,1.1562,1.151
PG15384_text.txt,202417,68164,68087,0.7563,0.8044,0.7,10,0.9283,0.8386,0.0059,0.8347,1.107,1.1121
PG15384_text.txt,202417,68164,68087,0.7563,0.8044,0.7,11,0.8918,0.8372,0.0067,0.8411,1.0652,1.0603
PG15384_text.txt,202417,68164,68087,0.7563,0.8044,0.7,12,0.9079,0.8398,0.0057,0.8288,1.0811,1.0954
PG15384_text.txt,202417,68164,68087,0.7563,0.8044,0.7,13,0.9299,0.8391,0.0051,0.8383,1.1082,1.1093
PG15384_text.txt,202417,68164,68087,0.7563,0.8044,0.7,14,0.8965,0.8372,0.0072,0.8337,1.0709,1.0753
PG15384_text.txt,202417,68164,68087,0.7563,0.8044,0.7,15,0.9171,0.8345,0.0057,0.8349,1.099,1.0985
PG15384_text.txt,202417,68164,68087,0.7563,0.8044,0.7,16,0.9114,0.8375,0.0059,0.8435,1.0882,1.0805
PG15384_text.txt,202417,68164,68087,0.7563,0.8044,0.7,17,0.9015,0.8366,0.0053,0.839,1.0776,1.0745
PG15384_text.txt,202417,68164,68087,0.7563,0.8044,0.7,18,0.8956,0.8359,0.0065,0.8397,1.0714,1.0666
PG15384_text.txt,202417,68164,68087,0.7563,0.8044,0.7,19,0.8914,0.8382,0.0051,0.8387,1.0634,1.0627
PG15384_text.txt,202417,68164,68087,0.7563,0.8044,0.7,20,0.9049,0.8399,0.005,0.8358,1.0775,1.0827
PG15384_text.txt,202417,68164,68087,0.7563,0.8044,0.8,1,1.0195,0.895,0.0086,0.9131,1.139,1.1165
PG15384_text.txt,202417,68164,68087,0.7563,0.8044,0.8,2,1.1565,0.8957,0.0061,0.8838,1.2912,1.3086
PG15384_text.txt,202417,68164,68087,0.7563,0.8044,0.8,3,1.06,0.8956,0.0096,0.9101,1.1836,1.1647
PG15384_text.txt,202417,68164,68087,0.7563,0.8044,0.8,4,1.11,0.8944,0.0068,0.8921,1.241,1.2442
PG15384_text.txt,202417,68164,68087,0.7563,0.8044,0.8,5,1.0219,0.8959,0.0075,0.9068,1.1407,1.1269
PG15384_text.txt,202417,68164,68087,0.7563,0.8044,0.8,6,0.9963,0.8928,0.0095,0.8965,1.1159,1.1113
PG15384_text.txt,202417,68164,68087,0.7563,0.8044,0.8,7,1.0274,0.8961,0.0072,0.8906,1.1465,1.1536
PG15384_text.txt,202417,68164,68087,0.7563,0.8044,0.8,8,1.0269,0.8946,0.0084,0.9091,1.1478,1.1296
PG15384_text.txt,202417,68164,68087,0.7563,0.8044,0.8,9,1.0259,0.8962,0.0049,0.898,1.1447,1.1424
PG15384_text.txt,202417,68164,68087,0.7563,0.8044,0.8,10,1.0234,0.8964,0.0061,0.8964,1.1417,1.1417
PG15384_text.txt,202417,68164,68087,0.7563,0.8044,0.8,11,0.9791,0.8945,0.0073,0.8975,1.0946,1.0909
PG15384_text.txt,202417,68164,68087,0.7563,0.8044,0.8,12,0.995,0.8979,0.0057,0.8972,1.1081,1.1089
PG15384_text.txt,202417,68164,68087,0.7563,0.8044,0.8,13,0.9928,0.8974,0.0062,0.9011,1.1064,1.1018
PG15384_text.txt,202417,68164,68087,0.7563,0.8044,0.8,14,0.9642,0.8942,0.0081,0.8877,1.0783,1.0862
PG15384_text.txt,202417,68164,68087,0.7563,0.8044,0.8,15,0.9868,0.8923,0.0073,0.8851,1.106,1.115
PG15384_text.txt,202417,68164,68087,0.7563,0.8044,0.8,16,0.9975,0.8954,0.0057,0.8965,1.114,1.1126
PG15384_text.txt,202417,68164,68087,0.7563,0.8044,0.8,17,0.9602,0.8919,0.0061,0.8995,1.0765,1.0674
PG15384_text.txt,202417,68164,68087,0.7563,0.8044,0.8,18,0.9405,0.8938,0.0067,0.8918,1.0522,1.0546
PG15384_text.txt,202417,68164,68087,0.7563,0.8044,0.8,19,0.9752,0.8986,0.0053,0.9011,1.0852,1.0822
PG15384_text.txt,202417,68164,68087,0.7563,0.8044,0.8,20,0.9863,0.8938,0.0075,0.8916,1.1034,1.1061
PG15384_text.txt,202417,68164,68087,0.7563,0.8044,0.9,1,1.0985,0.9453,0.0125,0.9642,1.162,1.1393
PG15384_text.txt,202417,68164,68087,0.7563,0.8044,0.9,2,1.2255,0.9499,0.0095,0.9604,1.2901,1.276
PG15384_text.txt,202417,68164,68087,0.7563,0.8044,0.9,3,1.1087,0.9503,0.012,0.9508,1.1667,1.166
PG15384_text.txt,202417,68164,68087,0.7563,0.8044,0.9,4,1.2062,0.9469,0.0113,0.9517,1.2739,1.2674
PG15384_text.txt,202417,68164,68087,0.7563,0.8044,0.9,5,1.0823,0.9458,0.0122,0.939,1.1443,1.1525
PG15384_text.txt,202417,68164,68087,0.7563,0.8044,0.9,6,1.0742,0.9455,0.0111,0.957,1.1361,1.1225
PG15384_text.txt,202417,68164,68087,0.7563,0.8044,0.9,7,1.144,0.9563,0.014,0.9543,1.1963,1.1987
PG15384_text.txt,202417,68164,68087,0.7563,0.8044,0.9,8,1.1262,0.9503,0.0136,0.9545,1.1851,1.1798
PG15384_text.txt,202417,68164,68087,0.7563,0.8044,0.9,9,1.109,0.9508,0.0131,0.9504,1.1664,1.1669
PG15384_text.txt,202417,68164,68087,0.7563,0.8044,0.9,10,1.141,0.9476,0.0108,0.9586,1.2041,1.1904
PG15384_text.txt,202417,68164,68087,0.7563,0.8044,0.9,11,1.0831,0.9495,0.0093,0.9673,1.1407,1.1197
PG15384_text.txt,202417,68164,68087,0.7563,0.8044,0.9,12,1.0548,0.9537,0.012,0.9517,1.106,1.1083
PG15384_text.txt,202417,68164,68087,0.7563,0.8044,0.9,13,1.086,0.947,0.0115,0.9504,1.1468,1.1427
PG15384_text.txt,202417,68164,68087,0.7563,0.8044,0.9,14,1.0676,0.9481,0.0121,0.9138,1.1261,1.1684
PG15384_text.txt,202417,68164,68087,0.7563,0.8044,0.9,15,1.0311,0.9518,0.009,0.9555,1.0834,1.0792
PG15384_text.txt,202417,68164,68087,0.7563,0.8044,0.9,16,1.1014,0.9503,0.0089,0.9483,1.1589,1.1614
PG15384_text.txt,202417,68164,68087,0.7563,0.8044,0.9,17,1.04,0.9488,0.0075,0.9418,1.0962,1.1043
PG15384_text.txt,202417,68164,68087,0.7563,0.8044,0.9,18,1.0315,0.9509,0.012,0.9632,1.0847,1.0709
PG15384_text.txt,202417,68164,68087,0.7563,0.8044,0.9,19,1.0318,0.9513,0.0073,0.956,1.0846,1.0792
PG15384_text.txt,202417,68164,68087,0.7563,0.8044,0.9,20,1.0509,0.947,0.0114,0.9552,1.1097,1.1002
PG15384_text.txt,202417,68164,68087,0.7563,0.8044,0.95,1,1.1397,0.9702,0.0141,0.9859,1.1747,1.1559
PG15384_text.txt,202417,68164,68087,0.7563,0.8044,0.95,2,1.2694,0.9774,0.0166,0.9711,1.2988,1.3071
PG15384_text.txt,202417,68164,68087,0.7563,0.8044,0.95,3,1.1386,0.9819,0.0172,0.9771,1.1596,1.1652
PG15384_text.txt,202417,68164,68087,0.7563,0.8044,0.95,4,1.3338,0.976,0.0201,0.9645,1.3667,1.3829
PG15384_text.txt,202417,68164,68087,0.7563,0.8044,0.95,5,1.0865,0.9741,0.0157,0.9716,1.1154,1.1183
PG15384_text.txt,202417,68164,68087,0.7563,0.8044,0.95,6,1.0797,0.9718,0.0151,0.9788,1.1111,1.1031
PG15384_text.txt,202417,68164,68087,0.7563,0.8044,0.95,7,1.2362,0.9797,0.012,0.9763,1.2618,1.2662
PG15384_text.txt,202417,68164,68087,0.7563,0.8044,0.95,8,1.1791,0.9742,0.0164,0.9683,1.2103,1.2177
PG15384_text.txt,202417,68164,68087,0.7563,0.8044,0.95,9,1.2164,0.9775,0.017,0.9923,1.2444,1.2258
PG15384_text.txt,202417,68164,68087,0.7563,0.8044,0.95,10,1.2801,0.9755,0.0124,0.962,1.3123,1.3306
PG15384_text.txt,202417,68164,68087,0.7563,0.8044,0.95,11,1.1136,0.9767,0.0111,1.008,1.1401,1.1047
PG15384_text.txt,202417,68164,68087,0.7563,0.8044,0.95,12,1.1304,0.9745,0.0149,0.9935,1.16,1.1378
PG15384_text.txt,202417,68164,68087,0.7563,0.8044,0.95,13,1.1928,0.9677,0.0208,0.9653,1.2326,1.2356
PG15384_text.txt,202417,68164,68087,0.7563,0.8044,0.95,14,1.1362,0.9802,0.0159,0.9634,1.1592,1.1794
PG15384_text.txt,202417,68164,68087,0.7563,0.8044,0.95,15,1.1129,0.9752,0.0199,1.0044,1.1412,1.1079
PG15384_text.txt,202417,68164,68087,0.7563,0.8044,0.95,16,1.1468,0.9687,0.0142,0.9693,1.184,1.1832
PG15384_text.txt,202417,68164,68087,0.7563,0.8044,0.95,17,1.0983,0.9712,0.02,0.9816,1.1309,1.1189
PG15384_text.txt,202417,68164,68087,0.7563,0.8044,0.95,18,1.1158,0.9732,0.0146,1.0028,1.1465,1.1127
PG15384_text.txt,202417,68164,68087,0.7563,0.8044,0.95,19,1.1085,0.9716,0.0157,0.9982,1.1409,1.1105
PG15384_text.txt,202417,68164,68087,0.7563,0.8044,0.95,20,1.0855,0.9714,0.0171,0.9376,1.1175,1.1578
PG15384_text.txt,202417,68164,68087,0.7563,0.8044,0.99,1,1.3594,0.9955,0.0446,0.9768,1.3655,1.3916
PG15384_text.txt,202417,68164,68087,0.7563,0.8044,0.99,2,1.1633,0.9847,0.0365,1.0344,1.1814,1.1247
PG15384_text.txt,202417,68164,68087,0.7563,0.8044,0.99,3,1.4235,1.0093,0.0354,1.018,1.4104,1.3983
PG15384_text.txt,202417,68164,68087,0.7563,0.8044,0.99,4,1.1355,0.9849,0.0232,0.9297,1.1529,1.2213
PG15384_text.txt,202417,68164,68087,0.7563,0.8044,0.99,5,1.1439,0.9943,0.0333,1.103,1.1504,1.037
PG15384_text.txt,202417,68164,68087,0.7563,0.8044,0.99,6,1.1621,0.9896,0.0309,0.9744,1.1743,1.1926
PG15384_text.txt,202417,68164,68087,0.7563,0.8044,0.99,7,1.1698,0.9844,0.035,1.0134,1.1883,1.1543
PG15384_text.txt,202417,68164,68087,0.7563,0.8044,0.99,8,1.1686,0.9958,0.0405,1.0813,1.1736,1.0807
PG15384_text.txt,202417,68164,68087,0.7563,0.8044,0.99,9,1.3564,0.987,0.0346,1.1003,1.3743,1.2328
PG15384_text.txt,202417,68164,68087,0.7563,0.8044,0.99,10,1.3645,0.9836,0.0292,0.9908,1.3872,1.3773
PG15384_text.txt,202417,68164,68087,0.7563,0.8044,0.99,11,1.2828,1.0119,0.0263,1.0878,1.2677,1.1793
PG15384_text.txt,202417,68164,68087,0.7563,0.8044,0.99,12,1.263,1.0096,0.0432,1.0183,1.251,1.2403
PG15384_text.txt,202417,68164,68087,0.7563,0.8044,0.99,13,1.2285,0.9965,0.0469,0.9404,1.2328,1.3063
PG15384_text.txt,202417,68164,68087,0.7563,0.8044,0.99,14,1.4966,0.9881,0.0351,0.9852,1.5147,1.5192
PG15384_text.txt,202417,68164,68087,0.7563,0.8044,0.99,15,1.3923,0.9984,0.0448,0.9858,1.3945,1.4123
PG15384_text.txt,202417,68164,68087,0.7563,0.8044,0.99,16,1.0638,0.997,0.0231,1.0152,1.067,1.0478
PG15384_text.txt,202417,68164,68087,0.7563,0.8044,0.99,17,1.4141,0.9789,0.0292,0.988,1.4446,1.4312
PG15384_text.txt,202417,68164,68087,0.7563,0.8044,0.99,18,1.182,0.9944,0.0317,1.0092,1.1886,1.1712
PG15384_text.txt,202417,68164,68087,0.7563,0.8044,0.99,19,1.1962,0.9866,0.042,0.9858,1.2124,1.2134
PG15384_text.txt,202417,68164,68087,0.7563,0.8044,0.99,20,1.1418,0.9912,0.0395,0.9816,1.1519,1.1632
PG16101_text.txt,84940,28936,28682,0.708,0.7119,0.6,1,0.8968,0.7785,0.0065,0.7786,1.152,1.1518
PG16101_text.txt,84940,28936,28682,0.708,0.7119,0.6,2,1.0446,0.7723,0.0054,0.7861,1.3525,1.3288
PG16101_text.txt,84940,28936,28682,0.708,0.7119,0.6,3,0.8854,0.775,0.007,0.7646,1.1424,1.158
PG16101_text.txt,84940,28936,28682,0.708,0.7119,0.6,4,0.8739,0.7754,0.0053,0.7833,1.127,1.1157
PG16101_text.txt,84940,28936,28682,0.708,0.7119,0.6,5,0.8304,0.7735,0.0062,0.7847,1.0735,1.0582
PG16101_text.txt,84940,28936,28682,0.708,0.7119,0.6,6,0.8829,0.7759,0.0067,0.7785,1.1378,1.134
PG16101_text.txt,84940,28936,28682,0.708,0.7119,0.6,7,0.8303,0.7733,0.0062,0.7782,1.0737,1.0669
PG16101_text.txt,84940,28936,28682,0.708,0.7119,0.6,8,0.8389,0.7721,0.0073,0.7658,1.0866,1.0956
PG16101_text.txt,84940,28936,28682,0.708,0.7119,0.6,9,0.8425,0.7776,0.0072,0.7755,1.0834,1.0864
PG16101_text.txt,84940,28936,28682,0.708,0.7119,0.6,10,0.8401,0.7739,0.0066,0.7799,1.0856,1.0772
PG16101_text.txt,84940,28936,28682,0.708,0.7119,0.6,11,0.8369,0.7722,0.008,0.7678,1.0837,1.0899
PG16101_text.txt,84940,28936,28682,0.708,0.7119,0.6,12,0.8351,0.7712,0.0055,0.7775,1.0828,1.0741
PG16101_text.txt,84940,28936,28682,0.708,0.7119,0.6,13,0.8252,0.7757,0.0061,0.7849,1.0638,1.0514
PG16101_text.txt,84940,28936,28682,0.708,0.7119,0.6,14,0.8288,0.7737,0.0075,0.7762,1.0712,1.0677
PG16101_text.txt,84940,28936,28682,0.708,0.7119,0.6,15,0.8238,0.7747,0.0067,0.7728,1.0633,1.0659
PG16101_text.txt,84940,28936,28682,0.708,0.7119,0.6,16,0.8111,0.7778,0.0059,0.7869,1.0428,1.0307
PG16101_text.txt,84940,28936,28682,0.708,0.7119,0.6,17,0.8117,0.7763,0.0059,0.7764,1.0456,1.0455
PG16101_text.txt,84940,28936,28682,0.708,0.7119,0.6,18,0.8348,0.7745,0.0072,0.7737,1.0779,1.079
PG16101_text.txt,84940,28936,28682,0.708,0.7119,0.6,19,0.7984,0.7743,0.0072,0.774,1.0311,1.0314
PG16101_text.txt,84940,28936,28682,0.708,0.7119,0.6,20,0.8182,0.7739,0.0077,0.7765,1.0573,1.0538
PG16101_text.txt,84940,28936,28682,0.708,0.7119,0.7,1,0.9564,0.8384,0.0079,0.8325,1.1407,1.1487
PG16101_text.txt,84940,28936,28682,0.708,0.7119,0.7,2,1.1391,0.837,0.0081,0.8438,1.3609,1.3499
PG16101_text.txt,84940,28936,28682,0.708,0.7119,0.7,3,0.9846,0.8362,0.0064,0.8328,1.1774,1.1823
PG16101_text.txt,84940,28936,28682,0.708,0.7119,0.7,4,0.9638,0.8379,0.0085,0.8442,1.1501,1.1416
PG16101_text.txt,84940,28936,28682,0.708,0.7119,0.7,5,0.9163,0.8357,0.0067,0.8453,1.0964,1.084
PG16101_text.txt,84940,28936,28682,0.708,0.7119,0.7,6,0.9421,0.8393,0.0086,0.8327,1.1224,1.1313
PG16101_text.txt,84940,28936,28682,0.708,0.7119,0.7,7,0.9133,0.8391,0.0098,0.8332,1.0885,1.0962
PG16101_text.txt,84940,28936,28682,0.708,0.7119,0.7,8,0.9156,0.8366,0.0073,0.8423,1.0945,1.087
PG16101_text.txt,84940,28936,28682,0.708,0.7119,0.7,9,0.9304,0.8387,0.0071,0.8363,1.1093,1.1125
PG16101_text.txt,84940,28936,28682,0.708,0.7119,0.7,10,0.9156,0.8334,0.0092,0.8371,1.0987,1.0938
PG16101_text.txt,84940,28936,28682,0.708,0.7119,0.7,11,0.9275,0.835,0.0113,0.8353,1.1107,1.1103
PG16101_text.txt,84940,28936,28682,0.708,0.7119,0.7,12,0.9081,0.8328,0.0075,0.8477,1.0904,1.0713
PG16101_text.txt,84940,28936,28682,0.708,0.7119,0.7,13,0.9011,0.8376,0.0074,0.839,1.0759,1.0741
PG16101_text.txt,84940,28936,28682,0.708,0.7119,0.7,14,0.8906,0.8366,0.0066,0.833,1.0646,1.0691
PG16101_text.txt,84940,28936,28682,0.708,0.7119,0.7,15,0.8925,0.8351,0.0091,0.8427,1.0688,1.0592
PG16101_text.txt,84940,28936,28682,0.708,0.7119,0.7,16,0.8932,0.8393,0.0083,0.8495,1.0642,1.0514
PG16101_text.txt,84940,28936,28682,0.708,0.7119,0.7,17,0.8878,0.8378,0.0052,0.8442,1.0597,1.0517
PG16101_text.txt,84940,28936,28682,0.708,0.7119,0.7,18,0.8985,0.8361,0.0082,0.8362,1.0747,1.0745
PG16101_text.txt,84940,28936,28682,0.708,0.7119,0.7,19,0.8821,0.8356,0.0067,0.8291,1.0557,1.0639
PG16101_text.txt,84940,28936,28682,0.708,0.7119,0.7,20,0.8929,0.8382,0.0069,0.8388,1.0653,1.0645
PG16101_text.txt,84940,28936,28682,0.708,0.7119,0.8,1,1.0445,0.901,0.0114,0.905,1.1592,1.1542
PG16101_text.txt,84940,28936,28682,0.708,0.7119,0.8,2,1.2528,0.8903,0.0111,0.8962,1.4072,1.398
PG16101_text.txt,84940,28936,28682,0.708,0.7119,0.8,3,1.0777,0.8935,0.01,0.8939,1.2062,1.2056
PG16101_text.txt,84940,28936,28682,0.708,0.7119,0.8,4,1.0737,0.8918,0.0142,0.8834,1.204,1.2154
PG16101_text.txt,84940,28936,28682,0.708,0.7119,0.8,5,1.0453,0.8949,0.0116,0.8964,1.1681,1.1661
PG16101_text.txt,84940,28936,28682,0.708,0.7119,0.8,6,1.0268,0.8981,0.0133,0.8764,1.1433,1.1716
PG16101_text.txt,84940,28936,28682,0.708,0.7119,0.8,7,1.0044,0.8978,0.0111,0.8811,1.1188,1.1399
PG16101_text.txt,84940,28936,28682,0.708,0.7119,0.8,8,1.0303,0.8949,0.0082,0.8955,1.1513,1.1506
PG16101_text.txt,84940,28936,28682,0.708,0.7119,0.8,9,1.0215,0.897,0.0102,0.8901,1.1388,1.1477
PG16101_text.txt,84940,28936,28682,0.708,0.7119,0.8,10,1.0289,0.8936,0.01,0.8972,1.1514,1.1468
PG16101_text.txt,84940,28936,28682,0.708,0.7119,0.8,11,1.0048,0.892,0.0116,0.8971,1.1265,1.12
PG16101_text.txt,84940,28936,28682,0.708,0.7119,0.8,12,0.988,0.8951,0.0141,0.9047,1.1038,1.0922
PG16101_text.txt,84940,28936,28682,0.708,0.7119,0.8,13,0.9892,0.8962,0.0125,0.8961,1.1039,1.1039
PG16101_text.txt,84940,28936,28682,0.708,0.7119,0.8,14,0.9705,0.8962,0.0132,0.8845,1.0829,1.0972
PG16101_text.txt,84940,28936,28682,0.708,0.7119,0.8,15,0.9745,0.8917,0.0099,0.9007,1.0929,1.082
PG16101_text.txt,84940,28936,28682,0.708,0.7119,0.8,16,0.9739,0.8952,0.0091,0.8915,1.088,1.0924
PG16101_text.txt,84940,28936,28682,0.708,0.7119,0.8,17,0.9686,0.8934,0.0141,0.8921,1.0842,1.0858
PG16101_text.txt,84940,28936,28682,0.708,0.7119,0.8,18,0.9668,0.8928,0.0136,0.8843,1.0829,1.0933
PG16101_text.txt,84940,28936,28682,0.708,0.7119,0.8,19,0.963,0.8908,0.0091,0.8834,1.0811,1.0901
PG16101_text.txt,84940,28936,28682,0.708,0.7119,0.8,20,0.9835,0.8985,0.0106,0.8737,1.0947,1.1257
PG16101_text.txt,84940,28936,28682,0.708,0.7119,0.9,1,1.0755,0.9513,0.0217,0.9476,1.1305,1.1349
PG16101_text.txt,84940,28936,28682,0.708,0.7119,0.9,2,1.3676,0.9403,0.0145,0.9319,1.4544,1.4674
PG16101_text.txt,84940,28936,28682,0.708,0.7119,0.9,3,1.1626,0.9504,0.0195,0.9356,1.2233,1.2427
PG16101_text.txt,84940,28936,28682,0.708,0.7119,0.9,4,1.1974,0.9426,0.0177,0.9136,1.2703,1.3107
PG16101_text.txt,84940,28936,28682,0.708,0.7119,0.9,5,1.1578,0.9445,0.0104,0.9601,1.2257,1.2059
PG16101_text.txt,84940,28936,28682,0.708,0.7119,0.9,6,1.1374,0.9482,0.0143,0.901,1.1995,1.2624
PG16101_text.txt,84940,28936,28682,0.708,0.7119,0.9,7,1.1165,0.9476,0.0152,0.9283,1.1782,1.2028
PG16101_text.txt,84940,28936,28682,0.708,0.7119,0.9,8,1.1064,0.9526,0.0229,0.9864,1.1615,1.1217
PG16101_text.txt,84940,28936,28682,0.708,0.7119,0.9,9,1.0959,0.9474,0.0182,0.9393,1.1567,1.1667
PG16101_text.txt,84940,28936,28682,0.708,0.7119,0.9,10,1.1315,0.9467,0.0119,0.9836,1.1952,1.1504
PG16101_text.txt,84940,28936,28682,0.708,0.7119,0.9,11,1.081,0.9415,0.0153,0.9367,1.1481,1.154
PG16101_text.txt,84940,28936,28682,0.708,0.7119,0.9,12,1.0379,0.9482,0.0137,0.9387,1.0945,1.1057
PG16101_text.txt,84940,28936,28682,0.708,0.7119,0.9,13,1.0343,0.9506,0.0188,0.9739,1.0881,1.062
PG16101_text.txt,84940,28936,28682,0.708,0.7119,0.9,14,1.0538,0.9492,0.0149,0.9621,1.1101,1.0953
PG16101_text.txt,84940,28936,28682,0.708,0.7119,0.9,15,1.039,0.9444,0.016,0.9407,1.1002,1.1046
PG16101_text.txt,84940,28936,28682,0.708,0.7119,0.9,16,1.1084,0.9497,0.0147,0.9571,1.1671,1.158
PG16101_text.txt,84940,28936,28682,0.708,0.7119,0.9,17,1.0467,0.9445,0.0152,0.9516,1.1082,1.0999
PG16101_text.txt,84940,28936,28682,0.708,0.7119,0.9,18,1.0182,0.9456,0.0141,0.94,1.0767,1.0832
PG16101_text.txt,84940,28936,28682,0.708,0.7119,0.9,19,1.0565,0.9509,0.016,0.9406,1.111,1.1232
PG16101_text.txt,84940,28936,28682,0.708,0.7119,0.9,20,1.0913,0.944,0.0179,0.9333,1.1561,1.1693
PG16101_text.txt,84940,28936,28682,0.708,0.7119,0.95,1,1.099,0.9774,0.0329,1.0025,1.1245,1.0963
PG16101_text.txt,84940,28936,28682,0.708,0.7119,0.95,2,1.4398,0.9698,0.0275,0.9716,1.4847,1.4818
PG16101_text.txt,84940,28936,28682,0.708,0.7119,0.95,3,1.2477,0.9763,0.0309,0.9656,1.278,1.2921
PG16101_text.txt,84940,28936,28682,0.708,0.7119,0.95,4,1.2361,0.9768,0.0255,0.9121,1.2655,1.3553
PG16101_text.txt,84940,28936,28682,0.708,0.7119,0.95,5,1.313,0.9747,0.0307,0.9573,1.347,1.3716
PG16101_text.txt,84940,28936,28682,0.708,0.7119,0.95,6,1.1669,0.9794,0.0253,0.9591,1.1915,1.2167
PG16101_text.txt,84940,28936,28682,0.708,0.7119,0.95,7,1.1275,0.9728,0.0238,1.0099,1.1591,1.1165
PG16101_text.txt,84940,28936,28682,0.708,0.7119,0.95,8,1.2095,0.9699,0.0151,0.9841,1.247,1.229
PG16101_text.txt,84940,28936,28682,0.708,0.7119,0.95,9,1.0917,0.9717,0.0242,0.9877,1.1235,1.1053
PG16101_text.txt,84940,28936,28682,0.708,0.7119,0.95,10,1.2058,0.9729,0.0222,0.9825,1.2394,1.2273
PG16101_text.txt,84940,28936,28682,0.708,0.7119,0.95,11,1.1179,0.9716,0.0239,0.9735,1.1506,1.1483
PG16101_text.txt,84940,28936,28682,0.708,0.7119,0.95,12,1.1066,0.9786,0.0256,0.9992,1.1309,1.1075
PG16101_text.txt,84940,28936,28682,0.708,0.7119,0.95,13,1.134,0.9759,0.0321,0.9596,1.162,1.1817
PG16101_text.txt,84940,28936,28682,0.708,0.7119,0.95,14,1.2319,0.9768,0.0238,0.9988,1.2611,1.2334
PG16101_text.txt,84940,28936,28682,0.708,0.7119,0.95,15,1.0486,0.9663,0.0235,0.9526,1.0851,1.1007
PG16101_text.txt,84940,28936,28682,0.708,0.7119,0.95,16,1.1035,0.9692,0.0153,1.0068,1.1386,1.0961
PG16101_text.txt,84940,28936,28682,0.708,0.7119,0.95,17,1.0815,0.9637,0.0246,0.9838,1.1222,1.0993
PG16101_text.txt,84940,28936,28682,0.708,0.7119,0.95,18,1.1054,0.9772,0.03,0.9838,1.1312,1.1237
PG16101_text.txt,84940,28936,28682,0.708,0.7119,0.95,19,1.1638,0.9715,0.017,0.962,1.1979,1.2098
PG16101_text.txt,84940,28936,28682,0.708,0.7119,0.95,20,1.1561,0.9791,0.035,0.9936,1.1808,1.1635
PG16101_text.txt,84940,28936,28682,0.708,0.7119,0.99,1,1.2424,0.9673,0.0588,1.0817,1.2843,1.1485
PG16101_text.txt,84940,28936,28682,0.708,0.7119,0.99,2,1.793,0.9785,0.0631,0.9991,1.8323,1.7946
PG16101_text.txt,84940,28936,28682,0.708,0.7119,0.99,3,1.1526,0.9955,0.0484,0.9948,1.1579,1.1587
PG16101_text.txt,84940,28936,28682,0.708,0.7119,0.99,4,1.3506,0.9984,0.0501,0.942,1.3527,1.4337
PG16101_text.txt,84940,28936,28682,0.708,0.7119,0.99,5,1.5885,0.9918,0.065,1.0421,1.6016,1.5243
PG16101_text.txt,84940,28936,28682,0.708,0.7119,0.99,6,1.1807,1.0109,0.0431,0.9457,1.168,1.2485
PG16101_text.txt,84940,28936,28682,0.708,0.7119,0.99,7,1.1528,1.0006,0.0608,0.9237,1.1521,1.2481
PG16101_text.txt,84940,28936,28682,0.708,0.7119,0.99,8,1.3212,1.0061,0.0735,1.1001,1.3132,1.201
PG16101_text.txt,84940,28936,28682,0.708,0.7119,0.99,9,1.1027,0.9951,0.0625,1.0489,1.1081,1.0512
PG16101_text.txt,84940,28936,28682,0.708,0.7119,0.99,10,1.3066,0.9851,0.0665,1.0149,1.3263,1.2874
PG16101_text.txt,84940,28936,28682,0.708,0.7119,0.99,11,1.6358,0.978,0.0553,0.9621,1.6725,1.7003
PG16101_text.txt,84940,28936,28682,0.708,0.7119,0.99,12,1.2004,0.9526,0.0384,1.0486,1.26,1.1447
PG16101_text.txt,84940,28936,28682,0.708,0.7119,0.99,13,1.4823,0.9989,0.0625,0.9609,1.484,1.5426
PG16101_text.txt,84940,28936,28682,0.708,0.7119,0.99,14,1.2823,1.0122,0.0681,0.9416,1.2669,1.3619
PG16101_text.txt,84940,28936,28682,0.708,0.7119,0.99,15,1.0385,0.9848,0.067,0.8848,1.0544,1.1737
PG16101_text.txt,84940,28936,28682,0.708,0.7119,0.99,16,1.2693,0.9614,0.0598,0.9203,1.3202,1.3792
PG16101_text.txt,84940,28936,28682,0.708,0.7119,0.99,17,1.3588,0.9843,0.0558,0.8965,1.3804,1.5156
PG16101_text.txt,84940,28936,28682,0.708,0.7119,0.99,18,1.3847,0.991,0.0663,1.0537,1.3973,1.3141
PG16101_text.txt,84940,28936,28682,0.708,0.7119,0.99,19,1.1562,1.002,0.0599,0.9819,1.1538,1.1774
PG16101_text.txt,84940,28936,28682,0.708,0.7119,0.99,20,1.0685,0.9738,0.0555,0.9904,1.0973,1.0788
PG17498_text.txt,92434,28737,28632,0.7607,0.7813,0.6,1,0.8337,0.7736,0.0081,0.7676,1.0777,1.0861
PG17498_text.txt,92434,28737,28632,0.7607,0.7813,0.6,2,1.0012,0.7754,0.0067,0.7832,1.2913,1.2783
PG17498_text.txt,92434,28737,28632,0.7607,0.7813,0.6,3,0.922,0.7755,0.0076,0.7797,1.1889,1.1825
PG17498_text.txt,92434,28737,28632,0.7607,0.7813,0.6,4,0.9079,0.7728,0.0053,0.7824,1.1748,1.1605
PG17498_text.txt,92434,28737,28632,0.7607,0.7813,0.6,5,0.863,0.7743,0.0075,0.7913,1.1145,1.0906
PG17498_text.txt,92434,28737,28632,0.7607,0.7813,0.6,6,0.8585,0.7766,0.0085,0.779,1.1055,1.1021
PG17498_text.txt,92434,28737,28632,0.7607,0.7813,0.6,7,0.8302,0.775,0.0077,0.7797,1.0712,1.0648
PG17498_text.txt,92434,28737,28632,0.7607,0.7813,0.6,8,0.8713,0.7768,0.0078,0.7678,1.1216,1.1349
PG17498_text.txt,92434,28737,28632,0.7607,0.7813,0.6,9,0.8594,0.7764,0.0071,0.7889,1.1069,1.0894
PG17498_text.txt,92434,28737,28632,0.7607,0.7813,0.6,10,0.8599,0.7741,0.0065,0.7688,1.1108,1.1185
PG17498_text.txt,92434,28737,28632,0.7607,0.7813,0.6,11,0.8309,0.7769,0.0092,0.7649,1.0694,1.0863
PG17498_text.txt,92434,28737,28632,0.7607,0.7813,0.6,12,0.8368,0.7764,0.0063,0.7649,1.0778,1.094
PG17498_text.txt,92434,28737,28632,0.7607,0.7813,0.6,13,0.8237,0.7746,0.0047,0.7717,1.0635,1.0674
PG17498_text.txt,92434,28737,28632,0.7607,0.7813,0.6,14,0.8258,0.7731,0.0088,0.7852,1.0682,1.0517
PG17498_text.txt,92434,28737,28632,0.7607,0.7813,0.6,15,0.8228,0.7758,0.0068,0.7733,1.0606,1.0641
PG17498_text.txt,92434,28737,28632,0.7607,0.7813,0.6,16,0.8384,0.7709,0.006,0.7647,1.0875,1.0963
PG17498_text.txt,92434,28737,28632,0.7607,0.7813,0.6,17,0.809,0.7723,0.0052,0.7753,1.0474,1.0434
PG17498_text.txt,92434,28737,28632,0.7607,0.7813,0.6,18,0.8287,0.7724,0.007,0.7628,1.0728,1.0864
PG17498_text.txt,92434,28737,28632,0.7607,0.7813,0.6,19,0.8193,0.7759,0.0059,0.7731,1.056,1.0598
PG17498_text.txt,92434,28737,28632,0.7607,0.7813,0.6,20,0.82,0.7737,0.0075,0.7753,1.0598,1.0577
PG17498_text.txt,92434,28737,28632,0.7607,0.7813,0.7,1,0.9356,0.8358,0.0088,0.8145,1.1194,1.1486
PG17498_text.txt,92434,28737,28632,0.7607,0.7813,0.7,2,1.0815,0.8332,0.0088,0.8479,1.298,1.2756
PG17498_text.txt,92434,28737,28632,0.7607,0.7813,0.7,3,1.0161,0.8412,0.0081,0.8386,1.2079,1.2116
PG17498_text.txt,92434,28737,28632,0.7607,0.7813,0.7,4,1.006,0.8339,0.0078,0.8531,1.2064,1.1792
PG17498_text.txt,92434,28737,28632,0.7607,0.7813,0.7,5,0.9522,0.8385,0.0116,0.855,1.1356,1.1136
PG17498_text.txt,92434,28737,28632,0.7607,0.7813,0.7,6,0.9423,0.8417,0.0088,0.8496,1.1195,1.1091
PG17498_text.txt,92434,28737,28632,0.7607,0.7813,0.7,7,0.9055,0.836,0.008,0.8402,1.0831,1.0777
PG17498_text.txt,92434,28737,28632,0.7607,0.7813,0.7,8,0.95,0.8387,0.0097,0.822,1.1327,1.1558
PG17498_text.txt,92434,28737,28632,0.7607,0.7813,0.7,9,0.9488,0.8375,0.0075,0.8418,1.133,1.1271
PG17498_text.txt,92434,28737,28632,0.7607,0.7813,0.7,10,0.9505,0.8367,0.0076,0.8248,1.136,1.1524
PG17498_text.txt,92434,28737,28632,0.7607,0.7813,0.7,11,0.9253,0.8391,0.0096,0.8355,1.1026,1.1075
PG17498_text.txt,92434,28737,28632,0.7607,0.7813,0.7,12,0.9031,0.8371,0.0089,0.8302,1.0788,1.0878
PG17498_text.txt,92434,28737,28632,0.7607,0.7813,0.7,13,0.9039,0.8386,0.0087,0.8446,1.0779,1.0702
PG17498_text.txt,92434,28737,28632,0.7607,0.7813,0.7,14,0.8887,0.8356,0.0101,0.8392,1.0635,1.059
PG17498_text.txt,92434,28737,28632,0.7607,0.7813,0.7,15,0.8928,0.8381,0.0083,0.8469,1.0653,1.0542
PG17498_text.txt,92434,28737,28632,0.7607,0.7813,0.7,16,0.9246,0.8348,0.0082,0.8296,1.1076,1.1145
PG17498_text.txt,92434,28737,28632,0.7607,0.7813,0.7,17,0.872,0.8362,0.0085,0.8333,1.0427,1.0464
PG17498_text.txt,92434,28737,28632,0.7607,0.7813,0.7,18,0.8847,0.8365,0.0094,0.8139,1.0576,1.087
PG17498_text.txt,92434,28737,28632,0.7607,0.7813,0.7,19,0.9012,0.8368,0.0071,0.8303,1.0769,1.0853
PG17498_text.txt,92434,28737,28632,0.7607,0.7813,0.7,20,0.8786,0.836,0.0122,0.8352,1.0508,1.052
PG17498_text.txt,92434,28737,28632,0.7607,0.7813,0.8,1,1.0317,0.8952,0.0103,0.8576,1.1525,1.203
PG17498_text.txt,92434,28737,28632,0.7607,0.7813,0.8,2,1.2091,0.8912,0.0093,0.9042,1.3568,1.3373
PG17498_text.txt,92434,28737,28632,0.7607,0.7813,0.8,3,1.0772,0.8988,0.011,0.9112,1.1985,1.1822
PG17498_text.txt,92434,28737,28632,0.7607,0.7813,0.8,4,1.0796,0.8941,0.0107,0.9019,1.2074,1.197
PG17498_text.txt,92434,28737,28632,0.7607,0.7813,0.8,5,1.0456,0.8961,0.011,0.9112,1.1668,1.1474
PG17498_text.txt,92434,28737,28632,0.7607,0.7813,0.8,6,1.0115,0.8986,0.0107,0.9253,1.1256,1.0932
PG17498_text.txt,92434,28737,28632,0.7607,0.7813,0.8,7,0.9566,0.8905,0.0099,0.8978,1.0743,1.0655
PG17498_text.txt,92434,28737,28632,0.7607,0.7813,0.8,8,1.0243,0.8928,0.0106,0.8763,1.1472,1.1689
PG17498_text.txt,92434,28737,28632,0.7607,0.7813,0.8,9,1.0018,0.8949,0.0092,0.8992,1.1195,1.1141
PG17498_text.txt,92434,28737,28632,0.7607,0.7813,0.8,10,1.033,0.8924,0.0109,0.8905,1.1575,1.1601
PG17498_text.txt,92434,28737,28632,0.7607,0.7813,0.8,11,1.003,0.8933,0.011,0.9094,1.1228,1.103
PG17498_text.txt,92434,28737,28632,0.7607,0.7813,0.8,12,0.9869,0.8934,0.0129,0.8897,1.1046,1.1093
PG17498_text.txt,92434,28737,28632,0.7607,0.7813,0.8,13,0.9984,0.8951,0.0102,0.8938,1.1154,1.117
PG17498_text.txt,92434,28737,28632,0.7607,0.7813,0.8,14,0.963,0.894,0.0102,0.9016,1.0772,1.0681
PG17498_text.txt,92434,28737,28632,0.7607,0.7813,0.8,15,1.0036,0.8944,0.0093,0.8885,1.1221,1.1296
PG17498_text.txt,92434,28737,28632,0.7607,0.7813,0.8,16,0.9783,0.8939,0.0128,0.8891,1.0944,1.1003
PG17498_text.txt,92434,28737,28632,0.7607,0.7813,0.8,17,0.9444,0.8954,0.0123,0.8946,1.0548,1.0556
PG17498_text.txt,92434,28737,28632,0.7607,0.7813,0.8,18,0.9827,0.8947,0.0122,0.8735,1.0984,1.125
PG17498_text.txt,92434,28737,28632,0.7607,0.7813,0.8,19,0.9526,0.8964,0.0111,0.8893,1.0627,1.0712
PG17498_text.txt,92434,28737,28632,0.7607,0.7813,0.8,20,0.9294,0.8949,0.0145,0.8959,1.0386,1.0375
PG17498_text.txt,92434,28737,28632,0.7607,0.7813,0.9,1,1.0987,0.9435,0.0176,0.9449,1.1645,1.1627
PG17498_text.txt,92434,28737,28632,0.7607,0.7813,0.9,2,1.3089,0.9406,0.0165,0.9478,1.3916,1.381
PG17498_text.txt,92434,28737,28632,0.7607,0.7813,0.9,3,1.2141,0.9572,0.0159,0.9325,1.2685,1.302
PG17498_text.txt,92434,28737,28632,0.7607,0.7813,0.9,4,1.1656,0.9539,0.0185,0.9702,1.2218,1.2014
PG17498_text.txt,92434,28737,28632,0.7607,0.7813,0.9,5,1.1014,0.943,0.0195,0.9236,1.1679,1.1925
PG17498_text.txt,92434,28737,28632,0.7607,0.7813,0.9,6,1.0959,0.9525,0.0147,0.9745,1.1505,1.1246
PG17498_text.txt,92434,28737,28632,0.7607,0.7813,0.9,7,1.0444,0.9495,0.018,0.936,1.1,1.1159
PG17498_text.txt,92434,28737,28632,0.7607,0.7813,0.9,8,1.1238,0.9464,0.0179,0.9217,1.1874,1.2193
PG17498_text.txt,92434,28737,28632,0.7607,0.7813,0.9,9,1.1049,0.9462,0.0164,0.9632,1.1677,1.1471
PG17498_text.txt,92434,28737,28632,0.7607,0.7813,0.9,10,1.1031,0.9488,0.0156,0.9344,1.1625,1.1805
PG17498_text.txt,92434,28737,28632,0.7607,0.7813,0.9,11,1.1205,0.9487,0.0114,0.9432,1.1812,1.188
PG17498_text.txt,92434,28737,28632,0.7607,0.7813,0.9,12,1.0313,0.9479,0.0157,0.9779,1.088,1.0547
PG17498_text.txt,92434,28737,28632,0.7607,0.7813,0.9,13,1.0641,0.9477,0.0137,0.9852,1.1228,1.08
PG17498_text.txt,92434,28737,28632,0.7607,0.7813,0.9,14,1.0499,0.95,0.0184,0.9837,1.1051,1.0673
PG17498_text.txt,92434,28737,28632,0.7607,0.7813,0.9,15,1.098,0.949,0.0141,0.944,1.157,1.1631
PG17498_text.txt,92434,28737,28632,0.7607,0.7813,0.9,16,1.095,0.9534,0.0184,0.946,1.1485,1.1575
PG17498_text.txt,92434,28737,28632,0.7607,0.7813,0.9,17,1.0176,0.9466,0.016,0.9155,1.0749,1.1115
PG17498_text.txt,92434,28737,28632,0.7607,0.7813,0.9,18,1.0414,0.9489,0.0113,0.9349,1.0975,1.1139
PG17498_text.txt,92434,28737,28632,0.7607,0.7813,0.9,19,1.0722,0.9414,0.0189,0.9379,1.1389,1.1432
PG17498_text.txt,92434,28737,28632,0.7607,0.7813,0.9,20,1.0776,0.9447,0.017,0.9497,1.1407,1.1346
PG17498_text.txt,92434,28737,28632,0.7607,0.7813,0.95,1,1.1885,0.9783,0.0244,0.9728,1.2149,1.2218
PG17498_text.txt,92434,28737,28632,0.7607,0.7813,0.95,2,1.3932,0.9736,0.03,0.9729,1.4309,1.432
PG17498_text.txt,92434,28737,28632,0.7607,0.7813,0.95,3,1.2735,0.9781,0.0312,0.9748,1.3019,1.3064
PG17498_text.txt,92434,28737,28632,0.7607,0.7813,0.95,4,1.2507,0.9808,0.0279,0.9679,1.2752,1.2922
PG17498_text.txt,92434,28737,28632,0.7607,0.7813,0.95,5,1.1967,0.9643,0.0238,0.9501,1.241,1.2596
PG17498_text.txt,92434,28737,28632,0.7607,0.7813,0.95,6,1.125,0.9796,0.0186,0.9991,1.1485,1.126
PG17498_text.txt,92434,28737,28632,0.7607,0.7813,0.95,7,1.1086,0.9774,0.0204,0.9588,1.1343,1.1563
PG17498_text.txt,92434,28737,28632,0.7607,0.7813,0.95,8,1.0867,0.9764,0.0251,0.9376,1.1129,1.1589
PG17498_text.txt,92434,28737,28632,0.7607,0.7813,0.95,9,1.2021,0.9765,0.0233,0.9844,1.231,1.2211
PG17498_text.txt,92434,28737,28632,0.7607,0.7813,0.95,10,1.2267,0.9723,0.0281,1.0165,1.2616,1.2068
PG17498_text.txt,92434,28737,28632,0.7607,0.7813,0.95,11,1.1407,0.9706,0.0239,0.978,1.1752,1.1664
PG17498_text.txt,92434,28737,28632,0.7607,0.7813,0.95,12,1.1054,0.9778,0.0295,1.0066,1.1305,1.0981
PG17498_text.txt,92434,28737,28632,0.7607,0.7813,0.95,13,1.1453,0.9712,0.0241,0.9733,1.1793,1.1767
PG17498_text.txt,92434,28737,28632,0.7607,0.7813,0.95,14,1.1257,0.9661,0.0193,0.9768,1.1652,1.1524
PG17498_text.txt,92434,28737,28632,0.7607,0.7813,0.95,15,1.1956,0.9708,0.0215,0.9632,1.2315,1.2413
PG17498_text.txt,92434,28737,28632,0.7607,0.7813,0.95,16,1.1644,0.9671,0.0281,0.9811,1.204,1.1868
PG17498_text.txt,92434,28737,28632,0.7607,0.7813,0.95,17,1.0851,0.9738,0.0268,0.957,1.1143,1.1338
PG17498_text.txt,92434,28737,28632,0.7607,0.7813,0.95,18,1.102,0.9729,0.0193,0.9377,1.1326,1.1752
PG17498_text.txt,92434,28737,28632,0.7607,0.7813,0.95,19,1.1216,0.9703,0.0261,0.9756,1.1559,1.1497
PG17498_text.txt,92434,28737,28632,0.7607,0.7813,0.95,20,1.1482,0.9736,0.0309,0.9639,1.1792,1.1911
PG17498_text.txt,92434,28737,28632,0.7607,0.7813,0.99,1,1.6912,0.9914,0.0588,1.1261,1.7058,1.5018
PG17498_text.txt,92434,28737,28632,0.7607,0.7813,0.99,2,1.6292,0.9714,0.0704,0.9496,1.6772,1.7157
PG17498_text.txt,92434,28737,28632,0.7607,0.7813,0.99,3,1.2208,0.9676,0.0508,0.8869,1.2616,1.3764
PG17498_text.txt,92434,28737,28632,0.7607,0.7813,0.99,4,1.4934,0.9882,0.0462,1.0313,1.5113,1.4481
PG17498_text.txt,92434,28737,28632,0.7607,0.7813,0.99,5,1.3394,0.9878,0.0583,0.9321,1.3559,1.4369
PG17498_text.txt,92434,28737,28632,0.7607,0.7813,0.99,6,1.2282,1.0158,0.0666,1.0282,1.209,1.1945
PG17498_text.txt,92434,28737,28632,0.7607,0.7813,0.99,7,1.1623,0.9931,0.0633,0.964,1.1703,1.2057
PG17498_text.txt,92434,28737,28632,0.7607,0.7813,0.99,8,1.0902,0.9883,0.0469,0.9611,1.1031,1.1343
PG17498_text.txt,92434,28737,28632,0.7607,0.7813,0.99,9,1.1284,0.9849,0.0473,1.0186,1.1456,1.1078
PG17498_text.txt,92434,28737,28632,0.7607,0.7813,0.99,10,1.2816,1.0129,0.0483,1.0687,1.2653,1.1991
PG17498_text.txt,92434,28737,28632,0.7607,0.7813,0.99,11,1.2962,0.9655,0.0553,1.0242,1.3425,1.2656
PG17498_text.txt,92434,28737,28632,0.7607,0.7813,0.99,12,1.293,0.9745,0.0493,1.0011,1.3268,1.2915
PG17498_text.txt,92434,28737,28632,0.7607,0.7813,0.99,13,1.127,0.9923,0.0464,1.0288,1.1358,1.0955
PG17498_text.txt,92434,28737,28632,0.7607,0.7813,0.99,14,1.4081,1.0064,0.0692,0.8578,1.3991,1.6415
PG17498_text.txt,92434,28737,28632,0.7607,0.7813,0.99,15,1.1809,1.0346,0.0694,0.9601,1.1414,1.23
PG17498_text.txt,92434,28737,28632,0.7607,0.7813,0.99,16,1.2063,0.978,0.0497,1.0376,1.2334,1.1626
PG17498_text.txt,92434,28737,28632,0.7607,0.7813,0.99,17,1.1948,0.975,0.0504,0.9961,1.2255,1.1996
PG17498_text.txt,92434,28737,28632,0.7607,0.7813,0.99,18,1.5868,0.9636,0.0595,0.9552,1.6467,1.6612
PG17498_text.txt,92434,28737,28632,0.7607,0.7813,0.99,19,1.183,0.9717,0.0472,1.0327,1.2175,1.1456
PG17498_text.txt,92434,28737,28632,0.7607,0.7813,0.99,20,1.4056,0.9828,0.0663,0.9226,1.4302,1.5234
PG18056_text.txt,95392,30252,30223,0.6826,0.7003,0.6,1,0.9305,0.7766,0.0077,0.7868,1.1981,1.1826
PG18056_text.txt,95392,30252,30223,0.6826,0.7003,0.6,2,0.9938,0.7716,0.0068,0.7648,1.288,1.2995
PG18056_text.txt,95392,30252,30223,0.6826,0.7003,0.6,3,0.9107,0.7793,0.0064,0.7741,1.1687,1.1765
PG18056_text.txt,95392,30252,30223,0.6826,0.7003,0.6,4,0.9229,0.7731,0.0057,0.7902,1.1937,1.1679
PG18056_text.txt,95392,30252,30223,0.6826,0.7003,0.6,5,0.8504,0.7755,0.0059,0.7781,1.0965,1.0929
PG18056_text.txt,95392,30252,30223,0.6826,0.7003,0.6,6,0.8535,0.7735,0.0058,0.7705,1.1035,1.1077
PG18056_text.txt,95392,30252,30223,0.6826,0.7003,0.6,7,0.8959,0.7747,0.0057,0.7788,1.1565,1.1505
PG18056_text.txt,95392,30252,30223,0.6826,0.7003,0.6,8,0.8952,0.7762,0.0061,0.7741,1.1533,1.1564
PG18056_text.txt,95392,30252,30223,0.6826,0.7003,0.6,9,0.8499,0.7763,0.0072,0.7821,1.0947,1.0867
PG18056_text.txt,95392,30252,30223,0.6826,0.7003,0.6,10,0.8685,0.7726,0.0077,0.7796,1.1241,1.114
PG18056_text.txt,95392,30252,30223,0.6826,0.7003,0.6,11,0.8538,0.7771,0.0071,0.7704,1.0987,1.1083
PG18056_text.txt,95392,30252,30223,0.6826,0.7003,0.6,12,0.8608,0.7753,0.0073,0.7702,1.1103,1.1177
PG18056_text.txt,95392,30252,30223,0.6826,0.7003,0.6,13,0.843,0.7745,0.0077,0.7848,1.0885,1.0741
PG18056_text.txt,95392,30252,30223,0.6826,0.7003,0.6,14,0.8664,0.7772,0.0089,0.7835,1.1147,1.1058
PG18056_text.txt,95392,30252,30223,0.6826,0.7003,0.6,15,0.8432,0.7795,0.0068,0.7767,1.0817,1.0857
PG18056_text.txt,95392,30252,30223,0.6826,0.7003,0.6,16,0.8322,0.7759,0.0064,0.7722,1.0725,1.0777
PG18056_text.txt,95392,30252,30223,0.6826,0.7003,0.6,17,0.8281,0.7765,0.0064,0.7737,1.0665,1.0703
PG18056_text.txt,95392,30252,30223,0.6826,0.7003,0.6,18,0.8412,0.7762,0.0071,0.7751,1.0838,1.0853
PG18056_text.txt,95392,30252,30223,0.6826,0.7003,0.6,19,0.8504,0.7723,0.0078,0.7745,1.1011,1.098
PG18056_text.txt,95392,30252,30223,0.6826,0.7003,0.6,20,0.837,0.7749,0.0078,0.7741,1.0801,1.0811
PG18056_text.txt,95392,30252,30223,0.6826,0.7003,0.7,1,1.0026,0.8368,0.0083,0.8697,1.1981,1.1527
PG18056_text.txt,95392,30252,30223,0.6826,0.7003,0.7,2,1.0772,0.836,0.008,0.833,1.2886,1.2931
PG18056_text.txt,95392,30252,30223,0.6826,0.7003,0.7,3,1.0512,0.8409,0.009,0.8379,1.25,1.2545
PG18056_text.txt,95392,30252,30223,0.6826,0.7003,0.7,4,1.0011,0.8338,0.0064,0.8527,1.2006,1.1741
PG18056_text.txt,95392,30252,30223,0.6826,0.7003,0.7,5,0.9132,0.8359,0.0097,0.8454,1.0924,1.0802
PG18056_text.txt,95392,30252,30223,0.6826,0.7003,0.7,6,0.9349,0.8379,0.007,0.8345,1.1158,1.1204
PG18056_text.txt,95392,30252,30223,0.6826,0.7003,0.7,7,0.9663,0.8386,0.0092,0.8399,1.1522,1.1505
PG18056_text.txt,95392,30252,30223,0.6826,0.7003,0.7,8,0.9699,0.8362,0.0079,0.8381,1.16,1.1574
PG18056_text.txt,95392,30252,30223,0.6826,0.7003,0.7,9,0.9249,0.8409,0.0069,0.8269,1.0999,1.1185
PG18056_text.txt,95392,30252,30223,0.6826,0.7003,0.7,10,0.9458,0.8343,0.0081,0.8366,1.1336,1.1305
PG18056_text.txt,95392,30252,30223,0.6826,0.7003,0.7,11,0.9209,0.8369,0.0089,0.8169,1.1003,1.1273
PG18056_text.txt,95392,30252,30223,0.6826,0.7003,0.7,12,0.9188,0.8352,0.0102,0.8411,1.1001,1.0923
PG18056_text.txt,95392,30252,30223,0.6826,0.7003,0.7,13,0.9183,0.8382,0.0093,0.8444,1.0955,1.0875
PG18056_text.txt,95392,30252,30223,0.6826,0.7003,0.7,14,0.9718,0.8381,0.008,0.8285,1.1596,1.173
PG18056_text.txt,95392,30252,30223,0.6826,0.7003,0.7,15,0.9123,0.8399,0.0077,0.832,1.0863,1.0966
PG18056_text.txt,95392,30252,30223,0.6826,0.7003,0.7,16,0.9033,0.8358,0.0074,0.8268,1.0808,1.0925
PG18056_text.txt,95392,30252,30223,0.6826,0.7003,0.7,17,0.8846,0.8394,0.0096,0.8276,1.0538,1.0689
PG18056_text.txt,95392,30252,30223,0.6826,0.7003,0.7,18,0.8957,0.8365,0.0083,0.8456,1.0708,1.0593
PG18056_text.txt,95392,30252,30223,0.6826,0.7003,0.7,19,0.9254,0.8352,0.0115,0.8592,1.1081,1.0771
PG18056_text.txt,95392,30252,30223,0.6826,0.7003,0.7,20,0.8996,0.8413,0.0098,0.845,1.0693,1.0646
PG18056_text.txt,95392,30252,30223,0.6826,0.7003,0.8,1,1.114,0.8961,0.0108,0.9256,1.2432,1.2036
PG18056_text.txt,95392,30252,30223,0.6826,0.7003,0.8,2,1.1403,0.8985,0.013,0.8854,1.2691,1.2879
PG18056_text.txt,95392,30252,30223,0.6826,0.7003,0.8,3,1.1672,0.9019,0.0116,0.8889,1.2942,1.3131
PG18056_text.txt,95392,30252,30223,0.6826,0.7003,0.8,4,1.0664,0.8913,0.009,0.9079,1.1965,1.1745
PG18056_text.txt,95392,30252,30223,0.6826,0.7003,0.8,5,1.0,0.8928,0.0111,0.8994,1.1201,1.1118
PG18056_text.txt,95392,30252,30223,0.6826,0.7003,0.8,6,1.0181,0.8953,0.0121,0.8807,1.1372,1.156
PG18056_text.txt,95392,30252,30223,0.6826,0.7003,0.8,7,1.053,0.898,0.0101,0.9098,1.1727,1.1575
PG18056_text.txt,95392,30252,30223,0.6826,0.7003,0.8,8,1.0423,0.8929,0.0134,0.8759,1.1673,1.19
PG18056_text.txt,95392,30252,30223,0.6826,0.7003,0.8,9,1.0105,0.8964,0.0089,0.8943,1.1272,1.1299
PG18056_text.txt,95392,30252,30223,0.6826,0.7003,0.8,10,1.0171,0.8919,0.0091,0.8936,1.1403,1.1382
PG18056_text.txt,95392,30252,30223,0.6826,0.7003,0.8,11,0.9881,0.8931,0.0088,0.8882,1.1064,1.1125
PG18056_text.txt,95392,30252,30223,0.6826,0.7003,0.8,12,0.9939,0.892,0.0116,0.9002,1.1142,1.1041
PG18056_text.txt,95392,30252,30223,0.6826,0.7003,0.8,13,0.9939,0.8983,0.0109,0.9042,1.1064,1.0992
PG18056_text.txt,95392,30252,30223,0.6826,0.7003,0.8,14,1.0276,0.8963,0.0107,0.8938,1.1464,1.1497
PG18056_text.txt,95392,30252,30223,0.6826,0.7003,0.8,15,1.0047,0.8963,0.0096,0.8873,1.121,1.1324
PG18056_text.txt,95392,30252,30223,0.6826,0.7003,0.8,16,0.9501,0.8921,0.0123,0.8913,1.065,1.066
PG18056_text.txt,95392,30252,30223,0.6826,0.7003,0.8,17,0.9694,0.8972,0.0137,0.8768,1.0805,1.1056
PG18056_text.txt,95392,30252,30223,0.6826,0.7003,0.8,18,0.9852,0.893,0.009,0.9089,1.1032,1.084
PG18056_text.txt,95392,30252,30223,0.6826,0.7003,0.8,19,1.0009,0.8938,0.0153,0.9135,1.1198,1.0956
PG18056_text.txt,95392,30252,30223,0.6826,0.7003,0.8,20,0.9585,0.8923,0.0092,0.8909,1.0742,1.0759
PG18056_text.txt,95392,30252,30223,0.6826,0.7003,0.9,1,1.2228,0.9473,0.0146,0.9494,1.2908,1.2879
PG18056_text.txt,95392,30252,30223,0.6826,0.7003,0.9,2,1.1358,0.9499,0.0177,0.9491,1.1957,1.1967
PG18056_text.txt,95392,30252,30223,0.6826,0.7003,0.9,3,1.3689,0.9594,0.0203,0.9402,1.4267,1.456
PG18056_text.txt,95392,30252,30223,0.6826,0.7003,0.9,4,1.1216,0.9507,0.0167,0.943,1.1798,1.1895
PG18056_text.txt,95392,30252,30223,0.6826,0.7003,0.9,5,1.1039,0.9471,0.016,0.9772,1.1655,1.1296
PG18056_text.txt,95392,30252,30223,0.6826,0.7003,0.9,6,1.0791,0.9523,0.0176,0.9272,1.1331,1.1638
PG18056_text.txt,95392,30252,30223,0.6826,0.7003,0.9,7,1.1829,0.9503,0.0183,0.9325,1.2448,1.2686
PG18056_text.txt,95392,30252,30223,0.6826,0.7003,0.9,8,1.1497,0.9497,0.0225,0.9511,1.2106,1.2088
PG18056_text.txt,95392,30252,30223,0.6826,0.7003,0.9,9,1.0645,0.9503,0.0137,0.9602,1.1202,1.1086
PG18056_text.txt,95392,30252,30223,0.6826,0.7003,0.9,10,1.0889,0.9537,0.02,0.9349,1.1418,1.1648
PG18056_text.txt,95392,30252,30223,0.6826,0.7003,0.9,11,1.1107,0.9469,0.0167,0.9505,1.173,1.1685
PG18056_text.txt,95392,30252,30223,0.6826,0.7003,0.9,12,1.0913,0.9423,0.0176,0.9257,1.1581,1.1789
PG18056_text.txt,95392,30252,30223,0.6826,0.7003,0.9,13,1.1473,0.9498,0.0196,0.9643,1.208,1.1898
PG18056_text.txt,95392,30252,30223,0.6826,0.7003,0.9,14,1.1136,0.9505,0.0164,0.9349,1.1716,1.1911
PG18056_text.txt,95392,30252,30223,0.6826,0.7003,0.9,15,1.0689,0.9512,0.0179,0.9637,1.1237,1.1091
PG18056_text.txt,95392,30252,30223,0.6826,0.7003,0.9,16,1.0446,0.9457,0.0161,0.9422,1.1047,1.1088
PG18056_text.txt,95392,30252,30223,0.6826,0.7003,0.9,17,1.0754,0.9455,0.0189,0.9496,1.1374,1.1325
PG18056_text.txt,95392,30252,30223,0.6826,0.7003,0.9,18,1.0956,0.9519,0.0166,0.971,1.1509,1.1283
PG18056_text.txt,95392,30252,30223,0.6826,0.7003,0.9,19,1.0626,0.95,0.0207,0.9528,1.1185,1.1152
PG18056_text.txt,95392,30252,30223,0.6826,0.7003,0.9,20,1.0377,0.9456,0.0147,0.9266,1.0974,1.1199
PG18056_text.txt,95392,30252,30223,0.6826,0.7003,0.95,1,1.316,0.9677,0.0274,1.007,1.3599,1.3069
PG18056_text.txt,95392,30252,30223,0.6826,0.7003,0.95,2,1.148,0.9778,0.0203,0.9149,1.174,1.2547
PG18056_text.txt,95392,30252,30223,0.6826,0.7003,0.95,3,1.4212,0.9794,0.0152,0.9814,1.451,1.4481
PG18056_text.txt,95392,30252,30223,0.6826,0.7003,0.95,4,1.1454,0.9663,0.0226,0.9652,1.1854,1.1867
PG18056_text.txt,95392,30252,30223,0.6826,0.7003,0.95,5,1.2139,0.9652,0.0227,0.9874,1.2576,1.2294
PG18056_text.txt,95392,30252,30223,0.6826,0.7003,0.95,6,1.1251,0.9736,0.022,1.0031,1.1556,1.1216
PG18056_text.txt,95392,30252,30223,0.6826,0.7003,0.95,7,1.2273,0.9724,0.0249,0.9544,1.2622,1.2859
PG18056_text.txt,95392,30252,30223,0.6826,0.7003,0.95,8,1.1672,0.9763,0.0188,0.9789,1.1955,1.1923
PG18056_text.txt,95392,30252,30223,0.6826,0.7003,0.95,9,1.1084,0.9704,0.019,0.9654,1.1421,1.1481
PG18056_text.txt,95392,30252,30223,0.6826,0.7003,0.95,10,1.1315,0.9814,0.0244,0.9873,1.1529,1.1461
PG18056_text.txt,95392,30252,30223,0.6826,0.7003,0.95,11,1.1367,0.9711,0.0182,1.0004,1.1705,1.1363
PG18056_text.txt,95392,30252,30223,0.6826,0.7003,0.95,12,1.1956,0.9707,0.0243,0.9262,1.2317,1.2909
PG18056_text.txt,95392,30252,30223,0.6826,0.7003,0.95,13,1.2945,0.9775,0.0346,0.9709,1.3243,1.3333
PG18056_text.txt,95392,30252,30223,0.6826,0.7003,0.95,14,1.1549,0.9716,0.0244,0.9551,1.1887,1.2093
PG18056_text.txt,95392,30252,30223,0.6826,0.7003,0.95,15,1.1995,0.9742,0.0211,0.9772,1.2313,1.2275
PG18056_text.txt,95392,30252,30223,0.6826,0.7003,0.95,16,1.1322,0.9775,0.0209,0.9563,1.1582,1.1838
PG18056_text.txt,95392,30252,30223,0.6826,0.7003,0.95,17,1.1013,0.9751,0.0232,0.9934,1.1294,1.1086
PG18056_text.txt,95392,30252,30223,0.6826,0.7003,0.95,18,1.1752,0.985,0.0241,0.9799,1.1932,1.1994
PG18056_text.txt,95392,30252,30223,0.6826,0.7003,0.95,19,1.1208,0.9727,0.029,0.9576,1.1522,1.1704
PG18056_text.txt,95392,30252,30223,0.6826,0.7003,0.95,20,1.0882,0.9686,0.018,0.9696,1.1235,1.1224
PG18056_text.txt,95392,30252,30223,0.6826,0.7003,0.99,1,1.1936,0.9862,0.0612,0.9346,1.2103,1.2771
PG18056_text.txt,95392,30252,30223,0.6826,0.7003,0.99,2,0.9458,0.9854,0.0595,0.9608,0.9598,0.9844
PG18056_text.txt,95392,30252,30223,0.6826,0.7003,0.99,3,1.2333,0.9841,0.0366,1.1258,1.2532,1.0955
PG18056_text.txt,95392,30252,30223,0.6826,0.7003,0.99,4,1.1743,0.9766,0.0415,0.9621,1.2025,1.2206
PG18056_text.txt,95392,30252,30223,0.6826,0.7003,0.99,5,1.6999,0.9765,0.058,1.0441,1.7407,1.6281
PG18056_text.txt,95392,30252,30223,0.6826,0.7003,0.99,6,1.3447,1.004,0.0579,0.9876,1.3394,1.3616
PG18056_text.txt,95392,30252,30223,0.6826,0.7003,0.99,7,1.2877,0.9991,0.0659,0.8855,1.289,1.4542
PG18056_text.txt,95392,30252,30223,0.6826,0.7003,0.99,8,1.1737,1.0011,0.0447,0.9706,1.1724,1.2092
PG18056_text.txt,95392,30252,30223,0.6826,0.7003,0.99,9,1.1928,0.9851,0.0402,0.9967,1.2108,1.1967
PG18056_text.txt,95392,30252,30223,0.6826,0.7003,0.99,10,1.2078,0.999,0.0456,0.9475,1.209,1.2748
PG18056_text.txt,95392,30252,30223,0.6826,0.7003,0.99,11,1.3198,1.0008,0.0571,1.0916,1.3188,1.2091
PG18056_text.txt,95392,30252,30223,0.6826,0.7003,0.99,12,1.1866,0.9871,0.064,0.9349,1.202,1.2692
PG18056_text.txt,95392,30252,30223,0.6826,0.7003,0.99,13,1.4075,0.9906,0.0485,0.943,1.4209,1.4925
PG18056_text.txt,95392,30252,30223,0.6826,0.7003,0.99,14,1.2348,0.9983,0.0529,0.9803,1.2369,1.2596
PG18056_text.txt,95392,30252,30223,0.6826,0.7003,0.99,15,1.4498,0.9889,0.0912,1.0305,1.466,1.4068
PG18056_text.txt,95392,30252,30223,0.6826,0.7003,0.99,16,1.0521,1.0059,0.0483,1.0325,1.0459,1.019
PG18056_text.txt,95392,30252,30223,0.6826,0.7003,0.99,17,1.2277,0.9726,0.0394,0.9656,1.2622,1.2714
PG18056_text.txt,95392,30252,30223,0.6826,0.7003,0.99,18,1.3049,0.9915,0.0547,0.9798,1.3161,1.3319
PG18056_text.txt,95392,30252,30223,0.6826,0.7003,0.99,19,1.255,0.9937,0.0512,1.049,1.263,1.1963
PG18056_text.txt,95392,30252,30223,0.6826,0.7003,0.99,20,1.1018,0.9841,0.0516,0.9315,1.1197,1.1829
PG1947_text.txt,123148,41074,40257,0.7098,0.735,0.6,1,0.8625,0.7703,0.0065,0.7831,1.1196,1.1013
PG1947_text.txt,123148,41074,40257,0.7098,0.735,0.6,2,0.969,0.7766,0.0056,0.7802,1.2477,1.2421
PG1947_text.txt,123148,41074,40257,0.7098,0.735,0.6,3,0.9357,0.7744,0.0048,0.7748,1.2084,1.2078
PG1947_text.txt,123148,41074,40257,0.7098,0.735,0.6,4,0.9486,0.7735,0.0071,0.776,1.2263,1.2224
PG1947_text.txt,123148,41074,40257,0.7098,0.735,0.6,5,0.8689,0.7738,0.0044,0.7656,1.1229,1.1349
PG1947_text.txt,123148,41074,40257,0.7098,0.735,0.6,6,0.8722,0.7773,0.0046,0.7776,1.1221,1.1218
PG1947_text.txt,123148,41074,40257,0.7098,0.735,0.6,7,0.8604,0.7751,0.0061,0.7762,1.1102,1.1086
PG1947_text.txt,123148,41074,40257,0.7098,0.735,0.6,8,0.8517,0.7757,0.0073,0.7814,1.098,1.0899
PG1947_text.txt,123148,41074,40257,0.7098,0.735,0.6,9,0.8522,0.7742,0.0048,0.7678,1.1008,1.11
PG1947_text.txt,123148,41074,40257,0.7098,0.735,0.6,10,0.8617,0.776,0.0067,0.7766,1.1104,1.1096
PG1947_text.txt,123148,41074,40257,0.7098,0.735,0.6,11,0.8583,0.7767,0.0049,0.7723,1.105,1.1114
PG1947_text.txt,123148,41074,40257,0.7098,0.735,0.6,12,0.8359,0.7741,0.0061,0.7636,1.0798,1.0946
PG1947_text.txt,123148,41074,40257,0.7098,0.735,0.6,13,0.8261,0.7742,0.0052,0.77,1.0671,1.073
PG1947_text.txt,123148,41074,40257,0.7098,0.735,0.6,14,0.8615,0.7742,0.0051,0.779,1.1128,1.1059
PG1947_text.txt,123148,41074,40257,0.7098,0.735,0.6,15,0.8205,0.7761,0.0053,0.782,1.0571,1.0492
PG1947_text.txt,123148,41074,40257,0.7098,0.735,0.6,16,0.8225,0.7746,0.0056,0.7686,1.0618,1.0702
PG1947_text.txt,123148,41074,40257,0.7098,0.735,0.6,17,0.8263,0.7743,0.0063,0.7716,1.0672,1.0709
PG1947_text.txt,123148,41074,40257,0.7098,0.735,0.6,18,0.8351,0.7729,0.0046,0.7606,1.0805,1.098
PG1947_text.txt,123148,41074,40257,0.7098,0.735,0.6,19,0.811,0.7748,0.0059,0.7704,1.0467,1.0527
PG1947_text.txt,123148,41074,40257,0.7098,0.735,0.6,20,0.8305,0.7748,0.0073,0.7661,1.0718,1.084
PG1947_text.txt,123148,41074,40257,0.7098,0.735,0.7,1,0.959,0.8344,0.0071,0.8466,1.1493,1.1327
PG1947_text.txt,123148,41074,40257,0.7098,0.735,0.7,2,1.0491,0.8379,0.0063,0.8489,1.2521,1.2358
PG1947_text.txt,123148,41074,40257,0.7098,0.735,0.7,3,1.0157,0.8372,0.0066,0.8353,1.2131,1.2159
PG1947_text.txt,123148,41074,40257,0.7098,0.735,0.7,4,1.0714,0.8367,0.01,0.848,1.2805,1.2634
PG1947_text.txt,123148,41074,40257,0.7098,0.735,0.7,5,0.9512,0.8364,0.006,0.8404,1.1373,1.1319
PG1947_text.txt,123148,41074,40257,0.7098,0.735,0.7,6,0.9339,0.8388,0.0035,0.8292,1.1134,1.1263
PG1947_text.txt,123148,41074,40257,0.7098,0.735,0.7,7,0.9341,0.8363,0.0086,0.8305,1.1169,1.1247
PG1947_text.txt,123148,41074,40257,0.7098,0.735,0.7,8,0.9219,0.838,0.0093,0.8368,1.1001,1.1018
PG1947_text.txt,123148,41074,40257,0.7098,0.735,0.7,9,0.9259,0.8382,0.0056,0.819,1.1046,1.1306
PG1947_text.txt,123148,41074,40257,0.7098,0.735,0.7,10,0.9548,0.8396,0.0073,0.8429,1.1372,1.1328
PG1947_text.txt,123148,41074,40257,0.7098,0.735,0.7,11,0.9382,0.8376,0.0069,0.8389,1.12,1.1183
PG1947_text.txt,123148,41074,40257,0.7098,0.735,0.7,12,0.8972,0.8372,0.0081,0.8232,1.0717,1.09
PG1947_text.txt,123148,41074,40257,0.7098,0.735,0.7,13,0.915,0.8364,0.0059,0.837,1.094,1.0932
PG1947_text.txt,123148,41074,40257,0.7098,0.735,0.7,14,0.9345,0.8339,0.0064,0.8401,1.1207,1.1124
PG1947_text.txt,123148,41074,40257,0.7098,0.735,0.7,15,0.8889,0.8375,0.0055,0.845,1.0615,1.052
PG1947_text.txt,123148,41074,40257,0.7098,0.735,0.7,16,0.9063,0.8345,0.0062,0.8287,1.0861,1.0936
PG1947_text.txt,123148,41074,40257,0.7098,0.735,0.7,17,0.9023,0.8368,0.0064,0.8431,1.0782,1.0702
PG1947_text.txt,123148,41074,40257,0.7098,0.735,0.7,18,0.9147,0.8357,0.0077,0.8235,1.0945,1.1107
PG1947_text.txt,123148,41074,40257,0.7098,0.735,0.7,19,0.8936,0.8362,0.0072,0.8352,1.0687,1.07
PG1947_text.txt,123148,41074,40257,0.7098,0.735,0.7,20,0.9005,0.8364,0.0071,0.8295,1.0766,1.0856
PG1947_text.txt,123148,41074,40257,0.7098,0.735,0.8,1,1.037,0.8929,0.0108,0.9005,1.1613,1.1516
PG1947_text.txt,123148,41074,40257,0.7098,0.735,0.8,2,1.1397,0.895,0.0081,0.9172,1.2735,1.2425
PG1947_text.txt,123148,41074,40257,0.7098,0.735,0.8,3,1.1151,0.8952,0.0116,0.8907,1.2457,1.2519
PG1947_text.txt,123148,41074,40257,0.7098,0.735,0.8,4,1.1983,0.8941,0.0104,0.9068,1.3402,1.3215
PG1947_text.txt,123148,41074,40257,0.7098,0.735,0.8,5,1.0208,0.8928,0.0097,0.8883,1.1434,1.1492
PG1947_text.txt,123148,41074,40257,0.7098,0.735,0.8,6,1.0217,0.8924,0.0092,0.9013,1.1448,1.1336
PG1947_text.txt,123148,41074,40257,0.7098,0.735,0.8,7,1.0089,0.8995,0.0095,0.8993,1.1216,1.1219
PG1947_text.txt,123148,41074,40257,0.7098,0.735,0.8,8,1.0047,0.8923,0.0109,0.8992,1.126,1.1174
PG1947_text.txt,123148,41074,40257,0.7098,0.735,0.8,9,0.9869,0.8941,0.0077,0.8929,1.1037,1.1053
PG1947_text.txt,123148,41074,40257,0.7098,0.735,0.8,10,1.0275,0.8982,0.0105,0.9119,1.1439,1.1268
PG1947_text.txt,123148,41074,40257,0.7098,0.735,0.8,11,0.9999,0.894,0.0081,0.9009,1.1185,1.11
PG1947_text.txt,123148,41074,40257,0.7098,0.735,0.8,12,0.9738,0.8953,0.0088,0.8804,1.0876,1.106
PG1947_text.txt,123148,41074,40257,0.7098,0.735,0.8,13,0.9877,0.8938,0.0093,0.9002,1.1051,1.0972
PG1947_text.txt,123148,41074,40257,0.7098,0.735,0.8,14,0.9821,0.8931,0.0076,0.8906,1.0997,1.1027
PG1947_text.txt,123148,41074,40257,0.7098,0.735,0.8,15,0.9658,0.8963,0.0065,0.9021,1.0776,1.0706
PG1947_text.txt,123148,41074,40257,0.7098,0.735,0.8,16,0.979,0.8957,0.0092,0.8876,1.093,1.103
PG1947_text.txt,123148,41074,40257,0.7098,0.735,0.8,17,0.9745,0.8908,0.0083,0.8893,1.094,1.0959
PG1947_text.txt,123148,41074,40257,0.7098,0.735,0.8,18,0.9957,0.8921,0.0106,0.8948,1.1162,1.1128
PG1947_text.txt,123148,41074,40257,0.7098,0.735,0.8,19,0.9539,0.8941,0.01,0.8919,1.0669,1.0695
PG1947_text.txt,123148,41074,40257,0.7098,0.735,0.8,20,0.9693,0.8915,0.01,0.8889,1.0873,1.0905
PG1947_text.txt,123148,41074,40257,0.7098,0.735,0.9,1,1.0798,0.9456,0.0132,0.9516,1.1419,1.1347
PG1947_text.txt,123148,41074,40257,0.7098,0.735,0.9,2,1.2676,0.9456,0.0142,0.9926,1.3405,1.277
PG1947_text.txt,123148,41074,40257,0.7098,0.735,0.9,3,1.174,0.949,0.0151,0.9658,1.2371,1.2156
PG1947_text.txt,123148,41074,40257,0.7098,0.735,0.9,4,1.3045,0.9439,0.0114,0.937,1.3821,1.3921
PG1947_text.txt,123148,41074,40257,0.7098,0.735,0.9,5,1.1336,0.9511,0.0125,0.9523,1.1918,1.1903
PG1947_text.txt,123148,41074,40257,0.7098,0.735,0.9,6,1.1508,0.9453,0.0181,0.9532,1.2174,1.2073
PG1947_text.txt,123148,41074,40257,0.7098,0.735,0.9,7,1.0687,0.9534,0.015,0.9549,1.1209,1.1192
PG1947_text.txt,123148,41074,40257,0.7098,0.735,0.9,8,1.0919,0.9469,0.0107,0.9471,1.1531,1.1529
PG1947_text.txt,123148,41074,40257,0.7098,0.735,0.9,9,1.1236,0.9508,0.0168,0.9137,1.1816,1.2297
PG1947_text.txt,123148,41074,40257,0.7098,0.735,0.9,10,1.0851,0.9441,0.0119,0.9637,1.1493,1.1259
PG1947_text.txt,123148,41074,40257,0.7098,0.735,0.9,11,1.062,0.9426,0.0159,0.9341,1.1266,1.1369
PG1947_text.txt,123148,41074,40257,0.7098,0.735,0.9,12,1.0583,0.948,0.0165,0.9402,1.1164,1.1256
PG1947_text.txt,123148,41074,40257,0.7098,0.735,0.9,13,1.0424,0.9479,0.0152,0.9258,1.0997,1.1259
PG1947_text.txt,123148,41074,40257,0.7098,0.735,0.9,14,1.0402,0.9471,0.0141,0.9537,1.0983,1.0907
PG1947_text.txt,123148,41074,40257,0.7098,0.735,0.9,15,0.9988,0.9454,0.0118,0.9298,1.0566,1.0742
PG1947_text.txt,123148,41074,40257,0.7098,0.735,0.9,16,1.0886,0.9439,0.0144,0.9726,1.1533,1.1192
PG1947_text.txt,123148,41074,40257,0.7098,0.735,0.9,17,0.9994,0.9453,0.0148,0.9461,1.0573,1.0563
PG1947_text.txt,123148,41074,40257,0.7098,0.735,0.9,18,1.1014,0.9444,0.0138,0.9567,1.1662,1.1512
PG1947_text.txt,123148,41074,40257,0.7098,0.735,0.9,19,1.0065,0.9543,0.0105,0.9723,1.0548,1.0353
PG1947_text.txt,123148,41074,40257,0.7098,0.735,0.9,20,1.0565,0.9369,0.0144,0.9753,1.1276,1.0832
PG1947_text.txt,123148,41074,40257,0.7098,0.735,0.95,1,1.1223,0.9729,0.0234,1.0115,1.1535,1.1095
PG1947_text.txt,123148,41074,40257,0.7098,0.735,0.95,2,1.1913,0.9813,0.0272,1.0015,1.2139,1.1895
PG1947_text.txt,123148,41074,40257,0.7098,0.735,0.95,3,1.2214,0.9794,0.027,0.9723,1.2472,1.2562
PG1947_text.txt,123148,41074,40257,0.7098,0.735,0.95,4,1.2833,0.9694,0.0174,0.9563,1.3238,1.342
PG1947_text.txt,123148,41074,40257,0.7098,0.735,0.95,5,1.1422,0.9719,0.0164,1.0231,1.1753,1.1164
PG1947_text.txt,123148,41074,40257,0.7098,0.735,0.95,6,1.215,0.9811,0.0243,0.9565,1.2384,1.2702
PG1947_text.txt,123148,41074,40257,0.7098,0.735,0.95,7,1.161,0.9845,0.0172,0.9613,1.1793,1.2077
PG1947_text.txt,123148,41074,40257,0.7098,0.735,0.95,8,1.1334,0.9762,0.0231,0.9717,1.161,1.1663
PG1947_text.txt,123148,41074,40257,0.7098,0.735,0.95,9,1.2158,0.9767,0.0276,0.9505,1.2448,1.2792
PG1947_text.txt,123148,41074,40257,0.7098,0.735,0.95,10,1.2136,0.9821,0.0234,0.9951,1.2357,1.2196
PG1947_text.txt,123148,41074,40257,0.7098,0.735,0.95,11,1.0998,0.9678,0.0229,0.9832,1.1364,1.1186
PG1947_text.txt,123148,41074,40257,0.7098,0.735,0.95,12,1.0866,0.976,0.0234,0.9585,1.1134,1.1336
PG1947_text.txt,123148,41074,40257,0.7098,0.735,0.95,13,1.0853,0.9686,0.0203,0.9503,1.1205,1.1421
PG1947_text.txt,123148,41074,40257,0.7098,0.735,0.95,14,1.0614,0.9751,0.0251,0.9724,1.0884,1.0915
PG1947_text.txt,123148,41074,40257,0.7098,0.735,0.95,15,1.1115,0.9689,0.0272,0.9881,1.1472,1.1249
PG1947_text.txt,123148,41074,40257,0.7098,0.735,0.95,16,1.1258,0.9698,0.0243,0.9646,1.1608,1.1671
PG1947_text.txt,123148,41074,40257,0.7098,0.735,0.95,17,1.1125,0.9742,0.02,0.9982,1.1419,1.1144
PG1947_text.txt,123148,41074,40257,0.7098,0.735,0.95,18,1.1348,0.972,0.0206,0.9601,1.1675,1.182
PG1947_text.txt,123148,41074,40257,0.7098,0.735,0.95,19,1.0413,0.9677,0.0226,0.9662,1.0761,1.0777
PG1947_text.txt,123148,41074,40257,0.7098,0.735,0.95,20,1.1466,0.9672,0.02,0.975,1.1855,1.1761
PG1947_text.txt,123148,41074,40257,0.7098,0.735,0.99,1,1.5688,0.9953,0.0476,1.1221,1.5762,1.3981
PG1947_text.txt,123148,41074,40257,0.7098,0.735,0.99,2,1.4808,0.9957,0.0483,1.0149,1.4872,1.459
PG1947_text.txt,123148,41074,40257,0.7098,0.735,0.99,3,1.2573,0.9828,0.069,1.0038,1.2793,1.2525
PG1947_text.txt,123148,41074,40257,0.7098,0.735,0.99,4,1.3083,0.9874,0.0587,0.9642,1.325,1.3569
PG1947_text.txt,123148,41074,40257,0.7098,0.735,0.99,5,1.2744,0.9768,0.0398,1.0826,1.3047,1.1772
PG1947_text.txt,123148,41074,40257,0.7098,0.735,0.99,6,1.8244,0.9912,0.0492,1.0024,1.8406,1.82
PG1947_text.txt,123148,41074,40257,0.7098,0.735,0.99,7,1.6708,0.9876,0.0491,1.0893,1.6917,1.5338
PG1947_text.txt,123148,41074,40257,0.7098,0.735,0.99,8,1.2912,0.9983,0.0637,0.9486,1.2934,1.3611
PG1947_text.txt,123148,41074,40257,0.7098,0.735,0.99,9,1.3201,0.9924,0.0365,0.96,1.3302,1.3752
PG1947_text.txt,123148,41074,40257,0.7098,0.735,0.99,10,1.4635,0.974,0.0461,1.0019,1.5025,1.4607
PG1947_text.txt,123148,41074,40257,0.7098,0.735,0.99,11,1.1825,0.991,0.0573,1.0116,1.1933,1.1689
PG1947_text.txt,123148,41074,40257,0.7098,0.735,0.99,12,1.159,0.9834,0.0408,1.0374,1.1786,1.1172
PG1947_text.txt,123148,41074,40257,0.7098,0.735,0.99,13,1.3119,0.9893,0.0507,0.9445,1.3261,1.389
PG1947_text.txt,123148,41074,40257,0.7098,0.735,0.99,14,1.1336,0.9978,0.0433,1.0598,1.1361,1.0697
PG1947_text.txt,123148,41074,40257,0.7098,0.735,0.99,15,1.1388,0.9866,0.0599,1.0309,1.1543,1.1047
PG1947_text.txt,123148,41074,40257,0.7098,0.735,0.99,16,1.5059,1.0096,0.061,1.0186,1.4916,1.4784
PG1947_text.txt,123148,41074,40257,0.7098,0.735,0.99,17,1.2167,0.9906,0.0445,1.1495,1.2282,1.0584
PG1947_text.txt,123148,41074,40257,0.7098,0.735,0.99,18,1.2811,0.9944,0.0391,0.9851,1.2884,1.3005
PG1947_text.txt,123148,41074,40257,0.7098,0.735,0.99,19,0.9817,1.0029,0.0441,1.0488,0.9788,0.9361
PG1947_text.txt,123148,41074,40257,0.7098,0.735,0.99,20,1.2824,0.9816,0.0431,0.9781,1.3065,1.3111
PG2166_text.txt,81332,27901,27320,0.7271,0.735,0.6,1,0.8715,0.7753,0.0062,0.7829,1.1241,1.1132
PG2166_text.txt,81332,27901,27320,0.7271,0.735,0.6,2,1.0056,0.7763,0.0068,0.7771,1.2954,1.2941
PG2166_text.txt,81332,27901,27320,0.7271,0.735,0.6,3,0.9318,0.7757,0.0083,0.7801,1.2012,1.1945
PG2166_text.txt,81332,27901,27320,0.7271,0.735,0.6,4,0.8845,0.7748,0.0079,0.7711,1.1416,1.1471
PG2166_text.txt,81332,27901,27320,0.7271,0.735,0.6,5,0.8643,0.7747,0.0081,0.7688,1.1156,1.1241
PG2166_text.txt,81332,27901,27320,0.7271,0.735,0.6,6,0.8787,0.775,0.0067,0.7691,1.1338,1.1425
PG2166_text.txt,81332,27901,27320,0.7271,0.735,0.6,7,0.8485,0.776,0.0085,0.7789,1.0934,1.0894
PG2166_text.txt,81332,27901,27320,0.7271,0.735,0.6,8,0.906,0.779,0.0074,0.7832,1.1632,1.1568
PG2166_text.txt,81332,27901,27320,0.7271,0.735,0.6,9,0.8458,0.7728,0.006,0.7715,1.0945,1.0963
PG2166_text.txt,81332,27901,27320,0.7271,0.735,0.6,10,0.8619,0.7751,0.0089,0.772,1.1119,1.1164
PG2166_text.txt,81332,27901,27320,0.7271,0.735,0.6,11,0.8388,0.7782,0.0069,0.7667,1.0779,1.0941
PG2166_text.txt,81332,27901,27320,0.7271,0.735,0.6,12,0.8635,0.7733,0.0067,0.7686,1.1167,1.1235
PG2166_text.txt,81332,27901,27320,0.7271,0.735,0.6,13,0.8644,0.7748,0.0072,0.7643,1.1156,1.1309
PG2166_text.txt,81332,27901,27320,0.7271,0.735,0.6,14,0.8389,0.7761,0.0067,0.7687,1.0809,1.0913
PG2166_text.txt,81332,27901,27320,0.7271,0.735,0.6,15,0.8428,0.7723,0.009,0.7807,1.0913,1.0796
PG2166_text.txt,81332,27901,27320,0.7271,0.735,0.6,16,0.8588,0.7764,0.0059,0.7729,1.1061,1.1111
PG2166_text.txt,81332,27901,27320,0.7271,0.735,0.6,17,0.8609,0.7744,0.0076,0.7791,1.1116,1.1049
PG2166_text.txt,81332,27901,27320,0.7271,0.735,0.6,18,0.8075,0.7761,0.0078,0.7757,1.0405,1.0411
PG2166_text.txt,81332,27901,27320,0.7271,0.735,0.6,19,0.8278,0.7756,0.0061,0.7704,1.0673,1.0745
PG2166_text.txt,81332,27901,27320,0.7271,0.735,0.6,20,0.8408,0.7773,0.0067,0.7831,1.0817,1.0736
PG2166_text.txt,81332,27901,27320,0.7271,0.735,0.7,1,0.9338,0.8373,0.0067,0.8351,1.1153,1.1182
PG2166_text.txt,81332,27901,27320,0.7271,0.735,0.7,2,1.0952,0.8365,0.0093,0.8336,1.3093,1.3139
PG2166_text.txt,81332,27901,27320,0.7271,0.735,0.7,3,1.0275,0.8397,0.0091,0.8409,1.2237,1.222
PG2166_text.txt,81332,27901,27320,0.7271,0.735,0.7,4,0.9616,0.839,0.0115,0.8315,1.1461,1.1565
PG2166_text.txt,81332,27901,27320,0.7271,0.735,0.7,5,0.9334,0.8361,0.0102,0.8298,1.1163,1.1248
PG2166_text.txt,81332,27901,27320,0.7271,0.735,0.7,6,0.9507,0.8377,0.0074,0.8491,1.1349,1.1197
PG2166_text.txt,81332,27901,27320,0.7271,0.735,0.7,7,0.9272,0.8375,0.008,0.8463,1.1071,1.0955
PG2166_text.txt,81332,27901,27320,0.7271,0.735,0.7,8,0.9909,0.8409,0.0088,0.8384,1.1783,1.1818
PG2166_text.txt,81332,27901,27320,0.7271,0.735,0.7,9,0.9271,0.8295,0.0111,0.8556,1.1177,1.0836
PG2166_text.txt,81332,27901,27320,0.7271,0.735,0.7,10,0.9215,0.8369,0.0133,0.8185,1.1011,1.1259
PG2166_text.txt,81332,27901,27320,0.7271,0.735,0.7,11,0.9046,0.8401,0.0074,0.8368,1.0768,1.0811
PG2166_text.txt,81332,27901,27320,0.7271,0.735,0.7,12,0.9218,0.8385,0.0117,0.8168,1.0994,1.1285
PG2166_text.txt,81332,27901,27320,0.7271,0.735,0.7,13,0.9326,0.8369,0.0092,0.8432,1.1144,1.106
PG2166_text.txt,81332,27901,27320,0.7271,0.735,0.7,14,0.9261,0.8335,0.01,0.8234,1.1112,1.1247
PG2166_text.txt,81332,27901,27320,0.7271,0.735,0.7,15,0.9229,0.8352,0.0087,0.847,1.105,1.0896
PG2166_text.txt,81332,27901,27320,0.7271,0.735,0.7,16,0.9493,0.835,0.0051,0.8253,1.1368,1.1503
PG2166_text.txt,81332,27901,27320,0.7271,0.735,0.7,17,0.9291,0.837,0.0096,0.8396,1.11,1.1066
PG2166_text.txt,81332,27901,27320,0.7271,0.735,0.7,18,0.8978,0.8379,0.0096,0.8307,1.0715,1.0808
PG2166_text.txt,81332,27901,27320,0.7271,0.735,0.7,19,0.9052,0.8364,0.007,0.8271,1.0823,1.0944
PG2166_text.txt,81332,27901,27320,0.7271,0.735,0.7,20,0.9188,0.839,0.0077,0.8294,1.0952,1.1078
PG2166_text.txt,81332,27901,27320,0.7271,0.735,0.8,1,1.0131,0.8957,0.0148,0.9119,1.131,1.1109
PG2166_text.txt,81332,27901,27320,0.7271,0.735,0.8,2,1.1843,0.8977,0.0095,0.8942,1.3192,1.3244
PG2166_text.txt,81332,27901,27320,0.7271,0.735,0.8,3,1.1153,0.8949,0.0129,0.9107,1.2464,1.2246
PG2166_text.txt,81332,27901,27320,0.7271,0.735,0.8,4,1.0212,0.8963,0.0104,0.8878,1.1394,1.1503
PG2166_text.txt,81332,27901,27320,0.7271,0.735,0.8,5,1.0051,0.8911,0.01,0.8692,1.128,1.1564
PG2166_text.txt,81332,27901,27320,0.7271,0.735,0.8,6,1.0541,0.8918,0.0103,0.9136,1.1819,1.1537
PG2166_text.txt,81332,27901,27320,0.7271,0.735,0.8,7,1.0026,0.8952,0.0105,0.892,1.12,1.124
PG2166_text.txt,81332,27901,27320,0.7271,0.735,0.8,8,1.0537,0.8993,0.0097,0.887,1.1717,1.188
PG2166_text.txt,81332,27901,27320,0.7271,0.735,0.8,9,1.029,0.8903,0.0132,0.9005,1.1559,1.1428
PG2166_text.txt,81332,27901,27320,0.7271,0.735,0.8,10,1.0297,0.8927,0.0123,0.8801,1.1535,1.17
PG2166_text.txt,81332,27901,27320,0.7271,0.735,0.8,11,1.0221,0.8977,0.0084,0.9065,1.1385,1.1275
PG2166_text.txt,81332,27901,27320,0.7271,0.735,0.8,12,1.0323,0.8946,0.0096,0.8637,1.154,1.1952
PG2166_text.txt,81332,27901,27320,0.7271,0.735,0.8,13,0.9899,0.8948,0.012,0.9114,1.1062,1.0861
PG2166_text.txt,81332,27901,27320,0.7271,0.735,0.8,14,1.0198,0.8902,0.0124,0.9031,1.1456,1.1292
PG2166_text.txt,81332,27901,27320,0.7271,0.735,0.8,15,1.0067,0.8947,0.0146,0.8898,1.1252,1.1314
PG2166_text.txt,81332,27901,27320,0.7271,0.735,0.8,16,1.0011,0.8915,0.0113,0.9012,1.1228,1.1107
PG2166_text.txt,81332,27901,27320,0.7271,0.735,0.8,17,0.9955,0.8985,0.0144,0.9111,1.1079,1.0926
PG2166_text.txt,81332,27901,27320,0.7271,0.735,0.8,18,0.9709,0.8962,0.011,0.9081,1.0833,1.0692
PG2166_text.txt,81332,27901,27320,0.7271,0.735,0.8,19,0.9496,0.8978,0.0097,0.8803,1.0577,1.0787
PG2166_text.txt,81332,27901,27320,0.7271,0.735,0.8,20,1.0001,0.8896,0.0121,0.8921,1.1241,1.121
PG2166_text.txt,81332,27901,27320,0.7271,0.735,0.9,1,1.104,0.9523,0.0154,0.9795,1.1593,1.1271
PG2166_text.txt,81332,27901,27320,0.7271,0.735,0.9,2,1.1831,0.9552,0.0154,0.9462,1.2386,1.2504
PG2166_text.txt,81332,27901,27320,0.7271,0.735,0.9,3,1.2815,0.9551,0.0178,0.9652,1.3418,1.3277
PG2166_text.txt,81332,27901,27320,0.7271,0.735,0.9,4,1.1647,0.9478,0.0172,0.9381,1.2288,1.2416
PG2166_text.txt,81332,27901,27320,0.7271,0.735,0.9,5,1.1118,0.9455,0.0141,0.9464,1.1759,1.1748
PG2166_text.txt,81332,27901,27320,0.7271,0.735,0.9,6,1.2595,0.9527,0.0267,0.9687,1.3221,1.3002
PG2166_text.txt,81332,27901,27320,0.7271,0.735,0.9,7,1.1195,0.9485,0.0203,0.9656,1.1802,1.1594
PG2166_text.txt,81332,27901,27320,0.7271,0.735,0.9,8,1.0484,0.9619,0.0176,0.9422,1.0899,1.1127
PG2166_text.txt,81332,27901,27320,0.7271,0.735,0.9,9,1.1754,0.9487,0.0163,0.9771,1.239,1.203
PG2166_text.txt,81332,27901,27320,0.7271,0.735,0.9,10,1.137,0.9439,0.0194,0.9744,1.2046,1.1669
PG2166_text.txt,81332,27901,27320,0.7271,0.735,0.9,11,1.1335,0.9477,0.0127,0.9177,1.196,1.2351
PG2166_text.txt,81332,27901,27320,0.7271,0.735,0.9,12,1.1406,0.9505,0.0177,0.9778,1.2,1.1665
PG2166_text.txt,81332,27901,27320,0.7271,0.735,0.9,13,1.0673,0.9515,0.0199,0.935,1.1217,1.1415
PG2166_text.txt,81332,27901,27320,0.7271,0.735,0.9,14,1.0782,0.9421,0.0148,0.9638,1.1445,1.1188
PG2166_text.txt,81332,27901,27320,0.7271,0.735,0.9,15,1.1057,0.9483,0.0192,0.9617,1.166,1.1498
PG2166_text.txt,81332,27901,27320,0.7271,0.735,0.9,16,1.0875,0.9526,0.0166,0.9357,1.1416,1.1623
PG2166_text.txt,81332,27901,27320,0.7271,0.735,0.9,17,1.0853,0.9499,0.0152,0.9849,1.1425,1.1019
PG2166_text.txt,81332,27901,27320,0.7271,0.735,0.9,18,1.0192,0.9521,0.0146,0.9579,1.0704,1.0639
PG2166_text.txt,81332,27901,27320,0.7271,0.735,0.9,19,1.0361,0.9518,0.015,0.9453,1.0886,1.096
PG2166_text.txt,81332,27901,27320,0.7271,0.735,0.9,20,1.0878,0.9464,0.019,0.9694,1.1494,1.1221
PG2166_text.txt,81332,27901,27320,0.7271,0.735,0.95,1,1.1926,0.9657,0.0213,1.0046,1.2351,1.1872
PG2166_text.txt,81332,27901,27320,0.7271,0.735,0.95,2,1.2367,0.9671,0.0318,0.9804,1.2788,1.2614
PG2166_text.txt,81332,27901,27320,0.7271,0.735,0.95,3,1.3254,0.9804,0.0209,0.9678,1.3518,1.3694
PG2166_text.txt,81332,27901,27320,0.7271,0.735,0.95,4,1.1797,0.9781,0.0232,0.979,1.2061,1.205
PG2166_text.txt,81332,27901,27320,0.7271,0.735,0.95,5,1.2886,0.9747,0.0197,0.9494,1.3221,1.3573
PG2166_text.txt,81332,27901,27320,0.7271,0.735,0.95,6,1.4376,0.9713,0.0291,1.0073,1.4801,1.4271
PG2166_text.txt,81332,27901,27320,0.7271,0.735,0.95,7,1.2742,0.9687,0.0281,0.9334,1.3154,1.3651
PG2166_text.txt,81332,27901,27320,0.7271,0.735,0.95,8,1.1176,0.9888,0.0299,0.9634,1.1302,1.16
PG2166_text.txt,81332,27901,27320,0.7271,0.735,0.95,9,1.2641,0.9687,0.0242,0.9555,1.305,1.323
PG2166_text.txt,81332,27901,27320,0.7271,0.735,0.95,10,1.1751,0.9824,0.0215,0.9498,1.1962,1.2372
PG2166_text.txt,81332,27901,27320,0.7271,0.735,0.95,11,1.1477,0.9804,0.0206,0.926,1.1707,1.2394
PG2166_text.txt,81332,27901,27320,0.7271,0.735,0.95,12,1.1804,0.9682,0.0142,0.9901,1.2191,1.1922
PG2166_text.txt,81332,27901,27320,0.7271,0.735,0.95,13,1.0939,0.9777,0.0195,0.9613,1.1189,1.1379
PG2166_text.txt,81332,27901,27320,0.7271,0.735,0.95,14,1.0884,0.9662,0.0249,0.9699,1.1264,1.1221
PG2166_text.txt,81332,27901,27320,0.7271,0.735,0.95,15,1.1643,0.9722,0.0301,0.9752,1.1976,1.1939
PG2166_text.txt,81332,27901,27320,0.7271,0.735,0.95,16,1.1925,0.9713,0.035,0.9782,1.2278,1.2191
PG2166_text.txt,81332,27901,27320,0.7271,0.735,0.95,17,1.2135,0.9787,0.0281,0.9558,1.2399,1.2696
PG2166_text.txt,81332,27901,27320,0.7271,0.735,0.95,18,1.0447,0.9709,0.0315,0.988,1.076,1.0574
PG2166_text.txt,81332,27901,27320,0.7271,0.735,0.95,19,1.0929,0.9726,0.0238,0.9815,1.1236,1.1135
PG2166_text.txt,81332,27901,27320,0.7271,0.735,0.95,20,1.1846,0.9651,0.0196,0.9835,1.2275,1.2044
PG2166_text.txt,81332,27901,27320,0.7271,0.735,0.99,1,1.2273,0.9864,0.0463,0.9351,1.2442,1.3125
PG2166_text.txt,81332,27901,27320,0.7271,0.735,0.99,2,1.3039,0.9952,0.0726,0.9571,1.3103,1.3624
PG2166_text.txt,81332,27901,27320,0.7271,0.735,0.99,3,1.471,0.9958,0.0623,1.0147,1.4771,1.4497
PG2166_text.txt,81332,27901,27320,0.7271,0.735,0.99,4,1.1268,0.9544,0.0645,1.0027,1.1806,1.1238
PG2166_text.txt,81332,27901,27320,0.7271,0.735,0.99,5,1.2395,1.0196,0.0367,0.919,1.2156,1.3487
PG2166_text.txt,81332,27901,27320,0.7271,0.735,0.99,6,1.204,0.9873,0.045,1.0344,1.2196,1.164
PG2166_text.txt,81332,27901,27320,0.7271,0.735,0.99,7,1.4548,0.9981,0.0573,1.1384,1.4575,1.278
PG2166_text.txt,81332,27901,27320,0.7271,0.735,0.99,8,1.0409,1.0197,0.0708,0.9788,1.0209,1.0635
PG2166_text.txt,81332,27901,27320,0.7271,0.735,0.99,9,1.3694,0.9885,0.0581,0.9162,1.3854,1.4947
PG2166_text.txt,81332,27901,27320,0.7271,0.735,0.99,10,1.3527,1.0039,0.06,0.9879,1.3474,1.3692
PG2166_text.txt,81332,27901,27320,0.7271,0.735,0.99,11,1.3939,0.9911,0.0456,0.9405,1.4064,1.4821
PG2166_text.txt,81332,27901,27320,0.7271,0.735,0.99,12,2.0102,0.9742,0.0524,1.0692,2.0634,1.8802
PG2166_text.txt,81332,27901,27320,0.7271,0.735,0.99,13,1.1812,1.0084,0.0599,0.9636,1.1713,1.2258
PG2166_text.txt,81332,27901,27320,0.7271,0.735,0.99,14,1.243,1.0039,0.0531,0.946,1.2382,1.314
PG2166_text.txt,81332,27901,27320,0.7271,0.735,0.99,15,1.4797,0.9765,0.0804,0.9762,1.5152,1.5157
PG2166_text.txt,81332,27901,27320,0.7271,0.735,0.99,16,1.2075,0.9715,0.0519,0.9416,1.2429,1.2824
PG2166_text.txt,81332,27901,27320,0.7271,0.735,0.99,17,1.4398,0.9846,0.0568,0.9531,1.4624,1.5106
PG2166_text.txt,81332,27901,27320,0.7271,0.735,0.99,18,1.225,0.9921,0.0496,1.0441,1.2348,1.1732
PG2166_text.txt,81332,27901,27320,0.7271,0.735,0.99,19,1.4886,1.0125,0.0727,0.9793,1.4703,1.5201
PG2166_text.txt,81332,27901,27320,0.7271,0.735,0.99,20,1.2798,0.9773,0.0456,0.9741,1.3095,1.3139
PG23784_text.txt,260096,106107,105510,0.7439,0.7813,0.6,1,0.8619,0.7742,0.004,0.7882,1.1133,1.0936
PG23784_text.txt,260096,106107,105510,0.7439,0.7813,0.6,2,1.028,0.7749,0.004,0.7734,1.3266,1.3291
PG23784_text.txt,260096,106107,105510,0.7439,0.7813,0.6,3,0.9358,0.7737,0.0035,0.786,1.2095,1.1907
PG23784_text.txt,260096,106107,105510,0.7439,0.7813,0.6,4,0.9911,0.7756,0.004,0.7762,1.2778,1.2768
PG23784_text.txt,260096,106107,105510,0.7439,0.7813,0.6,5,0.8756,0.7744,0.0037,0.7765,1.1306,1.1276
PG23784_text.txt,260096,106107,105510,0.7439,0.7813,0.6,6,0.884,0.7743,0.0034,0.7764,1.1417,1.1385
PG23784_text.txt,260096,106107,105510,0.7439,0.7813,0.6,7,0.8534,0.7763,0.0039,0.7719,1.0994,1.1057
PG23784_text.txt,260096,106107,105510,0.7439,0.7813,0.6,8,0.8708,0.7744,0.0038,0.777,1.1245,1.1208
PG23784_text.txt,260096,106107,105510,0.7439,0.7813,0.6,9,0.8653,0.7744,0.0039,0.774,1.1174,1.1181
PG23784_text.txt,260096,106107,105510,0.7439,0.7813,0.6,10,0.8443,0.774,0.0042,0.7691,1.0908,1.0978
PG23784_text.txt,260096,106107,105510,0.7439,0.7813,0.6,11,0.8435,0.7757,0.0036,0.7771,1.0874,1.0855
PG23784_text.txt,260096,106107,105510,0.7439,0.7813,0.6,12,0.841,0.7751,0.0033,0.7736,1.085,1.0872
PG23784_text.txt,260096,106107,105510,0.7439,0.7813,0.6,13,0.8448,0.7746,0.0042,0.7721,1.0906,1.0941
PG23784_text.txt,260096,106107,105510,0.7439,0.7813,0.6,14,0.8245,0.7745,0.0028,0.773,1.0645,1.0666
PG23784_text.txt,260096,106107,105510,0.7439,0.7813,0.6,15,0.8451,0.7737,0.0042,0.7725,1.0923,1.094
PG23784_text.txt,260096,106107,105510,0.7439,0.7813,0.6,16,0.8333,0.7746,0.0031,0.7784,1.0757,1.0705
PG23784_text.txt,260096,106107,105510,0.7439,0.7813,0.6,17,0.8388,0.7752,0.0026,0.7743,1.082,1.0834
PG23784_text.txt,260096,106107,105510,0.7439,0.7813,0.6,18,0.8287,0.775,0.0048,0.7721,1.0693,1.0733
PG23784_text.txt,260096,106107,105510,0.7439,0.7813,0.6,19,0.8311,0.7768,0.0039,0.7763,1.0699,1.0706
PG23784_text.txt,260096,106107,105510,0.7439,0.7813,0.6,20,0.821,0.7739,0.0049,0.7769,1.0607,1.0567
PG23784_text.txt,260096,106107,105510,0.7439,0.7813,0.7,1,0.9425,0.8363,0.0037,0.8597,1.127,1.0962
PG23784_text.txt,260096,106107,105510,0.7439,0.7813,0.7,2,1.1504,0.8354,0.0038,0.8358,1.377,1.3764
PG23784_text.txt,260096,106107,105510,0.7439,0.7813,0.7,3,1.0443,0.8362,0.0036,0.8536,1.2488,1.2233
PG23784_text.txt,260096,106107,105510,0.7439,0.7813,0.7,4,1.1259,0.8361,0.0039,0.8395,1.3467,1.3412
PG23784_text.txt,260096,106107,105510,0.7439,0.7813,0.7,5,0.958,0.8369,0.0051,0.8323,1.1446,1.151
PG23784_text.txt,260096,106107,105510,0.7439,0.7813,0.7,6,0.967,0.8363,0.0049,0.8349,1.1562,1.1582
PG23784_text.txt,260096,106107,105510,0.7439,0.7813,0.7,7,0.9432,0.8386,0.0057,0.8361,1.1247,1.1281
PG23784_text.txt,260096,106107,105510,0.7439,0.7813,0.7,8,0.9643,0.8358,0.0054,0.8409,1.1537,1.1467
PG23784_text.txt,260096,106107,105510,0.7439,0.7813,0.7,9,0.9475,0.8373,0.0034,0.8372,1.1315,1.1317
PG23784_text.txt,260096,106107,105510,0.7439,0.7813,0.7,10,0.9163,0.8358,0.0049,0.8376,1.0963,1.094
PG23784_text.txt,260096,106107,105510,0.7439,0.7813,0.7,11,0.9142,0.8373,0.0038,0.8326,1.0919,1.098
PG23784_text.txt,260096,106107,105510,0.7439,0.7813,0.7,12,0.9195,0.8359,0.0048,0.8333,1.1001,1.1035
PG23784_text.txt,260096,106107,105510,0.7439,0.7813,0.7,13,0.9225,0.8374,0.0058,0.839,1.1016,1.0995
PG23784_text.txt,260096,106107,105510,0.7439,0.7813,0.7,14,0.9087,0.8381,0.005,0.8395,1.0842,1.0824
PG23784_text.txt,260096,106107,105510,0.7439,0.7813,0.7,15,0.8963,0.8363,0.0052,0.8363,1.0717,1.0717
PG23784_text.txt,260096,106107,105510,0.7439,0.7813,0.7,16,0.913,0.8388,0.0055,0.8456,1.0885,1.0796
PG23784_text.txt,260096,106107,105510,0.7439,0.7813,0.7,17,0.9001,0.8366,0.0047,0.8339,1.0759,1.0795
PG23784_text.txt,260096,106107,105510,0.7439,0.7813,0.7,18,0.902,0.8366,0.0049,0.8326,1.0782,1.0833
PG23784_text.txt,260096,106107,105510,0.7439,0.7813,0.7,19,0.9101,0.8355,0.005,0.8365,1.0893,1.0879
PG23784_text.txt,260096,106107,105510,0.7439,0.7813,0.7,20,0.8878,0.8373,0.0052,0.8428,1.0604,1.0534
PG23784_text.txt,260096,106107,105510,0.7439,0.7813,0.8,1,0.9863,0.8934,0.0051,0.9148,1.104,1.0782
PG23784_text.txt,260096,106107,105510,0.7439,0.7813,0.8,2,1.222,0.8935,0.005,0.8954,1.3677,1.3647
PG23784_text.txt,260096,106107,105510,0.7439,0.7813,0.8,3,1.1263,0.8945,0.0063,0.9117,1.2591,1.2353
PG23784_text.txt,260096,106107,105510,0.7439,0.7813,0.8,4,1.2648,0.8958,0.006,0.901,1.4119,1.4037
PG23784_text.txt,260096,106107,105510,0.7439,0.7813,0.8,5,1.0144,0.8952,0.0045,0.8997,1.1332,1.1276
PG23784_text.txt,260096,106107,105510,0.7439,0.7813,0.8,6,1.0369,0.8928,0.0065,0.8981,1.1613,1.1545
PG23784_text.txt,260096,106107,105510,0.7439,0.7813,0.8,7,1.0211,0.8951,0.0076,0.9033,1.1409,1.1305
PG23784_text.txt,260096,106107,105510,0.7439,0.7813,0.8,8,1.0353,0.8931,0.0044,0.8999,1.1593,1.1505
PG23784_text.txt,260096,106107,105510,0.7439,0.7813,0.8,9,1.0151,0.8938,0.0048,0.8958,1.1356,1.1331
PG23784_text.txt,260096,106107,105510,0.7439,0.7813,0.8,10,0.9954,0.8923,0.0054,0.9089,1.1156,1.0953
PG23784_text.txt,260096,106107,105510,0.7439,0.7813,0.8,11,0.9713,0.8944,0.0069,0.898,1.086,1.0816
PG23784_text.txt,260096,106107,105510,0.7439,0.7813,0.8,12,0.9722,0.8951,0.0069,0.8828,1.0862,1.1014
PG23784_text.txt,260096,106107,105510,0.7439,0.7813,0.8,13,0.9932,0.8942,0.0053,0.9043,1.1107,1.0983
PG23784_text.txt,260096,106107,105510,0.7439,0.7813,0.8,14,0.983,0.8964,0.0046,0.8923,1.0966,1.1017
PG23784_text.txt,260096,106107,105510,0.7439,0.7813,0.8,15,0.9557,0.8947,0.0067,0.8838,1.0681,1.0814
PG23784_text.txt,260096,106107,105510,0.7439,0.7813,0.8,16,0.9759,0.8968,0.0051,0.891,1.0882,1.0953
PG23784_text.txt,260096,106107,105510,0.7439,0.7813,0.8,17,0.9639,0.8948,0.0039,0.8916,1.0773,1.0811
PG23784_text.txt,260096,106107,105510,0.7439,0.7813,0.8,18,0.9835,0.8964,0.0066,0.8927,1.0972,1.1017
PG23784_text.txt,260096,106107,105510,0.7439,0.7813,0.8,19,0.979,0.8955,0.0056,0.8939,1.0933,1.0953
PG23784_text.txt,260096,106107,105510,0.7439,0.7813,0.8,20,0.9526,0.8961,0.0069,0.8942,1.063,1.0654
PG23784_text.txt,260096,106107,105510,0.7439,0.7813,0.9,1,1.0221,0.9464,0.0095,0.9745,1.0801,1.0489
PG23784_text.txt,260096,106107,105510,0.7439,0.7813,0.9,2,1.2614,0.9478,0.0096,0.943,1.3308,1.3377
PG23784_text.txt,260096,106107,105510,0.7439,0.7813,0.9,3,1.2491,0.9488,0.011,0.9546,1.3166,1.3085
PG23784_text.txt,260096,106107,105510,0.7439,0.7813,0.9,4,1.4605,0.946,0.0106,0.9555,1.544,1.5286
PG23784_text.txt,260096,106107,105510,0.7439,0.7813,0.9,5,1.0633,0.9521,0.0072,0.9659,1.1168,1.1009
PG23784_text.txt,260096,106107,105510,0.7439,0.7813,0.9,6,1.105,0.9478,0.0089,0.9682,1.1658,1.1413
PG23784_text.txt,260096,106107,105510,0.7439,0.7813,0.9,7,1.1274,0.9486,0.0072,0.9812,1.1885,1.149
PG23784_text.txt,260096,106107,105510,0.7439,0.7813,0.9,8,1.0986,0.9455,0.0078,0.9637,1.1619,1.14
PG23784_text.txt,260096,106107,105510,0.7439,0.7813,0.9,9,1.0754,0.9484,0.007,0.9392,1.1338,1.1449
PG23784_text.txt,260096,106107,105510,0.7439,0.7813,0.9,10,1.0802,0.9463,0.0074,0.9588,1.1415,1.1267
PG23784_text.txt,260096,106107,105510,0.7439,0.7813,0.9,11,1.0539,0.9491,0.0075,0.9421,1.1104,1.1187
PG23784_text.txt,260096,106107,105510,0.7439,0.7813,0.9,12,1.0117,0.951,0.0076,0.9476,1.0638,1.0675
PG23784_text.txt,260096,106107,105510,0.7439,0.7813,0.9,13,1.0477,0.9446,0.0093,0.9634,1.1091,1.0875
PG23784_text.txt,260096,106107,105510,0.7439,0.7813,0.9,14,1.0884,0.9474,0.0103,0.9404,1.1488,1.1574
PG23784_text.txt,260096,106107,105510,0.7439,0.7813,0.9,15,1.0426,0.9495,0.0097,0.9385,1.0981,1.1109
PG23784_text.txt,260096,106107,105510,0.7439,0.7813,0.9,16,1.0461,0.9511,0.0095,0.9519,1.0999,1.099
PG23784_text.txt,260096,106107,105510,0.7439,0.7813,0.9,17,1.0239,0.9473,0.0101,0.958,1.0809,1.0688
PG23784_text.txt,260096,106107,105510,0.7439,0.7813,0.9,18,1.0591,0.9484,0.0086,0.9516,1.1166,1.113
PG23784_text.txt,260096,106107,105510,0.7439,0.7813,0.9,19,1.064,0.9484,0.0086,0.9513,1.1219,1.1185
PG23784_text.txt,260096,106107,105510,0.7439,0.7813,0.9,20,1.0342,0.9466,0.0063,0.9461,1.0926,1.0932
PG23784_text.txt,260096,106107,105510,0.7439,0.7813,0.95,1,1.0107,0.9703,0.0105,0.9655,1.0416,1.0468
PG23784_text.txt,260096,106107,105510,0.7439,0.7813,0.95,2,1.265,0.9704,0.0186,0.9717,1.3036,1.3019
PG23784_text.txt,260096,106107,105510,0.7439,0.7813,0.95,3,1.4088,0.9807,0.0103,0.982,1.4365,1.4346
PG23784_text.txt,260096,106107,105510,0.7439,0.7813,0.95,4,1.4688,0.9709,0.0098,0.9948,1.5129,1.4765
PG23784_text.txt,260096,106107,105510,0.7439,0.7813,0.95,5,1.0824,0.9767,0.01,0.9821,1.1083,1.1021
PG23784_text.txt,260096,106107,105510,0.7439,0.7813,0.95,6,1.1064,0.9754,0.0138,0.9832,1.1344,1.1253
PG23784_text.txt,260096,106107,105510,0.7439,0.7813,0.95,7,1.2025,0.9768,0.0155,0.9872,1.2311,1.2181
PG23784_text.txt,260096,106107,105510,0.7439,0.7813,0.95,8,1.1568,0.976,0.0131,0.9618,1.1852,1.2027
PG23784_text.txt,260096,106107,105510,0.7439,0.7813,0.95,9,1.1003,0.9714,0.0151,0.9642,1.1327,1.1412
PG23784_text.txt,260096,106107,105510,0.7439,0.7813,0.95,10,1.1666,0.9705,0.0126,0.9666,1.2022,1.2069
PG23784_text.txt,260096,106107,105510,0.7439,0.7813,0.95,11,1.1091,0.969,0.0158,0.9654,1.1446,1.1488
PG23784_text.txt,260096,106107,105510,0.7439,0.7813,0.95,12,1.0466,0.9732,0.013,0.9859,1.0754,1.0615
PG23784_text.txt,260096,106107,105510,0.7439,0.7813,0.95,13,1.0595,0.9718,0.0106,0.9597,1.0902,1.104
PG23784_text.txt,260096,106107,105510,0.7439,0.7813,0.95,14,1.1386,0.9727,0.0146,0.9395,1.1706,1.2119
PG23784_text.txt,260096,106107,105510,0.7439,0.7813,0.95,15,1.062,0.9718,0.0108,0.9767,1.0928,1.0873
PG23784_text.txt,260096,106107,105510,0.7439,0.7813,0.95,16,1.0805,0.9758,0.0151,0.9696,1.1072,1.1143
PG23784_text.txt,260096,106107,105510,0.7439,0.7813,0.95,17,1.0628,0.9701,0.012,0.9739,1.0956,1.0913
PG23784_text.txt,260096,106107,105510,0.7439,0.7813,0.95,18,1.0937,0.9731,0.0108,0.9743,1.1239,1.1226
PG23784_text.txt,260096,106107,105510,0.7439,0.7813,0.95,19,1.1019,0.9734,0.0127,0.9782,1.132,1.1265
PG23784_text.txt,260096,106107,105510,0.7439,0.7813,0.95,20,1.0274,0.9727,0.0111,0.9709,1.0563,1.0582
PG23784_text.txt,260096,106107,105510,0.7439,0.7813,0.99,1,1.4016,0.9926,0.0224,0.971,1.412,1.4434
PG23784_text.txt,260096,106107,105510,0.7439,0.7813,0.99,2,1.2382,0.9897,0.0225,1.0105,1.2511,1.2254
PG23784_text.txt,260096,106107,105510,0.7439,0.7813,0.99,3,1.3446,0.9936,0.0301,0.9494,1.3533,1.4163
PG23784_text.txt,260096,106107,105510,0.7439,0.7813,0.99,4,1.3333,1.0064,0.0261,0.9378,1.3248,1.4217
PG23784_text.txt,260096,106107,105510,0.7439,0.7813,0.99,5,1.0471,0.9867,0.0255,1.0344,1.0613,1.0123
PG23784_text.txt,260096,106107,105510,0.7439,0.7813,0.99,6,1.0996,0.9986,0.0326,1.0278,1.1011,1.0699
PG23784_text.txt,260096,106107,105510,0.7439,0.7813,0.99,7,1.2979,1.0036,0.0291,1.0051,1.2932,1.2914
PG23784_text.txt,260096,106107,105510,0.7439,0.7813,0.99,8,1.2017,0.9974,0.0269,0.9844,1.2048,1.2207
PG23784_text.txt,260096,106107,105510,0.7439,0.7813,0.99,9,1.1969,0.9886,0.0227,0.973,1.2108,1.2302
PG23784_text.txt,260096,106107,105510,0.7439,0.7813,0.99,10,1.2001,0.996,0.0379,1.0475,1.2048,1.1457
PG23784_text.txt,260096,106107,105510,0.7439,0.7813,0.99,11,1.1057,0.994,0.0327,1.014,1.1124,1.0905
PG23784_text.txt,260096,106107,105510,0.7439,0.7813,0.99,12,1.096,1.0,0.0271,0.9747,1.0961,1.1244
PG23784_text.txt,260096,106107,105510,0.7439,0.7813,0.99,13,1.1172,1.0049,0.0374,0.9985,1.1118,1.1189
PG23784_text.txt,260096,106107,105510,0.7439,0.7813,0.99,14,1.0935,0.9849,0.0273,0.998,1.1103,1.0957
PG23784_text.txt,260096,106107,105510,0.7439,0.7813,0.99,15,1.2069,1.0008,0.0309,0.9607,1.2059,1.2563
PG23784_text.txt,260096,106107,105510,0.7439,0.7813,0.99,16,1.0492,0.988,0.0257,0.9917,1.062,1.058
PG23784_text.txt,260096,106107,105510,0.7439,0.7813,0.99,17,1.2223,0.9937,0.0323,0.9314,1.2301,1.3123
PG23784_text.txt,260096,106107,105510,0.7439,0.7813,0.99,18,1.1642,0.9993,0.0268,0.99,1.1649,1.176
PG23784_text.txt,260096,106107,105510,0.7439,0.7813,0.99,19,1.1503,0.9834,0.0251,1.0224,1.1697,1.125
PG23784_text.txt,260096,106107,105510,0.7439,0.7813,0.99,20,1.0647,0.9949,0.0297,0.9432,1.0701,1.1288
PG28948_text.txt,184705,65326,65017,0.6904,0.735,0.6,1,0.9137,0.7754,0.0049,0.791,1.1784,1.1552
PG28948_text.txt,184705,65326,65017,0.6904,0.735,0.6,2,1.0433,0.7738,0.0056,0.7716,1.3482,1.3521
PG28948_text.txt,184705,65326,65017,0.6904,0.735,0.6,3,0.9113,0.7737,0.005,0.7737,1.1778,1.1778
PG28948_text.txt,184705,65326,65017,0.6904,0.735,0.6,4,1.001,0.774,0.0057,0.7737,1.2934,1.2939
PG28948_text.txt,184705,65326,65017,0.6904,0.735,0.6,5,0.8868,0.7737,0.0045,0.7741,1.1462,1.1457
PG28948_text.txt,184705,65326,65017,0.6904,0.735,0.6,6,0.9037,0.7718,0.0039,0.7726,1.1709,1.1697
PG28948_text.txt,184705,65326,65017,0.6904,0.735,0.6,7,0.8661,0.7746,0.004,0.7727,1.1182,1.1209
PG28948_text.txt,184705,65326,65017,0.6904,0.735,0.6,8,0.8846,0.775,0.0058,0.7698,1.1415,1.1492
PG28948_text.txt,184705,65326,65017,0.6904,0.735,0.6,9,0.898,0.774,0.0054,0.7733,1.1602,1.1612
PG28948_text.txt,184705,65326,65017,0.6904,0.735,0.6,10,0.8841,0.775,0.0039,0.7786,1.1408,1.1355
PG28948_text.txt,184705,65326,65017,0.6904,0.735,0.6,11,0.8382,0.7748,0.0045,0.7776,1.0819,1.0779
PG28948_text.txt,184705,65326,65017,0.6904,0.735,0.6,12,0.8603,0.7749,0.0038,0.7661,1.1102,1.123
PG28948_text.txt,184705,65326,65017,0.6904,0.735,0.6,13,0.8618,0.7747,0.0055,0.7722,1.1125,1.1161
PG28948_text.txt,184705,65326,65017,0.6904,0.735,0.6,14,0.8375,0.7746,0.0042,0.7763,1.0812,1.0789
PG28948_text.txt,184705,65326,65017,0.6904,0.735,0.6,15,0.8578,0.7749,0.005,0.7727,1.1069,1.1101
PG28948_text.txt,184705,65326,65017,0.6904,0.735,0.6,16,0.8487,0.7758,0.0052,0.7812,1.0939,1.0863
PG28948_text.txt,184705,65326,65017,0.6904,0.735,0.6,17,0.8307,0.7756,0.004,0.7712,1.071,1.0771
PG28948_text.txt,184705,65326,65017,0.6904,0.735,0.6,18,0.8442,0.7748,0.0048,0.775,1.0895,1.0892
PG28948_text.txt,184705,65326,65017,0.6904,0.735,0.6,19,0.8449,0.7754,0.0049,0.7772,1.0897,1.0871
PG28948_text.txt,184705,65326,65017,0.6904,0.735,0.6,20,0.8376,0.7738,0.005,0.7744,1.0824,1.0816
PG28948_text.txt,184705,65326,65017,0.6904,0.735,0.7,1,0.9944,0.8368,0.0062,0.8549,1.1883,1.1632
PG28948_text.txt,184705,65326,65017,0.6904,0.735,0.7,2,1.1462,0.8367,0.0065,0.8381,1.37,1.3677
PG28948_text.txt,184705,65326,65017,0.6904,0.735,0.7,3,1.0091,0.8364,0.0056,0.8368,1.2065,1.2059
PG28948_text.txt,184705,65326,65017,0.6904,0.735,0.7,4,1.0882,0.8351,0.0047,0.8355,1.303,1.3024
PG28948_text.txt,184705,65326,65017,0.6904,0.735,0.7,5,0.9629,0.8358,0.0062,0.8386,1.1521,1.1482
PG28948_text.txt,184705,65326,65017,0.6904,0.735,0.7,6,0.9915,0.8369,0.0042,0.8263,1.1847,1.1999
PG28948_text.txt,184705,65326,65017,0.6904,0.735,0.7,7,0.9467,0.8386,0.0052,0.8261,1.1289,1.1461
PG28948_text.txt,184705,65326,65017,0.6904,0.735,0.7,8,0.9641,0.8397,0.0061,0.8306,1.1481,1.1607
PG28948_text.txt,184705,65326,65017,0.6904,0.735,0.7,9,0.9661,0.8361,0.008,0.8433,1.1555,1.1456
PG28948_text.txt,184705,65326,65017,0.6904,0.735,0.7,10,0.9876,0.8364,0.0059,0.8422,1.1807,1.1726
PG28948_text.txt,184705,65326,65017,0.6904,0.735,0.7,11,0.8948,0.8375,0.0038,0.8396,1.0685,1.0658
PG28948_text.txt,184705,65326,65017,0.6904,0.735,0.7,12,0.9357,0.8369,0.0064,0.8288,1.118,1.129
PG28948_text.txt,184705,65326,65017,0.6904,0.735,0.7,13,0.9663,0.838,0.0055,0.8279,1.1531,1.1672
PG28948_text.txt,184705,65326,65017,0.6904,0.735,0.7,14,0.9194,0.8369,0.005,0.8419,1.0986,1.092
PG28948_text.txt,184705,65326,65017,0.6904,0.735,0.7,15,0.9367,0.8389,0.0066,0.8345,1.1166,1.1225
PG28948_text.txt,184705,65326,65017,0.6904,0.735,0.7,16,0.9189,0.8356,0.0053,0.8471,1.0997,1.0849
PG28948_text.txt,184705,65326,65017,0.6904,0.735,0.7,17,0.9182,0.8363,0.0066,0.8273,1.0979,1.1098
PG28948_text.txt,184705,65326,65017,0.6904,0.735,0.7,18,0.917,0.8375,0.0056,0.8312,1.0949,1.1031
PG28948_text.txt,184705,65326,65017,0.6904,0.735,0.7,19,0.922,0.837,0.006,0.8362,1.1015,1.1026
PG28948_text.txt,184705,65326,65017,0.6904,0.735,0.7,20,0.9246,0.8349,0.0053,0.8484,1.1074,1.0898
PG28948_text.txt,184705,65326,65017,0.6904,0.735,0.8,1,1.0571,0.8932,0.0073,0.898,1.1834,1.1771
PG28948_text.txt,184705,65326,65017,0.6904,0.735,0.8,2,1.218,0.8928,0.008,0.8908,1.3643,1.3674
PG28948_text.txt,184705,65326,65017,0.6904,0.735,0.8,3,1.1414,0.8932,0.0063,0.899,1.2779,1.2696
PG28948_text.txt,184705,65326,65017,0.6904,0.735,0.8,4,1.2295,0.8944,0.0078,0.8966,1.3747,1.3713
PG28948_text.txt,184705,65326,65017,0.6904,0.735,0.8,5,1.0492,0.8922,0.0074,0.8929,1.176,1.1751
PG28948_text.txt,184705,65326,65017,0.6904,0.735,0.8,6,1.0879,0.8919,0.0067,0.881,1.2198,1.2349
PG28948_text.txt,184705,65326,65017,0.6904,0.735,0.8,7,1.0373,0.8961,0.0075,0.8966,1.1576,1.157
PG28948_text.txt,184705,65326,65017,0.6904,0.735,0.8,8,1.0448,0.8959,0.0082,0.8842,1.1662,1.1816
PG28948_text.txt,184705,65326,65017,0.6904,0.735,0.8,9,1.0843,0.8964,0.0056,0.8997,1.2096,1.2051
PG28948_text.txt,184705,65326,65017,0.6904,0.735,0.8,10,1.1271,0.8984,0.0105,0.9017,1.2546,1.25
PG28948_text.txt,184705,65326,65017,0.6904,0.735,0.8,11,0.9705,0.8944,0.0046,0.8969,1.0851,1.0822
PG28948_text.txt,184705,65326,65017,0.6904,0.735,0.8,12,1.0346,0.8957,0.0092,0.9093,1.155,1.1378
PG28948_text.txt,184705,65326,65017,0.6904,0.735,0.8,13,1.0671,0.8942,0.007,0.8781,1.1933,1.2152
PG28948_text.txt,184705,65326,65017,0.6904,0.735,0.8,14,0.9854,0.8957,0.0078,0.903,1.1001,1.0912
PG28948_text.txt,184705,65326,65017,0.6904,0.735,0.8,15,1.0101,0.8973,0.0081,0.8897,1.1257,1.1353
PG28948_text.txt,184705,65326,65017,0.6904,0.735,0.8,16,1.0001,0.893,0.0078,0.9055,1.12,1.1045
PG28948_text.txt,184705,65326,65017,0.6904,0.735,0.8,17,0.9761,0.8952,0.009,0.8979,1.0904,1.0872
PG28948_text.txt,184705,65326,65017,0.6904,0.735,0.8,18,1.0105,0.8974,0.0085,0.8936,1.1261,1.1308
PG28948_text.txt,184705,65326,65017,0.6904,0.735,0.8,19,1.0137,0.8941,0.0073,0.8809,1.1338,1.1507
PG28948_text.txt,184705,65326,65017,0.6904,0.735,0.8,20,1.0218,0.8935,0.0098,0.8996,1.1436,1.1358
PG28948_text.txt,184705,65326,65017,0.6904,0.735,0.9,1,1.1527,0.9478,0.008,0.9462,1.2161,1.2182
PG28948_text.txt,184705,65326,65017,0.6904,0.735,0.9,2,1.2874,0.9474,0.0144,0.9513,1.3588,1.3533
PG28948_text.txt,184705,65326,65017,0.6904,0.735,0.9,3,1.5214,0.9529,0.0127,0.9459,1.5966,1.6084
PG28948_text.txt,184705,65326,65017,0.6904,0.735,0.9,4,1.4218,0.9509,0.0097,0.9761,1.4952,1.4567
PG28948_text.txt,184705,65326,65017,0.6904,0.735,0.9,5,1.1508,0.9464,0.0113,0.9696,1.216,1.1869
PG28948_text.txt,184705,65326,65017,0.6904,0.735,0.9,6,1.2496,0.9476,0.0122,0.9534,1.3188,1.3108
PG28948_text.txt,184705,65326,65017,0.6904,0.735,0.9,7,1.1612,0.9473,0.0126,0.9266,1.2257,1.2532
PG28948_text.txt,184705,65326,65017,0.6904,0.735,0.9,8,1.1323,0.9474,0.0087,0.9418,1.1952,1.2022
PG28948_text.txt,184705,65326,65017,0.6904,0.735,0.9,9,1.1712,0.949,0.0133,0.9538,1.2341,1.228
PG28948_text.txt,184705,65326,65017,0.6904,0.735,0.9,10,1.2533,0.95,0.0092,0.9373,1.3193,1.3371
PG28948_text.txt,184705,65326,65017,0.6904,0.735,0.9,11,1.0704,0.943,0.0113,0.9514,1.1351,1.1251
PG28948_text.txt,184705,65326,65017,0.6904,0.735,0.9,12,1.1222,0.9473,0.013,0.9521,1.1846,1.1787
PG28948_text.txt,184705,65326,65017,0.6904,0.735,0.9,13,1.1577,0.9518,0.0132,0.9345,1.2164,1.2388
PG28948_text.txt,184705,65326,65017,0.6904,0.735,0.9,14,1.074,0.9475,0.0096,0.9468,1.1335,1.1344
PG28948_text.txt,184705,65326,65017,0.6904,0.735,0.9,15,1.114,0.9491,0.0105,0.9499,1.1738,1.1728
PG28948_text.txt,184705,65326,65017,0.6904,0.735,0.9,16,1.0911,0.949,0.0125,0.9509,1.1498,1.1475
PG28948_text.txt,184705,65326,65017,0.6904,0.735,0.9,17,1.0504,0.9466,0.01,0.9588,1.1097,1.0956
PG28948_text.txt,184705,65326,65017,0.6904,0.735,0.9,18,1.0735,0.9495,0.0092,0.9533,1.1306,1.1261
PG28948_text.txt,184705,65326,65017,0.6904,0.735,0.9,19,1.0915,0.9488,0.0128,0.9284,1.1504,1.1757
PG28948_text.txt,184705,65326,65017,0.6904,0.735,0.9,20,1.1373,0.9484,0.0137,0.9312,1.1992,1.2213
PG28948_text.txt,184705,65326,65017,0.6904,0.735,0.95,1,1.2636,0.9775,0.0172,0.9733,1.2927,1.2982
PG28948_text.txt,184705,65326,65017,0.6904,0.735,0.95,2,1.2923,0.9823,0.0161,0.9533,1.3155,1.3556
PG28948_text.txt,184705,65326,65017,0.6904,0.735,0.95,3,1.5234,0.9714,0.0158,1.007,1.5683,1.5129
PG28948_text.txt,184705,65326,65017,0.6904,0.735,0.95,4,1.441,0.9746,0.0154,0.9569,1.4785,1.506
PG28948_text.txt,184705,65326,65017,0.6904,0.735,0.95,5,1.2252,0.9749,0.0132,0.99,1.2566,1.2376
PG28948_text.txt,184705,65326,65017,0.6904,0.735,0.95,6,1.4063,0.9698,0.0124,0.9976,1.4501,1.4096
PG28948_text.txt,184705,65326,65017,0.6904,0.735,0.95,7,1.2753,0.9768,0.0176,0.9551,1.3056,1.3352
PG28948_text.txt,184705,65326,65017,0.6904,0.735,0.95,8,1.1738,0.969,0.0158,0.9506,1.2113,1.2347
PG28948_text.txt,184705,65326,65017,0.6904,0.735,0.95,9,1.2116,0.9754,0.0164,0.9407,1.2421,1.2879
PG28948_text.txt,184705,65326,65017,0.6904,0.735,0.95,10,1.3514,0.9766,0.0159,0.967,1.3838,1.3976
PG28948_text.txt,184705,65326,65017,0.6904,0.735,0.95,11,1.1013,0.9848,0.0216,0.9545,1.1182,1.1538
PG28948_text.txt,184705,65326,65017,0.6904,0.735,0.95,12,1.263,0.9704,0.013,0.9967,1.3014,1.2671
PG28948_text.txt,184705,65326,65017,0.6904,0.735,0.95,13,1.243,0.976,0.0179,0.9839,1.2736,1.2634
PG28948_text.txt,184705,65326,65017,0.6904,0.735,0.95,14,1.1608,0.9752,0.0143,0.9643,1.1903,1.2038
PG28948_text.txt,184705,65326,65017,0.6904,0.735,0.95,15,1.209,0.9692,0.0134,0.987,1.2474,1.2249
PG28948_text.txt,184705,65326,65017,0.6904,0.735,0.95,16,1.1393,0.9701,0.0174,0.955,1.1744,1.193
PG28948_text.txt,184705,65326,65017,0.6904,0.735,0.95,17,1.106,0.9771,0.0149,0.9742,1.1319,1.1353
PG28948_text.txt,184705,65326,65017,0.6904,0.735,0.95,18,1.1566,0.9722,0.0153,0.9729,1.1897,1.1888
PG28948_text.txt,184705,65326,65017,0.6904,0.735,0.95,19,1.1402,0.9759,0.0119,0.9662,1.1683,1.18
PG28948_text.txt,184705,65326,65017,0.6904,0.735,0.95,20,1.2347,0.9819,0.0207,0.9556,1.2574,1.292
PG28948_text.txt,184705,65326,65017,0.6904,0.735,0.99,1,1.3664,0.9877,0.0362,1.0005,1.3834,1.3658
PG28948_text.txt,184705,65326,65017,0.6904,0.735,0.99,2,1.3911,0.9834,0.0276,0.9869,1.4146,1.4096
PG28948_text.txt,184705,65326,65017,0.6904,0.735,0.99,3,2.2116,0.9932,0.0304,1.0877,2.2267,2.0332
PG28948_text.txt,184705,65326,65017,0.6904,0.735,0.99,4,1.4906,0.9932,0.0335,0.9999,1.5008,1.4908
PG28948_text.txt,184705,65326,65017,0.6904,0.735,0.99,5,1.2507,0.9936,0.0403,1.0189,1.2588,1.2275
PG28948_text.txt,184705,65326,65017,0.6904,0.735,0.99,6,1.6698,0.998,0.0416,1.0269,1.6732,1.626
PG28948_text.txt,184705,65326,65017,0.6904,0.735,0.99,7,1.6858,1.0047,0.0394,1.0174,1.678,1.6569
PG28948_text.txt,184705,65326,65017,0.6904,0.735,0.99,8,1.2058,0.9875,0.0285,1.0474,1.221,1.1512
PG28948_text.txt,184705,65326,65017,0.6904,0.735,0.99,9,1.4166,0.983,0.0333,1.0088,1.4411,1.4042
PG28948_text.txt,184705,65326,65017,0.6904,0.735,0.99,10,1.4065,0.9875,0.0402,0.9957,1.4243,1.4125
PG28948_text.txt,184705,65326,65017,0.6904,0.735,0.99,11,1.408,0.9925,0.0403,1.0732,1.4187,1.312
PG28948_text.txt,184705,65326,65017,0.6904,0.735,0.99,12,1.6417,0.9947,0.042,0.9968,1.6504,1.6469
PG28948_text.txt,184705,65326,65017,0.6904,0.735,0.99,13,1.2415,0.9922,0.0414,0.9585,1.2512,1.2952
PG28948_text.txt,184705,65326,65017,0.6904,0.735,0.99,14,1.3414,1.0088,0.0429,1.0231,1.3297,1.3112
PG28948_text.txt,184705,65326,65017,0.6904,0.735,0.99,15,1.2228,1.0009,0.0429,0.9676,1.2217,1.2638
PG28948_text.txt,184705,65326,65017,0.6904,0.735,0.99,16,1.2084,0.9887,0.0333,1.0138,1.2222,1.192
PG28948_text.txt,184705,65326,65017,0.6904,0.735,0.99,17,1.208,1.006,0.0365,0.9833,1.2008,1.2285
PG28948_text.txt,184705,65326,65017,0.6904,0.735,0.99,18,1.1941,0.9921,0.0489,1.0288,1.2036,1.1607
PG28948_text.txt,184705,65326,65017,0.6904,0.735,0.99,19,1.27,0.9934,0.0351,0.9947,1.2784,1.2768
PG28948_text.txt,184705,65326,65017,0.6904,0.735,0.99,20,1.4095,1.0067,0.0361,0.9907,1.4,1.4226
PG308_text.txt,65987,19380,19348,0.7574,0.7581,0.6,1,0.8499,0.7752,0.0071,0.7874,1.0964,1.0794
PG308_text.txt,65987,19380,19348,0.7574,0.7581,0.6,2,0.9404,0.7785,0.0089,0.7588,1.2079,1.2394
PG308_text.txt,65987,19380,19348,0.7574,0.7581,0.6,3,0.8963,0.7729,0.0067,0.7734,1.1597,1.159
PG308_text.txt,65987,19380,19348,0.7574,0.7581,0.6,4,0.8985,0.7705,0.0091,0.8012,1.1661,1.1214
PG308_text.txt,65987,19380,19348,0.7574,0.7581,0.6,5,0.8946,0.7736,0.0092,0.7626,1.1564,1.1731
PG308_text.txt,65987,19380,19348,0.7574,0.7581,0.6,6,0.85,0.7795,0.0088,0.7834,1.0904,1.0851
PG308_text.txt,65987,19380,19348,0.7574,0.7581,0.6,7,0.8828,0.7716,0.007,0.7651,1.1442,1.1539
PG308_text.txt,65987,19380,19348,0.7574,0.7581,0.6,8,0.8695,0.7736,0.012,0.7693,1.1239,1.1303
PG308_text.txt,65987,19380,19348,0.7574,0.7581,0.6,9,0.8749,0.7769,0.0086,0.7858,1.1262,1.1134
PG308_text.txt,65987,19380,19348,0.7574,0.7581,0.6,10,0.8707,0.7733,0.0097,0.7621,1.1259,1.1425
PG308_text.txt,65987,19380,19348,0.7574,0.7581,0.6,11,0.8539,0.7751,0.0087,0.769,1.1015,1.1103
PG308_text.txt,65987,19380,19348,0.7574,0.7581,0.6,12,0.8719,0.7731,0.0091,0.7701,1.1278,1.1322
PG308_text.txt,65987,19380,19348,0.7574,0.7581,0.6,13,0.8238,0.7737,0.0073,0.7735,1.0648,1.0651
PG308_text.txt,65987,19380,19348,0.7574,0.7581,0.6,14,0.8467,0.7769,0.0086,0.7784,1.0898,1.0878
PG308_text.txt,65987,19380,19348,0.7574,0.7581,0.6,15,0.8114,0.7725,0.0098,0.7907,1.0504,1.0262
PG308_text.txt,65987,19380,19348,0.7574,0.7581,0.6,16,0.8421,0.7715,0.0079,0.7777,1.0916,1.0828
PG308_text.txt,65987,19380,19348,0.7574,0.7581,0.6,17,0.8265,0.7728,0.0041,0.7785,1.0695,1.0617
PG308_text.txt,65987,19380,19348,0.7574,0.7581,0.6,18,0.8222,0.7708,0.0081,0.767,1.0666,1.072
PG308_text.txt,65987,19380,19348,0.7574,0.7581,0.6,19,0.8383,0.7735,0.0085,0.7766,1.0838,1.0795
PG308_text.txt,65987,19380,19348,0.7574,0.7581,0.6,20,0.8337,0.7759,0.0093,0.7875,1.0744,1.0586
PG308_text.txt,65987,19380,19348,0.7574,0.7581,0.7,1,0.965,0.8344,0.0088,0.8377,1.1565,1.1519
PG308_text.txt,65987,19380,19348,0.7574,0.7581,0.7,2,1.0834,0.8389,0.0105,0.8103,1.2915,1.3371
PG308_text.txt,65987,19380,19348,0.7574,0.7581,0.7,3,1.013,0.8368,0.0085,0.8371,1.2105,1.2101
PG308_text.txt,65987,19380,19348,0.7574,0.7581,0.7,4,1.0101,0.8333,0.0123,0.8568,1.2122,1.179
PG308_text.txt,65987,19380,19348,0.7574,0.7581,0.7,5,0.9739,0.836,0.0104,0.8262,1.165,1.1788
PG308_text.txt,65987,19380,19348,0.7574,0.7581,0.7,6,0.9261,0.841,0.0075,0.8438,1.1013,1.0976
PG308_text.txt,65987,19380,19348,0.7574,0.7581,0.7,7,0.9767,0.8347,0.012,0.8207,1.17,1.19
PG308_text.txt,65987,19380,19348,0.7574,0.7581,0.7,8,0.9277,0.8342,0.0106,0.8289,1.112,1.1191
PG308_text.txt,65987,19380,19348,0.7574,0.7581,0.7,9,0.9447,0.8368,0.0114,0.8422,1.129,1.1217
PG308_text.txt,65987,19380,19348,0.7574,0.7581,0.7,10,0.9686,0.835,0.0132,0.825,1.1601,1.1741
PG308_text.txt,65987,19380,19348,0.7574,0.7581,0.7,11,0.9119,0.8371,0.0096,0.8226,1.0894,1.1086
PG308_text.txt,65987,19380,19348,0.7574,0.7581,0.7,12,0.9315,0.8363,0.0102,0.8201,1.1138,1.1358
PG308_text.txt,65987,19380,19348,0.7574,0.7581,0.7,13,0.8783,0.8347,0.0091,0.8329,1.0523,1.0545
PG308_text.txt,65987,19380,19348,0.7574,0.7581,0.7,14,0.9225,0.8392,0.0158,0.8455,1.0993,1.0912
PG308_text.txt,65987,19380,19348,0.7574,0.7581,0.7,15,0.8959,0.8366,0.0121,0.83,1.0708,1.0794
PG308_text.txt,65987,19380,19348,0.7574,0.7581,0.7,16,0.9272,0.8388,0.0106,0.8572,1.1054,1.0817
PG308_text.txt,65987,19380,19348,0.7574,0.7581,0.7,17,0.9206,0.8367,0.0095,0.853,1.1002,1.0793
PG308_text.txt,65987,19380,19348,0.7574,0.7581,0.7,18,0.8961,0.8358,0.0105,0.8531,1.0723,1.0505
PG308_text.txt,65987,19380,19348,0.7574,0.7581,0.7,19,0.9025,0.8394,0.0095,0.821,1.0752,1.0994
PG308_text.txt,65987,19380,19348,0.7574,0.7581,0.7,20,0.9181,0.8375,0.012,0.8309,1.0963,1.105
PG308_text.txt,65987,19380,19348,0.7574,0.7581,0.8,1,1.0543,0.892,0.0129,0.8808,1.182,1.197
PG308_text.txt,65987,19380,19348,0.7574,0.7581,0.8,2,1.1515,0.8915,0.0146,0.8633,1.2917,1.3339
PG308_text.txt,65987,19380,19348,0.7574,0.7581,0.8,3,1.086,0.8911,0.01,0.8717,1.2187,1.246
PG308_text.txt,65987,19380,19348,0.7574,0.7581,0.8,4,1.0786,0.8861,0.0161,0.8992,1.2173,1.1996
PG308_text.txt,65987,19380,19348,0.7574,0.7581,0.8,5,1.0406,0.8946,0.0163,0.8813,1.1631,1.1807
PG308_text.txt,65987,19380,19348,0.7574,0.7581,0.8,6,0.973,0.8925,0.0116,0.9024,1.0903,1.0783
PG308_text.txt,65987,19380,19348,0.7574,0.7581,0.8,7,1.0861,0.8913,0.0127,0.8695,1.2185,1.2491
PG308_text.txt,65987,19380,19348,0.7574,0.7581,0.8,8,0.981,0.893,0.0085,0.9056,1.0985,1.0832
PG308_text.txt,65987,19380,19348,0.7574,0.7581,0.8,9,1.0331,0.8961,0.0118,0.8886,1.1529,1.1626
PG308_text.txt,65987,19380,19348,0.7574,0.7581,0.8,10,1.0761,0.8934,0.0139,0.8834,1.2045,1.2182
PG308_text.txt,65987,19380,19348,0.7574,0.7581,0.8,11,0.9936,0.8939,0.0146,0.8783,1.1116,1.1313
PG308_text.txt,65987,19380,19348,0.7574,0.7581,0.8,12,1.0148,0.895,0.0146,0.8548,1.1338,1.1872
PG308_text.txt,65987,19380,19348,0.7574,0.7581,0.8,13,0.9508,0.8928,0.0125,0.9083,1.065,1.0469
PG308_text.txt,65987,19380,19348,0.7574,0.7581,0.8,14,1.0066,0.8973,0.0158,0.9035,1.1219,1.1142
PG308_text.txt,65987,19380,19348,0.7574,0.7581,0.8,15,0.9746,0.8944,0.0166,0.8975,1.0897,1.0858
PG308_text.txt,65987,19380,19348,0.7574,0.7581,0.8,16,1.0214,0.892,0.0166,0.8919,1.1451,1.1452
PG308_text.txt,65987,19380,19348,0.7574,0.7581,0.8,17,1.0646,0.8938,0.0187,0.9272,1.1912,1.1482
PG308_text.txt,65987,19380,19348,0.7574,0.7581,0.8,18,0.9862,0.8954,0.0117,0.8949,1.1014,1.102
PG308_text.txt,65987,19380,19348,0.7574,0.7581,0.8,19,0.9647,0.9027,0.0094,0.8818,1.0687,1.094
PG308_text.txt,65987,19380,19348,0.7574,0.7581,0.8,20,0.9954,0.8953,0.0156,0.9065,1.1118,1.098
PG308_text.txt,65987,19380,19348,0.7574,0.7581,0.9,1,1.2287,0.9422,0.0201,0.9697,1.3041,1.2671
PG308_text.txt,65987,19380,19348,0.7574,0.7581,0.9,2,1.2673,0.9498,0.0193,0.9711,1.3344,1.3051
PG308_text.txt,65987,19380,19348,0.7574,0.7581,0.9,3,1.1718,0.9535,0.0202,0.9547,1.2289,1.2274
PG308_text.txt,65987,19380,19348,0.7574,0.7581,0.9,4,1.2274,0.9466,0.0283,0.9316,1.2967,1.3175
PG308_text.txt,65987,19380,19348,0.7574,0.7581,0.9,5,1.175,0.9473,0.0154,0.9082,1.2404,1.2937
PG308_text.txt,65987,19380,19348,0.7574,0.7581,0.9,6,1.0859,0.9441,0.0178,0.9612,1.1502,1.1297
PG308_text.txt,65987,19380,19348,0.7574,0.7581,0.9,7,1.1622,0.9497,0.0197,0.9243,1.2238,1.2574
PG308_text.txt,65987,19380,19348,0.7574,0.7581,0.9,8,1.0945,0.9439,0.0168,0.9747,1.1595,1.123
PG308_text.txt,65987,19380,19348,0.7574,0.7581,0.9,9,1.1605,0.9522,0.0202,0.9422,1.2187,1.2316
PG308_text.txt,65987,19380,19348,0.7574,0.7581,0.9,10,1.2084,0.9496,0.0186,0.9283,1.2725,1.3017
PG308_text.txt,65987,19380,19348,0.7574,0.7581,0.9,11,1.0751,0.9504,0.0216,0.9409,1.1312,1.1426
PG308_text.txt,65987,19380,19348,0.7574,0.7581,0.9,12,1.0709,0.9495,0.0233,0.9887,1.1278,1.0831
PG308_text.txt,65987,19380,19348,0.7574,0.7581,0.9,13,1.0079,0.949,0.0224,0.9696,1.0621,1.0395
PG308_text.txt,65987,19380,19348,0.7574,0.7581,0.9,14,1.1431,0.9513,0.0291,0.9567,1.2016,1.1949
PG308_text.txt,65987,19380,19348,0.7574,0.7581,0.9,15,1.0656,0.9464,0.0178,0.9791,1.126,1.0884
PG308_text.txt,65987,19380,19348,0.7574,0.7581,0.9,16,1.1478,0.9453,0.0167,0.942,1.2142,1.2185
PG308_text.txt,65987,19380,19348,0.7574,0.7581,0.9,17,1.1172,0.9403,0.0227,0.938,1.1881,1.1911
PG308_text.txt,65987,19380,19348,0.7574,0.7581,0.9,18,1.1057,0.944,0.0212,0.9336,1.1713,1.1844
PG308_text.txt,65987,19380,19348,0.7574,0.7581,0.9,19,1.0191,0.9612,0.0215,0.9721,1.0603,1.0484
PG308_text.txt,65987,19380,19348,0.7574,0.7581,0.9,20,1.1361,0.9482,0.0234,0.92,1.1981,1.2348
PG308_text.txt,65987,19380,19348,0.7574,0.7581,0.95,1,1.3052,0.9566,0.033,0.9254,1.3645,1.4105
PG308_text.txt,65987,19380,19348,0.7574,0.7581,0.95,2,1.2777,0.9767,0.0319,0.9637,1.3082,1.3259
PG308_text.txt,65987,19380,19348,0.7574,0.7581,0.95,3,1.2394,0.9749,0.0294,1.0511,1.2713,1.1791
PG308_text.txt,65987,19380,19348,0.7574,0.7581,0.95,4,1.2102,0.978,0.0322,0.9814,1.2374,1.2332
PG308_text.txt,65987,19380,19348,0.7574,0.7581,0.95,5,1.1489,0.9707,0.0374,0.9961,1.1836,1.1534
PG308_text.txt,65987,19380,19348,0.7574,0.7581,0.95,6,1.0877,0.9829,0.0258,0.9847,1.1066,1.1046
PG308_text.txt,65987,19380,19348,0.7574,0.7581,0.95,7,1.3175,0.9877,0.028,0.9841,1.3339,1.3387
PG308_text.txt,65987,19380,19348,0.7574,0.7581,0.95,8,1.1316,0.9794,0.0285,0.986,1.1554,1.1476
PG308_text.txt,65987,19380,19348,0.7574,0.7581,0.95,9,1.2608,0.9815,0.0425,0.9534,1.2846,1.3224
PG308_text.txt,65987,19380,19348,0.7574,0.7581,0.95,10,1.2523,0.967,0.0269,0.9546,1.295,1.3118
PG308_text.txt,65987,19380,19348,0.7574,0.7581,0.95,11,1.1519,0.9734,0.0281,1.0105,1.1834,1.14
PG308_text.txt,65987,19380,19348,0.7574,0.7581,0.95,12,1.1551,0.9785,0.0285,1.0701,1.1805,1.0794
PG308_text.txt,65987,19380,19348,0.7574,0.7581,0.95,13,1.0614,0.9649,0.0351,0.9451,1.1,1.1231
PG308_text.txt,65987,19380,19348,0.7574,0.7581,0.95,14,1.2145,0.9846,0.0328,0.9718,1.2334,1.2497
PG308_text.txt,65987,19380,19348,0.7574,0.7581,0.95,15,1.1284,0.9821,0.0323,1.0058,1.1489,1.1219
PG308_text.txt,65987,19380,19348,0.7574,0.7581,0.95,16,1.2659,0.97,0.0322,0.9787,1.3052,1.2935
PG308_text.txt,65987,19380,19348,0.7574,0.7581,0.95,17,1.2414,0.9735,0.0302,1.0034,1.2752,1.2373
PG308_text.txt,65987,19380,19348,0.7574,0.7581,0.95,18,1.167,0.9642,0.0245,0.9806,1.2103,1.1901
PG308_text.txt,65987,19380,19348,0.7574,0.7581,0.95,19,1.1114,0.9814,0.0296,0.9727,1.1325,1.1426
PG308_text.txt,65987,19380,19348,0.7574,0.7581,0.95,20,1.1277,0.9711,0.0308,0.9415,1.1612,1.1977
PG308_text.txt,65987,19380,19348,0.7574,0.7581,0.99,1,1.4548,1.006,0.0613,1.0127,1.4461,1.4365
PG308_text.txt,65987,19380,19348,0.7574,0.7581,0.99,2,1.3467,1.0103,0.0693,1.072,1.333,1.2562
PG308_text.txt,65987,19380,19348,0.7574,0.7581,0.99,3,1.2475,1.002,0.075,1.096,1.2451,1.1383
PG308_text.txt,65987,19380,19348,0.7574,0.7581,0.99,4,1.382,1.0143,0.0667,1.0291,1.3624,1.3429
PG308_text.txt,65987,19380,19348,0.7574,0.7581,0.99,5,1.1126,0.9824,0.1134,1.1162,1.1326,0.9967
PG308_text.txt,65987,19380,19348,0.7574,0.7581,0.99,6,1.2415,1.0441,0.076,0.9112,1.189,1.3624
PG308_text.txt,65987,19380,19348,0.7574,0.7581,0.99,7,1.2135,0.9575,0.0739,1.0143,1.2674,1.1965
PG308_text.txt,65987,19380,19348,0.7574,0.7581,0.99,8,1.1538,1.0008,0.0788,0.9444,1.1528,1.2217
PG308_text.txt,65987,19380,19348,0.7574,0.7581,0.99,9,1.436,1.0207,0.0889,0.9737,1.4069,1.4747
PG308_text.txt,65987,19380,19348,0.7574,0.7581,0.99,10,1.3391,0.9857,0.0529,0.982,1.3586,1.3637
PG308_text.txt,65987,19380,19348,0.7574,0.7581,0.99,11,1.1535,1.0003,0.0558,1.0948,1.1531,1.0536
PG308_text.txt,65987,19380,19348,0.7574,0.7581,0.99,12,1.3484,0.9877,0.0643,1.047,1.3652,1.2879
PG308_text.txt,65987,19380,19348,0.7574,0.7581,0.99,13,1.2201,1.0048,0.0618,1.0672,1.2143,1.1433
PG308_text.txt,65987,19380,19348,0.7574,0.7581,0.99,14,2.4017,0.9959,0.0616,1.0097,2.4116,2.3785
PG308_text.txt,65987,19380,19348,0.7574,0.7581,0.99,15,1.0558,1.016,0.07,0.9167,1.0392,1.1518
PG308_text.txt,65987,19380,19348,0.7574,0.7581,0.99,16,1.3407,0.9507,0.0484,0.904,1.4102,1.483
PG308_text.txt,65987,19380,19348,0.7574,0.7581,0.99,17,1.5418,0.9936,0.0722,1.0553,1.5517,1.461
PG308_text.txt,65987,19380,19348,0.7574,0.7581,0.99,18,1.445,1.0031,0.0775,0.9223,1.4405,1.5668
PG308_text.txt,65987,19380,19348,0.7574,0.7581,0.99,19,1.0738,0.9895,0.0801,0.9769,1.0852,1.0991
PG308_text.txt,65987,19380,19348,0.7574,0.7581,0.99,20,1.0932,0.9894,0.067,0.9689,1.1049,1.1282
PG31824_text.txt,303914,110351,109804,0.7136,0.7581,0.6,1,0.8995,0.7757,0.0033,0.7785,1.1597,1.1555
PG31824_text.txt,303914,110351,109804,0.7136,0.7581,0.6,2,1.0385,0.7732,0.0037,0.7808,1.3433,1.3301
PG31824_text.txt,303914,110351,109804,0.7136,0.7581,0.6,3,0.9714,0.7736,0.003,0.7866,1.2557,1.235
PG31824_text.txt,303914,110351,109804,0.7136,0.7581,0.6,4,0.9185,0.774,0.0033,0.7809,1.1866,1.1762
PG31824_text.txt,303914,110351,109804,0.7136,0.7581,0.6,5,0.8976,0.7752,0.0044,0.7807,1.1578,1.1497
PG31824_text.txt,303914,110351,109804,0.7136,0.7581,0.6,6,0.9287,0.7751,0.0042,0.7699,1.1982,1.2063
PG31824_text.txt,303914,110351,109804,0.7136,0.7581,0.6,7,0.8954,0.7754,0.0041,0.7711,1.1548,1.1612
PG31824_text.txt,303914,110351,109804,0.7136,0.7581,0.6,8,0.891,0.7768,0.0042,0.7724,1.147,1.1536
PG31824_text.txt,303914,110351,109804,0.7136,0.7581,0.6,9,0.8977,0.7742,0.0043,0.7715,1.1596,1.1637
PG31824_text.txt,303914,110351,109804,0.7136,0.7581,0.6,10,0.8503,0.7744,0.0037,0.7719,1.0981,1.1015
PG31824_text.txt,303914,110351,109804,0.7136,0.7581,0.6,11,0.8692,0.7755,0.0034,0.7801,1.1209,1.1142
PG31824_text.txt,303914,110351,109804,0.7136,0.7581,0.6,12,0.852,0.7733,0.0032,0.7729,1.1018,1.1023
PG31824_text.txt,303914,110351,109804,0.7136,0.7581,0.6,13,0.8491,0.7736,0.0045,0.7782,1.0976,1.0911
PG31824_text.txt,303914,110351,109804,0.7136,0.7581,0.6,14,0.8548,0.7732,0.0036,0.7705,1.1055,1.1095
PG31824_text.txt,303914,110351,109804,0.7136,0.7581,0.6,15,0.8576,0.7744,0.0027,0.7716,1.1075,1.1114
PG31824_text.txt,303914,110351,109804,0.7136,0.7581,0.6,16,0.848,0.7737,0.003,0.7814,1.0961,1.0853
PG31824_text.txt,303914,110351,109804,0.7136,0.7581,0.6,17,0.8365,0.7759,0.0024,0.7746,1.0781,1.0799
PG31824_text.txt,303914,110351,109804,0.7136,0.7581,0.6,18,0.823,0.7761,0.0028,0.7788,1.0604,1.0568
PG31824_text.txt,303914,110351,109804,0.7136,0.7581,0.6,19,0.8383,0.7738,0.0033,0.7806,1.0833,1.0739
PG31824_text.txt,303914,110351,109804,0.7136,0.7581,0.6,20,0.8418,0.7741,0.0036,0.7722,1.0874,1.0902
PG31824_text.txt,303914,110351,109804,0.7136,0.7581,0.7,1,1.0146,0.8369,0.0048,0.8428,1.2123,1.2039
PG31824_text.txt,303914,110351,109804,0.7136,0.7581,0.7,2,1.1727,0.8372,0.005,0.8452,1.4008,1.3874
PG31824_text.txt,303914,110351,109804,0.7136,0.7581,0.7,3,1.0733,0.8356,0.0053,0.8435,1.2845,1.2724
PG31824_text.txt,303914,110351,109804,0.7136,0.7581,0.7,4,1.0249,0.8356,0.0044,0.84,1.2265,1.2202
PG31824_text.txt,303914,110351,109804,0.7136,0.7581,0.7,5,0.9666,0.8382,0.0056,0.8416,1.1532,1.1485
PG31824_text.txt,303914,110351,109804,0.7136,0.7581,0.7,6,1.0382,0.836,0.0047,0.8311,1.2419,1.2492
PG31824_text.txt,303914,110351,109804,0.7136,0.7581,0.7,7,0.9739,0.837,0.0053,0.8368,1.1636,1.1639
PG31824_text.txt,303914,110351,109804,0.7136,0.7581,0.7,8,0.9739,0.8365,0.0047,0.8384,1.1643,1.1617
PG31824_text.txt,303914,110351,109804,0.7136,0.7581,0.7,9,0.9742,0.8366,0.0046,0.8368,1.1645,1.1643
PG31824_text.txt,303914,110351,109804,0.7136,0.7581,0.7,10,0.9375,0.8353,0.004,0.8371,1.1223,1.1199
PG31824_text.txt,303914,110351,109804,0.7136,0.7581,0.7,11,0.9448,0.8367,0.0043,0.8387,1.1293,1.1266
PG31824_text.txt,303914,110351,109804,0.7136,0.7581,0.7,12,0.9306,0.8378,0.0044,0.8368,1.1107,1.112
PG31824_text.txt,303914,110351,109804,0.7136,0.7581,0.7,13,0.9254,0.8367,0.004,0.8401,1.106,1.1015
PG31824_text.txt,303914,110351,109804,0.7136,0.7581,0.7,14,0.9321,0.8366,0.005,0.832,1.1142,1.1203
PG31824_text.txt,303914,110351,109804,0.7136,0.7581,0.7,15,0.9428,0.8359,0.0042,0.8288,1.1279,1.1375
PG31824_text.txt,303914,110351,109804,0.7136,0.7581,0.7,16,0.9243,0.8384,0.0043,0.8464,1.1025,1.092
PG31824_text.txt,303914,110351,109804,0.7136,0.7581,0.7,17,0.9085,0.839,0.0031,0.8336,1.0827,1.0898
PG31824_text.txt,303914,110351,109804,0.7136,0.7581,0.7,18,0.91,0.8381,0.004,0.8416,1.0858,1.0813
PG31824_text.txt,303914,110351,109804,0.7136,0.7581,0.7,19,0.922,0.8369,0.0043,0.8447,1.1016,1.0915
PG31824_text.txt,303914,110351,109804,0.7136,0.7581,0.7,20,0.9183,0.8372,0.0044,0.8379,1.0969,1.0959
PG31824_text.txt,303914,110351,109804,0.7136,0.7581,0.8,1,1.1239,0.894,0.0057,0.8985,1.2571,1.2508
PG31824_text.txt,303914,110351,109804,0.7136,0.7581,0.8,2,1.287,0.8951,0.0055,0.8952,1.4378,1.4377
PG31824_text.txt,303914,110351,109804,0.7136,0.7581,0.8,3,1.167,0.8943,0.0062,0.8969,1.3049,1.3012
PG31824_text.txt,303914,110351,109804,0.7136,0.7581,0.8,4,1.1489,0.8935,0.0069,0.8965,1.2858,1.2815
PG31824_text.txt,303914,110351,109804,0.7136,0.7581,0.8,5,1.0482,0.8959,0.0051,0.906,1.17,1.1569
PG31824_text.txt,303914,110351,109804,0.7136,0.7581,0.8,6,1.1454,0.8958,0.0043,0.8842,1.2786,1.2954
PG31824_text.txt,303914,110351,109804,0.7136,0.7581,0.8,7,1.0614,0.8937,0.0042,0.8941,1.1876,1.1871
PG31824_text.txt,303914,110351,109804,0.7136,0.7581,0.8,8,1.0705,0.894,0.0056,0.898,1.1974,1.192
PG31824_text.txt,303914,110351,109804,0.7136,0.7581,0.8,9,1.0674,0.8945,0.0062,0.8972,1.1933,1.1898
PG31824_text.txt,303914,110351,109804,0.7136,0.7581,0.8,10,1.016,0.8927,0.0047,0.8915,1.1382,1.1397
PG31824_text.txt,303914,110351,109804,0.7136,0.7581,0.8,11,1.0244,0.8939,0.0061,0.8908,1.146,1.15
PG31824_text.txt,303914,110351,109804,0.7136,0.7581,0.8,12,1.0247,0.8956,0.0044,0.8905,1.1441,1.1507
PG31824_text.txt,303914,110351,109804,0.7136,0.7581,0.8,13,0.9945,0.8948,0.0056,0.8903,1.1114,1.1169
PG31824_text.txt,303914,110351,109804,0.7136,0.7581,0.8,14,1.0317,0.8959,0.0061,0.8897,1.1516,1.1596
PG31824_text.txt,303914,110351,109804,0.7136,0.7581,0.8,15,1.0305,0.8936,0.0063,0.8944,1.1532,1.1521
PG31824_text.txt,303914,110351,109804,0.7136,0.7581,0.8,16,1.0194,0.8947,0.0064,0.8982,1.1394,1.1349
PG31824_text.txt,303914,110351,109804,0.7136,0.7581,0.8,17,0.9792,0.8937,0.0042,0.8913,1.0957,1.0986
PG31824_text.txt,303914,110351,109804,0.7136,0.7581,0.8,18,0.9914,0.8929,0.0057,0.9017,1.1103,1.0994
PG31824_text.txt,303914,110351,109804,0.7136,0.7581,0.8,19,0.9868,0.8946,0.0079,0.8986,1.103,1.0981
PG31824_text.txt,303914,110351,109804,0.7136,0.7581,0.8,20,1.0118,0.8947,0.0055,0.8979,1.1309,1.1269
PG31824_text.txt,303914,110351,109804,0.7136,0.7581,0.9,1,1.178,0.9469,0.0077,0.9466,1.2441,1.2444
PG31824_text.txt,303914,110351,109804,0.7136,0.7581,0.9,2,1.4027,0.9475,0.0067,0.9429,1.4804,1.4876
PG31824_text.txt,303914,110351,109804,0.7136,0.7581,0.9,3,1.2889,0.9487,0.008,0.9586,1.3586,1.3446
PG31824_text.txt,303914,110351,109804,0.7136,0.7581,0.9,4,1.4263,0.948,0.0116,0.9704,1.5046,1.4698
PG31824_text.txt,303914,110351,109804,0.7136,0.7581,0.9,5,1.1093,0.9481,0.0091,0.9572,1.17,1.1589
PG31824_text.txt,303914,110351,109804,0.7136,0.7581,0.9,6,1.3445,0.9503,0.0068,0.9373,1.4148,1.4345
PG31824_text.txt,303914,110351,109804,0.7136,0.7581,0.9,7,1.1779,0.9496,0.007,0.9565,1.2404,1.2315
PG31824_text.txt,303914,110351,109804,0.7136,0.7581,0.9,8,1.2239,0.9499,0.0082,0.9736,1.2885,1.2572
PG31824_text.txt,303914,110351,109804,0.7136,0.7581,0.9,9,1.1797,0.9503,0.007,0.9478,1.2414,1.2447
PG31824_text.txt,303914,110351,109804,0.7136,0.7581,0.9,10,1.1063,0.9477,0.0096,0.9454,1.1674,1.1702
PG31824_text.txt,303914,110351,109804,0.7136,0.7581,0.9,11,1.1379,0.9457,0.0082,0.9599,1.2033,1.1854
PG31824_text.txt,303914,110351,109804,0.7136,0.7581,0.9,12,1.0939,0.9498,0.0088,0.9628,1.1517,1.1363
PG31824_text.txt,303914,110351,109804,0.7136,0.7581,0.9,13,1.0687,0.9508,0.0072,0.9556,1.124,1.1183
PG31824_text.txt,303914,110351,109804,0.7136,0.7581,0.9,14,1.1093,0.9487,0.0067,0.9402,1.1694,1.1799
PG31824_text.txt,303914,110351,109804,0.7136,0.7581,0.9,15,1.1241,0.9477,0.0088,0.9498,1.1861,1.1835
PG31824_text.txt,303914,110351,109804,0.7136,0.7581,0.9,16,1.1148,0.9476,0.0079,0.9544,1.1764,1.168
PG31824_text.txt,303914,110351,109804,0.7136,0.7581,0.9,17,1.0504,0.9482,0.01,0.9424,1.1077,1.1146
PG31824_text.txt,303914,110351,109804,0.7136,0.7581,0.9,18,1.0741,0.9471,0.0079,0.9606,1.1342,1.1182
PG31824_text.txt,303914,110351,109804,0.7136,0.7581,0.9,19,1.0525,0.9509,0.0084,0.9544,1.1068,1.1028
PG31824_text.txt,303914,110351,109804,0.7136,0.7581,0.9,20,1.0731,0.9502,0.0101,0.9505,1.1293,1.129
PG31824_text.txt,303914,110351,109804,0.7136,0.7581,0.95,1,1.2643,0.9805,0.0117,0.965,1.2895,1.3102
PG31824_text.txt,303914,110351,109804,0.7136,0.7581,0.95,2,1.4863,0.9708,0.0109,0.9921,1.531,1.4981
PG31824_text.txt,303914,110351,109804,0.7136,0.7581,0.95,3,1.3712,0.9778,0.0112,0.9828,1.4023,1.3952
PG31824_text.txt,303914,110351,109804,0.7136,0.7581,0.95,4,1.5135,0.9715,0.0139,0.9736,1.558,1.5546
PG31824_text.txt,303914,110351,109804,0.7136,0.7581,0.95,5,1.1214,0.9704,0.0118,0.985,1.1555,1.1385
PG31824_text.txt,303914,110351,109804,0.7136,0.7581,0.95,6,1.4305,0.9754,0.0147,0.9729,1.4665,1.4703
PG31824_text.txt,303914,110351,109804,0.7136,0.7581,0.95,7,1.2327,0.9757,0.013,0.9801,1.2634,1.2578
PG31824_text.txt,303914,110351,109804,0.7136,0.7581,0.95,8,1.3197,0.9753,0.011,0.9915,1.3531,1.331
PG31824_text.txt,303914,110351,109804,0.7136,0.7581,0.95,9,1.2321,0.9781,0.0128,0.9584,1.2597,1.2855
PG31824_text.txt,303914,110351,109804,0.7136,0.7581,0.95,10,1.1959,0.977,0.0103,0.9758,1.2241,1.2256
PG31824_text.txt,303914,110351,109804,0.7136,0.7581,0.95,11,1.2044,0.9729,0.0136,0.9737,1.2379,1.237
PG31824_text.txt,303914,110351,109804,0.7136,0.7581,0.95,12,1.1907,0.9808,0.011,0.9724,1.214,1.2245
PG31824_text.txt,303914,110351,109804,0.7136,0.7581,0.95,13,1.0817,0.9738,0.009,0.9599,1.1108,1.1268
PG31824_text.txt,303914,110351,109804,0.7136,0.7581,0.95,14,1.1946,0.9727,0.0122,0.9777,1.228,1.2218
PG31824_text.txt,303914,110351,109804,0.7136,0.7581,0.95,15,1.1511,0.9739,0.0092,0.9839,1.182,1.17
PG31824_text.txt,303914,110351,109804,0.7136,0.7581,0.95,16,1.1685,0.9732,0.0127,0.9868,1.2007,1.1842
PG31824_text.txt,303914,110351,109804,0.7136,0.7581,0.95,17,1.1134,0.9736,0.011,0.9816,1.1436,1.1343
PG31824_text.txt,303914,110351,109804,0.7136,0.7581,0.95,18,1.1537,0.9701,0.0127,0.9778,1.1893,1.1799
PG31824_text.txt,303914,110351,109804,0.7136,0.7581,0.95,19,1.1411,0.9709,0.013,0.9471,1.1753,1.2049
PG31824_text.txt,303914,110351,109804,0.7136,0.7581,0.95,20,1.1142,0.9761,0.0159,0.9622,1.1415,1.1579
PG31824_text.txt,303914,110351,109804,0.7136,0.7581,0.99,1,1.332,0.999,0.0264,0.9915,1.3333,1.3434
PG31824_text.txt,303914,110351,109804,0.7136,0.7581,0.99,2,1.6676,0.9953,0.0324,0.9762,1.6754,1.7082
PG31824_text.txt,303914,110351,109804,0.7136,0.7581,0.99,3,1.5908,1.0013,0.0323,0.9792,1.5887,1.6246
PG31824_text.txt,303914,110351,109804,0.7136,0.7581,0.99,4,1.6426,0.9956,0.0356,1.0109,1.6498,1.6248
PG31824_text.txt,303914,110351,109804,0.7136,0.7581,0.99,5,1.1391,0.9925,0.0281,0.9642,1.1477,1.1813
PG31824_text.txt,303914,110351,109804,0.7136,0.7581,0.99,6,1.4775,0.9955,0.0279,1.0395,1.4842,1.4214
PG31824_text.txt,303914,110351,109804,0.7136,0.7581,0.99,7,1.7197,0.9745,0.0323,1.0226,1.7647,1.6818
PG31824_text.txt,303914,110351,109804,0.7136,0.7581,0.99,8,1.3194,0.9959,0.0241,1.0372,1.3248,1.272
PG31824_text.txt,303914,110351,109804,0.7136,0.7581,0.99,9,1.3521,1.005,0.0303,0.961,1.3454,1.407
PG31824_text.txt,303914,110351,109804,0.7136,0.7581,0.99,10,1.3672,0.997,0.0265,0.9949,1.3712,1.3742
PG31824_text.txt,303914,110351,109804,0.7136,0.7581,0.99,11,1.3968,0.9916,0.0303,1.0285,1.4086,1.358
PG31824_text.txt,303914,110351,109804,0.7136,0.7581,0.99,12,1.4148,0.9928,0.0314,0.9776,1.4251,1.4471
PG31824_text.txt,303914,110351,109804,0.7136,0.7581,0.99,13,1.1215,0.987,0.029,0.9876,1.1363,1.1356
PG31824_text.txt,303914,110351,109804,0.7136,0.7581,0.99,14,1.3017,0.9848,0.0208,1.0315,1.3218,1.2619
PG31824_text.txt,303914,110351,109804,0.7136,0.7581,0.99,15,1.2087,0.9918,0.0258,0.9692,1.2187,1.2471
PG31824_text.txt,303914,110351,109804,0.7136,0.7581,0.99,16,1.205,0.9934,0.0253,0.9847,1.213,1.2237
PG31824_text.txt,303914,110351,109804,0.7136,0.7581,0.99,17,1.2649,0.9958,0.0378,1.0007,1.2702,1.264
PG31824_text.txt,303914,110351,109804,0.7136,0.7581,0.99,18,1.2492,0.9913,0.0213,1.034,1.2601,1.2082
PG31824_text.txt,303914,110351,109804,0.7136,0.7581,0.99,19,1.3204,0.9877,0.0248,0.9975,1.3367,1.3237
PG31824_text.txt,303914,110351,109804,0.7136,0.7581,0.99,20,1.2221,1.0029,0.0297,1.0066,1.2185,1.214
PG41822_text.txt,97293,32092,31631,0.6823,0.6888,0.6,1,0.8519,0.7761,0.0052,0.7694,1.0978,1.1072
PG41822_text.txt,97293,32092,31631,0.6823,0.6888,0.6,2,0.9932,0.776,0.0071,0.7568,1.2798,1.3123
PG41822_text.txt,97293,32092,31631,0.6823,0.6888,0.6,3,0.8748,0.7745,0.0079,0.7589,1.1295,1.1527
PG41822_text.txt,97293,32092,31631,0.6823,0.6888,0.6,4,0.8989,0.7757,0.0099,0.7719,1.1587,1.1645
PG41822_text.txt,97293,32092,31631,0.6823,0.6888,0.6,5,0.8324,0.7747,0.0081,0.767,1.0744,1.0852
PG41822_text.txt,97293,32092,31631,0.6823,0.6888,0.6,6,0.8963,0.7766,0.0055,0.7698,1.1541,1.1643
PG41822_text.txt,97293,32092,31631,0.6823,0.6888,0.6,7,0.8484,0.7759,0.0063,0.77,1.0934,1.1017
PG41822_text.txt,97293,32092,31631,0.6823,0.6888,0.6,8,0.8374,0.7743,0.0079,0.7733,1.0815,1.0829
PG41822_text.txt,97293,32092,31631,0.6823,0.6888,0.6,9,0.845,0.7725,0.0067,0.7749,1.0937,1.0905
PG41822_text.txt,97293,32092,31631,0.6823,0.6888,0.6,10,0.8556,0.7736,0.0048,0.7627,1.1061,1.1218
PG41822_text.txt,97293,32092,31631,0.6823,0.6888,0.6,11,0.8532,0.7742,0.0076,0.7732,1.1021,1.1036
PG41822_text.txt,97293,32092,31631,0.6823,0.6888,0.6,12,0.8465,0.7732,0.0066,0.7645,1.0949,1.1072
PG41822_text.txt,97293,32092,31631,0.6823,0.6888,0.6,13,0.8484,0.7745,0.0042,0.7803,1.0953,1.0872
PG41822_text.txt,97293,32092,31631,0.6823,0.6888,0.6,14,0.8523,0.7741,0.0079,0.7626,1.1009,1.1175
PG41822_text.txt,97293,32092,31631,0.6823,0.6888,0.6,15,0.827,0.7727,0.0056,0.7682,1.0703,1.0766
PG41822_text.txt,97293,32092,31631,0.6823,0.6888,0.6,16,0.8306,0.7773,0.0063,0.7783,1.0685,1.0672
PG41822_text.txt,97293,32092,31631,0.6823,0.6888,0.6,17,0.8092,0.7742,0.0075,0.7829,1.0452,1.0336
PG41822_text.txt,97293,32092,31631,0.6823,0.6888,0.6,18,0.8554,0.7713,0.007,0.7724,1.109,1.1075
PG41822_text.txt,97293,32092,31631,0.6823,0.6888,0.6,19,0.8242,0.7749,0.0049,0.7807,1.0636,1.0557
PG41822_text.txt,97293,32092,31631,0.6823,0.6888,0.6,20,0.8079,0.7743,0.0061,0.7768,1.0434,1.0401
PG41822_text.txt,97293,32092,31631,0.6823,0.6888,0.7,1,0.9347,0.8394,0.0079,0.8459,1.1135,1.105
PG41822_text.txt,97293,32092,31631,0.6823,0.6888,0.7,2,1.0709,0.8397,0.0079,0.8251,1.2753,1.2978
PG41822_text.txt,97293,32092,31631,0.6823,0.6888,0.7,3,0.9615,0.8356,0.0104,0.8262,1.1506,1.1637
PG41822_text.txt,97293,32092,31631,0.6823,0.6888,0.7,4,0.9851,0.8361,0.0096,0.8377,1.1782,1.1759
PG41822_text.txt,97293,32092,31631,0.6823,0.6888,0.7,5,0.9009,0.8344,0.0106,0.83,1.0798,1.0855
PG41822_text.txt,97293,32092,31631,0.6823,0.6888,0.7,6,0.9542,0.8409,0.0074,0.8356,1.1348,1.142
PG41822_text.txt,97293,32092,31631,0.6823,0.6888,0.7,7,0.9334,0.8393,0.0104,0.8431,1.1121,1.1071
PG41822_text.txt,97293,32092,31631,0.6823,0.6888,0.7,8,0.9218,0.8373,0.0082,0.8203,1.1008,1.1236
PG41822_text.txt,97293,32092,31631,0.6823,0.6888,0.7,9,0.924,0.8376,0.0091,0.8387,1.1031,1.1017
PG41822_text.txt,97293,32092,31631,0.6823,0.6888,0.7,10,0.9299,0.8327,0.0072,0.818,1.1168,1.1368
PG41822_text.txt,97293,32092,31631,0.6823,0.6888,0.7,11,0.9452,0.8353,0.0085,0.8327,1.1316,1.135
PG41822_text.txt,97293,32092,31631,0.6823,0.6888,0.7,12,0.9073,0.8368,0.0081,0.8313,1.0843,1.0915
PG41822_text.txt,97293,32092,31631,0.6823,0.6888,0.7,13,0.9272,0.8375,0.0077,0.8427,1.107,1.1002
PG41822_text.txt,97293,32092,31631,0.6823,0.6888,0.7,14,0.9057,0.8345,0.0093,0.8151,1.0853,1.1111
PG41822_text.txt,97293,32092,31631,0.6823,0.6888,0.7,15,0.8886,0.8342,0.0071,0.8262,1.0653,1.0756
PG41822_text.txt,97293,32092,31631,0.6823,0.6888,0.7,16,0.9103,0.836,0.0077,0.8383,1.0888,1.0858
PG41822_text.txt,97293,32092,31631,0.6823,0.6888,0.7,17,0.8862,0.8356,0.0081,0.8542,1.0606,1.0375
PG41822_text.txt,97293,32092,31631,0.6823,0.6888,0.7,18,0.9272,0.833,0.008,0.8343,1.1131,1.1114
PG41822_text.txt,97293,32092,31631,0.6823,0.6888,0.7,19,0.8905,0.8362,0.0055,0.8457,1.0649,1.0529
PG41822_text.txt,97293,32092,31631,0.6823,0.6888,0.7,20,0.8791,0.839,0.0073,0.8463,1.0478,1.0388
PG41822_text.txt,97293,32092,31631,0.6823,0.6888,0.8,1,1.011,0.8991,0.0123,0.8944,1.1245,1.1304
PG41822_text.txt,97293,32092,31631,0.6823,0.6888,0.8,2,1.1501,0.8946,0.0105,0.8705,1.2856,1.3212
PG41822_text.txt,97293,32092,31631,0.6823,0.6888,0.8,3,1.0577,0.8961,0.0125,0.8858,1.1803,1.194
PG41822_text.txt,97293,32092,31631,0.6823,0.6888,0.8,4,1.067,0.8905,0.0094,0.8974,1.1982,1.189
PG41822_text.txt,97293,32092,31631,0.6823,0.6888,0.8,5,0.9977,0.8933,0.0098,0.8864,1.1169,1.1256
PG41822_text.txt,97293,32092,31631,0.6823,0.6888,0.8,6,1.0203,0.8971,0.0096,0.8867,1.1373,1.1507
PG41822_text.txt,97293,32092,31631,0.6823,0.6888,0.8,7,0.9881,0.8955,0.0136,0.8966,1.1034,1.102
PG41822_text.txt,97293,32092,31631,0.6823,0.6888,0.8,8,0.9997,0.8942,0.0107,0.8982,1.1179,1.113
PG41822_text.txt,97293,32092,31631,0.6823,0.6888,0.8,9,1.0007,0.8946,0.0127,0.9055,1.1186,1.1052
PG41822_text.txt,97293,32092,31631,0.6823,0.6888,0.8,10,1.0023,0.8957,0.0092,0.8877,1.119,1.1292
PG41822_text.txt,97293,32092,31631,0.6823,0.6888,0.8,11,1.0269,0.8932,0.0131,0.8888,1.1497,1.1553
PG41822_text.txt,97293,32092,31631,0.6823,0.6888,0.8,12,0.9749,0.8962,0.0114,0.8992,1.0879,1.0842
PG41822_text.txt,97293,32092,31631,0.6823,0.6888,0.8,13,0.9789,0.8944,0.0108,0.8854,1.0945,1.1056
PG41822_text.txt,97293,32092,31631,0.6823,0.6888,0.8,14,0.9868,0.891,0.0125,0.8925,1.1075,1.1056
PG41822_text.txt,97293,32092,31631,0.6823,0.6888,0.8,15,0.9544,0.8925,0.0077,0.8843,1.0694,1.0793
PG41822_text.txt,97293,32092,31631,0.6823,0.6888,0.8,16,0.9786,0.8917,0.0095,0.8819,1.0974,1.1096
PG41822_text.txt,97293,32092,31631,0.6823,0.6888,0.8,17,0.9634,0.8928,0.0101,0.8947,1.0792,1.0768
PG41822_text.txt,97293,32092,31631,0.6823,0.6888,0.8,18,1.0047,0.8865,0.0092,0.8869,1.1334,1.1328
PG41822_text.txt,97293,32092,31631,0.6823,0.6888,0.8,19,0.9595,0.896,0.0145,0.8859,1.0708,1.0831
PG41822_text.txt,97293,32092,31631,0.6823,0.6888,0.8,20,0.9462,0.8966,0.0086,0.908,1.0553,1.042
PG41822_text.txt,97293,32092,31631,0.6823,0.6888,0.9,1,1.1477,0.9456,0.018,0.9731,1.2138,1.1795
PG41822_text.txt,97293,32092,31631,0.6823,0.6888,0.9,2,1.2201,0.9461,0.012,0.9333,1.2896,1.3073
PG41822_text.txt,97293,32092,31631,0.6823,0.6888,0.9,3,1.1261,0.9487,0.0167,0.9181,1.187,1.2265
PG41822_text.txt,97293,32092,31631,0.6823,0.6888,0.9,4,1.2028,0.9449,0.017,0.9696,1.2729,1.2405
PG41822_text.txt,97293,32092,31631,0.6823,0.6888,0.9,5,1.1316,0.953,0.0127,0.9286,1.1874,1.2186
PG41822_text.txt,97293,32092,31631,0.6823,0.6888,0.9,6,1.1677,0.951,0.0151,0.9692,1.2279,1.2047
PG41822_text.txt,97293,32092,31631,0.6823,0.6888,0.9,7,1.0427,0.9519,0.0147,0.9392,1.0954,1.1102
PG41822_text.txt,97293,32092,31631,0.6823,0.6888,0.9,8,1.1059,0.9491,0.0138,0.9627,1.1652,1.1488
PG41822_text.txt,97293,32092,31631,0.6823,0.6888,0.9,9,1.0607,0.9505,0.0129,0.9783,1.1159,1.0842
PG41822_text.txt,97293,32092,31631,0.6823,0.6888,0.9,10,1.0582,0.9546,0.0107,0.94,1.1085,1.1258
PG41822_text.txt,97293,32092,31631,0.6823,0.6888,0.9,11,1.1386,0.9451,0.0206,0.9397,1.2047,1.2116
PG41822_text.txt,97293,32092,31631,0.6823,0.6888,0.9,12,1.0147,0.9543,0.0165,0.9607,1.0632,1.0562
PG41822_text.txt,97293,32092,31631,0.6823,0.6888,0.9,13,1.0735,0.9452,0.0166,0.9579,1.1358,1.1208
PG41822_text.txt,97293,32092,31631,0.6823,0.6888,0.9,14,1.077,0.9472,0.0195,0.9395,1.1371,1.1464
PG41822_text.txt,97293,32092,31631,0.6823,0.6888,0.9,15,1.1281,0.9468,0.0193,0.9175,1.1915,1.2295
PG41822_text.txt,97293,32092,31631,0.6823,0.6888,0.9,16,1.0669,0.9503,0.0148,0.9095,1.1227,1.1731
PG41822_text.txt,97293,32092,31631,0.6823,0.6888,0.9,17,1.0214,0.9436,0.0176,0.9372,1.0825,1.0898
PG41822_text.txt,97293,32092,31631,0.6823,0.6888,0.9,18,1.0837,0.9429,0.0137,0.9492,1.1493,1.1417
PG41822_text.txt,97293,32092,31631,0.6823,0.6888,0.9,19,1.0486,0.9506,0.0231,0.9468,1.103,1.1075
PG41822_text.txt,97293,32092,31631,0.6823,0.6888,0.9,20,1.0604,0.9481,0.0152,0.9488,1.1184,1.1176
PG41822_text.txt,97293,32092,31631,0.6823,0.6888,0.95,1,1.1784,0.9728,0.0244,1.0094,1.2113,1.1674
PG41822_text.txt,97293,32092,31631,0.6823,0.6888,0.95,2,1.2376,0.9717,0.0173,0.9317,1.2736,1.3282
PG41822_text.txt,97293,32092,31631,0.6823,0.6888,0.95,3,1.2345,0.9711,0.0246,0.9611,1.2713,1.2845
PG41822_text.txt,97293,32092,31631,0.6823,0.6888,0.95,4,1.2841,0.965,0.0265,0.9529,1.3308,1.3476
PG41822_text.txt,97293,32092,31631,0.6823,0.6888,0.95,5,1.2261,0.9767,0.018,0.9663,1.2553,1.2688
PG41822_text.txt,97293,32092,31631,0.6823,0.6888,0.95,6,1.2519,0.977,0.025,1.0001,1.2813,1.2518
PG41822_text.txt,97293,32092,31631,0.6823,0.6888,0.95,7,1.1005,0.9785,0.0237,0.9722,1.1247,1.132
PG41822_text.txt,97293,32092,31631,0.6823,0.6888,0.95,8,1.1407,0.9713,0.0287,0.9481,1.1744,1.2032
PG41822_text.txt,97293,32092,31631,0.6823,0.6888,0.95,9,1.165,0.9675,0.0211,1.0551,1.2041,1.1042
PG41822_text.txt,97293,32092,31631,0.6823,0.6888,0.95,10,1.1876,0.9781,0.0237,0.9587,1.2143,1.2388
PG41822_text.txt,97293,32092,31631,0.6823,0.6888,0.95,11,1.2522,0.971,0.0224,0.9731,1.2896,1.2869
PG41822_text.txt,97293,32092,31631,0.6823,0.6888,0.95,12,1.0689,0.9809,0.0271,0.9621,1.0897,1.1111
PG41822_text.txt,97293,32092,31631,0.6823,0.6888,0.95,13,1.1195,0.9656,0.0192,0.9701,1.1594,1.1541
PG41822_text.txt,97293,32092,31631,0.6823,0.6888,0.95,14,1.1502,0.9739,0.0288,0.9607,1.1811,1.1972
PG41822_text.txt,97293,32092,31631,0.6823,0.6888,0.95,15,1.2231,0.9846,0.0236,0.9526,1.2422,1.2839
PG41822_text.txt,97293,32092,31631,0.6823,0.6888,0.95,16,1.0544,0.9748,0.0212,0.9573,1.0816,1.1015
PG41822_text.txt,97293,32092,31631,0.6823,0.6888,0.95,17,1.0707,0.9741,0.0184,0.9721,1.0992,1.1015
PG41822_text.txt,97293,32092,31631,0.6823,0.6888,0.95,18,1.1831,0.9706,0.02,0.9508,1.219,1.2443
PG41822_text.txt,97293,32092,31631,0.6823,0.6888,0.95,19,1.0869,0.9737,0.022,0.9616,1.1163,1.1304
PG41822_text.txt,97293,32092,31631,0.6823,0.6888,0.95,20,1.1545,0.9656,0.0247,0.9572,1.1955,1.2061
PG41822_text.txt,97293,32092,31631,0.6823,0.6888,0.99,1,1.6062,0.987,0.0541,0.9314,1.6274,1.7245
PG41822_text.txt,97293,32092,31631,0.6823,0.6888,0.99,2,1.215,0.9812,0.0479,0.9416,1.2383,1.2905
PG41822_text.txt,97293,32092,31631,0.6823,0.6888,0.99,3,1.183,0.9876,0.056,0.9993,1.1979,1.1839
PG41822_text.txt,97293,32092,31631,0.6823,0.6888,0.99,4,1.5584,1.0035,0.0499,1.0181,1.5529,1.5307
PG41822_text.txt,97293,32092,31631,0.6823,0.6888,0.99,5,1.4115,1.0091,0.0535,0.9572,1.3987,1.4747
PG41822_text.txt,97293,32092,31631,0.6823,0.6888,0.99,6,1.4014,0.9858,0.0487,0.9857,1.4216,1.4218
PG41822_text.txt,97293,32092,31631,0.6823,0.6888,0.99,7,1.136,1.0133,0.0596,0.889,1.1211,1.2779
PG41822_text.txt,97293,32092,31631,0.6823,0.6888,0.99,8,1.3641,1.0095,0.0706,1.0227,1.3513,1.3339
PG41822_text.txt,97293,32092,31631,0.6823,0.6888,0.99,9,1.132,1.0208,0.0568,1.0659,1.109,1.0621
PG41822_text.txt,97293,32092,31631,0.6823,0.6888,0.99,10,1.0923,0.9955,0.0595,1.0221,1.0973,1.0687
PG41822_text.txt,97293,32092,31631,0.6823,0.6888,0.99,11,2.0306,0.9804,0.0703,0.9986,2.0713,2.0335
PG41822_text.txt,97293,32092,31631,0.6823,0.6888,0.99,12,1.2882,0.9828,0.0647,0.9067,1.3108,1.4208
PG41822_text.txt,97293,32092,31631,0.6823,0.6888,0.99,13,1.1077,0.9661,0.0466,0.9554,1.1466,1.1595
PG41822_text.txt,97293,32092,31631,0.6823,0.6888,0.99,14,1.2141,0.9921,0.0528,1.0744,1.2238,1.1301
PG41822_text.txt,97293,32092,31631,0.6823,0.6888,0.99,15,3.3606,0.9956,0.074,1.1319,3.3755,2.9691
PG41822_text.txt,97293,32092,31631,0.6823,0.6888,0.99,16,1.1602,0.9968,0.0457,1.0246,1.1639,1.1324
PG41822_text.txt,97293,32092,31631,0.6823,0.6888,0.99,17,1.7626,1.0114,0.0643,0.9368,1.7428,1.8815
PG41822_text.txt,97293,32092,31631,0.6823,0.6888,0.99,18,1.7082,0.9887,0.0578,1.0696,1.7278,1.597
PG41822_text.txt,97293,32092,31631,0.6823,0.6888,0.99,19,1.1853,0.9978,0.0591,0.9332,1.1879,1.2701
PG41822_text.txt,97293,32092,31631,0.6823,0.6888,0.99,20,1.1345,0.9963,0.0396,0.9306,1.1387,1.2191
PG4707_text.txt,73662,23458,23212,0.6971,0.7003,0.6,1,0.9381,0.7759,0.009,0.7905,1.209,1.1867
PG4707_text.txt,73662,23458,23212,0.6971,0.7003,0.6,2,1.0098,0.7755,0.0081,0.7783,1.3021,1.2974
PG4707_text.txt,73662,23458,23212,0.6971,0.7003,0.6,3,0.9056,0.7735,0.0071,0.7652,1.1708,1.1835
PG4707_text.txt,73662,23458,23212,0.6971,0.7003,0.6,4,0.895,0.7717,0.0078,0.7843,1.1597,1.141
PG4707_text.txt,73662,23458,23212,0.6971,0.7003,0.6,5,0.8572,0.7771,0.0047,0.7794,1.1031,1.0999
PG4707_text.txt,73662,23458,23212,0.6971,0.7003,0.6,6,0.8782,0.7762,0.0072,0.7781,1.1314,1.1287
PG4707_text.txt,73662,23458,23212,0.6971,0.7003,0.6,7,0.8652,0.775,0.0111,0.771,1.1163,1.1222
PG4707_text.txt,73662,23458,23212,0.6971,0.7003,0.6,8,0.9405,0.7761,0.0064,0.7743,1.212,1.2146
PG4707_text.txt,73662,23458,23212,0.6971,0.7003,0.6,9,0.839,0.7742,0.0052,0.779,1.0836,1.077
PG4707_text.txt,73662,23458,23212,0.6971,0.7003,0.6,10,0.8711,0.7749,0.0072,0.7839,1.1242,1.1112
PG4707_text.txt,73662,23458,23212,0.6971,0.7003,0.6,11,0.8479,0.7753,0.0079,0.7713,1.0937,1.0993
PG4707_text.txt,73662,23458,23212,0.6971,0.7003,0.6,12,0.8562,0.7738,0.0068,0.7738,1.1065,1.1065
PG4707_text.txt,73662,23458,23212,0.6971,0.7003,0.6,13,0.8468,0.778,0.008,0.7708,1.0884,1.0986
PG4707_text.txt,73662,23458,23212,0.6971,0.7003,0.6,14,0.8574,0.7742,0.0082,0.777,1.1074,1.1034
PG4707_text.txt,73662,23458,23212,0.6971,0.7003,0.6,15,0.8566,0.7766,0.0078,0.7714,1.103,1.1104
PG4707_text.txt,73662,23458,23212,0.6971,0.7003,0.6,16,0.8354,0.7748,0.0091,0.7776,1.0782,1.0743
PG4707_text.txt,73662,23458,23212,0.6971,0.7003,0.6,17,0.8205,0.7746,0.0063,0.7849,1.0593,1.0454
PG4707_text.txt,73662,23458,23212,0.6971,0.7003,0.6,18,0.8236,0.7731,0.0083,0.7674,1.0653,1.0733
PG4707_text.txt,73662,23458,23212,0.6971,0.7003,0.6,19,0.8237,0.7787,0.0087,0.7934,1.0578,1.0382
PG4707_text.txt,73662,23458,23212,0.6971,0.7003,0.6,20,0.8215,0.7759,0.0064,0.7808,1.0589,1.0521
PG4707_text.txt,73662,23458,23212,0.6971,0.7003,0.7,1,1.0455,0.8342,0.0075,0.832,1.2532,1.2566
PG4707_text.txt,73662,23458,23212,0.6971,0.7003,0.7,2,1.1025,0.8396,0.011,0.8396,1.3131,1.3132
PG4707_text.txt,73662,23458,23212,0.6971,0.7003,0.7,3,0.9689,0.8351,0.0094,0.8349,1.1602,1.1604
PG4707_text.txt,73662,23458,23212,0.6971,0.7003,0.7,4,1.0422,0.8341,0.0105,0.8456,1.2495,1.2325
PG4707_text.txt,73662,23458,23212,0.6971,0.7003,0.7,5,0.9362,0.8364,0.0075,0.8205,1.1193,1.141
PG4707_text.txt,73662,23458,23212,0.6971,0.7003,0.7,6,0.9455,0.8379,0.0096,0.8404,1.1284,1.1251
PG4707_text.txt,73662,23458,23212,0.6971,0.7003,0.7,7,0.9388,0.8377,0.0117,0.8394,1.1208,1.1184
PG4707_text.txt,73662,23458,23212,0.6971,0.7003,0.7,8,1.0645,0.8368,0.0051,0.8298,1.2721,1.2829
PG4707_text.txt,73662,23458,23212,0.6971,0.7003,0.7,9,0.9225,0.8396,0.0104,0.8394,1.0987,1.099
PG4707_text.txt,73662,23458,23212,0.6971,0.7003,0.7,10,0.9491,0.8334,0.009,0.8484,1.1388,1.1187
PG4707_text.txt,73662,23458,23212,0.6971,0.7003,0.7,11,0.9153,0.8359,0.0109,0.8356,1.095,1.0953
PG4707_text.txt,73662,23458,23212,0.6971,0.7003,0.7,12,0.9382,0.8366,0.0085,0.8325,1.1215,1.1269
PG4707_text.txt,73662,23458,23212,0.6971,0.7003,0.7,13,0.9351,0.8387,0.0095,0.8339,1.1149,1.1214
PG4707_text.txt,73662,23458,23212,0.6971,0.7003,0.7,14,0.9483,0.8391,0.0111,0.8483,1.1302,1.1179
PG4707_text.txt,73662,23458,23212,0.6971,0.7003,0.7,15,0.9262,0.84,0.0086,0.8351,1.1026,1.1091
PG4707_text.txt,73662,23458,23212,0.6971,0.7003,0.7,16,0.8955,0.8374,0.0106,0.8432,1.0694,1.0621
PG4707_text.txt,73662,23458,23212,0.6971,0.7003,0.7,17,0.8792,0.8329,0.0113,0.8419,1.0556,1.0443
PG4707_text.txt,73662,23458,23212,0.6971,0.7003,0.7,18,0.8877,0.8337,0.0077,0.8272,1.0647,1.0731
PG4707_text.txt,73662,23458,23212,0.6971,0.7003,0.7,19,0.8907,0.8396,0.015,0.8405,1.0608,1.0597
PG4707_text.txt,73662,23458,23212,0.6971,0.7003,0.7,20,0.8835,0.8369,0.0076,0.8403,1.0556,1.0514
PG4707_text.txt,73662,23458,23212,0.6971,0.7003,0.8,1,1.1393,0.8951,0.0103,0.8867,1.2728,1.2848
PG4707_text.txt,73662,23458,23212,0.6971,0.7003,0.8,2,1.1494,0.8977,0.0117,0.8934,1.2804,1.2865
PG4707_text.txt,73662,23458,23212,0.6971,0.7003,0.8,3,1.0124,0.8913,0.0172,0.8945,1.1358,1.1318
PG4707_text.txt,73662,23458,23212,0.6971,0.7003,0.8,4,1.1371,0.8953,0.0131,0.9019,1.2701,1.2607
PG4707_text.txt,73662,23458,23212,0.6971,0.7003,0.8,5,1.009,0.8991,0.0124,0.8892,1.1223,1.1348
PG4707_text.txt,73662,23458,23212,0.6971,0.7003,0.8,6,1.0405,0.8907,0.0131,0.8901,1.1682,1.169
PG4707_text.txt,73662,23458,23212,0.6971,0.7003,0.8,7,0.9799,0.8942,0.0146,0.8944,1.0958,1.0956
PG4707_text.txt,73662,23458,23212,0.6971,0.7003,0.8,8,1.1385,0.8931,0.0126,0.8894,1.2747,1.28
PG4707_text.txt,73662,23458,23212,0.6971,0.7003,0.8,9,1.0032,0.8965,0.0134,0.8883,1.1191,1.1293
PG4707_text.txt,73662,23458,23212,0.6971,0.7003,0.8,10,1.0509,0.8899,0.0113,0.9233,1.1809,1.1382
PG4707_text.txt,73662,23458,23212,0.6971,0.7003,0.8,11,0.9972,0.8936,0.013,0.8975,1.116,1.1111
PG4707_text.txt,73662,23458,23212,0.6971,0.7003,0.8,12,1.0528,0.8958,0.0118,0.8918,1.1752,1.1806
PG4707_text.txt,73662,23458,23212,0.6971,0.7003,0.8,13,1.0285,0.8949,0.0108,0.8945,1.1493,1.1498
PG4707_text.txt,73662,23458,23212,0.6971,0.7003,0.8,14,1.0104,0.8955,0.0148,0.9159,1.1283,1.1032
PG4707_text.txt,73662,23458,23212,0.6971,0.7003,0.8,15,0.9845,0.8985,0.0144,0.8907,1.0957,1.1053
PG4707_text.txt,73662,23458,23212,0.6971,0.7003,0.8,16,1.0276,0.8908,0.0141,0.8949,1.1535,1.1483
PG4707_text.txt,73662,23458,23212,0.6971,0.7003,0.8,17,0.9576,0.8903,0.0109,0.9052,1.0756,1.0579
PG4707_text.txt,73662,23458,23212,0.6971,0.7003,0.8,18,0.9457,0.8899,0.0105,0.8864,1.0627,1.0669
PG4707_text.txt,73662,23458,23212,0.6971,0.7003,0.8,19,0.9807,0.8983,0.0151,0.8794,1.0917,1.1152
PG4707_text.txt,73662,23458,23212,0.6971,0.7003,0.8,20,0.9437,0.8922,0.0127,0.8875,1.0576,1.0632
PG4707_text.txt,73662,23458,23212,0.6971,0.7003,0.9,1,1.2217,0.9515,0.0187,0.9511,1.2839,1.2845
PG4707_text.txt,73662,23458,23212,0.6971,0.7003,0.9,2,1.2301,0.9461,0.0216,0.967,1.3002,1.2721
PG4707_text.txt,73662,23458,23212,0.6971,0.7003,0.9,3,1.1339,0.9432,0.0186,0.9244,1.2022,1.2267
PG4707_text.txt,73662,23458,23212,0.6971,0.7003,0.9,4,1.2386,0.9472,0.0206,0.9303,1.3076,1.3314
PG4707_text.txt,73662,23458,23212,0.6971,0.7003,0.9,5,1.0296,0.957,0.0162,0.954,1.0759,1.0792
PG4707_text.txt,73662,23458,23212,0.6971,0.7003,0.9,6,1.2067,0.954,0.0129,0.9532,1.2648,1.266
PG4707_text.txt,73662,23458,23212,0.6971,0.7003,0.9,7,1.0618,0.9433,0.0159,0.9662,1.1256,1.0989
PG4707_text.txt,73662,23458,23212,0.6971,0.7003,0.9,8,1.1624,0.9564,0.021,0.9496,1.2154,1.224
PG4707_text.txt,73662,23458,23212,0.6971,0.7003,0.9,9,1.0654,0.9476,0.0247,0.9301,1.1243,1.1455
PG4707_text.txt,73662,23458,23212,0.6971,0.7003,0.9,10,1.1263,0.9451,0.0183,0.9522,1.1918,1.1828
PG4707_text.txt,73662,23458,23212,0.6971,0.7003,0.9,11,1.0684,0.9411,0.0171,0.956,1.1352,1.1176
PG4707_text.txt,73662,23458,23212,0.6971,0.7003,0.9,12,1.1422,0.954,0.0168,0.9496,1.1973,1.2027
PG4707_text.txt,73662,23458,23212,0.6971,0.7003,0.9,13,1.1215,0.9519,0.0207,0.9545,1.1781,1.1749
PG4707_text.txt,73662,23458,23212,0.6971,0.7003,0.9,14,1.085,0.9443,0.0199,0.9368,1.149,1.1582
PG4707_text.txt,73662,23458,23212,0.6971,0.7003,0.9,15,1.0529,0.943,0.0151,0.9475,1.1166,1.1112
PG4707_text.txt,73662,23458,23212,0.6971,0.7003,0.9,16,1.0537,0.9474,0.0169,0.9531,1.1122,1.1055
PG4707_text.txt,73662,23458,23212,0.6971,0.7003,0.9,17,0.9978,0.9447,0.0179,0.9492,1.0562,1.0512
PG4707_text.txt,73662,23458,23212,0.6971,0.7003,0.9,18,0.9836,0.9448,0.0141,0.9609,1.0411,1.0237
PG4707_text.txt,73662,23458,23212,0.6971,0.7003,0.9,19,1.1052,0.946,0.0188,0.9246,1.1683,1.1953
PG4707_text.txt,73662,23458,23212,0.6971,0.7003,0.9,20,1.0332,0.9515,0.0177,0.9406,1.0858,1.0985
PG4707_text.txt,73662,23458,23212,0.6971,0.7003,0.95,1,1.2284,0.9697,0.0245,1.0039,1.2667,1.2237
PG4707_text.txt,73662,23458,23212,0.6971,0.7003,0.95,2,1.3204,0.9763,0.0233,0.9515,1.3524,1.3877
PG4707_text.txt,73662,23458,23212,0.6971,0.7003,0.95,3,1.2382,0.9608,0.0328,0.9834,1.2888,1.2591
PG4707_text.txt,73662,23458,23212,0.6971,0.7003,0.95,4,1.3265,0.9702,0.0187,1.0249,1.3673,1.2943
PG4707_text.txt,73662,23458,23212,0.6971,0.7003,0.95,5,1.2112,0.9789,0.0374,0.9504,1.2373,1.2744
PG4707_text.txt,73662,23458,23212,0.6971,0.7003,0.95,6,1.2068,0.9742,0.0211,0.9358,1.2387,1.2896
PG4707_text.txt,73662,23458,23212,0.6971,0.7003,0.95,7,1.0878,0.9782,0.0261,0.9383,1.1121,1.1594
PG4707_text.txt,73662,23458,23212,0.6971,0.7003,0.95,8,1.2494,0.9741,0.0263,1.0554,1.2827,1.1838
PG4707_text.txt,73662,23458,23212,0.6971,0.7003,0.95,9,1.1838,0.9702,0.0286,0.9759,1.2202,1.2131
PG4707_text.txt,73662,23458,23212,0.6971,0.7003,0.95,10,1.2213,0.9708,0.0217,0.9448,1.258,1.2927
PG4707_text.txt,73662,23458,23212,0.6971,0.7003,0.95,11,1.1899,0.977,0.0312,0.9563,1.2179,1.2443
PG4707_text.txt,73662,23458,23212,0.6971,0.7003,0.95,12,1.2403,0.9771,0.0206,0.9631,1.2695,1.2879
PG4707_text.txt,73662,23458,23212,0.6971,0.7003,0.95,13,1.189,0.9769,0.0307,0.9484,1.2172,1.2537
PG4707_text.txt,73662,23458,23212,0.6971,0.7003,0.95,14,1.1801,0.9685,0.0235,0.941,1.2185,1.2541
PG4707_text.txt,73662,23458,23212,0.6971,0.7003,0.95,15,1.1547,0.9751,0.0264,0.9402,1.1841,1.2282
PG4707_text.txt,73662,23458,23212,0.6971,0.7003,0.95,16,1.152,0.9637,0.0213,1.0024,1.1953,1.1492
PG4707_text.txt,73662,23458,23212,0.6971,0.7003,0.95,17,1.0024,0.9643,0.0306,0.9332,1.0396,1.0742
PG4707_text.txt,73662,23458,23212,0.6971,0.7003,0.95,18,1.0953,0.968,0.0225,0.9436,1.1314,1.1607
PG4707_text.txt,73662,23458,23212,0.6971,0.7003,0.95,19,1.1538,0.9811,0.0162,0.9966,1.176,1.1578
PG4707_text.txt,73662,23458,23212,0.6971,0.7003,0.95,20,1.108,0.9877,0.0256,0.9633,1.1218,1.1502
PG4707_text.txt,73662,23458,23212,0.6971,0.7003,0.99,1,1.4317,1.0005,0.0533,1.0986,1.431,1.3032
PG4707_text.txt,73662,23458,23212,0.6971,0.7003,0.99,2,1.5063,1.008,0.074,1.016,1.4944,1.4825
PG4707_text.txt,73662,23458,23212,0.6971,0.7003,0.99,3,1.2353,0.9798,0.0498,0.9801,1.2607,1.2604
PG4707_text.txt,73662,23458,23212,0.6971,0.7003,0.99,4,1.268,1.0099,0.0663,0.8916,1.2555,1.4222
PG4707_text.txt,73662,23458,23212,0.6971,0.7003,0.99,5,1.6104,0.9843,0.0666,0.9898,1.6361,1.6271
PG4707_text.txt,73662,23458,23212,0.6971,0.7003,0.99,6,1.3202,0.9859,0.0985,0.9891,1.3391,1.3348
PG4707_text.txt,73662,23458,23212,0.6971,0.7003,0.99,7,1.3973,1.0218,0.0629,0.9818,1.3674,1.4232
PG4707_text.txt,73662,23458,23212,0.6971,0.7003,0.99,8,1.8317,0.9709,0.0512,1.0273,1.8865,1.7831
PG4707_text.txt,73662,23458,23212,0.6971,0.7003,0.99,9,1.8499,0.9749,0.0528,1.0129,1.8977,1.8263
PG4707_text.txt,73662,23458,23212,0.6971,0.7003,0.99,10,1.3512,0.993,0.0482,0.919,1.3607,1.4703
PG4707_text.txt,73662,23458,23212,0.6971,0.7003,0.99,11,1.5758,0.9561,0.0532,0.9267,1.6482,1.7005
PG4707_text.txt,73662,23458,23212,0.6971,0.7003,0.99,12,1.3882,0.9942,0.0874,1.1522,1.3964,1.2048
PG4707_text.txt,73662,23458,23212,0.6971,0.7003,0.99,13,1.2247,0.9715,0.046,0.9625,1.2606,1.2724
PG4707_text.txt,73662,23458,23212,0.6971,0.7003,0.99,14,1.1472,1.005,0.0632,1.0851,1.1415,1.0572
PG4707_text.txt,73662,23458,23212,0.6971,0.7003,0.99,15,1.1432,0.9788,0.0645,0.9575,1.168,1.1939
PG4707_text.txt,73662,23458,23212,0.6971,0.7003,0.99,16,1.1352,1.0107,0.0817,1.0187,1.1232,1.1143
PG4707_text.txt,73662,23458,23212,0.6971,0.7003,0.99,17,0.9113,0.9852,0.0654,0.8538,0.925,1.0673
PG4707_text.txt,73662,23458,23212,0.6971,0.7003,0.99,18,1.0764,0.9814,0.0646,1.0873,1.0968,0.99
PG4707_text.txt,73662,23458,23212,0.6971,0.7003,0.99,19,1.3013,0.9814,0.0536,1.0705,1.326,1.2157
PG4707_text.txt,73662,23458,23212,0.6971,0.7003,0.99,20,1.1708,0.9972,0.0613,0.9829,1.1741,1.1912
PG5006_text.txt,88172,29420,29339,0.6736,0.6888,0.6,1,0.8574,0.7768,0.0055,0.7806,1.1037,1.0984
PG5006_text.txt,88172,29420,29339,0.6736,0.6888,0.6,2,1.0039,0.7765,0.006,0.7808,1.2929,1.2858
PG5006_text.txt,88172,29420,29339,0.6736,0.6888,0.6,3,0.9373,0.7745,0.0065,0.7759,1.2102,1.2081
PG5006_text.txt,88172,29420,29339,0.6736,0.6888,0.6,4,0.9063,0.7769,0.0076,0.7788,1.1666,1.1637
PG5006_text.txt,88172,29420,29339,0.6736,0.6888,0.6,5,0.8728,0.7738,0.0079,0.7778,1.1279,1.1221
PG5006_text.txt,88172,29420,29339,0.6736,0.6888,0.6,6,0.871,0.7759,0.0062,0.7587,1.1226,1.148
PG5006_text.txt,88172,29420,29339,0.6736,0.6888,0.6,7,0.875,0.7775,0.0057,0.7776,1.1254,1.1253
PG5006_text.txt,88172,29420,29339,0.6736,0.6888,0.6,8,0.8698,0.773,0.005,0.7747,1.1253,1.1229
PG5006_text.txt,88172,29420,29339,0.6736,0.6888,0.6,9,0.8506,0.7744,0.0059,0.7714,1.0984,1.1027
PG5006_text.txt,88172,29420,29339,0.6736,0.6888,0.6,10,0.852,0.773,0.0086,0.7749,1.1021,1.0995
PG5006_text.txt,88172,29420,29339,0.6736,0.6888,0.6,11,0.8498,0.772,0.0069,0.7812,1.1008,1.0877
PG5006_text.txt,88172,29420,29339,0.6736,0.6888,0.6,12,0.8327,0.7762,0.0063,0.7672,1.0728,1.0855
PG5006_text.txt,88172,29420,29339,0.6736,0.6888,0.6,13,0.8491,0.7784,0.0079,0.7745,1.0908,1.0962
PG5006_text.txt,88172,29420,29339,0.6736,0.6888,0.6,14,0.8225,0.7764,0.0061,0.7895,1.0594,1.0418
PG5006_text.txt,88172,29420,29339,0.6736,0.6888,0.6,15,0.8086,0.7767,0.0084,0.7757,1.0412,1.0424
PG5006_text.txt,88172,29420,29339,0.6736,0.6888,0.6,16,0.8215,0.7764,0.0076,0.7789,1.0581,1.0547
PG5006_text.txt,88172,29420,29339,0.6736,0.6888,0.6,17,0.8143,0.7741,0.007,0.7698,1.052,1.0579
PG5006_text.txt,88172,29420,29339,0.6736,0.6888,0.6,18,0.8248,0.7739,0.0088,0.7651,1.0657,1.078
PG5006_text.txt,88172,29420,29339,0.6736,0.6888,0.6,19,0.8166,0.7755,0.0051,0.7714,1.0531,1.0587
PG5006_text.txt,88172,29420,29339,0.6736,0.6888,0.6,20,0.8007,0.7754,0.0061,0.7671,1.0326,1.0438
PG5006_text.txt,88172,29420,29339,0.6736,0.6888,0.7,1,0.9431,0.8399,0.0085,0.8378,1.1228,1.1257
PG5006_text.txt,88172,29420,29339,0.6736,0.6888,0.7,2,1.1011,0.84,0.0072,0.8387,1.3108,1.3128
PG5006_text.txt,88172,29420,29339,0.6736,0.6888,0.7,3,1.0329,0.8335,0.0081,0.8377,1.2393,1.233
PG5006_text.txt,88172,29420,29339,0.6736,0.6888,0.7,4,0.9983,0.8392,0.0097,0.839,1.1896,1.1899
PG5006_text.txt,88172,29420,29339,0.6736,0.6888,0.7,5,0.9424,0.8361,0.0063,0.84,1.1272,1.1219
PG5006_text.txt,88172,29420,29339,0.6736,0.6888,0.7,6,0.943,0.8377,0.0071,0.8204,1.1257,1.1494
PG5006_text.txt,88172,29420,29339,0.6736,0.6888,0.7,7,0.9248,0.8386,0.0092,0.8406,1.1027,1.1001
PG5006_text.txt,88172,29420,29339,0.6736,0.6888,0.7,8,0.9299,0.8351,0.0106,0.8362,1.1135,1.112
PG5006_text.txt,88172,29420,29339,0.6736,0.6888,0.7,9,0.9267,0.8358,0.0065,0.8331,1.1087,1.1123
PG5006_text.txt,88172,29420,29339,0.6736,0.6888,0.7,10,0.9244,0.8356,0.0092,0.8496,1.1063,1.0881
PG5006_text.txt,88172,29420,29339,0.6736,0.6888,0.7,11,0.9019,0.8341,0.0089,0.8343,1.0812,1.081
PG5006_text.txt,88172,29420,29339,0.6736,0.6888,0.7,12,0.9125,0.8366,0.0086,0.8283,1.0907,1.1016
PG5006_text.txt,88172,29420,29339,0.6736,0.6888,0.7,13,0.9205,0.8371,0.0073,0.832,1.0996,1.1063
PG5006_text.txt,88172,29420,29339,0.6736,0.6888,0.7,14,0.8967,0.8388,0.0078,0.8493,1.0691,1.0559
PG5006_text.txt,88172,29420,29339,0.6736,0.6888,0.7,15,0.9028,0.8362,0.0083,0.8414,1.0796,1.0729
PG5006_text.txt,88172,29420,29339,0.6736,0.6888,0.7,16,0.9015,0.8396,0.0098,0.8415,1.0738,1.0713
PG5006_text.txt,88172,29420,29339,0.6736,0.6888,0.7,17,0.866,0.8346,0.0098,0.8378,1.0377,1.0337
PG5006_text.txt,88172,29420,29339,0.6736,0.6888,0.7,18,0.8745,0.8364,0.0094,0.8356,1.0455,1.0465
PG5006_text.txt,88172,29420,29339,0.6736,0.6888,0.7,19,0.8944,0.835,0.009,0.8449,1.0711,1.0585
PG5006_text.txt,88172,29420,29339,0.6736,0.6888,0.7,20,0.8641,0.8372,0.0111,0.8268,1.0322,1.0452
PG5006_text.txt,88172,29420,29339,0.6736,0.6888,0.8,1,1.0627,0.8964,0.0124,0.8998,1.1855,1.1811
PG5006_text.txt,88172,29420,29339,0.6736,0.6888,0.8,2,1.1467,0.8964,0.0125,0.8925,1.2793,1.2849
PG5006_text.txt,88172,29420,29339,0.6736,0.6888,0.8,3,1.1726,0.8928,0.0092,0.8848,1.3133,1.3253
PG5006_text.txt,88172,29420,29339,0.6736,0.6888,0.8,4,1.067,0.8966,0.0103,0.8983,1.19,1.1878
PG5006_text.txt,88172,29420,29339,0.6736,0.6888,0.8,5,1.0346,0.8935,0.0128,0.8958,1.1579,1.155
PG5006_text.txt,88172,29420,29339,0.6736,0.6888,0.8,6,1.0262,0.8922,0.0102,0.8732,1.1501,1.1752
PG5006_text.txt,88172,29420,29339,0.6736,0.6888,0.8,7,0.9973,0.8959,0.0112,0.9065,1.1131,1.1001
PG5006_text.txt,88172,29420,29339,0.6736,0.6888,0.8,8,1.0184,0.8946,0.0139,0.8942,1.1385,1.1389
PG5006_text.txt,88172,29420,29339,0.6736,0.6888,0.8,9,1.0367,0.8917,0.011,0.876,1.1626,1.1835
PG5006_text.txt,88172,29420,29339,0.6736,0.6888,0.8,10,0.9938,0.8901,0.0101,0.9074,1.1164,1.0952
PG5006_text.txt,88172,29420,29339,0.6736,0.6888,0.8,11,0.9879,0.8921,0.011,0.9052,1.1074,1.0914
PG5006_text.txt,88172,29420,29339,0.6736,0.6888,0.8,12,0.9977,0.8973,0.0101,0.8991,1.112,1.1097
PG5006_text.txt,88172,29420,29339,0.6736,0.6888,0.8,13,0.9747,0.8947,0.0126,0.8871,1.0894,1.0987
PG5006_text.txt,88172,29420,29339,0.6736,0.6888,0.8,14,0.9646,0.8943,0.0125,0.9111,1.0786,1.0587
PG5006_text.txt,88172,29420,29339,0.6736,0.6888,0.8,15,0.9722,0.8931,0.0073,0.8926,1.0886,1.0892
PG5006_text.txt,88172,29420,29339,0.6736,0.6888,0.8,16,0.9841,0.8975,0.0133,0.8789,1.0965,1.1198
PG5006_text.txt,88172,29420,29339,0.6736,0.6888,0.8,17,0.9328,0.8942,0.0126,0.9073,1.0432,1.0282
PG5006_text.txt,88172,29420,29339,0.6736,0.6888,0.8,18,0.9376,0.8892,0.0117,0.9006,1.0544,1.0411
PG5006_text.txt,88172,29420,29339,0.6736,0.6888,0.8,19,0.9489,0.8921,0.0104,0.8905,1.0637,1.0656
PG5006_text.txt,88172,29420,29339,0.6736,0.6888,0.8,20,0.9673,0.8954,0.0099,0.8846,1.0803,1.0935
PG5006_text.txt,88172,29420,29339,0.6736,0.6888,0.9,1,1.1113,0.9546,0.0144,0.9445,1.1642,1.1766
PG5006_text.txt,88172,29420,29339,0.6736,0.6888,0.9,2,1.2334,0.949,0.0179,0.9624,1.2996,1.2816
PG5006_text.txt,88172,29420,29339,0.6736,0.6888,0.9,3,1.3123,0.9493,0.0169,0.9204,1.3824,1.4257
PG5006_text.txt,88172,29420,29339,0.6736,0.6888,0.9,4,1.1325,0.9525,0.0138,0.9368,1.189,1.2089
PG5006_text.txt,88172,29420,29339,0.6736,0.6888,0.9,5,1.165,0.9541,0.0238,0.9418,1.221,1.237
PG5006_text.txt,88172,29420,29339,0.6736,0.6888,0.9,6,1.0603,0.9492,0.0183,0.9199,1.117,1.1527
PG5006_text.txt,88172,29420,29339,0.6736,0.6888,0.9,7,1.0516,0.9555,0.0132,0.9273,1.1006,1.134
PG5006_text.txt,88172,29420,29339,0.6736,0.6888,0.9,8,1.0626,0.9536,0.0203,0.9403,1.1143,1.13
PG5006_text.txt,88172,29420,29339,0.6736,0.6888,0.9,9,1.1394,0.946,0.0142,0.9523,1.2045,1.1965
PG5006_text.txt,88172,29420,29339,0.6736,0.6888,0.9,10,1.1018,0.942,0.0183,0.9611,1.1696,1.1464
PG5006_text.txt,88172,29420,29339,0.6736,0.6888,0.9,11,1.0662,0.9496,0.0203,0.9481,1.1228,1.1246
PG5006_text.txt,88172,29420,29339,0.6736,0.6888,0.9,12,1.0699,0.9503,0.0179,0.9399,1.1258,1.1383
PG5006_text.txt,88172,29420,29339,0.6736,0.6888,0.9,13,1.0573,0.944,0.0154,0.9445,1.12,1.1194
PG5006_text.txt,88172,29420,29339,0.6736,0.6888,0.9,14,1.0153,0.9546,0.0129,0.9841,1.0636,1.0317
PG5006_text.txt,88172,29420,29339,0.6736,0.6888,0.9,15,0.9912,0.9546,0.0167,0.9638,1.0383,1.0284
PG5006_text.txt,88172,29420,29339,0.6736,0.6888,0.9,16,1.0484,0.9505,0.0184,0.9668,1.103,1.0843
PG5006_text.txt,88172,29420,29339,0.6736,0.6888,0.9,17,1.037,0.9519,0.015,0.9353,1.0894,1.1087
PG5006_text.txt,88172,29420,29339,0.6736,0.6888,0.9,18,1.0,0.9467,0.0161,0.9459,1.0563,1.0571
PG5006_text.txt,88172,29420,29339,0.6736,0.6888,0.9,19,1.0467,0.9497,0.0173,0.943,1.1021,1.1099
PG5006_text.txt,88172,29420,29339,0.6736,0.6888,0.9,20,1.044,0.9445,0.0171,0.9391,1.1053,1.1117
PG5006_text.txt,88172,29420,29339,0.6736,0.6888,0.95,1,1.1491,0.9711,0.0313,0.9463,1.1833,1.2143
PG5006_text.txt,88172,29420,29339,0.6736,0.6888,0.95,2,1.1682,0.9842,0.0335,0.9993,1.1871,1.1691
PG5006_text.txt,88172,29420,29339,0.6736,0.6888,0.95,3,1.3126,0.9765,0.0222,0.9741,1.3443,1.3475
PG5006_text.txt,88172,29420,29339,0.6736,0.6888,0.95,4,1.0611,0.9658,0.0243,0.9629,1.0986,1.1019
PG5006_text.txt,88172,29420,29339,0.6736,0.6888,0.95,5,1.2259,0.9785,0.0252,0.9675,1.2528,1.267
PG5006_text.txt,88172,29420,29339,0.6736,0.6888,0.95,6,1.0744,0.9837,0.0216,1.0023,1.0922,1.0719
PG5006_text.txt,88172,29420,29339,0.6736,0.6888,0.95,7,1.1707,0.9675,0.0289,0.9796,1.2099,1.1951
PG5006_text.txt,88172,29420,29339,0.6736,0.6888,0.95,8,1.0914,0.9791,0.0251,0.9638,1.1147,1.1323
PG5006_text.txt,88172,29420,29339,0.6736,0.6888,0.95,9,1.2141,0.9613,0.0195,0.9701,1.2629,1.2515
PG5006_text.txt,88172,29420,29339,0.6736,0.6888,0.95,10,1.1742,0.9703,0.0207,0.9343,1.2102,1.2568
PG5006_text.txt,88172,29420,29339,0.6736,0.6888,0.95,11,1.1201,0.9786,0.0292,0.96,1.1446,1.1667
PG5006_text.txt,88172,29420,29339,0.6736,0.6888,0.95,12,1.1443,0.982,0.0246,1.0002,1.1652,1.144
PG5006_text.txt,88172,29420,29339,0.6736,0.6888,0.95,13,1.055,0.9783,0.0295,0.9906,1.0784,1.0649
PG5006_text.txt,88172,29420,29339,0.6736,0.6888,0.95,14,1.151,0.9716,0.0196,0.9646,1.1846,1.1932
PG5006_text.txt,88172,29420,29339,0.6736,0.6888,0.95,15,1.0405,0.9783,0.0231,1.0091,1.0636,1.0312
PG5006_text.txt,88172,29420,29339,0.6736,0.6888,0.95,16,1.1156,0.9732,0.0253,0.9598,1.1463,1.1623
PG5006_text.txt,88172,29420,29339,0.6736,0.6888,0.95,17,1.1272,0.9825,0.0192,0.9868,1.1472,1.1423
PG5006_text.txt,88172,29420,29339,0.6736,0.6888,0.95,18,1.0537,0.972,0.0237,0.9806,1.0841,1.0745
PG5006_text.txt,88172,29420,29339,0.6736,0.6888,0.95,19,1.1243,0.9696,0.0248,0.9597,1.1595,1.1715
PG5006_text.txt,88172,29420,29339,0.6736,0.6888,0.95,20,1.0895,0.9668,0.0279,0.9449,1.1269,1.1531
PG5006_text.txt,88172,29420,29339,0.6736,0.6888,0.99,1,1.122,0.9801,0.0604,1.0366,1.1448,1.0824
PG5006_text.txt,88172,29420,29339,0.6736,0.6888,0.99,2,1.1332,1.0033,0.0624,0.9054,1.1295,1.2516
PG5006_text.txt,88172,29420,29339,0.6736,0.6888,0.99,3,1.2259,1.0114,0.0732,0.9426,1.2121,1.3005
PG5006_text.txt,88172,29420,29339,0.6736,0.6888,0.99,4,1.1348,0.9822,0.0415,1.1617,1.1554,0.9768
PG5006_text.txt,88172,29420,29339,0.6736,0.6888,0.99,5,1.3801,1.0028,0.0624,0.9679,1.3762,1.4258
PG5006_text.txt,88172,29420,29339,0.6736,0.6888,0.99,6,1.2068,0.9983,0.0759,0.9608,1.2089,1.2561
PG5006_text.txt,88172,29420,29339,0.6736,0.6888,0.99,7,1.2224,1.0124,0.0453,0.9656,1.2074,1.2659
PG5006_text.txt,88172,29420,29339,0.6736,0.6888,0.99,8,1.1954,0.987,0.0645,0.993,1.2112,1.2038
PG5006_text.txt,88172,29420,29339,0.6736,0.6888,0.99,9,1.1717,0.9732,0.0622,1.0326,1.204,1.1347
PG5006_text.txt,88172,29420,29339,0.6736,0.6888,0.99,10,1.3511,0.9719,0.0519,1.0238,1.3901,1.3197
PG5006_text.txt,88172,29420,29339,0.6736,0.6888,0.99,11,1.1886,0.9944,0.0615,1.0205,1.1953,1.1648
PG5006_text.txt,88172,29420,29339,0.6736,0.6888,0.99,12,1.2253,0.994,0.0535,1.0864,1.2327,1.1279
PG5006_text.txt,88172,29420,29339,0.6736,0.6888,0.99,13,1.0363,0.9912,0.0582,0.9663,1.0455,1.0725
PG5006_text.txt,88172,29420,29339,0.6736,0.6888,0.99,14,1.2591,1.0025,0.0735,1.015,1.2559,1.2405
PG5006_text.txt,88172,29420,29339,0.6736,0.6888,0.99,15,1.0862,1.0034,0.0433,1.0518,1.0825,1.0327
PG5006_text.txt,88172,29420,29339,0.6736,0.6888,0.99,16,1.124,1.0135,0.0594,0.9041,1.1091,1.2433
PG5006_text.txt,88172,29420,29339,0.6736,0.6888,0.99,17,0.9216,0.9758,0.0376,1.0503,0.9445,0.8775
PG5006_text.txt,88172,29420,29339,0.6736,0.6888,0.99,18,0.9912,0.9872,0.0498,0.9505,1.004,1.0427
PG5006_text.txt,88172,29420,29339,0.6736,0.6888,0.99,19,1.1039,0.9878,0.0501,0.9865,1.1175,1.119
PG5006_text.txt,88172,29420,29339,0.6736,0.6888,0.99,20,1.2108,0.9937,0.0585,0.9982,1.2185,1.213
PG5129_text.txt,115212,41150,40923,0.7043,0.735,0.6,1,0.8676,0.7748,0.0051,0.7777,1.1198,1.1156
PG5129_text.txt,115212,41150,40923,0.7043,0.735,0.6,2,0.9649,0.7775,0.0049,0.77,1.2411,1.2532
PG5129_text.txt,115212,41150,40923,0.7043,0.735,0.6,3,0.9316,0.7707,0.0033,0.7804,1.2088,1.1938
PG5129_text.txt,115212,41150,40923,0.7043,0.735,0.6,4,0.8637,0.7764,0.0074,0.7777,1.1124,1.1107
PG5129_text.txt,115212,41150,40923,0.7043,0.735,0.6,5,0.8238,0.7793,0.0075,0.775,1.0571,1.0629
PG5129_text.txt,115212,41150,40923,0.7043,0.735,0.6,6,0.8954,0.7764,0.0041,0.7778,1.1532,1.1512
PG5129_text.txt,115212,41150,40923,0.7043,0.735,0.6,7,0.8415,0.7759,0.0055,0.7709,1.0846,1.0916
PG5129_text.txt,115212,41150,40923,0.7043,0.735,0.6,8,0.8429,0.7748,0.0065,0.7756,1.088,1.0867
PG5129_text.txt,115212,41150,40923,0.7043,0.735,0.6,9,0.8369,0.7764,0.0055,0.7781,1.0778,1.0755
PG5129_text.txt,115212,41150,40923,0.7043,0.735,0.6,10,0.8323,0.7753,0.0068,0.7796,1.0734,1.0676
PG5129_text.txt,115212,41150,40923,0.7043,0.735,0.6,11,0.8385,0.7741,0.0048,0.7769,1.0832,1.0793
PG5129_text.txt,115212,41150,40923,0.7043,0.735,0.6,12,0.8285,0.773,0.0064,0.7862,1.0718,1.0539
PG5129_text.txt,115212,41150,40923,0.7043,0.735,0.6,13,0.8281,0.775,0.0052,0.7725,1.0685,1.0719
PG5129_text.txt,115212,41150,40923,0.7043,0.735,0.6,14,0.8137,0.773,0.0058,0.7733,1.0526,1.0522
PG5129_text.txt,115212,41150,40923,0.7043,0.735,0.6,15,0.8269,0.773,0.0042,0.769,1.0697,1.0752
PG5129_text.txt,115212,41150,40923,0.7043,0.735,0.6,16,0.8247,0.7757,0.0062,0.7907,1.0632,1.043
PG5129_text.txt,115212,41150,40923,0.7043,0.735,0.6,17,0.8193,0.7735,0.007,0.7762,1.0592,1.0556
PG5129_text.txt,115212,41150,40923,0.7043,0.735,0.6,18,0.7974,0.7756,0.0079,0.7765,1.0281,1.0269
PG5129_text.txt,115212,41150,40923,0.7043,0.735,0.6,19,0.8117,0.776,0.0056,0.7681,1.0459,1.0567
PG5129_text.txt,115212,41150,40923,0.7043,0.735,0.6,20,0.8101,0.7744,0.0054,0.7728,1.0461,1.0483
PG5129_text.txt,115212,41150,40923,0.7043,0.735,0.7,1,0.9374,0.8364,0.0071,0.8406,1.1207,1.1152
PG5129_text.txt,115212,41150,40923,0.7043,0.735,0.7,2,1.0231,0.8382,0.0069,0.8358,1.2205,1.2241
PG5129_text.txt,115212,41150,40923,0.7043,0.735,0.7,3,1.0461,0.8317,0.0075,0.8442,1.2577,1.2392
PG5129_text.txt,115212,41150,40923,0.7043,0.735,0.7,4,0.9303,0.8392,0.0082,0.8266,1.1086,1.1255
PG5129_text.txt,115212,41150,40923,0.7043,0.735,0.7,5,0.8787,0.8432,0.0084,0.8398,1.0422,1.0464
PG5129_text.txt,115212,41150,40923,0.7043,0.735,0.7,6,0.9784,0.8395,0.0063,0.8257,1.1654,1.1849
PG5129_text.txt,115212,41150,40923,0.7043,0.735,0.7,7,0.9098,0.838,0.0077,0.8364,1.0857,1.0878
PG5129_text.txt,115212,41150,40923,0.7043,0.735,0.7,8,0.9377,0.8387,0.0086,0.8427,1.1181,1.1127
PG5129_text.txt,115212,41150,40923,0.7043,0.735,0.7,9,0.9166,0.8373,0.0058,0.8448,1.0947,1.085
PG5129_text.txt,115212,41150,40923,0.7043,0.735,0.7,10,0.9025,0.8341,0.008,0.8444,1.082,1.0688
PG5129_text.txt,115212,41150,40923,0.7043,0.735,0.7,11,0.9217,0.8364,0.0078,0.836,1.1021,1.1025
PG5129_text.txt,115212,41150,40923,0.7043,0.735,0.7,12,0.9043,0.8351,0.0054,0.8438,1.0828,1.0717
PG5129_text.txt,115212,41150,40923,0.7043,0.735,0.7,13,0.9024,0.8366,0.0083,0.8507,1.0787,1.0607
PG5129_text.txt,115212,41150,40923,0.7043,0.735,0.7,14,0.8805,0.836,0.0051,0.8428,1.0531,1.0446
PG5129_text.txt,115212,41150,40923,0.7043,0.735,0.7,15,0.8911,0.8321,0.007,0.8499,1.071,1.0486
PG5129_text.txt,115212,41150,40923,0.7043,0.735,0.7,16,0.9028,0.8365,0.0081,0.8403,1.0792,1.0744
PG5129_text.txt,115212,41150,40923,0.7043,0.735,0.7,17,0.8985,0.8339,0.008,0.839,1.0775,1.0709
PG5129_text.txt,115212,41150,40923,0.7043,0.735,0.7,18,0.8787,0.8378,0.0091,0.8395,1.0489,1.0467
PG5129_text.txt,115212,41150,40923,0.7043,0.735,0.7,19,0.8701,0.8378,0.0082,0.8326,1.0386,1.045
PG5129_text.txt,115212,41150,40923,0.7043,0.735,0.7,20,0.8974,0.8341,0.0071,0.8346,1.076,1.0753
PG5129_text.txt,115212,41150,40923,0.7043,0.735,0.8,1,1.0232,0.896,0.0131,0.8947,1.1419,1.1437
PG5129_text.txt,115212,41150,40923,0.7043,0.735,0.8,2,1.1146,0.898,0.0096,0.8873,1.2412,1.2562
PG5129_text.txt,115212,41150,40923,0.7043,0.735,0.8,3,1.1431,0.8923,0.0097,0.8932,1.2811,1.2798
PG5129_text.txt,115212,41150,40923,0.7043,0.735,0.8,4,0.9987,0.8964,0.0093,0.8845,1.1141,1.1291
PG5129_text.txt,115212,41150,40923,0.7043,0.735,0.8,5,0.9725,0.9003,0.0124,0.8947,1.0802,1.0869
PG5129_text.txt,115212,41150,40923,0.7043,0.735,0.8,6,1.0229,0.8932,0.0085,0.8973,1.1453,1.1401
PG5129_text.txt,115212,41150,40923,0.7043,0.735,0.8,7,0.9915,0.8924,0.0104,0.8888,1.1111,1.1156
PG5129_text.txt,115212,41150,40923,0.7043,0.735,0.8,8,1.0203,0.8949,0.007,0.8967,1.1401,1.1378
PG5129_text.txt,115212,41150,40923,0.7043,0.735,0.8,9,0.9805,0.8911,0.0076,0.8822,1.1004,1.1115
PG5129_text.txt,115212,41150,40923,0.7043,0.735,0.8,10,0.985,0.8944,0.0103,0.8793,1.1014,1.1203
PG5129_text.txt,115212,41150,40923,0.7043,0.735,0.8,11,0.9834,0.8919,0.0095,0.8877,1.1026,1.1078
PG5129_text.txt,115212,41150,40923,0.7043,0.735,0.8,12,0.9591,0.8936,0.0083,0.9029,1.0733,1.0622
PG5129_text.txt,115212,41150,40923,0.7043,0.735,0.8,13,0.9701,0.8965,0.0121,0.9103,1.0821,1.0656
PG5129_text.txt,115212,41150,40923,0.7043,0.735,0.8,14,0.9673,0.895,0.008,0.8851,1.0809,1.0929
PG5129_text.txt,115212,41150,40923,0.7043,0.735,0.8,15,0.9575,0.8893,0.0089,0.9031,1.0767,1.0603
PG5129_text.txt,115212,41150,40923,0.7043,0.735,0.8,16,0.9512,0.8922,0.0098,0.8974,1.0661,1.0599
PG5129_text.txt,115212,41150,40923,0.7043,0.735,0.8,17,0.9756,0.8897,0.0089,0.8849,1.0966,1.1026
PG5129_text.txt,115212,41150,40923,0.7043,0.735,0.8,18,0.9533,0.8944,0.0116,0.8947,1.0659,1.0655
PG5129_text.txt,115212,41150,40923,0.7043,0.735,0.8,19,0.9349,0.8958,0.009,0.8943,1.0437,1.0453
PG5129_text.txt,115212,41150,40923,0.7043,0.735,0.8,20,0.9742,0.8906,0.0092,0.8939,1.0939,1.0898
PG5129_text.txt,115212,41150,40923,0.7043,0.735,0.9,1,1.1494,0.9461,0.0144,0.9592,1.2148,1.1983
PG5129_text.txt,115212,41150,40923,0.7043,0.735,0.9,2,1.1,0.951,0.0126,0.9538,1.1567,1.1533
PG5129_text.txt,115212,41150,40923,0.7043,0.735,0.9,3,1.373,0.9514,0.0162,0.9577,1.4432,1.4337
PG5129_text.txt,115212,41150,40923,0.7043,0.735,0.9,4,1.0749,0.9488,0.018,0.9219,1.1328,1.1659
PG5129_text.txt,115212,41150,40923,0.7043,0.735,0.9,5,1.0822,0.9503,0.0152,0.944,1.1388,1.1464
PG5129_text.txt,115212,41150,40923,0.7043,0.735,0.9,6,1.0747,0.9494,0.0119,0.9262,1.132,1.1604
PG5129_text.txt,115212,41150,40923,0.7043,0.735,0.9,7,1.0087,0.9506,0.0191,0.9373,1.0611,1.0762
PG5129_text.txt,115212,41150,40923,0.7043,0.735,0.9,8,1.1108,0.9491,0.017,0.956,1.1703,1.1619
PG5129_text.txt,115212,41150,40923,0.7043,0.735,0.9,9,1.0914,0.9394,0.0141,0.9363,1.1617,1.1657
PG5129_text.txt,115212,41150,40923,0.7043,0.735,0.9,10,1.069,0.9499,0.0165,0.9318,1.1253,1.1472
PG5129_text.txt,115212,41150,40923,0.7043,0.735,0.9,11,1.0549,0.9443,0.0136,0.9355,1.1171,1.1276
PG5129_text.txt,115212,41150,40923,0.7043,0.735,0.9,12,1.0084,0.9521,0.0109,0.9516,1.059,1.0597
PG5129_text.txt,115212,41150,40923,0.7043,0.735,0.9,13,1.0473,0.9518,0.0195,0.9596,1.1004,1.0914
PG5129_text.txt,115212,41150,40923,0.7043,0.735,0.9,14,1.0682,0.9459,0.0132,0.9376,1.1293,1.1393
PG5129_text.txt,115212,41150,40923,0.7043,0.735,0.9,15,1.0343,0.9506,0.0192,0.9761,1.0881,1.0597
PG5129_text.txt,115212,41150,40923,0.7043,0.735,0.9,16,1.0469,0.9485,0.0099,0.9481,1.1037,1.1042
PG5129_text.txt,115212,41150,40923,0.7043,0.735,0.9,17,1.084,0.9429,0.0161,0.9417,1.1497,1.1511
PG5129_text.txt,115212,41150,40923,0.7043,0.735,0.9,18,0.9838,0.9516,0.0151,0.9697,1.0338,1.0146
PG5129_text.txt,115212,41150,40923,0.7043,0.735,0.9,19,1.0104,0.9546,0.0136,0.9438,1.0584,1.0706
PG5129_text.txt,115212,41150,40923,0.7043,0.735,0.9,20,1.0628,0.9469,0.0171,0.9449,1.1224,1.1248
PG5129_text.txt,115212,41150,40923,0.7043,0.735,0.95,1,1.4412,0.9697,0.02,0.9915,1.4862,1.4535
PG5129_text.txt,115212,41150,40923,0.7043,0.735,0.95,2,1.0922,0.9676,0.0211,0.9621,1.1289,1.1352
PG5129_text.txt,115212,41150,40923,0.7043,0.735,0.95,3,1.5326,0.9737,0.0157,1.0022,1.5739,1.5292
PG5129_text.txt,115212,41150,40923,0.7043,0.735,0.95,4,1.0679,0.9777,0.0239,0.9257,1.0923,1.1536
PG5129_text.txt,115212,41150,40923,0.7043,0.735,0.95,5,1.1422,0.9748,0.0231,0.9561,1.1717,1.1947
PG5129_text.txt,115212,41150,40923,0.7043,0.735,0.95,6,1.1108,0.969,0.0205,0.9858,1.1464,1.1268
PG5129_text.txt,115212,41150,40923,0.7043,0.735,0.95,7,1.0973,0.9812,0.0219,0.9479,1.1184,1.1576
PG5129_text.txt,115212,41150,40923,0.7043,0.735,0.95,8,1.1328,0.9795,0.0223,0.9578,1.1564,1.1826
PG5129_text.txt,115212,41150,40923,0.7043,0.735,0.95,9,1.1309,0.9709,0.0196,0.9414,1.1648,1.2012
PG5129_text.txt,115212,41150,40923,0.7043,0.735,0.95,10,1.1458,0.9685,0.0189,0.9646,1.1831,1.1878
PG5129_text.txt,115212,41150,40923,0.7043,0.735,0.95,11,1.0532,0.9726,0.026,0.9895,1.0829,1.0644
PG5129_text.txt,115212,41150,40923,0.7043,0.735,0.95,12,1.0817,0.9773,0.0152,0.9825,1.1068,1.1009
PG5129_text.txt,115212,41150,40923,0.7043,0.735,0.95,13,1.0737,0.9665,0.0229,0.9849,1.1109,1.0902
PG5129_text.txt,115212,41150,40923,0.7043,0.735,0.95,14,1.0873,0.9705,0.0175,0.9642,1.1204,1.1277
PG5129_text.txt,115212,41150,40923,0.7043,0.735,0.95,15,1.0767,0.9747,0.0244,0.974,1.1047,1.1055
PG5129_text.txt,115212,41150,40923,0.7043,0.735,0.95,16,1.0879,0.9654,0.0129,0.9637,1.1269,1.1289
PG5129_text.txt,115212,41150,40923,0.7043,0.735,0.95,17,1.2092,0.9679,0.0288,0.9687,1.2492,1.2482
PG5129_text.txt,115212,41150,40923,0.7043,0.735,0.95,18,1.0502,0.9812,0.0181,0.9543,1.0703,1.1005
PG5129_text.txt,115212,41150,40923,0.7043,0.735,0.95,19,1.0168,0.9713,0.0218,0.948,1.0468,1.0725
PG5129_text.txt,115212,41150,40923,0.7043,0.735,0.95,20,1.118,0.9652,0.0237,0.9972,1.1583,1.1212
PG5129_text.txt,115212,41150,40923,0.7043,0.735,0.99,1,2.0231,0.9986,0.0564,0.9075,2.0259,2.2295
PG5129_text.txt,115212,41150,40923,0.7043,0.735,0.99,2,1.2745,0.9958,0.0497,0.9344,1.2799,1.364
PG5129_text.txt,115212,41150,40923,0.7043,0.735,0.99,3,1.2867,0.9723,0.0599,1.0018,1.3234,1.2843
PG5129_text.txt,115212,41150,40923,0.7043,0.735,0.99,4,1.0525,1.0002,0.0516,0.9568,1.0524,1.1
PG5129_text.txt,115212,41150,40923,0.7043,0.735,0.99,5,1.2926,0.9678,0.0407,0.9774,1.3356,1.3224
PG5129_text.txt,115212,41150,40923,0.7043,0.735,0.99,6,1.0365,0.9876,0.0663,1.0425,1.0495,0.9943
PG5129_text.txt,115212,41150,40923,0.7043,0.735,0.99,7,1.09,1.0234,0.0579,0.9867,1.0652,1.1048
PG5129_text.txt,115212,41150,40923,0.7043,0.735,0.99,8,1.3063,0.9778,0.0461,1.0017,1.336,1.304
PG5129_text.txt,115212,41150,40923,0.7043,0.735,0.99,9,1.294,0.9948,0.0499,0.9547,1.3008,1.3553
PG5129_text.txt,115212,41150,40923,0.7043,0.735,0.99,10,1.2618,0.9949,0.0422,0.967,1.2683,1.3048
PG5129_text.txt,115212,41150,40923,0.7043,0.735,0.99,11,1.1907,1.0083,0.0495,1.0685,1.1809,1.1143
PG5129_text.txt,115212,41150,40923,0.7043,0.735,0.99,12,1.4845,1.0133,0.0465,1.0039,1.465,1.4788
PG5129_text.txt,115212,41150,40923,0.7043,0.735,0.99,13,1.4031,0.9845,0.056,0.9772,1.4252,1.4358
PG5129_text.txt,115212,41150,40923,0.7043,0.735,0.99,14,1.3769,0.9831,0.05,0.9436,1.4006,1.4592
PG5129_text.txt,115212,41150,40923,0.7043,0.735,0.99,15,1.1411,0.9958,0.0501,0.93,1.1459,1.2269
PG5129_text.txt,115212,41150,40923,0.7043,0.735,0.99,16,1.1115,0.9814,0.0429,1.027,1.1326,1.0823
PG5129_text.txt,115212,41150,40923,0.7043,0.735,0.99,17,1.4744,0.9908,0.0353,1.0611,1.4881,1.3895
PG5129_text.txt,115212,41150,40923,0.7043,0.735,0.99,18,1.0727,0.9685,0.0448,0.9715,1.1076,1.1041
PG5129_text.txt,115212,41150,40923,0.7043,0.735,0.99,19,1.2006,0.9887,0.0362,1.0591,1.2143,1.1336
PG5129_text.txt,115212,41150,40923,0.7043,0.735,0.99,20,1.2029,0.9949,0.0527,0.996,1.2091,1.2078
PG557_text.txt,56270,18371,18131,0.7034,0.6888,0.6,1,0.819,0.7751,0.0056,0.7799,1.0567,1.0502
PG557_text.txt,56270,18371,18131,0.7034,0.6888,0.6,2,0.9583,0.7727,0.0098,0.767,1.2402,1.2494
PG557_text.txt,56270,18371,18131,0.7034,0.6888,0.6,3,0.9302,0.7754,0.0068,0.77,1.1997,1.2081
PG557_text.txt,56270,18371,18131,0.7034,0.6888,0.6,4,0.8997,0.7721,0.009,0.7771,1.1652,1.1577
PG557_text.txt,56270,18371,18131,0.7034,0.6888,0.6,5,0.8579,0.7726,0.009,0.7663,1.1103,1.1195
PG557_text.txt,56270,18371,18131,0.7034,0.6888,0.6,6,0.8777,0.7717,0.0095,0.7609,1.1373,1.1534
PG557_text.txt,56270,18371,18131,0.7034,0.6888,0.6,7,0.8809,0.7723,0.0105,0.7642,1.1406,1.1528
PG557_text.txt,56270,18371,18131,0.7034,0.6888,0.6,8,0.8277,0.7734,0.0107,0.7717,1.0702,1.0726
PG557_text.txt,56270,18371,18131,0.7034,0.6888,0.6,9,0.8447,0.7765,0.0117,0.7789,1.0879,1.0845
PG557_text.txt,56270,18371,18131,0.7034,0.6888,0.6,10,0.8183,0.7758,0.0087,0.7701,1.0548,1.0625
PG557_text.txt,56270,18371,18131,0.7034,0.6888,0.6,11,0.8411,0.7772,0.0111,0.769,1.0822,1.0937
PG557_text.txt,56270,18371,18131,0.7034,0.6888,0.6,12,0.8509,0.7785,0.0097,0.7927,1.093,1.0734
PG557_text.txt,56270,18371,18131,0.7034,0.6888,0.6,13,0.8447,0.7751,0.008,0.7909,1.0898,1.068
PG557_text.txt,56270,18371,18131,0.7034,0.6888,0.6,14,0.8516,0.7782,0.0082,0.765,1.0944,1.1132
PG557_text.txt,56270,18371,18131,0.7034,0.6888,0.6,15,0.8604,0.7769,0.0085,0.7765,1.1075,1.1081
PG557_text.txt,56270,18371,18131,0.7034,0.6888,0.6,16,0.8313,0.7753,0.0078,0.778,1.0722,1.0685
PG557_text.txt,56270,18371,18131,0.7034,0.6888,0.6,17,0.8309,0.7763,0.0079,0.777,1.0703,1.0693
PG557_text.txt,56270,18371,18131,0.7034,0.6888,0.6,18,0.8144,0.7746,0.0093,0.7812,1.0515,1.0425
PG557_text.txt,56270,18371,18131,0.7034,0.6888,0.6,19,0.8497,0.7721,0.0088,0.7719,1.1005,1.1008
PG557_text.txt,56270,18371,18131,0.7034,0.6888,0.6,20,0.802,0.7729,0.0074,0.7805,1.0376,1.0276
PG557_text.txt,56270,18371,18131,0.7034,0.6888,0.7,1,0.8919,0.8366,0.0086,0.8281,1.0661,1.077
PG557_text.txt,56270,18371,18131,0.7034,0.6888,0.7,2,1.0361,0.8352,0.009,0.8186,1.2406,1.2658
PG557_text.txt,56270,18371,18131,0.7034,0.6888,0.7,3,1.0348,0.8378,0.0077,0.8395,1.2351,1.2326
PG557_text.txt,56270,18371,18131,0.7034,0.6888,0.7,4,1.0097,0.8336,0.0143,0.8404,1.2112,1.2014
PG557_text.txt,56270,18371,18131,0.7034,0.6888,0.7,5,0.9344,0.8338,0.0106,0.8256,1.1207,1.1318
PG557_text.txt,56270,18371,18131,0.7034,0.6888,0.7,6,0.9474,0.833,0.0115,0.8288,1.1374,1.1431
PG557_text.txt,56270,18371,18131,0.7034,0.6888,0.7,7,0.9694,0.8348,0.0129,0.8279,1.1613,1.1709
PG557_text.txt,56270,18371,18131,0.7034,0.6888,0.7,8,0.9315,0.8357,0.0124,0.8354,1.1147,1.1151
PG557_text.txt,56270,18371,18131,0.7034,0.6888,0.7,9,0.9457,0.833,0.0107,0.8431,1.1354,1.1217
PG557_text.txt,56270,18371,18131,0.7034,0.6888,0.7,10,0.8924,0.8361,0.0105,0.8299,1.0673,1.0753
PG557_text.txt,56270,18371,18131,0.7034,0.6888,0.7,11,0.905,0.8399,0.0122,0.84,1.0775,1.0774
PG557_text.txt,56270,18371,18131,0.7034,0.6888,0.7,12,0.9338,0.8399,0.0147,0.8513,1.1117,1.0969
PG557_text.txt,56270,18371,18131,0.7034,0.6888,0.7,13,0.8939,0.8332,0.0097,0.8324,1.0728,1.0739
PG557_text.txt,56270,18371,18131,0.7034,0.6888,0.7,14,0.9099,0.8383,0.0101,0.8269,1.0855,1.1004
PG557_text.txt,56270,18371,18131,0.7034,0.6888,0.7,15,0.9176,0.8376,0.0106,0.838,1.0955,1.095
PG557_text.txt,56270,18371,18131,0.7034,0.6888,0.7,16,0.8982,0.8376,0.0135,0.8322,1.0723,1.0792
PG557_text.txt,56270,18371,18131,0.7034,0.6888,0.7,17,0.8878,0.8406,0.0125,0.8334,1.0561,1.0653
PG557_text.txt,56270,18371,18131,0.7034,0.6888,0.7,18,0.9,0.8363,0.0119,0.8252,1.0761,1.0906
PG557_text.txt,56270,18371,18131,0.7034,0.6888,0.7,19,0.9146,0.8313,0.0112,0.8417,1.1002,1.0866
PG557_text.txt,56270,18371,18131,0.7034,0.6888,0.7,20,0.8678,0.8361,0.0122,0.8422,1.0379,1.0303
PG557_text.txt,56270,18371,18131,0.7034,0.6888,0.8,1,1.0528,0.8947,0.0172,0.883,1.1768,1.1923
PG557_text.txt,56270,18371,18131,0.7034,0.6888,0.8,2,1.1197,0.8898,0.0129,0.8785,1.2584,1.2745
PG557_text.txt,56270,18371,18131,0.7034,0.6888,0.8,3,1.1793,0.8919,0.0144,0.9063,1.3223,1.3013
PG557_text.txt,56270,18371,18131,0.7034,0.6888,0.8,4,1.0962,0.8888,0.0105,0.8949,1.2333,1.2249
PG557_text.txt,56270,18371,18131,0.7034,0.6888,0.8,5,1.0088,0.8913,0.0139,0.8747,1.1319,1.1533
PG557_text.txt,56270,18371,18131,0.7034,0.6888,0.8,6,1.0019,0.8948,0.0162,0.9083,1.1197,1.1031
PG557_text.txt,56270,18371,18131,0.7034,0.6888,0.8,7,1.0348,0.8938,0.0112,0.8899,1.1577,1.1628
PG557_text.txt,56270,18371,18131,0.7034,0.6888,0.8,8,1.0045,0.9009,0.0161,0.8993,1.115,1.1169
PG557_text.txt,56270,18371,18131,0.7034,0.6888,0.8,9,1.0446,0.8943,0.0125,0.873,1.168,1.1966
PG557_text.txt,56270,18371,18131,0.7034,0.6888,0.8,10,1.0105,0.8868,0.0125,0.8964,1.1395,1.1273
PG557_text.txt,56270,18371,18131,0.7034,0.6888,0.8,11,1.0067,0.8942,0.0142,0.8876,1.1257,1.1342
PG557_text.txt,56270,18371,18131,0.7034,0.6888,0.8,12,0.9997,0.8965,0.0171,0.8898,1.1152,1.1235
PG557_text.txt,56270,18371,18131,0.7034,0.6888,0.8,13,0.9881,0.8953,0.0114,0.8884,1.1037,1.1123
PG557_text.txt,56270,18371,18131,0.7034,0.6888,0.8,14,0.9769,0.891,0.0131,0.9043,1.0964,1.0803
PG557_text.txt,56270,18371,18131,0.7034,0.6888,0.8,15,0.962,0.8936,0.0112,0.9077,1.0765,1.0598
PG557_text.txt,56270,18371,18131,0.7034,0.6888,0.8,16,0.9671,0.8932,0.0131,0.894,1.0827,1.0817
PG557_text.txt,56270,18371,18131,0.7034,0.6888,0.8,17,0.9328,0.8931,0.0169,0.8932,1.0444,1.0443
PG557_text.txt,56270,18371,18131,0.7034,0.6888,0.8,18,0.9672,0.8954,0.0132,0.8765,1.0802,1.1035
PG557_text.txt,56270,18371,18131,0.7034,0.6888,0.8,19,0.9841,0.8926,0.0113,0.9031,1.1025,1.0897
PG557_text.txt,56270,18371,18131,0.7034,0.6888,0.8,20,0.9593,0.8961,0.016,0.8944,1.0705,1.0726
PG557_text.txt,56270,18371,18131,0.7034,0.6888,0.9,1,1.1838,0.9397,0.0221,0.9164,1.2598,1.2919
PG557_text.txt,56270,18371,18131,0.7034,0.6888,0.9,2,1.1976,0.9449,0.0215,0.9371,1.2674,1.278
PG557_text.txt,56270,18371,18131,0.7034,0.6888,0.9,3,1.3788,0.9524,0.0197,0.9267,1.4476,1.4878
PG557_text.txt,56270,18371,18131,0.7034,0.6888,0.9,4,1.3404,0.9403,0.0199,0.9148,1.4254,1.4651
PG557_text.txt,56270,18371,18131,0.7034,0.6888,0.9,5,1.1224,0.9476,0.0229,0.9355,1.1845,1.1997
PG557_text.txt,56270,18371,18131,0.7034,0.6888,0.9,6,1.1543,0.9518,0.0194,0.9573,1.2128,1.2058
PG557_text.txt,56270,18371,18131,0.7034,0.6888,0.9,7,1.1792,0.9468,0.0227,0.9318,1.2454,1.2655
PG557_text.txt,56270,18371,18131,0.7034,0.6888,0.9,8,1.1726,0.949,0.0218,0.9499,1.2356,1.2344
PG557_text.txt,56270,18371,18131,0.7034,0.6888,0.9,9,1.09,0.9459,0.0188,0.9322,1.1523,1.1693
PG557_text.txt,56270,18371,18131,0.7034,0.6888,0.9,10,1.0637,0.9504,0.0219,0.9319,1.1192,1.1413
PG557_text.txt,56270,18371,18131,0.7034,0.6888,0.9,11,1.0688,0.9437,0.0196,0.9703,1.1326,1.1015
PG557_text.txt,56270,18371,18131,0.7034,0.6888,0.9,12,1.0854,0.9476,0.0149,0.9752,1.1454,1.1129
PG557_text.txt,56270,18371,18131,0.7034,0.6888,0.9,13,1.1277,0.9572,0.0241,0.9496,1.1781,1.1875
PG557_text.txt,56270,18371,18131,0.7034,0.6888,0.9,14,1.1032,0.9472,0.0193,0.9001,1.1648,1.2256
PG557_text.txt,56270,18371,18131,0.7034,0.6888,0.9,15,1.1019,0.9461,0.0264,0.9433,1.1647,1.1681
PG557_text.txt,56270,18371,18131,0.7034,0.6888,0.9,16,1.1188,0.9457,0.0174,0.9702,1.183,1.1531
PG557_text.txt,56270,18371,18131,0.7034,0.6888,0.9,17,0.9996,0.948,0.0223,0.9417,1.0545,1.0614
PG557_text.txt,56270,18371,18131,0.7034,0.6888,0.9,18,1.0481,0.9561,0.0209,0.9209,1.0962,1.1381
PG557_text.txt,56270,18371,18131,0.7034,0.6888,0.9,19,1.0546,0.946,0.013,0.9831,1.1148,1.0727
PG557_text.txt,56270,18371,18131,0.7034,0.6888,0.9,20,1.092,0.9527,0.0222,0.9728,1.1463,1.1226
PG557_text.txt,56270,18371,18131,0.7034,0.6888,0.95,1,1.5265,0.972,0.0377,0.9547,1.5705,1.5989
PG557_text.txt,56270,18371,18131,0.7034,0.6888,0.95,2,1.3234,0.963,0.0358,0.9607,1.3742,1.3775
PG557_text.txt,56270,18371,18131,0.7034,0.6888,0.95,3,1.5192,0.9676,0.0315,0.9881,1.5701,1.5375
PG557_text.txt,56270,18371,18131,0.7034,0.6888,0.95,4,1.5637,0.9648,0.0276,0.9378,1.6207,1.6674
PG557_text.txt,56270,18371,18131,0.7034,0.6888,0.95,5,1.1733,0.9546,0.0451,0.9278,1.2291,1.2647
PG557_text.txt,56270,18371,18131,0.7034,0.6888,0.95,6,1.3486,0.9851,0.025,0.9779,1.369,1.3791
PG557_text.txt,56270,18371,18131,0.7034,0.6888,0.95,7,1.2272,0.958,0.0273,0.9255,1.281,1.326
PG557_text.txt,56270,18371,18131,0.7034,0.6888,0.95,8,1.3983,0.9841,0.0329,1.0399,1.4209,1.3446
PG557_text.txt,56270,18371,18131,0.7034,0.6888,0.95,9,1.2245,0.9678,0.0242,0.9603,1.2652,1.2751
PG557_text.txt,56270,18371,18131,0.7034,0.6888,0.95,10,1.1883,0.9791,0.0276,0.9378,1.2136,1.2671
PG557_text.txt,56270,18371,18131,0.7034,0.6888,0.95,11,1.1224,0.9818,0.036,0.9729,1.1432,1.1536
PG557_text.txt,56270,18371,18131,0.7034,0.6888,0.95,12,1.1235,0.9706,0.0409,1.0236,1.1575,1.0976
PG557_text.txt,56270,18371,18131,0.7034,0.6888,0.95,13,1.3235,0.9794,0.0298,1.0232,1.3513,1.2935
PG557_text.txt,56270,18371,18131,0.7034,0.6888,0.95,14,1.2803,0.9706,0.0172,0.9357,1.3191,1.3682
PG557_text.txt,56270,18371,18131,0.7034,0.6888,0.95,15,1.2268,0.965,0.0335,0.9549,1.2712,1.2847
PG557_text.txt,56270,18371,18131,0.7034,0.6888,0.95,16,1.2153,0.9761,0.0282,0.99,1.2451,1.2276
PG557_text.txt,56270,18371,18131,0.7034,0.6888,0.95,17,1.0728,0.9735,0.0289,0.9942,1.1021,1.0791
PG557_text.txt,56270,18371,18131,0.7034,0.6888,0.95,18,1.1127,0.9767,0.0239,0.955,1.1393,1.1652
PG557_text.txt,56270,18371,18131,0.7034,0.6888,0.95,19,1.0517,0.9732,0.0187,0.9388,1.0807,1.1203
PG557_text.txt,56270,18371,18131,0.7034,0.6888,0.95,20,1.2174,0.9767,0.025,1.0293,1.2464,1.1827
PG557_text.txt,56270,18371,18131,0.7034,0.6888,0.99,1,1.93,0.9993,0.0592,1.0419,1.9313,1.8524
PG557_text.txt,56270,18371,18131,0.7034,0.6888,0.99,2,1.5152,0.9598,0.0966,1.0647,1.5786,1.4231
PG557_text.txt,56270,18371,18131,0.7034,0.6888,0.99,3,1.4123,1.0116,0.0843,1.0842,1.3961,1.3026
PG557_text.txt,56270,18371,18131,0.7034,0.6888,0.99,4,2.0348,0.9802,0.0699,1.1187,2.076,1.8189
PG557_text.txt,56270,18371,18131,0.7034,0.6888,0.99,5,1.3502,0.9916,0.0921,1.0268,1.3616,1.3149
PG557_text.txt,56270,18371,18131,0.7034,0.6888,0.99,6,2.3855,1.014,0.079,0.9695,2.3525,2.4605
PG557_text.txt,56270,18371,18131,0.7034,0.6888,0.99,7,1.5624,0.9757,0.0713,1.0037,1.6013,1.5567
PG557_text.txt,56270,18371,18131,0.7034,0.6888,0.99,8,1.8845,0.9757,0.0729,1.0247,1.9315,1.839
PG557_text.txt,56270,18371,18131,0.7034,0.6888,0.99,9,1.4639,0.9992,0.0617,0.9336,1.4651,1.568
PG557_text.txt,56270,18371,18131,0.7034,0.6888,0.99,10,1.2769,0.9839,0.0947,0.9129,1.2978,1.3988
PG557_text.txt,56270,18371,18131,0.7034,0.6888,0.99,11,1.6156,0.9666,0.0931,0.9033,1.6713,1.7886
PG557_text.txt,56270,18371,18131,0.7034,0.6888,0.99,12,1.446,0.9695,0.0782,1.0065,1.4915,1.4366
PG557_text.txt,56270,18371,18131,0.7034,0.6888,0.99,13,1.2892,0.9826,0.0627,1.1906,1.3121,1.0829
PG557_text.txt,56270,18371,18131,0.7034,0.6888,0.99,14,3.6446,0.9732,0.084,0.9342,3.745,3.9013
PG557_text.txt,56270,18371,18131,0.7034,0.6888,0.99,15,1.996,0.9584,0.0717,1.0233,2.0826,1.9506
PG557_text.txt,56270,18371,18131,0.7034,0.6888,0.99,16,1.2323,0.9878,0.0691,0.8997,1.2475,1.3696
PG557_text.txt,56270,18371,18131,0.7034,0.6888,0.99,17,1.5326,0.9583,0.0864,1.0133,1.5994,1.5125
PG557_text.txt,56270,18371,18131,0.7034,0.6888,0.99,18,1.5359,0.9991,0.0687,1.1003,1.5372,1.3959
PG557_text.txt,56270,18371,18131,0.7034,0.6888,0.99,19,1.7884,1.0021,0.0725,0.9913,1.7846,1.8041
PG557_text.txt,56270,18371,18131,0.7034,0.6888,0.99,20,1.7571,1.0008,0.0848,0.922,1.7558,1.9057
PG5719_text.txt,180135,68319,67769,0.7131,0.7581,0.6,1,0.8559,0.7744,0.0033,0.7808,1.1052,1.0961
PG5719_text.txt,180135,68319,67769,0.7131,0.7581,0.6,2,0.9507,0.7757,0.0045,0.7715,1.2256,1.2323
PG5719_text.txt,180135,68319,67769,0.7131,0.7581,0.6,3,0.9347,0.776,0.0039,0.7647,1.2045,1.2224
PG5719_text.txt,180135,68319,67769,0.7131,0.7581,0.6,4,0.8639,0.7762,0.004,0.7759,1.113,1.1134
PG5719_text.txt,180135,68319,67769,0.7131,0.7581,0.6,5,0.8277,0.7748,0.0047,0.7806,1.0683,1.0605
PG5719_text.txt,180135,68319,67769,0.7131,0.7581,0.6,6,0.8337,0.7743,0.0033,0.7722,1.0767,1.0795
PG5719_text.txt,180135,68319,67769,0.7131,0.7581,0.6,7,0.9107,0.777,0.006,0.7722,1.172,1.1793
PG5719_text.txt,180135,68319,67769,0.7131,0.7581,0.6,8,0.8614,0.7739,0.0044,0.7908,1.113,1.0892
PG5719_text.txt,180135,68319,67769,0.7131,0.7581,0.6,9,0.8435,0.7753,0.0036,0.778,1.0881,1.0843
PG5719_text.txt,180135,68319,67769,0.7131,0.7581,0.6,10,0.8596,0.775,0.0032,0.775,1.1092,1.1092
PG5719_text.txt,180135,68319,67769,0.7131,0.7581,0.6,11,0.8421,0.7755,0.0055,0.774,1.0858,1.088
PG5719_text.txt,180135,68319,67769,0.7131,0.7581,0.6,12,0.818,0.7762,0.0036,0.7735,1.0538,1.0574
PG5719_text.txt,180135,68319,67769,0.7131,0.7581,0.6,13,0.827,0.7763,0.0056,0.7882,1.0654,1.0493
PG5719_text.txt,180135,68319,67769,0.7131,0.7581,0.6,14,0.8425,0.7749,0.0046,0.7676,1.0872,1.0976
PG5719_text.txt,180135,68319,67769,0.7131,0.7581,0.6,15,0.8245,0.7744,0.005,0.7722,1.0648,1.0677
PG5719_text.txt,180135,68319,67769,0.7131,0.7581,0.6,16,0.8354,0.7776,0.0044,0.7716,1.0744,1.0827
PG5719_text.txt,180135,68319,67769,0.7131,0.7581,0.6,17,0.835,0.7734,0.0046,0.7811,1.0795,1.0689
PG5719_text.txt,180135,68319,67769,0.7131,0.7581,0.6,18,0.8127,0.7729,0.0049,0.78,1.0515,1.0419
PG5719_text.txt,180135,68319,67769,0.7131,0.7581,0.6,19,0.8018,0.7739,0.0037,0.7703,1.036,1.0409
PG5719_text.txt,180135,68319,67769,0.7131,0.7581,0.6,20,0.806,0.7752,0.0054,0.7717,1.0397,1.0444
PG5719_text.txt,180135,68319,67769,0.7131,0.7581,0.7,1,0.9562,0.8372,0.0046,0.8351,1.1421,1.145
PG5719_text.txt,180135,68319,67769,0.7131,0.7581,0.7,2,1.0543,0.8378,0.0045,0.8363,1.2584,1.2606
PG5719_text.txt,180135,68319,67769,0.7131,0.7581,0.7,3,1.0299,0.8399,0.0075,0.833,1.2263,1.2364
PG5719_text.txt,180135,68319,67769,0.7131,0.7581,0.7,4,0.9527,0.8382,0.0053,0.839,1.1366,1.1355
PG5719_text.txt,180135,68319,67769,0.7131,0.7581,0.7,5,0.9066,0.8351,0.0073,0.8316,1.0856,1.0902
PG5719_text.txt,180135,68319,67769,0.7131,0.7581,0.7,6,0.9014,0.8361,0.0061,0.8378,1.0782,1.0759
PG5719_text.txt,180135,68319,67769,0.7131,0.7581,0.7,7,1.0089,0.8378,0.0057,0.8348,1.2042,1.2085
PG5719_text.txt,180135,68319,67769,0.7131,0.7581,0.7,8,0.9362,0.8387,0.0049,0.8467,1.1162,1.1056
PG5719_text.txt,180135,68319,67769,0.7131,0.7581,0.7,9,0.9332,0.8351,0.0053,0.8288,1.1174,1.1259
PG5719_text.txt,180135,68319,67769,0.7131,0.7581,0.7,10,0.9405,0.8367,0.0047,0.8436,1.124,1.1149
PG5719_text.txt,180135,68319,67769,0.7131,0.7581,0.7,11,0.9238,0.8366,0.005,0.8412,1.1041,1.0982
PG5719_text.txt,180135,68319,67769,0.7131,0.7581,0.7,12,0.8737,0.8375,0.005,0.8237,1.0432,1.0608
PG5719_text.txt,180135,68319,67769,0.7131,0.7581,0.7,13,0.8933,0.8389,0.0059,0.8409,1.0649,1.0623
PG5719_text.txt,180135,68319,67769,0.7131,0.7581,0.7,14,0.9297,0.8371,0.0041,0.831,1.1106,1.1187
PG5719_text.txt,180135,68319,67769,0.7131,0.7581,0.7,15,0.8935,0.837,0.0054,0.8282,1.0675,1.0788
PG5719_text.txt,180135,68319,67769,0.7131,0.7581,0.7,16,0.9003,0.8392,0.0059,0.8374,1.0729,1.0751
PG5719_text.txt,180135,68319,67769,0.7131,0.7581,0.7,17,0.9048,0.8349,0.0057,0.8406,1.0838,1.0765
PG5719_text.txt,180135,68319,67769,0.7131,0.7581,0.7,18,0.8844,0.8353,0.006,0.8299,1.0589,1.0657
PG5719_text.txt,180135,68319,67769,0.7131,0.7581,0.7,19,0.8746,0.8354,0.005,0.8263,1.047,1.0584
PG5719_text.txt,180135,68319,67769,0.7131,0.7581,0.7,20,0.8774,0.8376,0.0074,0.8419,1.0476,1.0422
PG5719_text.txt,180135,68319,67769,0.7131,0.7581,0.8,1,1.0866,0.8946,0.0085,0.9008,1.2146,1.2062
PG5719_text.txt,180135,68319,67769,0.7131,0.7581,0.8,2,1.1661,0.8964,0.008,0.8984,1.3009,1.298
PG5719_text.txt,180135,68319,67769,0.7131,0.7581,0.8,3,1.0928,0.895,0.0085,0.8961,1.221,1.2195
PG5719_text.txt,180135,68319,67769,0.7131,0.7581,0.8,4,1.0385,0.8949,0.0082,0.8857,1.1604,1.1725
PG5719_text.txt,180135,68319,67769,0.7131,0.7581,0.8,5,0.966,0.8923,0.0082,0.8904,1.0826,1.0849
PG5719_text.txt,180135,68319,67769,0.7131,0.7581,0.8,6,0.9735,0.8919,0.0074,0.8942,1.0914,1.0886
PG5719_text.txt,180135,68319,67769,0.7131,0.7581,0.8,7,1.0718,0.8939,0.0061,0.8913,1.199,1.2026
PG5719_text.txt,180135,68319,67769,0.7131,0.7581,0.8,8,1.029,0.8936,0.008,0.9159,1.1515,1.1235
PG5719_text.txt,180135,68319,67769,0.7131,0.7581,0.8,9,1.0194,0.8917,0.0085,0.8875,1.1433,1.1487
PG5719_text.txt,180135,68319,67769,0.7131,0.7581,0.8,10,1.0316,0.895,0.0075,0.9028,1.1527,1.1427
PG5719_text.txt,180135,68319,67769,0.7131,0.7581,0.8,11,1.0198,0.8951,0.0069,0.8895,1.1394,1.1465
PG5719_text.txt,180135,68319,67769,0.7131,0.7581,0.8,12,0.9484,0.8929,0.0073,0.8982,1.0622,1.0559
PG5719_text.txt,180135,68319,67769,0.7131,0.7581,0.8,13,0.9855,0.8986,0.0067,0.8948,1.0967,1.1014
PG5719_text.txt,180135,68319,67769,0.7131,0.7581,0.8,14,1.0093,0.8952,0.0074,0.8904,1.1275,1.1335
PG5719_text.txt,180135,68319,67769,0.7131,0.7581,0.8,15,0.9697,0.8975,0.0083,0.8949,1.0805,1.0836
PG5719_text.txt,180135,68319,67769,0.7131,0.7581,0.8,16,0.9748,0.8964,0.0072,0.8964,1.0874,1.0874
PG5719_text.txt,180135,68319,67769,0.7131,0.7581,0.8,17,0.9756,0.8939,0.0102,0.8878,1.0914,1.0989
PG5719_text.txt,180135,68319,67769,0.7131,0.7581,0.8,18,0.9519,0.8919,0.0085,0.8917,1.0673,1.0675
PG5719_text.txt,180135,68319,67769,0.7131,0.7581,0.8,19,0.9416,0.8937,0.0066,0.8826,1.0536,1.0669
PG5719_text.txt,180135,68319,67769,0.7131,0.7581,0.8,20,0.9399,0.8964,0.0067,0.8943,1.0485,1.051
PG5719_text.txt,180135,68319,67769,0.7131,0.7581,0.9,1,1.259,0.9521,0.0111,0.9547,1.3224,1.3188
PG5719_text.txt,180135,68319,67769,0.7131,0.7581,0.9,2,1.2226,0.9487,0.0139,0.9446,1.2886,1.2943
PG5719_text.txt,180135,68319,67769,0.7131,0.7581,0.9,3,1.1886,0.9495,0.0116,0.9309,1.2518,1.2768
PG5719_text.txt,180135,68319,67769,0.7131,0.7581,0.9,4,1.1972,0.9476,0.0126,0.9266,1.2634,1.2921
PG5719_text.txt,180135,68319,67769,0.7131,0.7581,0.9,5,1.0291,0.9475,0.0111,0.927,1.0861,1.1101
PG5719_text.txt,180135,68319,67769,0.7131,0.7581,0.9,6,1.0484,0.953,0.0139,0.9536,1.1001,1.0994
PG5719_text.txt,180135,68319,67769,0.7131,0.7581,0.9,7,1.1238,0.9514,0.0084,0.9639,1.1812,1.1659
PG5719_text.txt,180135,68319,67769,0.7131,0.7581,0.9,8,1.1381,0.9463,0.0163,0.964,1.2027,1.1806
PG5719_text.txt,180135,68319,67769,0.7131,0.7581,0.9,9,1.101,0.9482,0.0091,0.9502,1.1612,1.1588
PG5719_text.txt,180135,68319,67769,0.7131,0.7581,0.9,10,1.1051,0.9511,0.0091,0.9588,1.1619,1.1526
PG5719_text.txt,180135,68319,67769,0.7131,0.7581,0.9,11,1.1223,0.9523,0.013,0.938,1.1784,1.1965
PG5719_text.txt,180135,68319,67769,0.7131,0.7581,0.9,12,1.049,0.9513,0.0128,0.9447,1.1027,1.1104
PG5719_text.txt,180135,68319,67769,0.7131,0.7581,0.9,13,1.0742,0.9482,0.0093,0.9245,1.1329,1.1619
PG5719_text.txt,180135,68319,67769,0.7131,0.7581,0.9,14,1.0863,0.9492,0.0124,0.9397,1.1445,1.156
PG5719_text.txt,180135,68319,67769,0.7131,0.7581,0.9,15,1.0042,0.953,0.0116,0.9407,1.0536,1.0675
PG5719_text.txt,180135,68319,67769,0.7131,0.7581,0.9,16,1.0544,0.9531,0.0144,0.9742,1.1062,1.0823
PG5719_text.txt,180135,68319,67769,0.7131,0.7581,0.9,17,1.0319,0.9496,0.0116,0.9486,1.0867,1.0879
PG5719_text.txt,180135,68319,67769,0.7131,0.7581,0.9,18,1.0347,0.9508,0.0099,0.9377,1.0883,1.1035
PG5719_text.txt,180135,68319,67769,0.7131,0.7581,0.9,19,1.0011,0.9467,0.0075,0.9384,1.0575,1.0669
PG5719_text.txt,180135,68319,67769,0.7131,0.7581,0.9,20,1.0257,0.9466,0.0077,0.9473,1.0836,1.0828
PG5719_text.txt,180135,68319,67769,0.7131,0.7581,0.95,1,1.3204,0.9763,0.0155,0.9601,1.3524,1.3753
PG5719_text.txt,180135,68319,67769,0.7131,0.7581,0.95,2,1.4228,0.9746,0.0186,0.9758,1.46,1.4581
PG5719_text.txt,180135,68319,67769,0.7131,0.7581,0.95,3,1.206,0.9773,0.0118,0.9436,1.2341,1.2781
PG5719_text.txt,180135,68319,67769,0.7131,0.7581,0.95,4,1.2135,0.9746,0.0152,0.9546,1.2452,1.2712
PG5719_text.txt,180135,68319,67769,0.7131,0.7581,0.95,5,1.0595,0.9723,0.0162,0.9822,1.0897,1.0787
PG5719_text.txt,180135,68319,67769,0.7131,0.7581,0.95,6,1.0989,0.9768,0.0174,0.9601,1.125,1.1446
PG5719_text.txt,180135,68319,67769,0.7131,0.7581,0.95,7,1.1114,0.9737,0.0137,1.0163,1.1415,1.0936
PG5719_text.txt,180135,68319,67769,0.7131,0.7581,0.95,8,1.2438,0.9705,0.0146,0.9792,1.2816,1.2702
PG5719_text.txt,180135,68319,67769,0.7131,0.7581,0.95,9,1.1412,0.9747,0.0154,0.9741,1.1708,1.1716
PG5719_text.txt,180135,68319,67769,0.7131,0.7581,0.95,10,1.1877,0.9786,0.016,0.9848,1.2137,1.206
PG5719_text.txt,180135,68319,67769,0.7131,0.7581,0.95,11,1.2097,0.9729,0.016,0.9849,1.2435,1.2283
PG5719_text.txt,180135,68319,67769,0.7131,0.7581,0.95,12,1.1405,0.9824,0.0191,0.9649,1.161,1.182
PG5719_text.txt,180135,68319,67769,0.7131,0.7581,0.95,13,1.1328,0.9743,0.013,0.9686,1.1626,1.1695
PG5719_text.txt,180135,68319,67769,0.7131,0.7581,0.95,14,1.1728,0.9712,0.0145,0.9589,1.2076,1.223
PG5719_text.txt,180135,68319,67769,0.7131,0.7581,0.95,15,1.0823,0.9713,0.014,0.951,1.1143,1.1381
PG5719_text.txt,180135,68319,67769,0.7131,0.7581,0.95,16,1.1244,0.9756,0.0181,0.9803,1.1526,1.147
PG5719_text.txt,180135,68319,67769,0.7131,0.7581,0.95,17,1.0951,0.9774,0.0137,0.9723,1.1204,1.1262
PG5719_text.txt,180135,68319,67769,0.7131,0.7581,0.95,18,1.0762,0.9735,0.0178,0.961,1.1054,1.1198
PG5719_text.txt,180135,68319,67769,0.7131,0.7581,0.95,19,1.0187,0.9767,0.0158,0.977,1.043,1.0427
PG5719_text.txt,180135,68319,67769,0.7131,0.7581,0.95,20,1.0364,0.9716,0.0139,0.974,1.0666,1.064
PG5719_text.txt,180135,68319,67769,0.7131,0.7581,0.99,1,1.4955,0.9919,0.0464,0.9574,1.5077,1.562
PG5719_text.txt,180135,68319,67769,0.7131,0.7581,0.99,2,2.3556,0.9897,0.0387,1.0641,2.3801,2.2137
PG5719_text.txt,180135,68319,67769,0.7131,0.7581,0.99,3,1.1953,0.9865,0.0358,0.9951,1.2116,1.2011
PG5719_text.txt,180135,68319,67769,0.7131,0.7581,0.99,4,1.623,0.9855,0.0339,0.9821,1.6468,1.6526
PG5719_text.txt,180135,68319,67769,0.7131,0.7581,0.99,5,1.0498,0.9809,0.0425,0.9491,1.0702,1.1061
PG5719_text.txt,180135,68319,67769,0.7131,0.7581,0.99,6,1.2468,0.9868,0.0344,0.9445,1.2635,1.3201
PG5719_text.txt,180135,68319,67769,0.7131,0.7581,0.99,7,1.2278,1.0015,0.0457,0.9829,1.2259,1.2492
PG5719_text.txt,180135,68319,67769,0.7131,0.7581,0.99,8,2.43,1.0015,0.0378,0.9858,2.4263,2.4649
PG5719_text.txt,180135,68319,67769,0.7131,0.7581,0.99,9,1.8369,0.9863,0.0516,0.9769,1.8624,1.8803
PG5719_text.txt,180135,68319,67769,0.7131,0.7581,0.99,10,1.2328,1.0058,0.0348,0.9451,1.2257,1.3044
PG5719_text.txt,180135,68319,67769,0.7131,0.7581,0.99,11,1.6736,0.9862,0.032,0.9911,1.697,1.6887
PG5719_text.txt,180135,68319,67769,0.7131,0.7581,0.99,12,1.3009,0.991,0.0322,1.0465,1.3128,1.2431
PG5719_text.txt,180135,68319,67769,0.7131,0.7581,0.99,13,1.2463,0.9895,0.031,0.9916,1.2596,1.2569
PG5719_text.txt,180135,68319,67769,0.7131,0.7581,0.99,14,1.1901,0.9917,0.0447,1.0127,1.2,1.1753
PG5719_text.txt,180135,68319,67769,0.7131,0.7581,0.99,15,1.0677,0.9881,0.0254,0.9197,1.0805,1.161
PG5719_text.txt,180135,68319,67769,0.7131,0.7581,0.99,16,1.1685,1.0094,0.037,1.0783,1.1576,1.0837
PG5719_text.txt,180135,68319,67769,0.7131,0.7581,0.99,17,1.1354,0.9821,0.0322,0.8984,1.1561,1.2638
PG5719_text.txt,180135,68319,67769,0.7131,0.7581,0.99,18,1.073,0.9799,0.026,0.9656,1.095,1.1112
PG5719_text.txt,180135,68319,67769,0.7131,0.7581,0.99,19,1.1517,0.9999,0.0435,1.0679,1.1518,1.0784
PG5719_text.txt,180135,68319,67769,0.7131,0.7581,0.99,20,1.2585,0.9936,0.0397,1.0008,1.2666,1.2575
PG59981_text.txt,69531,22233,21916,0.6826,0.6772,0.6,1,0.9826,0.7747,0.0098,0.7771,1.2684,1.2644
PG59981_text.txt,69531,22233,21916,0.6826,0.6772,0.6,2,1.1162,0.7751,0.0081,0.7891,1.44,1.4145
PG59981_text.txt,69531,22233,21916,0.6826,0.6772,0.6,3,0.9181,0.7746,0.0088,0.7809,1.1853,1.1758
PG59981_text.txt,69531,22233,21916,0.6826,0.6772,0.6,4,0.8829,0.7721,0.0068,0.7747,1.1435,1.1397
PG59981_text.txt,69531,22233,21916,0.6826,0.6772,0.6,5,0.8728,0.7765,0.0085,0.7762,1.1241,1.1246
PG59981_text.txt,69531,22233,21916,0.6826,0.6772,0.6,6,0.8815,0.7742,0.007,0.7752,1.1386,1.1371
PG59981_text.txt,69531,22233,21916,0.6826,0.6772,0.6,7,0.9055,0.7737,0.0065,0.7867,1.1703,1.151
PG59981_text.txt,69531,22233,21916,0.6826,0.6772,0.6,8,0.9015,0.7722,0.0079,0.7657,1.1675,1.1774
PG59981_text.txt,69531,22233,21916,0.6826,0.6772,0.6,9,0.8497,0.7762,0.0092,0.7779,1.0947,1.0923
PG59981_text.txt,69531,22233,21916,0.6826,0.6772,0.6,10,0.8509,0.7749,0.0059,0.7886,1.098,1.079
PG59981_text.txt,69531,22233,21916,0.6826,0.6772,0.6,11,0.8354,0.7758,0.0084,0.7764,1.0769,1.076
PG59981_text.txt,69531,22233,21916,0.6826,0.6772,0.6,12,0.8709,0.7772,0.0077,0.7612,1.1207,1.1441
PG59981_text.txt,69531,22233,21916,0.6826,0.6772,0.6,13,0.8401,0.775,0.0073,0.7701,1.084,1.0909
PG59981_text.txt,69531,22233,21916,0.6826,0.6772,0.6,14,0.8522,0.7732,0.0076,0.7648,1.1022,1.1142
PG59981_text.txt,69531,22233,21916,0.6826,0.6772,0.6,15,0.8369,0.7786,0.0067,0.7765,1.0749,1.0778
PG59981_text.txt,69531,22233,21916,0.6826,0.6772,0.6,16,0.8471,0.7754,0.0075,0.7744,1.0926,1.0939
PG59981_text.txt,69531,22233,21916,0.6826,0.6772,0.6,17,0.8343,0.7756,0.0071,0.768,1.0757,1.0864
PG59981_text.txt,69531,22233,21916,0.6826,0.6772,0.6,18,0.8428,0.7742,0.0063,0.7634,1.0886,1.1039
PG59981_text.txt,69531,22233,21916,0.6826,0.6772,0.6,19,0.8437,0.7754,0.0072,0.7863,1.0882,1.073
PG59981_text.txt,69531,22233,21916,0.6826,0.6772,0.6,20,0.8423,0.7763,0.0105,0.7756,1.085,1.086
PG59981_text.txt,69531,22233,21916,0.6826,0.6772,0.7,1,1.0898,0.8396,0.0118,0.8415,1.2981,1.295
PG59981_text.txt,69531,22233,21916,0.6826,0.6772,0.7,2,1.1981,0.8382,0.0103,0.8496,1.4293,1.4102
PG59981_text.txt,69531,22233,21916,0.6826,0.6772,0.7,3,1.0397,0.837,0.0084,0.8789,1.2422,1.183
PG59981_text.txt,69531,22233,21916,0.6826,0.6772,0.7,4,0.9566,0.8334,0.0087,0.8349,1.1478,1.1457
PG59981_text.txt,69531,22233,21916,0.6826,0.6772,0.7,5,0.9527,0.839,0.0099,0.8296,1.1355,1.1485
PG59981_text.txt,69531,22233,21916,0.6826,0.6772,0.7,6,0.9749,0.8331,0.0101,0.8346,1.1702,1.1681
PG59981_text.txt,69531,22233,21916,0.6826,0.6772,0.7,7,0.9888,0.8367,0.0129,0.8439,1.1819,1.1717
PG59981_text.txt,69531,22233,21916,0.6826,0.6772,0.7,8,0.9754,0.8304,0.0067,0.8348,1.1747,1.1685
PG59981_text.txt,69531,22233,21916,0.6826,0.6772,0.7,9,0.8952,0.8406,0.0116,0.8347,1.0649,1.0724
PG59981_text.txt,69531,22233,21916,0.6826,0.6772,0.7,10,0.952,0.8314,0.0121,0.8294,1.145,1.1478
PG59981_text.txt,69531,22233,21916,0.6826,0.6772,0.7,11,0.9137,0.8407,0.012,0.8536,1.0868,1.0704
PG59981_text.txt,69531,22233,21916,0.6826,0.6772,0.7,12,0.9589,0.8414,0.0085,0.8211,1.1396,1.1679
PG59981_text.txt,69531,22233,21916,0.6826,0.6772,0.7,13,0.9186,0.8358,0.0091,0.8221,1.0992,1.1175
PG59981_text.txt,69531,22233,21916,0.6826,0.6772,0.7,14,0.9478,0.8375,0.0104,0.8255,1.1317,1.1482
PG59981_text.txt,69531,22233,21916,0.6826,0.6772,0.7,15,0.9145,0.8376,0.0083,0.8508,1.0917,1.0748
PG59981_text.txt,69531,22233,21916,0.6826,0.6772,0.7,16,0.923,0.8378,0.0106,0.8238,1.1017,1.1204
PG59981_text.txt,69531,22233,21916,0.6826,0.6772,0.7,17,0.917,0.8363,0.0091,0.8397,1.0964,1.0921
PG59981_text.txt,69531,22233,21916,0.6826,0.6772,0.7,18,0.9308,0.8338,0.0112,0.8292,1.1163,1.1226
PG59981_text.txt,69531,22233,21916,0.6826,0.6772,0.7,19,0.901,0.8361,0.0074,0.8434,1.0776,1.0682
PG59981_text.txt,69531,22233,21916,0.6826,0.6772,0.7,20,0.9097,0.8374,0.0098,0.8312,1.0864,1.0944
PG59981_text.txt,69531,22233,21916,0.6826,0.6772,0.8,1,1.1351,0.8974,0.0171,0.9065,1.2649,1.2522
PG59981_text.txt,69531,22233,21916,0.6826,0.6772,0.8,2,1.268,0.8957,0.0121,0.9063,1.4157,1.3991
PG59981_text.txt,69531,22233,21916,0.6826,0.6772,0.8,3,1.2098,0.8965,0.0156,0.918,1.3496,1.3179
PG59981_text.txt,69531,22233,21916,0.6826,0.6772,0.8,4,1.0634,0.891,0.0122,0.8929,1.1935,1.1909
PG59981_text.txt,69531,22233,21916,0.6826,0.6772,0.8,5,1.0911,0.8947,0.0142,0.9085,1.2195,1.201
PG59981_text.txt,69531,22233,21916,0.6826,0.6772,0.8,6,1.0845,0.8916,0.0131,0.8673,1.2164,1.2504
PG59981_text.txt,69531,22233,21916,0.6826,0.6772,0.8,7,1.0312,0.8927,0.0125,0.8918,1.1552,1.1563
PG59981_text.txt,69531,22233,21916,0.6826,0.6772,0.8,8,1.0517,0.8885,0.013,0.8845,1.1837,1.189
PG59981_text.txt,69531,22233,21916,0.6826,0.6772,0.8,9,0.9888,0.8976,0.0134,0.8932,1.1015,1.107
PG59981_text.txt,69531,22233,21916,0.6826,0.6772,0.8,10,1.0333,0.8915,0.015,0.8852,1.159,1.1672
PG59981_text.txt,69531,22233,21916,0.6826,0.6772,0.8,11,1.0128,0.8909,0.0151,0.923,1.1367,1.0972
PG59981_text.txt,69531,22233,21916,0.6826,0.6772,0.8,12,1.0288,0.8972,0.0142,0.9032,1.1467,1.1391
PG59981_text.txt,69531,22233,21916,0.6826,0.6772,0.8,13,0.993,0.8954,0.0138,0.8832,1.109,1.1243
PG59981_text.txt,69531,22233,21916,0.6826,0.6772,0.8,14,1.02,0.8964,0.0154,0.8962,1.1379,1.1382
PG59981_text.txt,69531,22233,21916,0.6826,0.6772,0.8,15,0.9871,0.8934,0.0137,0.9152,1.1049,1.0786
PG59981_text.txt,69531,22233,21916,0.6826,0.6772,0.8,16,0.9883,0.8902,0.012,0.8872,1.1102,1.1139
PG59981_text.txt,69531,22233,21916,0.6826,0.6772,0.8,17,0.99,0.8896,0.0151,0.8912,1.1128,1.1108
PG59981_text.txt,69531,22233,21916,0.6826,0.6772,0.8,18,0.9778,0.8922,0.0137,0.8968,1.0959,1.0903
PG59981_text.txt,69531,22233,21916,0.6826,0.6772,0.8,19,0.9906,0.8906,0.0149,0.9105,1.1122,1.088
PG59981_text.txt,69531,22233,21916,0.6826,0.6772,0.8,20,0.9983,0.8897,0.0156,0.8882,1.1221,1.124
PG59981_text.txt,69531,22233,21916,0.6826,0.6772,0.9,1,1.1606,0.9551,0.0208,0.9725,1.2151,1.1934
PG59981_text.txt,69531,22233,21916,0.6826,0.6772,0.9,2,1.2725,0.9498,0.0197,0.9644,1.3397,1.3194
PG59981_text.txt,69531,22233,21916,0.6826,0.6772,0.9,3,1.3306,0.9497,0.0167,0.9333,1.4011,1.4257
PG59981_text.txt,69531,22233,21916,0.6826,0.6772,0.9,4,1.148,0.9457,0.0175,0.9265,1.2139,1.2391
PG59981_text.txt,69531,22233,21916,0.6826,0.6772,0.9,5,1.1665,0.9487,0.0248,0.9665,1.2295,1.207
PG59981_text.txt,69531,22233,21916,0.6826,0.6772,0.9,6,1.2134,0.9476,0.0148,0.9831,1.2805,1.2343
PG59981_text.txt,69531,22233,21916,0.6826,0.6772,0.9,7,1.1269,0.9464,0.0181,0.9801,1.1907,1.1499
PG59981_text.txt,69531,22233,21916,0.6826,0.6772,0.9,8,1.2078,0.9432,0.0145,0.938,1.2805,1.2876
PG59981_text.txt,69531,22233,21916,0.6826,0.6772,0.9,9,1.1029,0.9486,0.0214,0.9604,1.1626,1.1484
PG59981_text.txt,69531,22233,21916,0.6826,0.6772,0.9,10,1.0781,0.9404,0.0145,0.9156,1.1464,1.1775
PG59981_text.txt,69531,22233,21916,0.6826,0.6772,0.9,11,1.054,0.9417,0.0238,0.9611,1.1192,1.0966
PG59981_text.txt,69531,22233,21916,0.6826,0.6772,0.9,12,1.1644,0.9523,0.019,0.9433,1.2228,1.2344
PG59981_text.txt,69531,22233,21916,0.6826,0.6772,0.9,13,1.1328,0.9463,0.0186,0.972,1.1972,1.1654
PG59981_text.txt,69531,22233,21916,0.6826,0.6772,0.9,14,1.0937,0.9564,0.0212,0.9328,1.1436,1.1726
PG59981_text.txt,69531,22233,21916,0.6826,0.6772,0.9,15,1.065,0.9425,0.0178,0.9423,1.1299,1.1301
PG59981_text.txt,69531,22233,21916,0.6826,0.6772,0.9,16,1.0805,0.9402,0.0191,0.974,1.1492,1.1094
PG59981_text.txt,69531,22233,21916,0.6826,0.6772,0.9,17,1.0612,0.9421,0.017,0.9428,1.1265,1.1257
PG59981_text.txt,69531,22233,21916,0.6826,0.6772,0.9,18,1.0527,0.9495,0.0178,0.94,1.1087,1.1198
PG59981_text.txt,69531,22233,21916,0.6826,0.6772,0.9,19,1.0336,0.9538,0.0195,0.938,1.0837,1.1019
PG59981_text.txt,69531,22233,21916,0.6826,0.6772,0.9,20,1.0503,0.9453,0.0178,0.9886,1.1111,1.0624
PG59981_text.txt,69531,22233,21916,0.6826,0.6772,0.95,1,1.17,0.9885,0.0284,0.9876,1.1836,1.1847
PG59981_text.txt,69531,22233,21916,0.6826,0.6772,0.95,2,1.3852,0.978,0.0243,0.983,1.4163,1.4092
PG59981_text.txt,69531,22233,21916,0.6826,0.6772,0.95,3,1.4138,0.9801,0.0202,0.9352,1.4424,1.5117
PG59981_text.txt,69531,22233,21916,0.6826,0.6772,0.95,4,1.1437,0.9688,0.0319,0.9482,1.1805,1.2061
PG59981_text.txt,69531,22233,21916,0.6826,0.6772,0.95,5,1.3039,0.9732,0.0282,0.924,1.3399,1.4111
PG59981_text.txt,69531,22233,21916,0.6826,0.6772,0.95,6,1.4173,0.9808,0.0208,0.9724,1.4451,1.4575
PG59981_text.txt,69531,22233,21916,0.6826,0.6772,0.95,7,1.1943,0.9764,0.0319,1.0057,1.2231,1.1874
PG59981_text.txt,69531,22233,21916,0.6826,0.6772,0.95,8,1.232,0.9627,0.0317,0.9732,1.2797,1.266
PG59981_text.txt,69531,22233,21916,0.6826,0.6772,0.95,9,1.1393,0.9817,0.0373,0.9479,1.1606,1.202
PG59981_text.txt,69531,22233,21916,0.6826,0.6772,0.95,10,1.0607,0.9586,0.0209,0.9471,1.1065,1.1199
PG59981_text.txt,69531,22233,21916,0.6826,0.6772,0.95,11,1.065,0.9674,0.0209,0.9523,1.1009,1.1184
PG59981_text.txt,69531,22233,21916,0.6826,0.6772,0.95,12,1.1631,0.9719,0.0216,0.9504,1.1968,1.2238
PG59981_text.txt,69531,22233,21916,0.6826,0.6772,0.95,13,1.1626,0.9731,0.0318,1.0035,1.1947,1.1585
PG59981_text.txt,69531,22233,21916,0.6826,0.6772,0.95,14,1.1801,0.9798,0.0219,0.9679,1.2045,1.2192
PG59981_text.txt,69531,22233,21916,0.6826,0.6772,0.95,15,1.1565,0.9676,0.0373,0.9495,1.1952,1.2181
PG59981_text.txt,69531,22233,21916,0.6826,0.6772,0.95,16,1.1469,0.9583,0.03,0.959,1.1968,1.196
PG59981_text.txt,69531,22233,21916,0.6826,0.6772,0.95,17,1.081,0.9717,0.0304,0.9564,1.1124,1.1303
PG59981_text.txt,69531,22233,21916,0.6826,0.6772,0.95,18,1.0442,0.9792,0.0327,0.9913,1.0664,1.0534
PG59981_text.txt,69531,22233,21916,0.6826,0.6772,0.95,19,1.0527,0.9657,0.0265,0.9901,1.0902,1.0632
PG59981_text.txt,69531,22233,21916,0.6826,0.6772,0.95,20,1.0346,0.9712,0.0297,1.0031,1.0652,1.0314
PG59981_text.txt,69531,22233,21916,0.6826,0.6772,0.99,1,1.3484,0.9966,0.0508,1.0016,1.3531,1.3462
PG59981_text.txt,69531,22233,21916,0.6826,0.6772,0.99,2,1.3796,0.9708,0.0555,1.0397,1.4212,1.327
PG59981_text.txt,69531,22233,21916,0.6826,0.6772,0.99,3,1.2485,0.9874,0.0412,0.9792,1.2645,1.275
PG59981_text.txt,69531,22233,21916,0.6826,0.6772,0.99,4,1.075,0.9892,0.0774,0.9848,1.0867,1.0916
PG59981_text.txt,69531,22233,21916,0.6826,0.6772,0.99,5,1.3572,0.9738,0.0672,1.1024,1.3938,1.2311
PG59981_text.txt,69531,22233,21916,0.6826,0.6772,0.99,6,1.1895,1.0024,0.0478,0.9759,1.1867,1.2189
PG59981_text.txt,69531,22233,21916,0.6826,0.6772,0.99,7,1.0801,0.9718,0.0634,0.9328,1.1115,1.1579
PG59981_text.txt,69531,22233,21916,0.6826,0.6772,0.99,8,1.5104,0.9684,0.0525,1.0002,1.5596,1.51
PG59981_text.txt,69531,22233,21916,0.6826,0.6772,0.99,9,1.0713,1.0,0.0672,0.9733,1.0712,1.1007
PG59981_text.txt,69531,22233,21916,0.6826,0.6772,0.99,10,0.998,0.9872,0.0686,1.0628,1.0109,0.9391
PG59981_text.txt,69531,22233,21916,0.6826,0.6772,0.99,11,1.5073,0.9879,0.0672,0.9293,1.5257,1.6219
PG59981_text.txt,69531,22233,21916,0.6826,0.6772,0.99,12,1.1422,0.9873,0.0577,1.068,1.1569,1.0695
PG59981_text.txt,69531,22233,21916,0.6826,0.6772,0.99,13,1.3761,0.9938,0.0636,0.894,1.3846,1.5393
PG59981_text.txt,69531,22233,21916,0.6826,0.6772,0.99,14,1.3012,1.0131,0.1049,0.9456,1.2843,1.3761
PG59981_text.txt,69531,22233,21916,0.6826,0.6772,0.99,15,1.2496,0.9881,0.0584,0.9689,1.2646,1.2897
PG59981_text.txt,69531,22233,21916,0.6826,0.6772,0.99,16,1.3726,0.9762,0.0509,0.9392,1.406,1.4614
PG59981_text.txt,69531,22233,21916,0.6826,0.6772,0.99,17,1.1571,1.0056,0.0523,0.901,1.1507,1.2842
PG59981_text.txt,69531,22233,21916,0.6826,0.6772,0.99,18,1.1384,0.985,0.0634,0.9467,1.1558,1.2025
PG59981_text.txt,69531,22233,21916,0.6826,0.6772,0.99,19,1.4147,0.9954,0.0544,1.0135,1.4212,1.3959
PG59981_text.txt,69531,22233,21916,0.6826,0.6772,0.99,20,1.1059,0.9709,0.0634,1.0193,1.1391,1.085
PG599_text.txt,299843,116693,115961,0.7226,0.7581,0.6,1,0.8431,0.7748,0.0041,0.7899,1.0881,1.0674
PG599_text.txt,299843,116693,115961,0.7226,0.7581,0.6,2,0.9244,0.7745,0.0031,0.7716,1.1936,1.1981
PG599_text.txt,299843,116693,115961,0.7226,0.7581,0.6,3,0.8764,0.7746,0.0033,0.7781,1.1315,1.1264
PG599_text.txt,299843,116693,115961,0.7226,0.7581,0.6,4,0.9526,0.7765,0.0025,0.7803,1.2268,1.2207
PG599_text.txt,299843,116693,115961,0.7226,0.7581,0.6,5,0.8766,0.7751,0.0034,0.7719,1.131,1.1356
PG599_text.txt,299843,116693,115961,0.7226,0.7581,0.6,6,0.8626,0.7744,0.0036,0.7687,1.1139,1.1221
PG599_text.txt,299843,116693,115961,0.7226,0.7581,0.6,7,0.8992,0.7746,0.0035,0.7708,1.1609,1.1666
PG599_text.txt,299843,116693,115961,0.7226,0.7581,0.6,8,0.8833,0.7734,0.0035,0.7792,1.142,1.1335
PG599_text.txt,299843,116693,115961,0.7226,0.7581,0.6,9,0.8587,0.7737,0.0034,0.7729,1.1099,1.1111
PG599_text.txt,299843,116693,115961,0.7226,0.7581,0.6,10,0.8379,0.7736,0.0025,0.7793,1.0831,1.0753
PG599_text.txt,299843,116693,115961,0.7226,0.7581,0.6,11,0.8404,0.7754,0.0035,0.7802,1.0838,1.0772
PG599_text.txt,299843,116693,115961,0.7226,0.7581,0.6,12,0.8369,0.7742,0.0042,0.7779,1.0811,1.0758
PG599_text.txt,299843,116693,115961,0.7226,0.7581,0.6,13,0.8476,0.7741,0.0039,0.7737,1.095,1.0955
PG599_text.txt,299843,116693,115961,0.7226,0.7581,0.6,14,0.8532,0.7754,0.0031,0.78,1.1004,1.0939
PG599_text.txt,299843,116693,115961,0.7226,0.7581,0.6,15,0.8182,0.7759,0.004,0.7765,1.0545,1.0536
PG599_text.txt,299843,116693,115961,0.7226,0.7581,0.6,16,0.8389,0.7741,0.0039,0.7738,1.0837,1.0842
PG599_text.txt,299843,116693,115961,0.7226,0.7581,0.6,17,0.8287,0.7747,0.0024,0.7717,1.0697,1.0738
PG599_text.txt,299843,116693,115961,0.7226,0.7581,0.6,18,0.8234,0.7743,0.0028,0.7763,1.0634,1.0606
PG599_text.txt,299843,116693,115961,0.7226,0.7581,0.6,19,0.8263,0.7758,0.0039,0.7703,1.0652,1.0727
PG599_text.txt,299843,116693,115961,0.7226,0.7581,0.6,20,0.8341,0.7748,0.0031,0.7745,1.0766,1.077
PG599_text.txt,299843,116693,115961,0.7226,0.7581,0.7,1,0.9274,0.8367,0.005,0.8601,1.1084,1.0782
PG599_text.txt,299843,116693,115961,0.7226,0.7581,0.7,2,1.0181,0.8369,0.0041,0.8317,1.2165,1.224
PG599_text.txt,299843,116693,115961,0.7226,0.7581,0.7,3,0.9741,0.8363,0.0046,0.842,1.1648,1.1569
PG599_text.txt,299843,116693,115961,0.7226,0.7581,0.7,4,1.0392,0.8378,0.0042,0.841,1.2404,1.2357
PG599_text.txt,299843,116693,115961,0.7226,0.7581,0.7,5,0.9728,0.8379,0.0048,0.8365,1.1611,1.163
PG599_text.txt,299843,116693,115961,0.7226,0.7581,0.7,6,0.9441,0.8363,0.0047,0.8314,1.129,1.1356
PG599_text.txt,299843,116693,115961,0.7226,0.7581,0.7,7,0.9798,0.8363,0.0035,0.83,1.1716,1.1805
PG599_text.txt,299843,116693,115961,0.7226,0.7581,0.7,8,0.9703,0.8357,0.0043,0.8474,1.1611,1.1451
PG599_text.txt,299843,116693,115961,0.7226,0.7581,0.7,9,0.9327,0.8368,0.0042,0.8396,1.1146,1.1109
PG599_text.txt,299843,116693,115961,0.7226,0.7581,0.7,10,0.9206,0.8375,0.0038,0.8348,1.0991,1.1027
PG599_text.txt,299843,116693,115961,0.7226,0.7581,0.7,11,0.9072,0.8362,0.0038,0.8435,1.0849,1.0756
PG599_text.txt,299843,116693,115961,0.7226,0.7581,0.7,12,0.9012,0.8374,0.0055,0.8359,1.0762,1.0782
PG599_text.txt,299843,116693,115961,0.7226,0.7581,0.7,13,0.9146,0.8384,0.0045,0.8395,1.0909,1.0894
PG599_text.txt,299843,116693,115961,0.7226,0.7581,0.7,14,0.9197,0.8359,0.0037,0.8386,1.1002,1.0966
PG599_text.txt,299843,116693,115961,0.7226,0.7581,0.7,15,0.8945,0.8372,0.0042,0.8409,1.0685,1.0637
PG599_text.txt,299843,116693,115961,0.7226,0.7581,0.7,16,0.9092,0.8367,0.0032,0.8344,1.0867,1.0896
PG599_text.txt,299843,116693,115961,0.7226,0.7581,0.7,17,0.908,0.8366,0.0039,0.831,1.0854,1.0927
PG599_text.txt,299843,116693,115961,0.7226,0.7581,0.7,18,0.9013,0.8356,0.0033,0.8421,1.0787,1.0703
PG599_text.txt,299843,116693,115961,0.7226,0.7581,0.7,19,0.8987,0.8368,0.0055,0.8359,1.0739,1.0752
PG599_text.txt,299843,116693,115961,0.7226,0.7581,0.7,20,0.9085,0.8366,0.0037,0.8423,1.086,1.0787
PG599_text.txt,299843,116693,115961,0.7226,0.7581,0.8,1,1.0032,0.8932,0.0046,0.9146,1.1232,1.0969
PG599_text.txt,299843,116693,115961,0.7226,0.7581,0.8,2,1.109,0.8949,0.0064,0.8887,1.2392,1.2478
PG599_text.txt,299843,116693,115961,0.7226,0.7581,0.8,3,1.0556,0.8953,0.0067,0.8952,1.1791,1.1792
PG599_text.txt,299843,116693,115961,0.7226,0.7581,0.8,4,1.1005,0.8941,0.0069,0.9015,1.2309,1.2208
PG599_text.txt,299843,116693,115961,0.7226,0.7581,0.8,5,1.035,0.8968,0.0057,0.9024,1.1541,1.1469
PG599_text.txt,299843,116693,115961,0.7226,0.7581,0.8,6,1.0205,0.8945,0.0049,0.8956,1.1409,1.1395
PG599_text.txt,299843,116693,115961,0.7226,0.7581,0.8,7,1.0807,0.8948,0.0061,0.8947,1.2077,1.208
PG599_text.txt,299843,116693,115961,0.7226,0.7581,0.8,8,1.0452,0.8943,0.0053,0.9039,1.1688,1.1563
PG599_text.txt,299843,116693,115961,0.7226,0.7581,0.8,9,1.0434,0.8959,0.0055,0.8992,1.1647,1.1603
PG599_text.txt,299843,116693,115961,0.7226,0.7581,0.8,10,0.9973,0.8957,0.0055,0.8898,1.1134,1.1209
PG599_text.txt,299843,116693,115961,0.7226,0.7581,0.8,11,0.9927,0.8923,0.0051,0.8887,1.1125,1.117
PG599_text.txt,299843,116693,115961,0.7226,0.7581,0.8,12,0.9826,0.8936,0.0065,0.8928,1.0996,1.1006
PG599_text.txt,299843,116693,115961,0.7226,0.7581,0.8,13,0.9852,0.8955,0.0061,0.9022,1.1001,1.092
PG599_text.txt,299843,116693,115961,0.7226,0.7581,0.8,14,0.9791,0.8931,0.0057,0.8916,1.0963,1.0982
PG599_text.txt,299843,116693,115961,0.7226,0.7581,0.8,15,0.9629,0.8966,0.006,0.9047,1.0739,1.0643
PG599_text.txt,299843,116693,115961,0.7226,0.7581,0.8,16,0.9822,0.8948,0.0051,0.8889,1.0977,1.105
PG599_text.txt,299843,116693,115961,0.7226,0.7581,0.8,17,0.9832,0.897,0.0046,0.896,1.096,1.0973
PG599_text.txt,299843,116693,115961,0.7226,0.7581,0.8,18,0.9645,0.8934,0.0058,0.8921,1.0795,1.0811
PG599_text.txt,299843,116693,115961,0.7226,0.7581,0.8,19,0.9815,0.8941,0.0063,0.8847,1.0977,1.1093
PG599_text.txt,299843,116693,115961,0.7226,0.7581,0.8,20,0.9764,0.8938,0.0053,0.8948,1.0924,1.0912
PG599_text.txt,299843,116693,115961,0.7226,0.7581,0.9,1,1.0966,0.9486,0.0091,0.9612,1.156,1.1409
PG599_text.txt,299843,116693,115961,0.7226,0.7581,0.9,2,1.176,0.9508,0.0106,0.9469,1.2368,1.242
PG599_text.txt,299843,116693,115961,0.7226,0.7581,0.9,3,1.1362,0.9489,0.0108,0.9525,1.1973,1.1929
PG599_text.txt,299843,116693,115961,0.7226,0.7581,0.9,4,1.1623,0.9469,0.0069,0.9523,1.2274,1.2205
PG599_text.txt,299843,116693,115961,0.7226,0.7581,0.9,5,1.1103,0.9487,0.0094,0.9509,1.1703,1.1677
PG599_text.txt,299843,116693,115961,0.7226,0.7581,0.9,6,1.0851,0.9458,0.0063,0.9337,1.1473,1.1622
PG599_text.txt,299843,116693,115961,0.7226,0.7581,0.9,7,1.1781,0.9495,0.008,0.9478,1.2408,1.243
PG599_text.txt,299843,116693,115961,0.7226,0.7581,0.9,8,1.1251,0.949,0.0096,0.937,1.1856,1.2007
PG599_text.txt,299843,116693,115961,0.7226,0.7581,0.9,9,1.1539,0.9501,0.0086,0.9665,1.2145,1.194
PG599_text.txt,299843,116693,115961,0.7226,0.7581,0.9,10,1.0823,0.9487,0.0061,0.9547,1.1409,1.1337
PG599_text.txt,299843,116693,115961,0.7226,0.7581,0.9,11,1.1013,0.9485,0.0081,0.9432,1.1611,1.1677
PG599_text.txt,299843,116693,115961,0.7226,0.7581,0.9,12,1.0825,0.9488,0.0053,0.9519,1.1409,1.1371
PG599_text.txt,299843,116693,115961,0.7226,0.7581,0.9,13,1.0511,0.9466,0.0094,0.9577,1.1104,1.0975
PG599_text.txt,299843,116693,115961,0.7226,0.7581,0.9,14,1.0369,0.9484,0.0085,0.9491,1.0933,1.0925
PG599_text.txt,299843,116693,115961,0.7226,0.7581,0.9,15,1.0283,0.9503,0.0071,0.9568,1.0821,1.0748
PG599_text.txt,299843,116693,115961,0.7226,0.7581,0.9,16,1.0722,0.9487,0.0079,0.9363,1.1302,1.1452
PG599_text.txt,299843,116693,115961,0.7226,0.7581,0.9,17,1.089,0.9492,0.009,0.9376,1.1473,1.1615
PG599_text.txt,299843,116693,115961,0.7226,0.7581,0.9,18,1.0346,0.9509,0.0066,0.9388,1.088,1.1021
PG599_text.txt,299843,116693,115961,0.7226,0.7581,0.9,19,1.0378,0.9499,0.009,0.9407,1.0924,1.1032
PG599_text.txt,299843,116693,115961,0.7226,0.7581,0.9,20,1.0471,0.9474,0.0076,0.9437,1.1052,1.1096
PG599_text.txt,299843,116693,115961,0.7226,0.7581,0.95,1,1.1332,0.9721,0.0115,0.9597,1.1657,1.1807
PG599_text.txt,299843,116693,115961,0.7226,0.7581,0.95,2,1.2909,0.9756,0.0107,0.9733,1.3232,1.3264
PG599_text.txt,299843,116693,115961,0.7226,0.7581,0.95,3,1.3117,0.9729,0.0075,0.9868,1.3482,1.3291
PG599_text.txt,299843,116693,115961,0.7226,0.7581,0.95,4,1.2162,0.9747,0.0132,0.9882,1.2477,1.2307
PG599_text.txt,299843,116693,115961,0.7226,0.7581,0.95,5,1.161,0.9726,0.0126,0.9883,1.1937,1.1748
PG599_text.txt,299843,116693,115961,0.7226,0.7581,0.95,6,1.1169,0.9738,0.012,0.9688,1.1469,1.1529
PG599_text.txt,299843,116693,115961,0.7226,0.7581,0.95,7,1.2397,0.9733,0.009,0.9643,1.2737,1.2856
PG599_text.txt,299843,116693,115961,0.7226,0.7581,0.95,8,1.1492,0.9769,0.0133,0.9711,1.1764,1.1834
PG599_text.txt,299843,116693,115961,0.7226,0.7581,0.95,9,1.166,0.9747,0.0122,0.9866,1.1962,1.1819
PG599_text.txt,299843,116693,115961,0.7226,0.7581,0.95,10,1.1361,0.9769,0.013,0.9895,1.163,1.1482
PG599_text.txt,299843,116693,115961,0.7226,0.7581,0.95,11,1.2085,0.9733,0.0112,0.964,1.2416,1.2536
PG599_text.txt,299843,116693,115961,0.7226,0.7581,0.95,12,1.2672,0.9756,0.0144,0.9766,1.2989,1.2976
PG599_text.txt,299843,116693,115961,0.7226,0.7581,0.95,13,1.0796,0.9731,0.0122,0.9873,1.1095,1.0935
PG599_text.txt,299843,116693,115961,0.7226,0.7581,0.95,14,1.0911,0.9773,0.0141,0.9579,1.1165,1.1391
PG599_text.txt,299843,116693,115961,0.7226,0.7581,0.95,15,1.1095,0.9718,0.0143,0.9817,1.1416,1.1302
PG599_text.txt,299843,116693,115961,0.7226,0.7581,0.95,16,1.1387,0.9752,0.0111,0.9529,1.1676,1.195
PG599_text.txt,299843,116693,115961,0.7226,0.7581,0.95,17,1.1937,0.9757,0.0143,0.9676,1.2235,1.2336
PG599_text.txt,299843,116693,115961,0.7226,0.7581,0.95,18,1.0814,0.9715,0.0118,0.9722,1.1131,1.1122
PG599_text.txt,299843,116693,115961,0.7226,0.7581,0.95,19,1.1,0.9759,0.0133,0.9852,1.1272,1.1166
PG599_text.txt,299843,116693,115961,0.7226,0.7581,0.95,20,1.1336,0.9749,0.0125,0.9724,1.1628,1.1659
PG599_text.txt,299843,116693,115961,0.7226,0.7581,0.99,1,1.2888,0.9877,0.0258,1.0215,1.3048,1.2617
PG599_text.txt,299843,116693,115961,0.7226,0.7581,0.99,2,1.452,0.9893,0.0263,0.9833,1.4677,1.4767
PG599_text.txt,299843,116693,115961,0.7226,0.7581,0.99,3,1.5051,0.9793,0.0262,1.0305,1.5369,1.4605
PG599_text.txt,299843,116693,115961,0.7226,0.7581,0.99,4,1.1474,0.9936,0.0259,0.98,1.1549,1.1709
PG599_text.txt,299843,116693,115961,0.7226,0.7581,0.99,5,1.1851,0.9886,0.0299,0.9701,1.1987,1.2216
PG599_text.txt,299843,116693,115961,0.7226,0.7581,0.99,6,1.1227,0.9956,0.0233,0.9969,1.1277,1.1262
PG599_text.txt,299843,116693,115961,0.7226,0.7581,0.99,7,1.2813,0.9958,0.0388,0.973,1.2867,1.3168
PG599_text.txt,299843,116693,115961,0.7226,0.7581,0.99,8,1.1823,0.9921,0.0319,0.9744,1.1918,1.2134
PG599_text.txt,299843,116693,115961,0.7226,0.7581,0.99,9,1.2004,1.0064,0.0297,0.9443,1.1928,1.2712
PG599_text.txt,299843,116693,115961,0.7226,0.7581,0.99,10,1.2757,0.992,0.0237,0.9987,1.286,1.2774
PG599_text.txt,299843,116693,115961,0.7226,0.7581,0.99,11,1.3174,0.9934,0.025,0.9661,1.3262,1.3637
PG599_text.txt,299843,116693,115961,0.7226,0.7581,0.99,12,1.3327,0.9909,0.0353,0.9399,1.3448,1.4178
PG599_text.txt,299843,116693,115961,0.7226,0.7581,0.99,13,1.1507,0.9922,0.0235,0.975,1.1597,1.1802
PG599_text.txt,299843,116693,115961,0.7226,0.7581,0.99,14,1.0848,0.9947,0.0314,0.972,1.0906,1.116
PG599_text.txt,299843,116693,115961,0.7226,0.7581,0.99,15,1.2145,0.9878,0.0252,1.0121,1.2295,1.2
PG599_text.txt,299843,116693,115961,0.7226,0.7581,0.99,16,1.5328,0.9896,0.021,1.0599,1.549,1.4461
PG599_text.txt,299843,116693,115961,0.7226,0.7581,0.99,17,1.4807,0.992,0.0255,1.0004,1.4926,1.4802
PG599_text.txt,299843,116693,115961,0.7226,0.7581,0.99,18,1.1416,0.9874,0.0288,1.0101,1.1562,1.1301
PG599_text.txt,299843,116693,115961,0.7226,0.7581,0.99,19,1.1806,0.9961,0.0344,1.0194,1.1852,1.1581
PG599_text.txt,299843,116693,115961,0.7226,0.7581,0.99,20,1.176,0.9911,0.0315,1.0357,1.1866,1.1355
PG6485_text.txt,151099,53056,52988,0.7284,0.7581,0.6,1,0.8415,0.7697,0.0037,0.7898,1.0933,1.0655
PG6485_text.txt,151099,53056,52988,0.7284,0.7581,0.6,2,1.0261,0.7729,0.004,0.7798,1.3276,1.3159
PG6485_text.txt,151099,53056,52988,0.7284,0.7581,0.6,3,0.872,0.7758,0.0046,0.7765,1.124,1.1229
PG6485_text.txt,151099,53056,52988,0.7284,0.7581,0.6,4,0.9762,0.7746,0.0045,0.7741,1.2603,1.2611
PG6485_text.txt,151099,53056,52988,0.7284,0.7581,0.6,5,0.8602,0.7766,0.006,0.7771,1.1076,1.107
PG6485_text.txt,151099,53056,52988,0.7284,0.7581,0.6,6,0.8587,0.7736,0.0046,0.7783,1.1101,1.1034
PG6485_text.txt,151099,53056,52988,0.7284,0.7581,0.6,7,0.8571,0.777,0.0056,0.778,1.1031,1.1017
PG6485_text.txt,151099,53056,52988,0.7284,0.7581,0.6,8,0.859,0.7752,0.0039,0.7764,1.108,1.1063
PG6485_text.txt,151099,53056,52988,0.7284,0.7581,0.6,9,0.8499,0.7741,0.0049,0.7714,1.0979,1.1019
PG6485_text.txt,151099,53056,52988,0.7284,0.7581,0.6,10,0.8569,0.7734,0.0059,0.7872,1.1079,1.0885
PG6485_text.txt,151099,53056,52988,0.7284,0.7581,0.6,11,0.8319,0.7767,0.0046,0.7687,1.0711,1.0823
PG6485_text.txt,151099,53056,52988,0.7284,0.7581,0.6,12,0.8328,0.7767,0.0058,0.7834,1.0723,1.063
PG6485_text.txt,151099,53056,52988,0.7284,0.7581,0.6,13,0.8288,0.7748,0.005,0.7709,1.0697,1.0751
PG6485_text.txt,151099,53056,52988,0.7284,0.7581,0.6,14,0.819,0.7756,0.0051,0.7784,1.056,1.0521
PG6485_text.txt,151099,53056,52988,0.7284,0.7581,0.6,15,0.8305,0.7762,0.0041,0.7674,1.07,1.0823
PG6485_text.txt,151099,53056,52988,0.7284,0.7581,0.6,16,0.8322,0.7729,0.0055,0.7754,1.0767,1.0733
PG6485_text.txt,151099,53056,52988,0.7284,0.7581,0.6,17,0.8142,0.7741,0.0055,0.7741,1.0519,1.0519
PG6485_text.txt,151099,53056,52988,0.7284,0.7581,0.6,18,0.8139,0.7731,0.0039,0.7722,1.0527,1.0539
PG6485_text.txt,151099,53056,52988,0.7284,0.7581,0.6,19,0.8423,0.7767,0.0051,0.7719,1.0844,1.0912
PG6485_text.txt,151099,53056,52988,0.7284,0.7581,0.6,20,0.8296,0.7763,0.0051,0.7813,1.0687,1.0618
PG6485_text.txt,151099,53056,52988,0.7284,0.7581,0.7,1,0.9378,0.8341,0.0063,0.847,1.1244,1.1073
PG6485_text.txt,151099,53056,52988,0.7284,0.7581,0.7,2,1.1095,0.8373,0.0045,0.8496,1.3251,1.3059
PG6485_text.txt,151099,53056,52988,0.7284,0.7581,0.7,3,0.9488,0.839,0.0058,0.8343,1.1309,1.1373
PG6485_text.txt,151099,53056,52988,0.7284,0.7581,0.7,4,1.1039,0.8357,0.0063,0.8314,1.3209,1.3277
PG6485_text.txt,151099,53056,52988,0.7284,0.7581,0.7,5,0.936,0.8352,0.008,0.8369,1.1206,1.1185
PG6485_text.txt,151099,53056,52988,0.7284,0.7581,0.7,6,0.9306,0.836,0.0061,0.8392,1.1132,1.1089
PG6485_text.txt,151099,53056,52988,0.7284,0.7581,0.7,7,0.92,0.8395,0.0063,0.8568,1.0959,1.0738
PG6485_text.txt,151099,53056,52988,0.7284,0.7581,0.7,8,0.9511,0.8377,0.0067,0.8373,1.1354,1.1359
PG6485_text.txt,151099,53056,52988,0.7284,0.7581,0.7,9,0.9324,0.8385,0.0067,0.8257,1.112,1.1293
PG6485_text.txt,151099,53056,52988,0.7284,0.7581,0.7,10,0.9263,0.8333,0.0054,0.8466,1.1116,1.0942
PG6485_text.txt,151099,53056,52988,0.7284,0.7581,0.7,11,0.9227,0.8381,0.0068,0.8334,1.1009,1.1072
PG6485_text.txt,151099,53056,52988,0.7284,0.7581,0.7,12,0.9142,0.8379,0.0056,0.8441,1.0911,1.0831
PG6485_text.txt,151099,53056,52988,0.7284,0.7581,0.7,13,0.9085,0.8368,0.0065,0.8382,1.0857,1.084
PG6485_text.txt,151099,53056,52988,0.7284,0.7581,0.7,14,0.904,0.8395,0.0063,0.8334,1.0769,1.0848
PG6485_text.txt,151099,53056,52988,0.7284,0.7581,0.7,15,0.91,0.8403,0.0057,0.8344,1.083,1.0907
PG6485_text.txt,151099,53056,52988,0.7284,0.7581,0.7,16,0.9095,0.836,0.0062,0.83,1.0879,1.0957
PG6485_text.txt,151099,53056,52988,0.7284,0.7581,0.7,17,0.872,0.8386,0.0059,0.8322,1.0399,1.0479
PG6485_text.txt,151099,53056,52988,0.7284,0.7581,0.7,18,0.8813,0.8328,0.0058,0.8397,1.0582,1.0494
PG6485_text.txt,151099,53056,52988,0.7284,0.7581,0.7,19,0.9113,0.838,0.006,0.841,1.0875,1.0836
PG6485_text.txt,151099,53056,52988,0.7284,0.7581,0.7,20,0.9171,0.8397,0.0064,0.8466,1.0922,1.0833
PG6485_text.txt,151099,53056,52988,0.7284,0.7581,0.8,1,1.0155,0.8938,0.0096,0.9138,1.1361,1.1113
PG6485_text.txt,151099,53056,52988,0.7284,0.7581,0.8,2,1.1983,0.8931,0.0092,0.8949,1.3417,1.339
PG6485_text.txt,151099,53056,52988,0.7284,0.7581,0.8,3,1.0295,0.896,0.0091,0.8959,1.1491,1.1492
PG6485_text.txt,151099,53056,52988,0.7284,0.7581,0.8,4,1.2008,0.8929,0.0085,0.8911,1.3449,1.3476
PG6485_text.txt,151099,53056,52988,0.7284,0.7581,0.8,5,1.0134,0.8944,0.0111,0.9031,1.133,1.1221
PG6485_text.txt,151099,53056,52988,0.7284,0.7581,0.8,6,0.9844,0.8941,0.0087,0.8921,1.101,1.1035
PG6485_text.txt,151099,53056,52988,0.7284,0.7581,0.8,7,1.0,0.8951,0.0096,0.9016,1.1172,1.1091
PG6485_text.txt,151099,53056,52988,0.7284,0.7581,0.8,8,1.0496,0.8933,0.0093,0.8909,1.175,1.1781
PG6485_text.txt,151099,53056,52988,0.7284,0.7581,0.8,9,1.0073,0.8945,0.0088,0.8839,1.1262,1.1396
PG6485_text.txt,151099,53056,52988,0.7284,0.7581,0.8,10,0.9758,0.8931,0.0083,0.9078,1.0926,1.0749
PG6485_text.txt,151099,53056,52988,0.7284,0.7581,0.8,11,1.0271,0.8917,0.0093,0.8877,1.1519,1.1571
PG6485_text.txt,151099,53056,52988,0.7284,0.7581,0.8,12,0.972,0.8967,0.0086,0.8965,1.0839,1.0842
PG6485_text.txt,151099,53056,52988,0.7284,0.7581,0.8,13,0.9765,0.8927,0.0081,0.9076,1.0939,1.0759
PG6485_text.txt,151099,53056,52988,0.7284,0.7581,0.8,14,0.9713,0.8982,0.0075,0.8952,1.0814,1.085
PG6485_text.txt,151099,53056,52988,0.7284,0.7581,0.8,15,0.9721,0.9036,0.0076,0.8878,1.0759,1.095
PG6485_text.txt,151099,53056,52988,0.7284,0.7581,0.8,16,0.9889,0.8925,0.008,0.8689,1.108,1.1381
PG6485_text.txt,151099,53056,52988,0.7284,0.7581,0.8,17,0.952,0.8963,0.0072,0.8944,1.0622,1.0645
PG6485_text.txt,151099,53056,52988,0.7284,0.7581,0.8,18,0.9489,0.8915,0.0083,0.9174,1.0644,1.0342
PG6485_text.txt,151099,53056,52988,0.7284,0.7581,0.8,19,0.9982,0.8988,0.0105,0.9048,1.1106,1.1032
PG6485_text.txt,151099,53056,52988,0.7284,0.7581,0.8,20,0.9734,0.897,0.0093,0.8963,1.0852,1.086
PG6485_text.txt,151099,53056,52988,0.7284,0.7581,0.9,1,1.099,0.9452,0.0141,0.9404,1.1627,1.1686
PG6485_text.txt,151099,53056,52988,0.7284,0.7581,0.9,2,1.3099,0.9398,0.0075,0.9409,1.3939,1.3922
PG6485_text.txt,151099,53056,52988,0.7284,0.7581,0.9,3,1.1323,0.9489,0.0142,0.945,1.1933,1.1982
PG6485_text.txt,151099,53056,52988,0.7284,0.7581,0.9,4,1.4186,0.9485,0.0139,0.9539,1.4956,1.4871
PG6485_text.txt,151099,53056,52988,0.7284,0.7581,0.9,5,1.0573,0.9455,0.0109,0.9521,1.1183,1.1106
PG6485_text.txt,151099,53056,52988,0.7284,0.7581,0.9,6,1.082,0.9487,0.0154,0.9482,1.1406,1.1411
PG6485_text.txt,151099,53056,52988,0.7284,0.7581,0.9,7,1.046,0.9484,0.0138,0.9598,1.103,1.0898
PG6485_text.txt,151099,53056,52988,0.7284,0.7581,0.9,8,1.144,0.9492,0.0129,0.9535,1.2052,1.1999
PG6485_text.txt,151099,53056,52988,0.7284,0.7581,0.9,9,1.154,0.9517,0.0125,0.9376,1.2125,1.2308
PG6485_text.txt,151099,53056,52988,0.7284,0.7581,0.9,10,1.0633,0.9459,0.0108,0.9559,1.1241,1.1123
PG6485_text.txt,151099,53056,52988,0.7284,0.7581,0.9,11,1.1037,0.9455,0.0143,0.9368,1.1673,1.1781
PG6485_text.txt,151099,53056,52988,0.7284,0.7581,0.9,12,1.0453,0.9515,0.0129,0.9478,1.0986,1.1029
PG6485_text.txt,151099,53056,52988,0.7284,0.7581,0.9,13,1.0472,0.9502,0.0162,0.9561,1.102,1.0953
PG6485_text.txt,151099,53056,52988,0.7284,0.7581,0.9,14,1.0538,0.9469,0.0149,0.9568,1.1129,1.1014
PG6485_text.txt,151099,53056,52988,0.7284,0.7581,0.9,15,1.0493,0.9536,0.0102,0.9376,1.1004,1.1192
PG6485_text.txt,151099,53056,52988,0.7284,0.7581,0.9,16,1.0329,0.9492,0.0116,0.9488,1.0881,1.0886
PG6485_text.txt,151099,53056,52988,0.7284,0.7581,0.9,17,1.0243,0.9552,0.0104,0.9312,1.0723,1.0999
PG6485_text.txt,151099,53056,52988,0.7284,0.7581,0.9,18,1.0227,0.9453,0.0126,0.9987,1.0819,1.024
PG6485_text.txt,151099,53056,52988,0.7284,0.7581,0.9,19,1.1059,0.9537,0.012,0.9492,1.1597,1.1652
PG6485_text.txt,151099,53056,52988,0.7284,0.7581,0.9,20,1.0518,0.9494,0.0147,0.92,1.1078,1.1433
PG6485_text.txt,151099,53056,52988,0.7284,0.7581,0.95,1,1.2258,0.9692,0.0111,0.9207,1.2647,1.3313
PG6485_text.txt,151099,53056,52988,0.7284,0.7581,0.95,2,1.3282,0.9656,0.0188,0.9588,1.3755,1.3852
PG6485_text.txt,151099,53056,52988,0.7284,0.7581,0.95,3,1.265,0.9682,0.0183,0.9869,1.3065,1.2818
PG6485_text.txt,151099,53056,52988,0.7284,0.7581,0.95,4,1.4292,0.9783,0.0137,0.9592,1.4609,1.4899
PG6485_text.txt,151099,53056,52988,0.7284,0.7581,0.95,5,1.074,0.968,0.0181,0.9785,1.1095,1.0975
PG6485_text.txt,151099,53056,52988,0.7284,0.7581,0.95,6,1.1132,0.9727,0.0254,0.9719,1.1444,1.1453
PG6485_text.txt,151099,53056,52988,0.7284,0.7581,0.95,7,1.0968,0.9755,0.018,0.9673,1.1244,1.134
PG6485_text.txt,151099,53056,52988,0.7284,0.7581,0.95,8,1.14,0.9744,0.0154,0.9794,1.17,1.1641
PG6485_text.txt,151099,53056,52988,0.7284,0.7581,0.95,9,1.2569,0.9752,0.0166,0.9734,1.2889,1.2913
PG6485_text.txt,151099,53056,52988,0.7284,0.7581,0.95,10,1.1344,0.971,0.023,0.9599,1.1683,1.1817
PG6485_text.txt,151099,53056,52988,0.7284,0.7581,0.95,11,1.284,0.9732,0.0252,0.9517,1.3193,1.3492
PG6485_text.txt,151099,53056,52988,0.7284,0.7581,0.95,12,1.0584,0.9743,0.0155,0.99,1.0863,1.0691
PG6485_text.txt,151099,53056,52988,0.7284,0.7581,0.95,13,1.1292,0.9731,0.0166,0.9697,1.1604,1.1645
PG6485_text.txt,151099,53056,52988,0.7284,0.7581,0.95,14,1.0967,0.9713,0.0242,0.9403,1.1291,1.1663
PG6485_text.txt,151099,53056,52988,0.7284,0.7581,0.95,15,1.061,0.9738,0.0144,0.9849,1.0896,1.0773
PG6485_text.txt,151099,53056,52988,0.7284,0.7581,0.95,16,1.0673,0.9778,0.0183,0.9754,1.0914,1.0942
PG6485_text.txt,151099,53056,52988,0.7284,0.7581,0.95,17,1.1109,0.9784,0.0223,0.9682,1.1354,1.1474
PG6485_text.txt,151099,53056,52988,0.7284,0.7581,0.95,18,1.0465,0.9673,0.0167,1.0089,1.0818,1.0372
PG6485_text.txt,151099,53056,52988,0.7284,0.7581,0.95,19,1.1969,0.9755,0.0223,0.9929,1.227,1.2054
PG6485_text.txt,151099,53056,52988,0.7284,0.7581,0.95,20,1.1068,0.9785,0.016,0.9709,1.1311,1.14
PG6485_text.txt,151099,53056,52988,0.7284,0.7581,0.99,1,1.6955,1.0092,0.049,1.0476,1.68,1.6185
PG6485_text.txt,151099,53056,52988,0.7284,0.7581,0.99,2,1.597,0.9704,0.0317,1.0851,1.6458,1.4718
PG6485_text.txt,151099,53056,52988,0.7284,0.7581,0.99,3,1.3728,0.9989,0.0447,0.9774,1.3744,1.4046
PG6485_text.txt,151099,53056,52988,0.7284,0.7581,0.99,4,1.1289,0.9756,0.053,0.9898,1.1571,1.1405
PG6485_text.txt,151099,53056,52988,0.7284,0.7581,0.99,5,1.0754,0.9778,0.0478,1.0699,1.0998,1.0052
PG6485_text.txt,151099,53056,52988,0.7284,0.7581,0.99,6,1.0344,0.9924,0.0406,0.968,1.0423,1.0687
PG6485_text.txt,151099,53056,52988,0.7284,0.7581,0.99,7,1.1737,0.9845,0.0308,0.8992,1.1922,1.3053
PG6485_text.txt,151099,53056,52988,0.7284,0.7581,0.99,8,1.1192,0.9968,0.0418,0.928,1.1228,1.2061
PG6485_text.txt,151099,53056,52988,0.7284,0.7581,0.99,9,1.5185,0.9854,0.0443,0.954,1.5409,1.5916
PG6485_text.txt,151099,53056,52988,0.7284,0.7581,0.99,10,1.2389,0.9842,0.0443,1.0431,1.2587,1.1878
PG6485_text.txt,151099,53056,52988,0.7284,0.7581,0.99,11,1.7103,0.9856,0.0332,0.9382,1.7353,1.8229
PG6485_text.txt,151099,53056,52988,0.7284,0.7581,0.99,12,1.0375,0.9905,0.0378,0.9768,1.0475,1.0622
PG6485_text.txt,151099,53056,52988,0.7284,0.7581,0.99,13,1.3085,0.9915,0.0372,0.9931,1.3198,1.3177
PG6485_text.txt,151099,53056,52988,0.7284,0.7581,0.99,14,1.0112,0.9936,0.0421,1.0394,1.0177,0.9729
PG6485_text.txt,151099,53056,52988,0.7284,0.7581,0.99,15,1.1943,0.9899,0.0445,1.015,1.2066,1.1766
PG6485_text.txt,151099,53056,52988,0.7284,0.7581,0.99,16,1.1982,1.0161,0.0542,0.9278,1.1793,1.2914
PG6485_text.txt,151099,53056,52988,0.7284,0.7581,0.99,17,1.5624,0.9654,0.0405,0.9774,1.6185,1.5985
PG6485_text.txt,151099,53056,52988,0.7284,0.7581,0.99,18,1.3139,0.9803,0.0494,0.9898,1.3403,1.3274
PG6485_text.txt,151099,53056,52988,0.7284,0.7581,0.99,19,1.4564,0.9941,0.0385,1.0236,1.4651,1.4228
PG6485_text.txt,151099,53056,52988,0.7284,0.7581,0.99,20,1.308,0.9937,0.0484,0.9559,1.3162,1.3683
PG70875_text.txt,163725,59070,58187,0.7136,0.7581,0.6,1,0.8487,0.7768,0.0047,0.7832,1.0925,1.0837
PG70875_text.txt,163725,59070,58187,0.7136,0.7581,0.6,2,0.9863,0.7747,0.0054,0.7782,1.2731,1.2674
PG70875_text.txt,163725,59070,58187,0.7136,0.7581,0.6,3,0.9877,0.775,0.0047,0.7834,1.2745,1.2608
PG70875_text.txt,163725,59070,58187,0.7136,0.7581,0.6,4,0.9218,0.7745,0.0043,0.7822,1.1902,1.1785
PG70875_text.txt,163725,59070,58187,0.7136,0.7581,0.6,5,0.8676,0.7733,0.005,0.7745,1.122,1.1203
PG70875_text.txt,163725,59070,58187,0.7136,0.7581,0.6,6,0.8577,0.7729,0.0044,0.7784,1.1097,1.1019
PG70875_text.txt,163725,59070,58187,0.7136,0.7581,0.6,7,0.8835,0.7762,0.0054,0.774,1.1383,1.1415
PG70875_text.txt,163725,59070,58187,0.7136,0.7581,0.6,8,0.8395,0.7761,0.0054,0.7691,1.0816,1.0915
PG70875_text.txt,163725,59070,58187,0.7136,0.7581,0.6,9,0.8672,0.7756,0.0051,0.7774,1.1181,1.1155
PG70875_text.txt,163725,59070,58187,0.7136,0.7581,0.6,10,0.913,0.7738,0.0051,0.7845,1.18,1.1639
PG70875_text.txt,163725,59070,58187,0.7136,0.7581,0.6,11,0.8339,0.775,0.0051,0.7733,1.0759,1.0783
PG70875_text.txt,163725,59070,58187,0.7136,0.7581,0.6,12,0.8565,0.7757,0.0043,0.7774,1.1041,1.1017
PG70875_text.txt,163725,59070,58187,0.7136,0.7581,0.6,13,0.8611,0.7752,0.0067,0.7812,1.1108,1.1023
PG70875_text.txt,163725,59070,58187,0.7136,0.7581,0.6,14,0.8367,0.7767,0.0055,0.7632,1.0772,1.0962
PG70875_text.txt,163725,59070,58187,0.7136,0.7581,0.6,15,0.8358,0.7751,0.0055,0.7758,1.0784,1.0773
PG70875_text.txt,163725,59070,58187,0.7136,0.7581,0.6,16,0.828,0.7741,0.0038,0.7723,1.0695,1.072
PG70875_text.txt,163725,59070,58187,0.7136,0.7581,0.6,17,0.8265,0.7758,0.0037,0.775,1.0653,1.0663
PG70875_text.txt,163725,59070,58187,0.7136,0.7581,0.6,18,0.8186,0.7735,0.0037,0.7728,1.0584,1.0593
PG70875_text.txt,163725,59070,58187,0.7136,0.7581,0.6,19,0.823,0.776,0.0056,0.7749,1.0605,1.062
PG70875_text.txt,163725,59070,58187,0.7136,0.7581,0.6,20,0.8261,0.7733,0.0039,0.7625,1.0682,1.0834
PG70875_text.txt,163725,59070,58187,0.7136,0.7581,0.7,1,0.9234,0.8367,0.0048,0.8399,1.1036,1.0994
PG70875_text.txt,163725,59070,58187,0.7136,0.7581,0.7,2,1.0782,0.837,0.0073,0.8399,1.2881,1.2838
PG70875_text.txt,163725,59070,58187,0.7136,0.7581,0.7,3,1.0981,0.837,0.0071,0.8537,1.312,1.2862
PG70875_text.txt,163725,59070,58187,0.7136,0.7581,0.7,4,1.0278,0.8371,0.0061,0.8336,1.2278,1.2329
PG70875_text.txt,163725,59070,58187,0.7136,0.7581,0.7,5,0.938,0.8355,0.0074,0.8291,1.1227,1.1314
PG70875_text.txt,163725,59070,58187,0.7136,0.7581,0.7,6,0.9316,0.8348,0.0069,0.8441,1.116,1.1037
PG70875_text.txt,163725,59070,58187,0.7136,0.7581,0.7,7,0.9706,0.8394,0.0056,0.8313,1.1563,1.1675
PG70875_text.txt,163725,59070,58187,0.7136,0.7581,0.7,8,0.9163,0.8363,0.005,0.8372,1.0957,1.0945
PG70875_text.txt,163725,59070,58187,0.7136,0.7581,0.7,9,0.9332,0.8374,0.0066,0.8414,1.1144,1.1091
PG70875_text.txt,163725,59070,58187,0.7136,0.7581,0.7,10,1.0011,0.8375,0.0056,0.8448,1.1954,1.1851
PG70875_text.txt,163725,59070,58187,0.7136,0.7581,0.7,11,0.9121,0.8366,0.0059,0.8396,1.0902,1.0864
PG70875_text.txt,163725,59070,58187,0.7136,0.7581,0.7,12,0.9244,0.8361,0.0064,0.8331,1.1057,1.1096
PG70875_text.txt,163725,59070,58187,0.7136,0.7581,0.7,13,0.9354,0.8383,0.0083,0.8404,1.1158,1.113
PG70875_text.txt,163725,59070,58187,0.7136,0.7581,0.7,14,0.9094,0.8378,0.0067,0.8329,1.0856,1.092
PG70875_text.txt,163725,59070,58187,0.7136,0.7581,0.7,15,0.9054,0.835,0.0071,0.8335,1.0843,1.0863
PG70875_text.txt,163725,59070,58187,0.7136,0.7581,0.7,16,0.8895,0.8339,0.0054,0.8392,1.0666,1.0599
PG70875_text.txt,163725,59070,58187,0.7136,0.7581,0.7,17,0.8994,0.8378,0.0049,0.8343,1.0735,1.078
PG70875_text.txt,163725,59070,58187,0.7136,0.7581,0.7,18,0.8852,0.8358,0.0061,0.8387,1.0591,1.0554
PG70875_text.txt,163725,59070,58187,0.7136,0.7581,0.7,19,0.8815,0.8366,0.0077,0.8326,1.0537,1.0587
PG70875_text.txt,163725,59070,58187,0.7136,0.7581,0.7,20,0.8948,0.8368,0.0054,0.8229,1.0693,1.0874
PG70875_text.txt,163725,59070,58187,0.7136,0.7581,0.8,1,0.9937,0.8933,0.0085,0.9037,1.1123,1.0995
PG70875_text.txt,163725,59070,58187,0.7136,0.7581,0.8,2,1.1361,0.8947,0.0075,0.8905,1.2698,1.2757
PG70875_text.txt,163725,59070,58187,0.7136,0.7581,0.8,3,1.1995,0.8959,0.0069,0.8965,1.3389,1.3379
PG70875_text.txt,163725,59070,58187,0.7136,0.7581,0.8,4,1.1273,0.8944,0.0075,0.9009,1.2604,1.2514
PG70875_text.txt,163725,59070,58187,0.7136,0.7581,0.8,5,0.9928,0.8933,0.0058,0.8948,1.1114,1.1095
PG70875_text.txt,163725,59070,58187,0.7136,0.7581,0.8,6,0.9965,0.8953,0.0073,0.9056,1.113,1.1003
PG70875_text.txt,163725,59070,58187,0.7136,0.7581,0.8,7,1.0392,0.8957,0.007,0.8813,1.1602,1.1792
PG70875_text.txt,163725,59070,58187,0.7136,0.7581,0.8,8,0.9806,0.8948,0.0091,0.8918,1.0959,1.0996
PG70875_text.txt,163725,59070,58187,0.7136,0.7581,0.8,9,1.009,0.892,0.0059,0.8899,1.1311,1.1339
PG70875_text.txt,163725,59070,58187,0.7136,0.7581,0.8,10,1.0905,0.8939,0.0089,0.8952,1.2199,1.2182
PG70875_text.txt,163725,59070,58187,0.7136,0.7581,0.8,11,0.9966,0.8953,0.0109,0.8917,1.1131,1.1177
PG70875_text.txt,163725,59070,58187,0.7136,0.7581,0.8,12,1.0034,0.891,0.0055,0.8921,1.1261,1.1247
PG70875_text.txt,163725,59070,58187,0.7136,0.7581,0.8,13,1.022,0.893,0.0089,0.9014,1.1445,1.1338
PG70875_text.txt,163725,59070,58187,0.7136,0.7581,0.8,14,0.9965,0.895,0.0092,0.8886,1.1134,1.1214
PG70875_text.txt,163725,59070,58187,0.7136,0.7581,0.8,15,0.9828,0.8926,0.0092,0.8902,1.101,1.104
PG70875_text.txt,163725,59070,58187,0.7136,0.7581,0.8,16,0.9537,0.8964,0.0085,0.9023,1.0639,1.0569
PG70875_text.txt,163725,59070,58187,0.7136,0.7581,0.8,17,0.9653,0.8963,0.0078,0.8941,1.077,1.0797
PG70875_text.txt,163725,59070,58187,0.7136,0.7581,0.8,18,0.975,0.8946,0.0063,0.9005,1.0899,1.0827
PG70875_text.txt,163725,59070,58187,0.7136,0.7581,0.8,19,0.9394,0.8969,0.0087,0.9101,1.0474,1.0322
PG70875_text.txt,163725,59070,58187,0.7136,0.7581,0.8,20,0.962,0.896,0.0082,0.8953,1.0737,1.0745
PG70875_text.txt,163725,59070,58187,0.7136,0.7581,0.9,1,1.1147,0.9486,0.0092,0.9691,1.1751,1.1502
PG70875_text.txt,163725,59070,58187,0.7136,0.7581,0.9,2,1.2272,0.9489,0.0102,0.9439,1.2932,1.3002
PG70875_text.txt,163725,59070,58187,0.7136,0.7581,0.9,3,1.2712,0.9523,0.0143,0.9448,1.3349,1.3456
PG70875_text.txt,163725,59070,58187,0.7136,0.7581,0.9,4,1.2743,0.9476,0.0118,0.955,1.3447,1.3343
PG70875_text.txt,163725,59070,58187,0.7136,0.7581,0.9,5,1.0625,0.9478,0.0134,0.9297,1.121,1.1429
PG70875_text.txt,163725,59070,58187,0.7136,0.7581,0.9,6,1.061,0.9475,0.0082,0.964,1.1198,1.1007
PG70875_text.txt,163725,59070,58187,0.7136,0.7581,0.9,7,1.1224,0.9475,0.009,0.9445,1.1845,1.1884
PG70875_text.txt,163725,59070,58187,0.7136,0.7581,0.9,8,1.0713,0.946,0.0127,0.9591,1.1324,1.117
PG70875_text.txt,163725,59070,58187,0.7136,0.7581,0.9,9,1.0855,0.9483,0.01,0.9375,1.1447,1.1578
PG70875_text.txt,163725,59070,58187,0.7136,0.7581,0.9,10,1.1757,0.9514,0.0148,0.9457,1.2358,1.2433
PG70875_text.txt,163725,59070,58187,0.7136,0.7581,0.9,11,1.0985,0.9535,0.013,0.9731,1.152,1.1288
PG70875_text.txt,163725,59070,58187,0.7136,0.7581,0.9,12,1.1135,0.9489,0.0166,0.9635,1.1734,1.1556
PG70875_text.txt,163725,59070,58187,0.7136,0.7581,0.9,13,1.1149,0.9468,0.0123,0.9518,1.1776,1.1713
PG70875_text.txt,163725,59070,58187,0.7136,0.7581,0.9,14,1.0688,0.9501,0.0149,0.9602,1.125,1.1131
PG70875_text.txt,163725,59070,58187,0.7136,0.7581,0.9,15,1.0528,0.9539,0.0101,0.9213,1.1036,1.1427
PG70875_text.txt,163725,59070,58187,0.7136,0.7581,0.9,16,1.0435,0.9453,0.0141,0.9538,1.1038,1.0941
PG70875_text.txt,163725,59070,58187,0.7136,0.7581,0.9,17,1.0327,0.9485,0.0085,0.9523,1.0887,1.0844
PG70875_text.txt,163725,59070,58187,0.7136,0.7581,0.9,18,1.0588,0.9493,0.0101,0.9598,1.1153,1.1031
PG70875_text.txt,163725,59070,58187,0.7136,0.7581,0.9,19,1.045,0.9502,0.0151,0.9379,1.0998,1.1143
PG70875_text.txt,163725,59070,58187,0.7136,0.7581,0.9,20,1.0167,0.9457,0.0131,0.9455,1.0751,1.0753
PG70875_text.txt,163725,59070,58187,0.7136,0.7581,0.95,1,1.173,0.9734,0.0106,0.9967,1.2051,1.1769
PG70875_text.txt,163725,59070,58187,0.7136,0.7581,0.95,2,1.2158,0.9748,0.0222,0.9628,1.2472,1.2628
PG70875_text.txt,163725,59070,58187,0.7136,0.7581,0.95,3,1.2957,0.9778,0.0146,0.9686,1.3251,1.3377
PG70875_text.txt,163725,59070,58187,0.7136,0.7581,0.95,4,1.3926,0.9732,0.0186,0.9879,1.431,1.4096
PG70875_text.txt,163725,59070,58187,0.7136,0.7581,0.95,5,1.114,0.9722,0.0176,0.9627,1.1459,1.1572
PG70875_text.txt,163725,59070,58187,0.7136,0.7581,0.95,6,1.1348,0.9779,0.0183,0.9823,1.1605,1.1553
PG70875_text.txt,163725,59070,58187,0.7136,0.7581,0.95,7,1.1419,0.9673,0.0249,1.0012,1.1805,1.1405
PG70875_text.txt,163725,59070,58187,0.7136,0.7581,0.95,8,1.1389,0.9722,0.0171,0.9903,1.1715,1.1501
PG70875_text.txt,163725,59070,58187,0.7136,0.7581,0.95,9,1.1515,0.9686,0.0152,0.9652,1.1889,1.193
PG70875_text.txt,163725,59070,58187,0.7136,0.7581,0.95,10,1.1964,0.9768,0.0141,0.9682,1.2248,1.2357
PG70875_text.txt,163725,59070,58187,0.7136,0.7581,0.95,11,1.0745,0.9779,0.0155,0.989,1.0989,1.0865
PG70875_text.txt,163725,59070,58187,0.7136,0.7581,0.95,12,1.1244,0.9754,0.018,0.9419,1.1528,1.1937
PG70875_text.txt,163725,59070,58187,0.7136,0.7581,0.95,13,1.128,0.9757,0.0135,0.9577,1.1561,1.1779
PG70875_text.txt,163725,59070,58187,0.7136,0.7581,0.95,14,1.1262,0.9773,0.0144,0.9798,1.1524,1.1494
PG70875_text.txt,163725,59070,58187,0.7136,0.7581,0.95,15,1.0916,0.9765,0.0161,0.984,1.1178,1.1094
PG70875_text.txt,163725,59070,58187,0.7136,0.7581,0.95,16,1.1099,0.9731,0.015,0.9952,1.1406,1.1153
PG70875_text.txt,163725,59070,58187,0.7136,0.7581,0.95,17,1.0852,0.9799,0.0186,0.9649,1.1074,1.1247
PG70875_text.txt,163725,59070,58187,0.7136,0.7581,0.95,18,1.1169,0.9725,0.0203,0.9769,1.1486,1.1434
PG70875_text.txt,163725,59070,58187,0.7136,0.7581,0.95,19,1.0958,0.9762,0.0208,0.9879,1.1225,1.1093
PG70875_text.txt,163725,59070,58187,0.7136,0.7581,0.95,20,1.1224,0.9789,0.0179,0.9679,1.1465,1.1596
PG70875_text.txt,163725,59070,58187,0.7136,0.7581,0.99,1,1.9724,1.0004,0.0472,1.0427,1.9716,1.8917
PG70875_text.txt,163725,59070,58187,0.7136,0.7581,0.99,2,1.2224,0.9808,0.0441,1.0035,1.2463,1.2182
PG70875_text.txt,163725,59070,58187,0.7136,0.7581,0.99,3,1.173,0.9864,0.0389,1.0184,1.1892,1.1517
PG70875_text.txt,163725,59070,58187,0.7136,0.7581,0.99,4,1.3455,0.9862,0.0337,1.0118,1.3643,1.3298
PG70875_text.txt,163725,59070,58187,0.7136,0.7581,0.99,5,1.18,1.0024,0.0419,0.9757,1.1771,1.2094
PG70875_text.txt,163725,59070,58187,0.7136,0.7581,0.99,6,1.1906,0.9971,0.0498,1.0767,1.1941,1.1058
PG70875_text.txt,163725,59070,58187,0.7136,0.7581,0.99,7,1.0948,0.9879,0.0537,1.0406,1.1082,1.052
PG70875_text.txt,163725,59070,58187,0.7136,0.7581,0.99,8,1.3604,0.9901,0.036,1.0144,1.3741,1.3411
PG70875_text.txt,163725,59070,58187,0.7136,0.7581,0.99,9,1.2951,0.9844,0.0447,1.0191,1.3157,1.2708
PG70875_text.txt,163725,59070,58187,0.7136,0.7581,0.99,10,1.1733,0.9915,0.0396,1.0508,1.1834,1.1166
PG70875_text.txt,163725,59070,58187,0.7136,0.7581,0.99,11,1.1883,1.0006,0.0332,1.051,1.1876,1.1307
PG70875_text.txt,163725,59070,58187,0.7136,0.7581,0.99,12,1.2481,0.9926,0.0397,0.9542,1.2574,1.3081
PG70875_text.txt,163725,59070,58187,0.7136,0.7581,0.99,13,1.2503,1.0057,0.0467,1.033,1.2432,1.2104
PG70875_text.txt,163725,59070,58187,0.7136,0.7581,0.99,14,1.1902,0.9989,0.0286,1.0368,1.1915,1.1479
PG70875_text.txt,163725,59070,58187,0.7136,0.7581,0.99,15,1.1674,1.0057,0.039,1.0225,1.1609,1.1417
PG70875_text.txt,163725,59070,58187,0.7136,0.7581,0.99,16,1.1964,1.0021,0.0373,1.0714,1.194,1.1167
PG70875_text.txt,163725,59070,58187,0.7136,0.7581,0.99,17,1.1763,0.9806,0.0415,0.9799,1.1995,1.2004
PG70875_text.txt,163725,59070,58187,0.7136,0.7581,0.99,18,1.1421,0.9873,0.0403,0.9356,1.1568,1.2207
PG70875_text.txt,163725,59070,58187,0.7136,0.7581,0.99,19,1.3215,0.9877,0.0379,1.0012,1.3379,1.3199
PG70875_text.txt,163725,59070,58187,0.7136,0.7581,0.99,20,1.2876,1.0034,0.0395,1.0183,1.2832,1.2645
PG8387_text.txt,66466,20054,19988,0.7524,0.7581,0.6,1,0.8626,0.7751,0.0098,0.7759,1.1129,1.1118
PG8387_text.txt,66466,20054,19988,0.7524,0.7581,0.6,2,0.9386,0.7788,0.0093,0.7801,1.2052,1.2033
PG8387_text.txt,66466,20054,19988,0.7524,0.7581,0.6,3,0.9099,0.7747,0.009,0.7771,1.1745,1.1709
PG8387_text.txt,66466,20054,19988,0.7524,0.7581,0.6,4,0.8551,0.7762,0.0106,0.7747,1.1016,1.1038
PG8387_text.txt,66466,20054,19988,0.7524,0.7581,0.6,5,0.9002,0.7726,0.007,0.7953,1.1651,1.132
PG8387_text.txt,66466,20054,19988,0.7524,0.7581,0.6,6,0.8635,0.7767,0.008,0.7639,1.1118,1.1303
PG8387_text.txt,66466,20054,19988,0.7524,0.7581,0.6,7,0.8505,0.7719,0.0064,0.7896,1.1019,1.0772
PG8387_text.txt,66466,20054,19988,0.7524,0.7581,0.6,8,0.8559,0.7752,0.0051,0.7865,1.1041,1.0882
PG8387_text.txt,66466,20054,19988,0.7524,0.7581,0.6,9,0.8739,0.774,0.0089,0.7676,1.1291,1.1385
PG8387_text.txt,66466,20054,19988,0.7524,0.7581,0.6,10,0.8441,0.7744,0.0101,0.7696,1.09,1.0967
PG8387_text.txt,66466,20054,19988,0.7524,0.7581,0.6,11,0.8564,0.7779,0.0086,0.7621,1.1009,1.1238
PG8387_text.txt,66466,20054,19988,0.7524,0.7581,0.6,12,0.8292,0.7749,0.0078,0.7841,1.0701,1.0574
PG8387_text.txt,66466,20054,19988,0.7524,0.7581,0.6,13,0.8299,0.7718,0.0099,0.7731,1.0753,1.0735
PG8387_text.txt,66466,20054,19988,0.7524,0.7581,0.6,14,0.8241,0.777,0.0081,0.7869,1.0607,1.0472
PG8387_text.txt,66466,20054,19988,0.7524,0.7581,0.6,15,0.8202,0.776,0.0084,0.773,1.0569,1.061
PG8387_text.txt,66466,20054,19988,0.7524,0.7581,0.6,16,0.8497,0.7721,0.009,0.7818,1.1004,1.0868
PG8387_text.txt,66466,20054,19988,0.7524,0.7581,0.6,17,0.8198,0.7746,0.0076,0.785,1.0583,1.0443
PG8387_text.txt,66466,20054,19988,0.7524,0.7581,0.6,18,0.806,0.7729,0.0089,0.7817,1.0428,1.0311
PG8387_text.txt,66466,20054,19988,0.7524,0.7581,0.6,19,0.8197,0.7767,0.0075,0.7741,1.0554,1.059
PG8387_text.txt,66466,20054,19988,0.7524,0.7581,0.6,20,0.8461,0.7756,0.0053,0.7873,1.0908,1.0746
PG8387_text.txt,66466,20054,19988,0.7524,0.7581,0.7,1,0.9379,0.8373,0.0102,0.834,1.1201,1.1245
PG8387_text.txt,66466,20054,19988,0.7524,0.7581,0.7,2,1.0202,0.837,0.01,0.834,1.2189,1.2232
PG8387_text.txt,66466,20054,19988,0.7524,0.7581,0.7,3,1.0716,0.8343,0.0113,0.84,1.2845,1.2758
PG8387_text.txt,66466,20054,19988,0.7524,0.7581,0.7,4,0.9593,0.8369,0.0133,0.82,1.1463,1.1699
PG8387_text.txt,66466,20054,19988,0.7524,0.7581,0.7,5,0.9927,0.8352,0.0104,0.8559,1.1886,1.1598
PG8387_text.txt,66466,20054,19988,0.7524,0.7581,0.7,6,0.9539,0.8365,0.0117,0.8256,1.1404,1.1554
PG8387_text.txt,66466,20054,19988,0.7524,0.7581,0.7,7,0.9236,0.8365,0.0101,0.8497,1.1042,1.0869
PG8387_text.txt,66466,20054,19988,0.7524,0.7581,0.7,8,0.9543,0.8404,0.0098,0.8492,1.1356,1.1238
PG8387_text.txt,66466,20054,19988,0.7524,0.7581,0.7,9,0.9461,0.8342,0.0105,0.8208,1.1341,1.1527
PG8387_text.txt,66466,20054,19988,0.7524,0.7581,0.7,10,0.9247,0.8368,0.012,0.8294,1.105,1.1148
PG8387_text.txt,66466,20054,19988,0.7524,0.7581,0.7,11,0.9215,0.8405,0.0107,0.8417,1.0963,1.0948
PG8387_text.txt,66466,20054,19988,0.7524,0.7581,0.7,12,0.9095,0.8369,0.0101,0.8376,1.0867,1.0858
PG8387_text.txt,66466,20054,19988,0.7524,0.7581,0.7,13,0.8875,0.8386,0.0084,0.8345,1.0584,1.0636
PG8387_text.txt,66466,20054,19988,0.7524,0.7581,0.7,14,0.8922,0.838,0.0106,0.8478,1.0647,1.0523
PG8387_text.txt,66466,20054,19988,0.7524,0.7581,0.7,15,0.8721,0.838,0.0103,0.8408,1.0407,1.0371
PG8387_text.txt,66466,20054,19988,0.7524,0.7581,0.7,16,0.9179,0.8342,0.0121,0.8251,1.1003,1.1125
PG8387_text.txt,66466,20054,19988,0.7524,0.7581,0.7,17,0.8866,0.8359,0.0102,0.8574,1.0606,1.034
PG8387_text.txt,66466,20054,19988,0.7524,0.7581,0.7,18,0.9104,0.8372,0.0126,0.8428,1.0875,1.0802
PG8387_text.txt,66466,20054,19988,0.7524,0.7581,0.7,19,0.9041,0.8381,0.0093,0.8408,1.0788,1.0754
PG8387_text.txt,66466,20054,19988,0.7524,0.7581,0.7,20,0.9157,0.8368,0.0068,0.8471,1.0943,1.081
PG8387_text.txt,66466,20054,19988,0.7524,0.7581,0.8,1,1.0051,0.8897,0.0093,0.9025,1.1296,1.1136
PG8387_text.txt,66466,20054,19988,0.7524,0.7581,0.8,2,1.1038,0.8907,0.0149,0.9007,1.2392,1.2255
PG8387_text.txt,66466,20054,19988,0.7524,0.7581,0.8,3,1.1748,0.8932,0.0138,0.9072,1.3152,1.2949
PG8387_text.txt,66466,20054,19988,0.7524,0.7581,0.8,4,1.0422,0.8947,0.0151,0.884,1.1648,1.1789
PG8387_text.txt,66466,20054,19988,0.7524,0.7581,0.8,5,1.0871,0.8941,0.0117,0.9082,1.2159,1.197
PG8387_text.txt,66466,20054,19988,0.7524,0.7581,0.8,6,1.0378,0.898,0.0169,0.8975,1.1557,1.1563
PG8387_text.txt,66466,20054,19988,0.7524,0.7581,0.8,7,1.0153,0.8973,0.0145,0.906,1.1315,1.1207
PG8387_text.txt,66466,20054,19988,0.7524,0.7581,0.8,8,1.0589,0.8988,0.0127,0.9075,1.1781,1.1668
PG8387_text.txt,66466,20054,19988,0.7524,0.7581,0.8,9,0.9999,0.8931,0.0129,0.8898,1.1196,1.1237
PG8387_text.txt,66466,20054,19988,0.7524,0.7581,0.8,10,1.0237,0.8958,0.0164,0.8806,1.1427,1.1624
PG8387_text.txt,66466,20054,19988,0.7524,0.7581,0.8,11,1.014,0.8977,0.0143,0.9264,1.1296,1.0946
PG8387_text.txt,66466,20054,19988,0.7524,0.7581,0.8,12,0.9701,0.8954,0.0133,0.8888,1.0834,1.0915
PG8387_text.txt,66466,20054,19988,0.7524,0.7581,0.8,13,0.9814,0.8961,0.0117,0.884,1.0953,1.1102
PG8387_text.txt,66466,20054,19988,0.7524,0.7581,0.8,14,0.9314,0.8988,0.0128,0.8878,1.0362,1.0491
PG8387_text.txt,66466,20054,19988,0.7524,0.7581,0.8,15,0.9369,0.8952,0.0167,0.8943,1.0466,1.0477
PG8387_text.txt,66466,20054,19988,0.7524,0.7581,0.8,16,0.9885,0.889,0.0144,0.8857,1.112,1.116
PG8387_text.txt,66466,20054,19988,0.7524,0.7581,0.8,17,0.9567,0.894,0.0149,0.9021,1.0702,1.0606
PG8387_text.txt,66466,20054,19988,0.7524,0.7581,0.8,18,1.0126,0.8972,0.0141,0.8941,1.1286,1.1324
PG8387_text.txt,66466,20054,19988,0.7524,0.7581,0.8,19,0.9754,0.8931,0.0177,0.8952,1.0922,1.0896
PG8387_text.txt,66466,20054,19988,0.7524,0.7581,0.8,20,0.9763,0.8959,0.016,0.9125,1.0897,1.0698
PG8387_text.txt,66466,20054,19988,0.7524,0.7581,0.9,1,1.0643,0.9519,0.0246,1.0089,1.1181,1.055
PG8387_text.txt,66466,20054,19988,0.7524,0.7581,0.9,2,1.1704,0.9478,0.0246,0.9438,1.2349,1.2401
PG8387_text.txt,66466,20054,19988,0.7524,0.7581,0.9,3,1.2263,0.9515,0.0174,0.9572,1.2888,1.2811
PG8387_text.txt,66466,20054,19988,0.7524,0.7581,0.9,4,1.1882,0.9463,0.0221,0.9286,1.2556,1.2795
PG8387_text.txt,66466,20054,19988,0.7524,0.7581,0.9,5,1.2059,0.9506,0.0179,0.9548,1.2685,1.263
PG8387_text.txt,66466,20054,19988,0.7524,0.7581,0.9,6,1.0789,0.9489,0.0222,0.951,1.1371,1.1345
PG8387_text.txt,66466,20054,19988,0.7524,0.7581,0.9,7,1.0948,0.9447,0.0213,0.9271,1.1589,1.1809
PG8387_text.txt,66466,20054,19988,0.7524,0.7581,0.9,8,1.2092,0.9494,0.027,0.9454,1.2737,1.279
PG8387_text.txt,66466,20054,19988,0.7524,0.7581,0.9,9,1.0928,0.9546,0.0205,0.9655,1.1448,1.1319
PG8387_text.txt,66466,20054,19988,0.7524,0.7581,0.9,10,1.1158,0.9488,0.0202,0.9367,1.176,1.1912
PG8387_text.txt,66466,20054,19988,0.7524,0.7581,0.9,11,1.0869,0.9495,0.0289,0.9921,1.1447,1.0956
PG8387_text.txt,66466,20054,19988,0.7524,0.7581,0.9,12,0.9991,0.9471,0.0273,0.9338,1.0549,1.0699
PG8387_text.txt,66466,20054,19988,0.7524,0.7581,0.9,13,1.0456,0.9458,0.0229,0.9517,1.1055,1.0987
PG8387_text.txt,66466,20054,19988,0.7524,0.7581,0.9,14,1.0384,0.9492,0.0176,0.9235,1.0939,1.1244
PG8387_text.txt,66466,20054,19988,0.7524,0.7581,0.9,15,1.0333,0.9521,0.0182,0.9443,1.0853,1.0943
PG8387_text.txt,66466,20054,19988,0.7524,0.7581,0.9,16,1.0142,0.9488,0.014,0.9599,1.0689,1.0566
PG8387_text.txt,66466,20054,19988,0.7524,0.7581,0.9,17,1.0075,0.9421,0.0179,0.9549,1.0694,1.055
PG8387_text.txt,66466,20054,19988,0.7524,0.7581,0.9,18,1.1028,0.9393,0.0198,0.9238,1.174,1.1937
PG8387_text.txt,66466,20054,19988,0.7524,0.7581,0.9,19,1.0203,0.9526,0.0242,0.9535,1.071,1.0701
PG8387_text.txt,66466,20054,19988,0.7524,0.7581,0.9,20,1.032,0.9496,0.0194,0.9625,1.0868,1.0722
PG8387_text.txt,66466,20054,19988,0.7524,0.7581,0.95,1,1.1725,0.9726,0.0405,1.0125,1.2054,1.158
PG8387_text.txt,66466,20054,19988,0.7524,0.7581,0.95,2,1.202,0.9686,0.0298,0.9291,1.2409,1.2937
PG8387_text.txt,66466,20054,19988,0.7524,0.7581,0.95,3,1.2216,0.9789,0.0315,0.9706,1.2479,1.2586
PG8387_text.txt,66466,20054,19988,0.7524,0.7581,0.95,4,1.2785,0.9787,0.0246,0.9483,1.3064,1.3483
PG8387_text.txt,66466,20054,19988,0.7524,0.7581,0.95,5,1.2641,0.9824,0.0302,0.9691,1.2868,1.3044
PG8387_text.txt,66466,20054,19988,0.7524,0.7581,0.95,6,1.1125,0.9685,0.024,0.9403,1.1488,1.1832
PG8387_text.txt,66466,20054,19988,0.7524,0.7581,0.95,7,1.1677,0.9827,0.0292,0.946,1.1882,1.2344
PG8387_text.txt,66466,20054,19988,0.7524,0.7581,0.95,8,1.2255,0.9766,0.0355,0.9884,1.2549,1.2399
PG8387_text.txt,66466,20054,19988,0.7524,0.7581,0.95,9,1.182,0.9865,0.0309,1.0149,1.1982,1.1646
PG8387_text.txt,66466,20054,19988,0.7524,0.7581,0.95,10,1.1915,0.9794,0.0308,1.0203,1.2166,1.1679
PG8387_text.txt,66466,20054,19988,0.7524,0.7581,0.95,11,1.1497,0.9832,0.0292,0.9764,1.1694,1.1775
PG8387_text.txt,66466,20054,19988,0.7524,0.7581,0.95,12,1.0527,0.9693,0.0257,0.9833,1.086,1.0706
PG8387_text.txt,66466,20054,19988,0.7524,0.7581,0.95,13,1.1624,0.9946,0.035,0.9643,1.1687,1.2054
PG8387_text.txt,66466,20054,19988,0.7524,0.7581,0.95,14,1.0986,0.9893,0.0353,0.9525,1.1105,1.1535
PG8387_text.txt,66466,20054,19988,0.7524,0.7581,0.95,15,1.0639,0.9808,0.0318,1.0375,1.0848,1.0255
PG8387_text.txt,66466,20054,19988,0.7524,0.7581,0.95,16,1.0899,0.9831,0.0191,0.97,1.1087,1.1236
PG8387_text.txt,66466,20054,19988,0.7524,0.7581,0.95,17,1.111,0.9749,0.0323,0.9776,1.1397,1.1365
PG8387_text.txt,66466,20054,19988,0.7524,0.7581,0.95,18,1.1955,0.9749,0.0261,1.0149,1.2262,1.1779
PG8387_text.txt,66466,20054,19988,0.7524,0.7581,0.95,19,1.1385,0.9692,0.0264,0.9152,1.1748,1.2441
PG8387_text.txt,66466,20054,19988,0.7524,0.7581,0.95,20,1.0841,0.9843,0.0261,0.9521,1.1014,1.1386
PG8387_text.txt,66466,20054,19988,0.7524,0.7581,0.99,1,1.1342,1.0053,0.0628,1.0487,1.1282,1.0815
PG8387_text.txt,66466,20054,19988,0.7524,0.7581,0.99,2,1.0228,0.9831,0.0752,1.0842,1.0403,0.9434
PG8387_text.txt,66466,20054,19988,0.7524,0.7581,0.99,3,1.2288,0.9807,0.0752,0.9526,1.253,1.29
PG8387_text.txt,66466,20054,19988,0.7524,0.7581,0.99,4,0.9666,0.9918,0.0789,1.0137,0.9746,0.9536
PG8387_text.txt,66466,20054,19988,0.7524,0.7581,0.99,5,1.4886,0.9761,0.0766,0.9384,1.5251,1.5863
PG8387_text.txt,66466,20054,19988,0.7524,0.7581,0.99,6,1.7478,0.9687,0.0601,1.0567,1.8043,1.6541
PG8387_text.txt,66466,20054,19988,0.7524,0.7581,0.99,7,1.1721,0.9692,0.0724,1.011,1.2093,1.1594
PG8387_text.txt,66466,20054,19988,0.7524,0.7581,0.99,8,1.2306,0.9768,0.0635,0.9468,1.2597,1.2997
PG8387_text.txt,66466,20054,19988,0.7524,0.7581,0.99,9,1.1295,0.9957,0.0583,0.9171,1.1344,1.2316
PG8387_text.txt,66466,20054,19988,0.7524,0.7581,0.99,10,1.3577,1.0072,0.0662,0.9101,1.3481,1.4919
PG8387_text.txt,66466,20054,19988,0.7524,0.7581,0.99,11,1.1398,1.0103,0.0539,0.8452,1.1282,1.3487
PG8387_text.txt,66466,20054,19988,0.7524,0.7581,0.99,12,1.3221,0.9637,0.0674,1.1181,1.372,1.1825
PG8387_text.txt,66466,20054,19988,0.7524,0.7581,0.99,13,1.2706,0.9948,0.0796,1.0116,1.2772,1.256
PG8387_text.txt,66466,20054,19988,0.7524,0.7581,0.99,14,1.2565,0.99,0.0723,1.007,1.2692,1.2478
PG8387_text.txt,66466,20054,19988,0.7524,0.7581,0.99,15,1.0768,1.0063,0.0659,1.0248,1.07,1.0507
PG8387_text.txt,66466,20054,19988,0.7524,0.7581,0.99,16,0.9705,0.9897,0.0745,0.9121,0.9806,1.0641
PG8387_text.txt,66466,20054,19988,0.7524,0.7581,0.99,17,1.0805,0.9699,0.0817,1.0241,1.114,1.055
PG8387_text.txt,66466,20054,19988,0.7524,0.7581,0.99,18,1.4034,0.9926,0.0647,1.0106,1.4138,1.3886
PG8387_text.txt,66466,20054,19988,0.7524,0.7581,0.99,19,1.2522,0.9464,0.0616,0.9526,1.3231,1.3145
PG8387_text.txt,66466,20054,19988,0.7524,0.7581,0.99,20,1.2661,1.023,0.0626,0.8513,1.2376,1.4873
PG9879_text.txt,176152,67500,66089,0.7561,0.8044,0.6,1,0.8781,0.7753,0.0043,0.7977,1.1325,1.1008
PG9879_text.txt,176152,67500,66089,0.7561,0.8044,0.6,2,0.9726,0.7746,0.0053,0.7717,1.2556,1.2604
PG9879_text.txt,176152,67500,66089,0.7561,0.8044,0.6,3,0.9626,0.7751,0.0052,0.7674,1.242,1.2545
PG9879_text.txt,176152,67500,66089,0.7561,0.8044,0.6,4,0.8584,0.7742,0.0044,0.7833,1.1088,1.096
PG9879_text.txt,176152,67500,66089,0.7561,0.8044,0.6,5,0.8436,0.7745,0.0036,0.775,1.0893,1.0885
PG9879_text.txt,176152,67500,66089,0.7561,0.8044,0.6,6,0.8915,0.7739,0.0049,0.776,1.1519,1.1488
PG9879_text.txt,176152,67500,66089,0.7561,0.8044,0.6,7,0.8677,0.7764,0.0035,0.7699,1.1177,1.1271
PG9879_text.txt,176152,67500,66089,0.7561,0.8044,0.6,8,0.8654,0.7754,0.0038,0.7868,1.1161,1.0999
PG9879_text.txt,176152,67500,66089,0.7561,0.8044,0.6,9,0.8514,0.7761,0.0055,0.7795,1.097,1.0922
PG9879_text.txt,176152,67500,66089,0.7561,0.8044,0.6,10,0.8676,0.775,0.0054,0.7738,1.1196,1.1213
PG9879_text.txt,176152,67500,66089,0.7561,0.8044,0.6,11,0.8612,0.7751,0.004,0.7819,1.1111,1.1014
PG9879_text.txt,176152,67500,66089,0.7561,0.8044,0.6,12,0.8717,0.7746,0.0057,0.7799,1.1252,1.1177
PG9879_text.txt,176152,67500,66089,0.7561,0.8044,0.6,13,0.8462,0.7767,0.0044,0.7802,1.0896,1.0846
PG9879_text.txt,176152,67500,66089,0.7561,0.8044,0.6,14,0.863,0.7764,0.004,0.7733,1.1115,1.1159
PG9879_text.txt,176152,67500,66089,0.7561,0.8044,0.6,15,0.8371,0.7764,0.0045,0.7722,1.0781,1.084
PG9879_text.txt,176152,67500,66089,0.7561,0.8044,0.6,16,0.8236,0.7762,0.0032,0.7736,1.061,1.0645
PG9879_text.txt,176152,67500,66089,0.7561,0.8044,0.6,17,0.8429,0.7757,0.0051,0.7664,1.0866,1.0997
PG9879_text.txt,176152,67500,66089,0.7561,0.8044,0.6,18,0.8479,0.7751,0.006,0.7849,1.0938,1.0802
PG9879_text.txt,176152,67500,66089,0.7561,0.8044,0.6,19,0.826,0.7747,0.0052,0.7831,1.0662,1.0548
PG9879_text.txt,176152,67500,66089,0.7561,0.8044,0.6,20,0.8156,0.7747,0.0047,0.7743,1.0528,1.0532
PG9879_text.txt,176152,67500,66089,0.7561,0.8044,0.7,1,0.9801,0.8364,0.0051,0.8522,1.1718,1.1501
PG9879_text.txt,176152,67500,66089,0.7561,0.8044,0.7,2,1.0595,0.8361,0.0048,0.8394,1.2672,1.2622
PG9879_text.txt,176152,67500,66089,0.7561,0.8044,0.7,3,1.0809,0.8389,0.007,0.8286,1.2884,1.3045
PG9879_text.txt,176152,67500,66089,0.7561,0.8044,0.7,4,0.938,0.8363,0.0062,0.8452,1.1216,1.1097
PG9879_text.txt,176152,67500,66089,0.7561,0.8044,0.7,5,0.9546,0.8365,0.0039,0.8432,1.1411,1.1321
PG9879_text.txt,176152,67500,66089,0.7561,0.8044,0.7,6,0.967,0.8365,0.0071,0.8308,1.1561,1.1639
PG9879_text.txt,176152,67500,66089,0.7561,0.8044,0.7,7,0.9625,0.8389,0.0043,0.8314,1.1474,1.1578
PG9879_text.txt,176152,67500,66089,0.7561,0.8044,0.7,8,0.9627,0.8362,0.007,0.8534,1.1514,1.1282
PG9879_text.txt,176152,67500,66089,0.7561,0.8044,0.7,9,0.9168,0.8377,0.0071,0.84,1.0944,1.0913
PG9879_text.txt,176152,67500,66089,0.7561,0.8044,0.7,10,0.9577,0.8378,0.0048,0.8348,1.1432,1.1472
PG9879_text.txt,176152,67500,66089,0.7561,0.8044,0.7,11,0.9363,0.8348,0.0053,0.8481,1.1215,1.1039
PG9879_text.txt,176152,67500,66089,0.7561,0.8044,0.7,12,0.958,0.8355,0.0068,0.8362,1.1467,1.1456
PG9879_text.txt,176152,67500,66089,0.7561,0.8044,0.7,13,0.9181,0.8389,0.0062,0.8451,1.0944,1.0864
PG9879_text.txt,176152,67500,66089,0.7561,0.8044,0.7,14,0.9349,0.8377,0.0054,0.8273,1.1161,1.1301
PG9879_text.txt,176152,67500,66089,0.7561,0.8044,0.7,15,0.9046,0.8389,0.0058,0.8403,1.0783,1.0765
PG9879_text.txt,176152,67500,66089,0.7561,0.8044,0.7,16,0.9047,0.8376,0.0048,0.8312,1.08,1.0884
PG9879_text.txt,176152,67500,66089,0.7561,0.8044,0.7,17,0.9132,0.8376,0.0075,0.8324,1.0902,1.097
PG9879_text.txt,176152,67500,66089,0.7561,0.8044,0.7,18,0.9325,0.8374,0.0066,0.8466,1.1136,1.1014
PG9879_text.txt,176152,67500,66089,0.7561,0.8044,0.7,19,0.8944,0.8355,0.0059,0.8359,1.0704,1.07
PG9879_text.txt,176152,67500,66089,0.7561,0.8044,0.7,20,0.8946,0.8382,0.0055,0.8389,1.0673,1.0663
PG9879_text.txt,176152,67500,66089,0.7561,0.8044,0.8,1,1.0337,0.892,0.0082,0.8943,1.1589,1.1559
PG9879_text.txt,176152,67500,66089,0.7561,0.8044,0.8,2,1.1554,0.8917,0.0059,0.8934,1.2957,1.2933
PG9879_text.txt,176152,67500,66089,0.7561,0.8044,0.8,3,1.207,0.8935,0.0093,0.8717,1.3508,1.3846
PG9879_text.txt,176152,67500,66089,0.7561,0.8044,0.8,4,1.0432,0.8939,0.0069,0.9312,1.167,1.1203
PG9879_text.txt,176152,67500,66089,0.7561,0.8044,0.8,5,1.0882,0.8939,0.0059,0.9092,1.2173,1.1969
PG9879_text.txt,176152,67500,66089,0.7561,0.8044,0.8,6,1.0745,0.8943,0.0086,0.8915,1.2015,1.2053
PG9879_text.txt,176152,67500,66089,0.7561,0.8044,0.8,7,1.0308,0.8925,0.0085,0.8878,1.155,1.1612
PG9879_text.txt,176152,67500,66089,0.7561,0.8044,0.8,8,1.0451,0.8949,0.0107,0.9054,1.1678,1.1543
PG9879_text.txt,176152,67500,66089,0.7561,0.8044,0.8,9,1.0519,0.8952,0.0091,0.8993,1.1749,1.1696
PG9879_text.txt,176152,67500,66089,0.7561,0.8044,0.8,10,1.0274,0.8959,0.0085,0.8911,1.1467,1.153
PG9879_text.txt,176152,67500,66089,0.7561,0.8044,0.8,11,1.0295,0.8929,0.0081,0.9099,1.1531,1.1315
PG9879_text.txt,176152,67500,66089,0.7561,0.8044,0.8,12,1.051,0.8918,0.0095,0.8841,1.1785,1.1887
PG9879_text.txt,176152,67500,66089,0.7561,0.8044,0.8,13,0.9788,0.8984,0.0076,0.9029,1.0895,1.084
PG9879_text.txt,176152,67500,66089,0.7561,0.8044,0.8,14,1.0252,0.8981,0.0064,0.8903,1.1415,1.1515
PG9879_text.txt,176152,67500,66089,0.7561,0.8044,0.8,15,0.989,0.8955,0.0069,0.8888,1.1044,1.1128
PG9879_text.txt,176152,67500,66089,0.7561,0.8044,0.8,16,0.9681,0.8974,0.0081,0.8929,1.0788,1.0842
PG9879_text.txt,176152,67500,66089,0.7561,0.8044,0.8,17,1.0028,0.8948,0.007,0.8979,1.1208,1.1169
PG9879_text.txt,176152,67500,66089,0.7561,0.8044,0.8,18,1.0083,0.8955,0.0081,0.9073,1.126,1.1113
PG9879_text.txt,176152,67500,66089,0.7561,0.8044,0.8,19,0.9669,0.8971,0.007,0.8967,1.0778,1.0783
PG9879_text.txt,176152,67500,66089,0.7561,0.8044,0.8,20,0.9882,0.8977,0.006,0.8929,1.1008,1.1068
PG9879_text.txt,176152,67500,66089,0.7561,0.8044,0.9,1,1.1181,0.9503,0.0145,0.9575,1.1766,1.1678
PG9879_text.txt,176152,67500,66089,0.7561,0.8044,0.9,2,1.1814,0.9482,0.0129,0.9354,1.246,1.263
PG9879_text.txt,176152,67500,66089,0.7561,0.8044,0.9,3,1.3066,0.9467,0.0085,0.9239,1.3802,1.4142
PG9879_text.txt,176152,67500,66089,0.7561,0.8044,0.9,4,1.1622,0.9496,0.0075,0.9664,1.2239,1.2026
PG9879_text.txt,176152,67500,66089,0.7561,0.8044,0.9,5,1.209,0.9497,0.0091,0.9711,1.2731,1.2451
PG9879_text.txt,176152,67500,66089,0.7561,0.8044,0.9,6,1.2155,0.9468,0.0076,0.9436,1.2839,1.2882
PG9879_text.txt,176152,67500,66089,0.7561,0.8044,0.9,7,1.1295,0.9437,0.012,0.9501,1.1969,1.1889
PG9879_text.txt,176152,67500,66089,0.7561,0.8044,0.9,8,1.0868,0.9472,0.0112,0.9679,1.1474,1.1229
PG9879_text.txt,176152,67500,66089,0.7561,0.8044,0.9,9,1.1572,0.9473,0.0128,0.9603,1.2216,1.205
PG9879_text.txt,176152,67500,66089,0.7561,0.8044,0.9,10,1.1687,0.9521,0.0109,0.9524,1.2275,1.2271
PG9879_text.txt,176152,67500,66089,0.7561,0.8044,0.9,11,1.1121,0.946,0.012,0.9537,1.1755,1.166
PG9879_text.txt,176152,67500,66089,0.7561,0.8044,0.9,12,1.1924,0.944,0.0099,0.9558,1.2631,1.2476
PG9879_text.txt,176152,67500,66089,0.7561,0.8044,0.9,13,1.0883,0.9489,0.0126,0.9595,1.1469,1.1342
PG9879_text.txt,176152,67500,66089,0.7561,0.8044,0.9,14,1.0927,0.944,0.0107,0.9486,1.1574,1.1519
PG9879_text.txt,176152,67500,66089,0.7561,0.8044,0.9,15,1.0722,0.9459,0.009,0.9371,1.1335,1.1441
PG9879_text.txt,176152,67500,66089,0.7561,0.8044,0.9,16,1.0465,0.9497,0.0124,0.9413,1.102,1.1118
PG9879_text.txt,176152,67500,66089,0.7561,0.8044,0.9,17,1.1039,0.9473,0.0143,0.9611,1.1652,1.1485
PG9879_text.txt,176152,67500,66089,0.7561,0.8044,0.9,18,1.0936,0.9511,0.0141,0.9536,1.1499,1.1469
PG9879_text.txt,176152,67500,66089,0.7561,0.8044,0.9,19,1.1107,0.9503,0.0109,0.9486,1.1688,1.1708
PG9879_text.txt,176152,67500,66089,0.7561,0.8044,0.9,20,1.079,0.9522,0.0093,0.9644,1.1332,1.1188
PG9879_text.txt,176152,67500,66089,0.7561,0.8044,0.95,1,1.1797,0.9686,0.0156,1.0002,1.218,1.1795
PG9879_text.txt,176152,67500,66089,0.7561,0.8044,0.95,2,1.1787,0.974,0.0152,0.9462,1.2101,1.2457
PG9879_text.txt,176152,67500,66089,0.7561,0.8044,0.95,3,1.3122,0.9659,0.0174,0.9749,1.3585,1.3461
PG9879_text.txt,176152,67500,66089,0.7561,0.8044,0.95,4,1.2921,0.9737,0.0115,0.9759,1.327,1.3239
PG9879_text.txt,176152,67500,66089,0.7561,0.8044,0.95,5,1.2869,0.9738,0.0158,0.9959,1.3216,1.2922
PG9879_text.txt,176152,67500,66089,0.7561,0.8044,0.95,6,1.2662,0.9721,0.0149,0.9763,1.3025,1.2969
PG9879_text.txt,176152,67500,66089,0.7561,0.8044,0.95,7,1.1926,0.9747,0.0179,1.012,1.2236,1.1784
PG9879_text.txt,176152,67500,66089,0.7561,0.8044,0.95,8,1.166,0.9674,0.0181,0.9698,1.2053,1.2023
PG9879_text.txt,176152,67500,66089,0.7561,0.8044,0.95,9,1.2031,0.9765,0.0163,0.9974,1.2321,1.2062
PG9879_text.txt,176152,67500,66089,0.7561,0.8044,0.95,10,1.2183,0.9786,0.0152,0.9833,1.2449,1.239
PG9879_text.txt,176152,67500,66089,0.7561,0.8044,0.95,11,1.1758,0.967,0.0136,0.9912,1.2159,1.1862
PG9879_text.txt,176152,67500,66089,0.7561,0.8044,0.95,12,1.2455,0.9747,0.0135,0.9887,1.2779,1.2598
PG9879_text.txt,176152,67500,66089,0.7561,0.8044,0.95,13,1.0925,0.9753,0.0191,0.9877,1.1202,1.1062
PG9879_text.txt,176152,67500,66089,0.7561,0.8044,0.95,14,1.139,0.9784,0.0181,1.0023,1.1642,1.1364
PG9879_text.txt,176152,67500,66089,0.7561,0.8044,0.95,15,1.1747,0.9701,0.0139,0.9619,1.2109,1.2213
PG9879_text.txt,176152,67500,66089,0.7561,0.8044,0.95,16,1.1472,0.974,0.0173,0.9493,1.1778,1.2084
PG9879_text.txt,176152,67500,66089,0.7561,0.8044,0.95,17,1.1929,0.9751,0.0156,0.9617,1.2234,1.2405
PG9879_text.txt,176152,67500,66089,0.7561,0.8044,0.95,18,1.1407,0.9835,0.0161,0.9855,1.1598,1.1574
PG9879_text.txt,176152,67500,66089,0.7561,0.8044,0.95,19,1.1493,0.9696,0.0121,0.9702,1.1854,1.1846
PG9879_text.txt,176152,67500,66089,0.7561,0.8044,0.95,20,1.1225,0.9757,0.0224,0.9992,1.1505,1.1235
PG9879_text.txt,176152,67500,66089,0.7561,0.8044,0.99,1,1.294,0.9888,0.0357,1.0093,1.3087,1.2821
PG9879_text.txt,176152,67500,66089,0.7561,0.8044,0.99,2,1.1511,0.9968,0.0355,1.001,1.1548,1.15
PG9879_text.txt,176152,67500,66089,0.7561,0.8044,0.99,3,1.2393,0.9845,0.0362,0.945,1.2588,1.3114
PG9879_text.txt,176152,67500,66089,0.7561,0.8044,0.99,4,1.225,0.9772,0.05,1.0197,1.2535,1.2012
PG9879_text.txt,176152,67500,66089,0.7561,0.8044,0.99,5,1.3171,0.9864,0.0318,0.9707,1.3352,1.3568
PG9879_text.txt,176152,67500,66089,0.7561,0.8044,0.99,6,1.3639,1.0025,0.0305,0.9363,1.3605,1.4566
PG9879_text.txt,176152,67500,66089,0.7561,0.8044,0.99,7,1.2863,1.0097,0.0422,0.9689,1.274,1.3277
PG9879_text.txt,176152,67500,66089,0.7561,0.8044,0.99,8,1.2554,1.0006,0.0362,1.0338,1.2546,1.2143
PG9879_text.txt,176152,67500,66089,0.7561,0.8044,0.99,9,1.4075,0.9911,0.0379,1.0661,1.4202,1.3202
PG9879_text.txt,176152,67500,66089,0.7561,0.8044,0.99,10,1.1726,0.9964,0.0365,0.9961,1.1769,1.1772
PG9879_text.txt,176152,67500,66089,0.7561,0.8044,0.99,11,1.1502,0.9907,0.0409,0.9969,1.1611,1.1538
PG9879_text.txt,176152,67500,66089,0.7561,0.8044,0.99,12,1.381,0.9959,0.0456,1.0312,1.3867,1.3392
PG9879_text.txt,176152,67500,66089,0.7561,0.8044,0.99,13,1.162,0.9953,0.0236,0.9313,1.1675,1.2477
PG9879_text.txt,176152,67500,66089,0.7561,0.8044,0.99,14,1.3868,0.9911,0.0451,0.9833,1.3992,1.4103
PG9879_text.txt,176152,67500,66089,0.7561,0.8044,0.99,15,1.1583,0.9868,0.0342,0.9709,1.1737,1.193
PG9879_text.txt,176152,67500,66089,0.7561,0.8044,0.99,16,1.2172,0.9795,0.035,0.9512,1.2428,1.2796
PG9879_text.txt,176152,67500,66089,0.7561,0.8044,0.99,17,1.5564,0.9862,0.0396,1.0078,1.5782,1.5443
PG9879_text.txt,176152,67500,66089,0.7561,0.8044,0.99,18,1.4741,0.9993,0.0396,1.0344,1.4751,1.4251
PG9879_text.txt,176152,67500,66089,0.7561,0.8044,0.99,19,1.2146,1.0015,0.0395,0.9433,1.2128,1.2877
PG9879_text.txt,176152,67500,66089,0.7561,0.8044,0.99,20,1.7399,0.9932,0.0613,1.0221,1.7519,1.7023
