file,M_filtered,alpha,k,lag,rho_orig,rho_fgn,rho_surr,ci_95,orig_sig,fgn_sig,surr_sig
PG1257_text.txt,82596,0.727,1,1,0.06021,0.00719,-0.00248,0.00682,1,1,0
PG1257_text.txt,82596,0.727,1,2,0.03114,0.00225,0.0049,0.00682,1,0,0
PG1257_text.txt,82596,0.727,1,5,0.01585,-0.00432,-0.00398,0.00682,1,0,0
PG1257_text.txt,82596,0.727,1,10,0.01449,0.00497,-0.00422,0.00682,1,0,0
PG1257_text.txt,82596,0.727,1,20,0.01659,-0.00069,-0.00076,0.00682,1,0,0
PG1257_text.txt,82596,0.727,1,50,0.01133,0.00292,0.00188,0.00682,1,0,0
PG1257_text.txt,82596,0.727,1,100,-0.0018,0.0046,0.00331,0.00682,0,0,0
PG1257_text.txt,82596,0.727,1,200,-0.00439,0.0034,0.00063,0.00682,0,0,0
PG1257_text.txt,82596,0.727,1,300,0.00434,0.00063,0.0023,0.00682,0,0,0
PG1257_text.txt,82596,0.727,2,1,0.19021,0.00419,0.00444,0.00682,1,0,0
PG1257_text.txt,82596,0.727,2,2,0.12935,0.00026,0.00945,0.00682,1,0,1
PG1257_text.txt,82596,0.727,2,5,0.08088,0.00032,-4e-05,0.00682,1,0,0
PG1257_text.txt,82596,0.727,2,10,0.0544,0.00199,0.00303,0.00682,1,0,0
PG1257_text.txt,82596,0.727,2,20,0.03707,0.00021,-0.00521,0.00682,1,0,0
PG1257_text.txt,82596,0.727,2,50,0.02377,0.00062,-2e-05,0.00682,1,0,0
PG1257_text.txt,82596,0.727,2,100,0.02275,0.0047,-0.00786,0.00682,1,0,1
PG1257_text.txt,82596,0.727,2,200,0.01621,0.0025,0.00168,0.00682,1,0,0
PG1257_text.txt,82596,0.727,2,300,0.0136,-0.00179,-0.00324,0.00682,1,0,0
PG1257_text.txt,82596,0.727,3,1,0.09339,0.01106,-0.00217,0.00682,1,1,0
PG1257_text.txt,82596,0.727,3,2,0.06271,0.00108,-0.0009,0.00682,1,0,0
PG1257_text.txt,82596,0.727,3,5,0.02898,0.00589,-1e-05,0.00682,1,0,0
PG1257_text.txt,82596,0.727,3,10,0.02433,-0.00616,0.00341,0.00682,1,0,0
PG1257_text.txt,82596,0.727,3,20,0.0185,-0.00039,-0.00178,0.00682,1,0,0
PG1257_text.txt,82596,0.727,3,50,0.02134,-0.00122,-0.00272,0.00682,1,0,0
PG1257_text.txt,82596,0.727,3,100,0.01629,-0.00142,0.00306,0.00682,1,0,0
PG1257_text.txt,82596,0.727,3,200,0.00766,-0.00606,-0.0018,0.00682,1,0,0
PG1257_text.txt,82596,0.727,3,300,0.00764,0.00323,-0.00276,0.00682,1,0,0
PG1257_text.txt,82596,0.727,4,1,0.17404,-0.00032,0.00421,0.00682,1,0,0
PG1257_text.txt,82596,0.727,4,2,0.12476,0.00238,-0.00534,0.00682,1,0,0
PG1257_text.txt,82596,0.727,4,5,0.08199,0.00775,0.00263,0.00682,1,1,0
PG1257_text.txt,82596,0.727,4,10,0.0622,0.00035,0.00493,0.00682,1,0,0
PG1257_text.txt,82596,0.727,4,20,0.04808,-0.00085,-0.00206,0.00682,1,0,0
PG1257_text.txt,82596,0.727,4,50,0.03166,-0.00603,-0.0031,0.00682,1,0,0
PG1257_text.txt,82596,0.727,4,100,0.02412,-0.00243,0.00443,0.00682,1,0,0
PG1257_text.txt,82596,0.727,4,200,0.01874,0.00454,-0.00376,0.00682,1,0,0
PG1257_text.txt,82596,0.727,4,300,0.01268,-0.00208,-0.00206,0.00682,1,0,0
PG1257_text.txt,82596,0.727,5,1,0.09433,-0.00131,-0.0005,0.00682,1,0,0
PG1257_text.txt,82596,0.727,5,2,0.05086,-0.00117,0.00235,0.00682,1,0,0
PG1257_text.txt,82596,0.727,5,5,0.03645,0.00604,-0.00018,0.00682,1,0,0
PG1257_text.txt,82596,0.727,5,10,0.02966,0.00407,-0.00024,0.00682,1,0,0
PG1257_text.txt,82596,0.727,5,20,0.02312,0.00176,-0.00033,0.00682,1,0,0
PG1257_text.txt,82596,0.727,5,50,0.01071,0.00064,0.00148,0.00682,1,0,0
PG1257_text.txt,82596,0.727,5,100,0.01437,0.00088,-0.00119,0.00682,1,0,0
PG1257_text.txt,82596,0.727,5,200,0.00278,0.00284,0.00259,0.00682,0,0,0
PG1257_text.txt,82596,0.727,5,300,0.0043,6e-05,0.00257,0.00682,0,0,0
PG1257_text.txt,82596,0.727,6,1,0.12024,0.00145,0.00719,0.00682,1,0,1
PG1257_text.txt,82596,0.727,6,2,0.06658,-0.00511,-5e-05,0.00682,1,0,0
PG1257_text.txt,82596,0.727,6,5,0.03926,0.00219,0.00379,0.00682,1,0,0
PG1257_text.txt,82596,0.727,6,10,0.0204,-0.00161,-0.00411,0.00682,1,0,0
PG1257_text.txt,82596,0.727,6,20,0.01767,0.00116,0.00613,0.00682,1,0,0
PG1257_text.txt,82596,0.727,6,50,0.00826,0.00309,-0.0019,0.00682,1,0,0
PG1257_text.txt,82596,0.727,6,100,0.01633,-0.00586,-0.00323,0.00682,1,0,0
PG1257_text.txt,82596,0.727,6,200,0.01467,-0.0005,-0.00393,0.00682,1,0,0
PG1257_text.txt,82596,0.727,6,300,0.00771,-0.00049,-0.00012,0.00682,1,0,0
PG1257_text.txt,82596,0.727,7,1,0.09474,-0.00225,-0.00193,0.00682,1,0,0
PG1257_text.txt,82596,0.727,7,2,0.05327,-0.00167,-0.00097,0.00682,1,0,0
PG1257_text.txt,82596,0.727,7,5,0.02748,-0.00355,-0.00509,0.00682,1,0,0
PG1257_text.txt,82596,0.727,7,10,0.01069,0.00238,0.00062,0.00682,1,0,0
PG1257_text.txt,82596,0.727,7,20,0.00724,0.01005,-0.00814,0.00682,1,1,1
PG1257_text.txt,82596,0.727,7,50,0.0102,-0.00122,0.00447,0.00682,1,0,0
PG1257_text.txt,82596,0.727,7,100,0.01188,0.00266,0.00197,0.00682,1,0,0
PG1257_text.txt,82596,0.727,7,200,-0.00228,0.00137,0.0005,0.00682,0,0,0
PG1257_text.txt,82596,0.727,7,300,-0.00209,0.00379,-0.00227,0.00682,0,0,0
PG1257_text.txt,82596,0.727,8,1,0.12933,0.00223,-0.00378,0.00682,1,0,0
PG1257_text.txt,82596,0.727,8,2,0.08338,-0.00246,0.00366,0.00682,1,0,0
PG1257_text.txt,82596,0.727,8,5,0.04681,0.00858,-0.00081,0.00682,1,1,0
PG1257_text.txt,82596,0.727,8,10,0.03244,0.00086,0.00116,0.00682,1,0,0
PG1257_text.txt,82596,0.727,8,20,0.02893,-0.00068,-0.00145,0.00682,1,0,0
PG1257_text.txt,82596,0.727,8,50,0.01259,0.00127,-0.00349,0.00682,1,0,0
PG1257_text.txt,82596,0.727,8,100,0.01752,-0.00029,0.00331,0.00682,1,0,0
PG1257_text.txt,82596,0.727,8,200,0.01202,-0.00694,0.00211,0.00682,1,1,0
PG1257_text.txt,82596,0.727,8,300,0.00694,-0.00284,0.0007,0.00682,1,0,0
PG1257_text.txt,82596,0.727,9,1,0.10566,-0.00294,0.00346,0.00682,1,0,0
PG1257_text.txt,82596,0.727,9,2,0.06712,0.0028,-0.0033,0.00682,1,0,0
PG1257_text.txt,82596,0.727,9,5,0.04711,0.00118,-0.00241,0.00682,1,0,0
PG1257_text.txt,82596,0.727,9,10,0.03411,-0.00298,0.0016,0.00682,1,0,0
PG1257_text.txt,82596,0.727,9,20,0.02371,-0.00521,-0.00061,0.00682,1,0,0
PG1257_text.txt,82596,0.727,9,50,0.01476,0.00046,-0.00299,0.00682,1,0,0
PG1257_text.txt,82596,0.727,9,100,0.01503,0.00579,-0.00545,0.00682,1,0,0
PG1257_text.txt,82596,0.727,9,200,0.00986,0.00223,-0.00732,0.00682,1,0,1
PG1257_text.txt,82596,0.727,9,300,0.00791,-0.00656,-0.00084,0.00682,1,0,0
PG1257_text.txt,82596,0.727,10,1,0.12284,0.00646,0.00347,0.00682,1,0,0
PG1257_text.txt,82596,0.727,10,2,0.05766,0.00325,0.0043,0.00682,1,0,0
PG1257_text.txt,82596,0.727,10,5,0.02327,0.00059,-0.00411,0.00682,1,0,0
PG1257_text.txt,82596,0.727,10,10,0.01605,-0.00139,0.00485,0.00682,1,0,0
PG1257_text.txt,82596,0.727,10,20,0.02091,0.00078,-0.0005,0.00682,1,0,0
PG1257_text.txt,82596,0.727,10,50,0.0079,0.00082,-0.00301,0.00682,1,0,0
PG1257_text.txt,82596,0.727,10,100,0.00721,7e-05,0.00197,0.00682,1,0,0
PG1257_text.txt,82596,0.727,10,200,0.01051,0.00079,0.003,0.00682,1,0,0
PG1257_text.txt,82596,0.727,10,300,-0.00379,0.00115,-0.0038,0.00682,0,0,0
PG1257_text.txt,82596,0.727,11,1,0.08631,0.00447,-0.00376,0.00682,1,0,0
PG1257_text.txt,82596,0.727,11,2,0.04542,0.0046,-0.00267,0.00682,1,0,0
PG1257_text.txt,82596,0.727,11,5,0.02943,0.00644,-0.00329,0.00682,1,0,0
PG1257_text.txt,82596,0.727,11,10,0.01707,0.00346,-0.00089,0.00682,1,0,0
PG1257_text.txt,82596,0.727,11,20,0.01121,0.00607,-0.00161,0.00682,1,0,0
PG1257_text.txt,82596,0.727,11,50,0.01029,0.00701,0.00486,0.00682,1,1,0
PG1257_text.txt,82596,0.727,11,100,0.00504,0.00078,0.00257,0.00682,0,0,0
PG1257_text.txt,82596,0.727,11,200,-0.00262,0.0044,-0.00881,0.00682,0,0,1
PG1257_text.txt,82596,0.727,11,300,-0.00076,-0.00355,0.00246,0.00682,0,0,0
PG1257_text.txt,82596,0.727,12,1,0.07642,0.00578,-0.00023,0.00682,1,0,0
PG1257_text.txt,82596,0.727,12,2,0.03439,-0.00057,0.00532,0.00682,1,0,0
PG1257_text.txt,82596,0.727,12,5,0.02117,0.00429,0.0037,0.00682,1,0,0
PG1257_text.txt,82596,0.727,12,10,0.01948,0.00051,-0.00366,0.00682,1,0,0
PG1257_text.txt,82596,0.727,12,20,0.0141,-0.00538,0.00362,0.00682,1,0,0
PG1257_text.txt,82596,0.727,12,50,0.00389,-0.00053,0.00412,0.00682,0,0,0
PG1257_text.txt,82596,0.727,12,100,0.00756,0.00154,-0.00395,0.00682,1,0,0
PG1257_text.txt,82596,0.727,12,200,0.00361,0.00422,-0.00071,0.00682,0,0,0
PG1257_text.txt,82596,0.727,12,300,-0.00287,0.00199,-0.00425,0.00682,0,0,0
PG1257_text.txt,82596,0.727,13,1,0.061,-0.00521,-0.00133,0.00682,1,0,0
PG1257_text.txt,82596,0.727,13,2,0.03482,-0.00092,-0.00216,0.00682,1,0,0
PG1257_text.txt,82596,0.727,13,5,0.01313,-0.0004,-0.001,0.00682,1,0,0
PG1257_text.txt,82596,0.727,13,10,0.01637,-0.00694,0.00034,0.00682,1,1,0
PG1257_text.txt,82596,0.727,13,20,0.01116,-0.00163,-0.00039,0.00682,1,0,0
PG1257_text.txt,82596,0.727,13,50,0.0073,-0.00538,0.00111,0.00682,1,0,0
PG1257_text.txt,82596,0.727,13,100,0.00352,0.00415,-0.00306,0.00682,0,0,0
PG1257_text.txt,82596,0.727,13,200,-0.00327,-0.00514,-0.00322,0.00682,0,0,0
PG1257_text.txt,82596,0.727,13,300,0.00399,-0.00628,-0.00108,0.00682,0,0,0
PG1257_text.txt,82596,0.727,14,1,0.06158,0.00065,-0.00402,0.00682,1,0,0
PG1257_text.txt,82596,0.727,14,2,0.02521,0.00324,0.00057,0.00682,1,0,0
PG1257_text.txt,82596,0.727,14,5,0.01843,0.00074,-0.00904,0.00682,1,0,1
PG1257_text.txt,82596,0.727,14,10,0.01265,-0.00041,-0.00061,0.00682,1,0,0
PG1257_text.txt,82596,0.727,14,20,0.01046,0.00361,-0.00243,0.00682,1,0,0
PG1257_text.txt,82596,0.727,14,50,0.01015,0.0028,-0.00239,0.00682,1,0,0
PG1257_text.txt,82596,0.727,14,100,0.00123,-0.00151,-0.00203,0.00682,0,0,0
PG1257_text.txt,82596,0.727,14,200,-0.00068,-8e-05,-0.00096,0.00682,0,0,0
PG1257_text.txt,82596,0.727,14,300,0.00531,-0.00238,0.0027,0.00682,0,0,0
PG1257_text.txt,82596,0.727,15,1,0.06843,0.00465,0.003,0.00682,1,0,0
PG1257_text.txt,82596,0.727,15,2,0.04437,-0.0052,0.00143,0.00682,1,0,0
PG1257_text.txt,82596,0.727,15,5,0.01848,-0.00429,0.00187,0.00682,1,0,0
PG1257_text.txt,82596,0.727,15,10,0.0194,0.00334,-0.00261,0.00682,1,0,0
PG1257_text.txt,82596,0.727,15,20,0.00528,-0.00061,0.00042,0.00682,0,0,0
PG1257_text.txt,82596,0.727,15,50,0.00442,0.00174,-0.00205,0.00682,0,0,0
PG1257_text.txt,82596,0.727,15,100,0.00422,-0.00341,0.00343,0.00682,0,0,0
PG1257_text.txt,82596,0.727,15,200,0.00024,-0.00317,-0.00279,0.00682,0,0,0
PG1257_text.txt,82596,0.727,15,300,0.00553,0.00113,0.0021,0.00682,0,0,0
PG1257_text.txt,82596,0.727,16,1,0.07789,-0.00523,0.00297,0.00682,1,0,0
PG1257_text.txt,82596,0.727,16,2,0.04736,-0.00131,0.0026,0.00682,1,0,0
PG1257_text.txt,82596,0.727,16,5,0.02083,-0.00246,-0.00234,0.00682,1,0,0
PG1257_text.txt,82596,0.727,16,10,0.01838,-0.00067,0.0037,0.00682,1,0,0
PG1257_text.txt,82596,0.727,16,20,0.01401,-0.00247,0.0003,0.00682,1,0,0
PG1257_text.txt,82596,0.727,16,50,0.00725,-0.00309,0.00173,0.00682,1,0,0
PG1257_text.txt,82596,0.727,16,100,-6e-05,9e-05,0.0002,0.00682,0,0,0
PG1257_text.txt,82596,0.727,16,200,0.00624,0.00652,0.00164,0.00682,0,0,0
PG1257_text.txt,82596,0.727,16,300,0.00144,-0.00302,-0.0053,0.00682,0,0,0
PG1257_text.txt,82596,0.727,17,1,0.06199,0.00235,0.00087,0.00682,1,0,0
PG1257_text.txt,82596,0.727,17,2,0.03194,0.00283,-0.00379,0.00682,1,0,0
PG1257_text.txt,82596,0.727,17,5,0.02336,-0.00119,0.0011,0.00682,1,0,0
PG1257_text.txt,82596,0.727,17,10,0.00813,0.00473,-0.00417,0.00682,1,0,0
PG1257_text.txt,82596,0.727,17,20,0.01569,-0.00132,-0.0028,0.00682,1,0,0
PG1257_text.txt,82596,0.727,17,50,0.0099,-0.0001,3e-05,0.00682,1,0,0
PG1257_text.txt,82596,0.727,17,100,0.00964,-0.01162,-0.00141,0.00682,1,1,0
PG1257_text.txt,82596,0.727,17,200,0.00438,0.00094,0.00952,0.00682,0,0,1
PG1257_text.txt,82596,0.727,17,300,0.00345,-0.00389,0.00169,0.00682,0,0,0
PG1257_text.txt,82596,0.727,18,1,0.05606,-0.00122,0.00337,0.00682,1,0,0
PG1257_text.txt,82596,0.727,18,2,0.02636,0.00092,6e-05,0.00682,1,0,0
PG1257_text.txt,82596,0.727,18,5,0.01681,0.00447,-0.00225,0.00682,1,0,0
PG1257_text.txt,82596,0.727,18,10,0.02077,-0.00291,0.00093,0.00682,1,0,0
PG1257_text.txt,82596,0.727,18,20,0.01503,-0.00571,-0.0005,0.00682,1,0,0
PG1257_text.txt,82596,0.727,18,50,0.00714,0.00628,-7e-05,0.00682,1,0,0
PG1257_text.txt,82596,0.727,18,100,0.00575,-0.00114,0.00045,0.00682,0,0,0
PG1257_text.txt,82596,0.727,18,200,0.01025,-0.00045,-0.00513,0.00682,1,0,0
PG1257_text.txt,82596,0.727,18,300,0.00148,0.00265,-9e-05,0.00682,0,0,0
PG1257_text.txt,82596,0.727,19,1,0.05383,0.00046,0.00346,0.00682,1,0,0
PG1257_text.txt,82596,0.727,19,2,0.03041,-0.00056,0.00224,0.00682,1,0,0
PG1257_text.txt,82596,0.727,19,5,0.02291,0.00921,-0.00246,0.00682,1,1,0
PG1257_text.txt,82596,0.727,19,10,0.01419,0.00255,0.00129,0.00682,1,0,0
PG1257_text.txt,82596,0.727,19,20,0.01254,-0.00167,0.00128,0.00682,1,0,0
PG1257_text.txt,82596,0.727,19,50,0.01105,0.00066,0.00056,0.00682,1,0,0
PG1257_text.txt,82596,0.727,19,100,0.00192,-0.00037,-0.00343,0.00682,0,0,0
PG1257_text.txt,82596,0.727,19,200,0.00914,0.0034,0.00617,0.00682,1,0,0
PG1257_text.txt,82596,0.727,19,300,0.00104,-0.0008,-0.00151,0.00682,0,0,0
PG1257_text.txt,82596,0.727,20,1,0.0567,0.0013,-0.00576,0.00682,1,0,0
PG1257_text.txt,82596,0.727,20,2,0.03264,0.00323,-0.00059,0.00682,1,0,0
PG1257_text.txt,82596,0.727,20,5,0.0241,-0.00168,-0.00036,0.00682,1,0,0
PG1257_text.txt,82596,0.727,20,10,0.01988,0.00228,0.00153,0.00682,1,0,0
PG1257_text.txt,82596,0.727,20,20,0.01134,0.00018,-0.00247,0.00682,1,0,0
PG1257_text.txt,82596,0.727,20,50,0.00544,-0.0003,0.00101,0.00682,0,0,0
PG1257_text.txt,82596,0.727,20,100,0.01028,0.00171,0.00088,0.00682,1,0,0
PG1257_text.txt,82596,0.727,20,200,-0.00062,0.00352,0.00501,0.00682,0,0,0
PG1257_text.txt,82596,0.727,20,300,0.00282,0.00112,0.0044,0.00682,0,0,0
PG1290_text.txt,36702,0.6506,1,1,0.11727,-0.00088,-0.00017,0.01023,1,0,0
PG1290_text.txt,36702,0.6506,1,2,0.06603,-0.00414,0.00521,0.01023,1,0,0
PG1290_text.txt,36702,0.6506,1,5,0.03747,-0.01341,-0.00141,0.01023,1,1,0
PG1290_text.txt,36702,0.6506,1,10,0.04212,0.00525,0.00081,0.01023,1,0,0
PG1290_text.txt,36702,0.6506,1,20,0.0207,0.00324,-0.00626,0.01023,1,0,0
PG1290_text.txt,36702,0.6506,1,50,0.00686,-0.00101,0.00457,0.01023,0,0,0
PG1290_text.txt,36702,0.6506,1,100,0.0016,0.00414,-0.00382,0.01023,0,0,0
PG1290_text.txt,36702,0.6506,1,200,0.01005,-0.00597,0.00629,0.01023,0,0,0
PG1290_text.txt,36702,0.6506,1,300,0.00269,0.00778,0.00405,0.01023,0,0,0
PG1290_text.txt,36702,0.6506,2,1,0.27874,0.00685,0.00165,0.01023,1,0,0
PG1290_text.txt,36702,0.6506,2,2,0.19856,-0.00407,0.00306,0.01023,1,0,0
PG1290_text.txt,36702,0.6506,2,5,0.13716,0.00045,0.00223,0.01023,1,0,0
PG1290_text.txt,36702,0.6506,2,10,0.09101,0.00343,-0.00588,0.01023,1,0,0
PG1290_text.txt,36702,0.6506,2,20,0.05151,-0.01095,0.00124,0.01023,1,1,0
PG1290_text.txt,36702,0.6506,2,50,0.03832,0.00145,0.00057,0.01023,1,0,0
PG1290_text.txt,36702,0.6506,2,100,0.01935,-0.0049,0.00193,0.01023,1,0,0
PG1290_text.txt,36702,0.6506,2,200,0.00918,0.00308,-0.00283,0.01023,0,0,0
PG1290_text.txt,36702,0.6506,2,300,0.00344,0.00315,0.00347,0.01023,0,0,0
PG1290_text.txt,36702,0.6506,3,1,0.16267,-0.00285,-0.00429,0.01023,1,0,0
PG1290_text.txt,36702,0.6506,3,2,0.12668,-0.00702,0.00372,0.01023,1,0,0
PG1290_text.txt,36702,0.6506,3,5,0.08248,0.00363,-0.00264,0.01023,1,0,0
PG1290_text.txt,36702,0.6506,3,10,0.05391,0.00573,0.00229,0.01023,1,0,0
PG1290_text.txt,36702,0.6506,3,20,0.04603,0.00931,0.00094,0.01023,1,0,0
PG1290_text.txt,36702,0.6506,3,50,0.01587,0.00095,-0.00548,0.01023,1,0,0
PG1290_text.txt,36702,0.6506,3,100,0.02699,-0.00471,-0.00127,0.01023,1,0,0
PG1290_text.txt,36702,0.6506,3,200,0.00759,0.006,-0.0049,0.01023,0,0,0
PG1290_text.txt,36702,0.6506,3,300,0.01133,-0.01058,-0.01192,0.01023,1,1,1
PG1290_text.txt,36702,0.6506,4,1,0.08403,-0.00081,0.00516,0.01023,1,0,0
PG1290_text.txt,36702,0.6506,4,2,0.05849,0.00581,0.00532,0.01023,1,0,0
PG1290_text.txt,36702,0.6506,4,5,0.03338,0.00279,-0.00946,0.01023,1,0,0
PG1290_text.txt,36702,0.6506,4,10,0.02327,-0.00742,-0.00289,0.01023,1,0,0
PG1290_text.txt,36702,0.6506,4,20,0.0095,0.00068,0.00588,0.01023,0,0,0
PG1290_text.txt,36702,0.6506,4,50,0.00831,0.00433,-0.00144,0.01023,0,0,0
PG1290_text.txt,36702,0.6506,4,100,0.00811,0.0087,0.00182,0.01023,0,0,0
PG1290_text.txt,36702,0.6506,4,200,0.00458,-0.00054,-0.00363,0.01023,0,0,0
PG1290_text.txt,36702,0.6506,4,300,0.00253,-0.00571,-0.0034,0.01023,0,0,0
PG1290_text.txt,36702,0.6506,5,1,0.10323,-0.00463,9e-05,0.01023,1,0,0
PG1290_text.txt,36702,0.6506,5,2,0.04758,0.00051,0.00638,0.01023,1,0,0
PG1290_text.txt,36702,0.6506,5,5,0.0308,-0.00134,-0.00664,0.01023,1,0,0
PG1290_text.txt,36702,0.6506,5,10,0.02088,8e-05,0.00372,0.01023,1,0,0
PG1290_text.txt,36702,0.6506,5,20,0.00818,0.00231,0.0005,0.01023,0,0,0
PG1290_text.txt,36702,0.6506,5,50,0.00949,-0.00914,-0.0027,0.01023,0,0,0
PG1290_text.txt,36702,0.6506,5,100,0.00655,0.00716,-0.00994,0.01023,0,0,0
PG1290_text.txt,36702,0.6506,5,200,-0.00013,0.00536,-0.00486,0.01023,0,0,0
PG1290_text.txt,36702,0.6506,5,300,-0.00652,-0.00147,-0.00114,0.01023,0,0,0
PG1290_text.txt,36702,0.6506,6,1,0.11896,-0.00053,0.00189,0.01023,1,0,0
PG1290_text.txt,36702,0.6506,6,2,0.08598,0.00423,0.0088,0.01023,1,0,0
PG1290_text.txt,36702,0.6506,6,5,0.04772,-0.0008,0.00101,0.01023,1,0,0
PG1290_text.txt,36702,0.6506,6,10,0.03405,-0.00082,-0.0006,0.01023,1,0,0
PG1290_text.txt,36702,0.6506,6,20,0.02516,-0.00402,0.00213,0.01023,1,0,0
PG1290_text.txt,36702,0.6506,6,50,0.01339,0.00299,0.00767,0.01023,1,0,0
PG1290_text.txt,36702,0.6506,6,100,0.01737,-0.00315,0.00345,0.01023,1,0,0
PG1290_text.txt,36702,0.6506,6,200,0.00945,0.00194,0.0054,0.01023,0,0,0
PG1290_text.txt,36702,0.6506,6,300,0.00196,0.00606,0.00159,0.01023,0,0,0
PG1290_text.txt,36702,0.6506,7,1,0.12289,-0.00956,-0.00077,0.01023,1,0,0
PG1290_text.txt,36702,0.6506,7,2,0.08837,0.00403,0.00282,0.01023,1,0,0
PG1290_text.txt,36702,0.6506,7,5,0.05016,0.00673,-0.00896,0.01023,1,0,0
PG1290_text.txt,36702,0.6506,7,10,0.04222,-0.0052,0.00142,0.01023,1,0,0
PG1290_text.txt,36702,0.6506,7,20,0.03136,-0.00919,0.00315,0.01023,1,0,0
PG1290_text.txt,36702,0.6506,7,50,0.01839,-0.0119,0.00186,0.01023,1,1,0
PG1290_text.txt,36702,0.6506,7,100,0.01859,0.00414,0.0017,0.01023,1,0,0
PG1290_text.txt,36702,0.6506,7,200,0.01319,0.00934,-0.01079,0.01023,1,0,1
PG1290_text.txt,36702,0.6506,7,300,-0.00389,-0.00057,0.00702,0.01023,0,0,0
PG1290_text.txt,36702,0.6506,8,1,0.12939,0.001,-0.00058,0.01023,1,0,0
PG1290_text.txt,36702,0.6506,8,2,0.07489,-0.00186,0.00125,0.01023,1,0,0
PG1290_text.txt,36702,0.6506,8,5,0.03394,-0.00072,-0.00709,0.01023,1,0,0
PG1290_text.txt,36702,0.6506,8,10,0.01441,0.00361,-0.00381,0.01023,1,0,0
PG1290_text.txt,36702,0.6506,8,20,0.00837,0.00162,0.01534,0.01023,0,0,1
PG1290_text.txt,36702,0.6506,8,50,0.00335,-0.00384,-0.00227,0.01023,0,0,0
PG1290_text.txt,36702,0.6506,8,100,0.00263,0.00217,-0.01146,0.01023,0,0,1
PG1290_text.txt,36702,0.6506,8,200,0.00339,-0.00479,-0.00483,0.01023,0,0,0
PG1290_text.txt,36702,0.6506,8,300,-0.00443,-0.00301,0.00179,0.01023,0,0,0
PG1290_text.txt,36702,0.6506,9,1,0.0811,-0.00962,0.0042,0.01023,1,0,0
PG1290_text.txt,36702,0.6506,9,2,0.06423,-2e-05,0.00014,0.01023,1,0,0
PG1290_text.txt,36702,0.6506,9,5,0.03881,-0.00808,0.00057,0.01023,1,0,0
PG1290_text.txt,36702,0.6506,9,10,0.02087,-0.00464,0.00032,0.01023,1,0,0
PG1290_text.txt,36702,0.6506,9,20,0.00963,-0.00607,0.00242,0.01023,0,0,0
PG1290_text.txt,36702,0.6506,9,50,0.01265,-0.00168,-0.00134,0.01023,1,0,0
PG1290_text.txt,36702,0.6506,9,100,0.00759,0.00627,0.00268,0.01023,0,0,0
PG1290_text.txt,36702,0.6506,9,200,0.00626,0.00939,-0.00141,0.01023,0,0,0
PG1290_text.txt,36702,0.6506,9,300,0.0,0.00499,0.00393,0.01023,0,0,0
PG1290_text.txt,36702,0.6506,10,1,0.08167,0.00214,-0.00244,0.01023,1,0,0
PG1290_text.txt,36702,0.6506,10,2,0.04299,-0.00814,0.00426,0.01023,1,0,0
PG1290_text.txt,36702,0.6506,10,5,0.02878,-2e-05,-0.00567,0.01023,1,0,0
PG1290_text.txt,36702,0.6506,10,10,0.01947,-0.00845,-0.00768,0.01023,1,0,0
PG1290_text.txt,36702,0.6506,10,20,0.01085,-0.00176,-0.0067,0.01023,1,0,0
PG1290_text.txt,36702,0.6506,10,50,0.01421,0.0054,-0.00336,0.01023,1,0,0
PG1290_text.txt,36702,0.6506,10,100,0.00308,0.00178,-0.00738,0.01023,0,0,0
PG1290_text.txt,36702,0.6506,10,200,0.01168,-0.00061,0.00482,0.01023,1,0,0
PG1290_text.txt,36702,0.6506,10,300,0.00521,-0.0059,-0.00461,0.01023,0,0,0
PG1290_text.txt,36702,0.6506,11,1,0.09359,0.00276,0.00443,0.01023,1,0,0
PG1290_text.txt,36702,0.6506,11,2,0.03768,-0.01363,0.0085,0.01023,1,1,0
PG1290_text.txt,36702,0.6506,11,5,0.01148,-0.00139,-0.00336,0.01023,1,0,0
PG1290_text.txt,36702,0.6506,11,10,-0.00536,0.00543,-0.0055,0.01023,0,0,0
PG1290_text.txt,36702,0.6506,11,20,0.01031,-0.00635,0.00491,0.01023,1,0,0
PG1290_text.txt,36702,0.6506,11,50,0.00097,-0.00552,-0.00307,0.01023,0,0,0
PG1290_text.txt,36702,0.6506,11,100,0.00907,0.00053,0.00556,0.01023,0,0,0
PG1290_text.txt,36702,0.6506,11,200,0.00103,-0.00569,0.01163,0.01023,0,0,1
PG1290_text.txt,36702,0.6506,11,300,0.0052,-0.00412,0.00613,0.01023,0,0,0
PG1290_text.txt,36702,0.6506,12,1,0.09273,0.00057,0.00021,0.01023,1,0,0
PG1290_text.txt,36702,0.6506,12,2,0.04849,-0.00414,-0.00253,0.01023,1,0,0
PG1290_text.txt,36702,0.6506,12,5,0.0203,0.00617,-0.00226,0.01023,1,0,0
PG1290_text.txt,36702,0.6506,12,10,0.01242,0.01306,-0.00386,0.01023,1,1,0
PG1290_text.txt,36702,0.6506,12,20,0.00614,0.00122,0.0068,0.01023,0,0,0
PG1290_text.txt,36702,0.6506,12,50,0.00899,-0.00083,-0.00088,0.01023,0,0,0
PG1290_text.txt,36702,0.6506,12,100,0.00614,0.00191,-0.00224,0.01023,0,0,0
PG1290_text.txt,36702,0.6506,12,200,0.00908,-0.00403,-0.00014,0.01023,0,0,0
PG1290_text.txt,36702,0.6506,12,300,0.0011,-0.00112,-0.00563,0.01023,0,0,0
PG1290_text.txt,36702,0.6506,13,1,0.10964,-0.00657,0.00285,0.01023,1,0,0
PG1290_text.txt,36702,0.6506,13,2,0.06208,-0.00313,0.00353,0.01023,1,0,0
PG1290_text.txt,36702,0.6506,13,5,0.02744,-0.00349,-0.00837,0.01023,1,0,0
PG1290_text.txt,36702,0.6506,13,10,0.01395,0.00098,0.00353,0.01023,1,0,0
PG1290_text.txt,36702,0.6506,13,20,0.01077,0.01271,0.00169,0.01023,1,1,0
PG1290_text.txt,36702,0.6506,13,50,0.00911,-0.00479,-0.00087,0.01023,0,0,0
PG1290_text.txt,36702,0.6506,13,100,-0.00167,-0.00543,-0.00581,0.01023,0,0,0
PG1290_text.txt,36702,0.6506,13,200,0.00714,-0.00051,-0.00408,0.01023,0,0,0
PG1290_text.txt,36702,0.6506,13,300,0.00266,0.0046,0.00686,0.01023,0,0,0
PG1290_text.txt,36702,0.6506,14,1,0.06967,-0.01404,0.00965,0.01023,1,1,0
PG1290_text.txt,36702,0.6506,14,2,0.03904,0.00366,0.00099,0.01023,1,0,0
PG1290_text.txt,36702,0.6506,14,5,0.01851,-0.00537,-0.00797,0.01023,1,0,0
PG1290_text.txt,36702,0.6506,14,10,0.01745,-0.0121,0.00289,0.01023,1,1,0
PG1290_text.txt,36702,0.6506,14,20,0.0146,-0.00738,-0.00109,0.01023,1,0,0
PG1290_text.txt,36702,0.6506,14,50,0.00347,-0.00244,-0.00183,0.01023,0,0,0
PG1290_text.txt,36702,0.6506,14,100,-0.00443,0.00155,0.0041,0.01023,0,0,0
PG1290_text.txt,36702,0.6506,14,200,0.0055,-0.00582,-0.00188,0.01023,0,0,0
PG1290_text.txt,36702,0.6506,14,300,-0.00337,-0.0097,0.00377,0.01023,0,0,0
PG1290_text.txt,36702,0.6506,15,1,0.04649,-0.00189,-0.00152,0.01023,1,0,0
PG1290_text.txt,36702,0.6506,15,2,0.01788,-0.00013,0.00695,0.01023,1,0,0
PG1290_text.txt,36702,0.6506,15,5,0.01367,-0.00273,0.0054,0.01023,1,0,0
PG1290_text.txt,36702,0.6506,15,10,0.0016,0.0021,0.00271,0.01023,0,0,0
PG1290_text.txt,36702,0.6506,15,20,0.00673,-0.00239,-0.0025,0.01023,0,0,0
PG1290_text.txt,36702,0.6506,15,50,0.00431,-0.00683,-0.01376,0.01023,0,0,1
PG1290_text.txt,36702,0.6506,15,100,0.00671,-0.00148,-0.00426,0.01023,0,0,0
PG1290_text.txt,36702,0.6506,15,200,0.00322,0.00232,-0.00556,0.01023,0,0,0
PG1290_text.txt,36702,0.6506,15,300,0.00119,0.00665,0.0035,0.01023,0,0,0
PG1290_text.txt,36702,0.6506,16,1,0.05453,-0.00961,0.00126,0.01023,1,0,0
PG1290_text.txt,36702,0.6506,16,2,0.02554,0.00238,-0.00574,0.01023,1,0,0
PG1290_text.txt,36702,0.6506,16,5,0.00545,-0.00102,-0.00363,0.01023,0,0,0
PG1290_text.txt,36702,0.6506,16,10,0.01197,-0.00161,0.00767,0.01023,1,0,0
PG1290_text.txt,36702,0.6506,16,20,-0.00173,-0.00681,0.00341,0.01023,0,0,0
PG1290_text.txt,36702,0.6506,16,50,0.00116,0.00691,0.00155,0.01023,0,0,0
PG1290_text.txt,36702,0.6506,16,100,0.00178,0.00057,-0.00355,0.01023,0,0,0
PG1290_text.txt,36702,0.6506,16,200,0.00509,0.01364,-0.0037,0.01023,0,1,0
PG1290_text.txt,36702,0.6506,16,300,0.00182,-0.00214,0.00701,0.01023,0,0,0
PG1290_text.txt,36702,0.6506,17,1,0.08943,0.00226,-0.00669,0.01023,1,0,0
PG1290_text.txt,36702,0.6506,17,2,0.04645,0.00256,-0.0001,0.01023,1,0,0
PG1290_text.txt,36702,0.6506,17,5,0.0229,0.00224,-0.00034,0.01023,1,0,0
PG1290_text.txt,36702,0.6506,17,10,0.00441,-0.00151,-0.00349,0.01023,0,0,0
PG1290_text.txt,36702,0.6506,17,20,0.00636,-0.00637,0.00126,0.01023,0,0,0
PG1290_text.txt,36702,0.6506,17,50,-0.00196,-0.00024,-0.00818,0.01023,0,0,0
PG1290_text.txt,36702,0.6506,17,100,-0.00169,0.00848,0.00038,0.01023,0,0,0
PG1290_text.txt,36702,0.6506,17,200,0.00053,0.00392,0.00736,0.01023,0,0,0
PG1290_text.txt,36702,0.6506,17,300,0.00385,0.00369,0.00469,0.01023,0,0,0
PG1290_text.txt,36702,0.6506,18,1,0.06292,0.00662,-0.0039,0.01023,1,0,0
PG1290_text.txt,36702,0.6506,18,2,0.02671,0.01036,0.00049,0.01023,1,1,0
PG1290_text.txt,36702,0.6506,18,5,0.0073,-0.00592,-0.00589,0.01023,0,0,0
PG1290_text.txt,36702,0.6506,18,10,0.00307,-0.00098,0.00059,0.01023,0,0,0
PG1290_text.txt,36702,0.6506,18,20,0.01632,0.00982,-0.01316,0.01023,1,0,1
PG1290_text.txt,36702,0.6506,18,50,-0.00159,-0.00072,0.00694,0.01023,0,0,0
PG1290_text.txt,36702,0.6506,18,100,-0.00126,0.00096,-0.00676,0.01023,0,0,0
PG1290_text.txt,36702,0.6506,18,200,0.00119,0.00131,0.00815,0.01023,0,0,0
PG1290_text.txt,36702,0.6506,18,300,-0.00088,0.00047,0.00833,0.01023,0,0,0
PG1290_text.txt,36702,0.6506,19,1,0.05258,0.00042,0.00046,0.01023,1,0,0
PG1290_text.txt,36702,0.6506,19,2,0.0168,-0.00344,-0.01321,0.01023,1,0,1
PG1290_text.txt,36702,0.6506,19,5,0.01693,0.00276,-0.00549,0.01023,1,0,0
PG1290_text.txt,36702,0.6506,19,10,0.01385,0.00365,0.012,0.01023,1,0,1
PG1290_text.txt,36702,0.6506,19,20,0.00259,0.00221,0.00263,0.01023,0,0,0
PG1290_text.txt,36702,0.6506,19,50,0.00141,0.00635,-0.00105,0.01023,0,0,0
PG1290_text.txt,36702,0.6506,19,100,-0.00435,0.0024,-0.00206,0.01023,0,0,0
PG1290_text.txt,36702,0.6506,19,200,-0.00287,-8e-05,-0.00066,0.01023,0,0,0
PG1290_text.txt,36702,0.6506,19,300,-0.01034,-0.00691,-0.01554,0.01023,1,0,1
PG1290_text.txt,36702,0.6506,20,1,0.06213,-0.00085,-0.0047,0.01023,1,0,0
PG1290_text.txt,36702,0.6506,20,2,0.04156,0.00054,-0.00398,0.01023,1,0,0
PG1290_text.txt,36702,0.6506,20,5,0.0218,-0.00824,0.00101,0.01023,1,0,0
PG1290_text.txt,36702,0.6506,20,10,0.00375,0.00484,0.00368,0.01023,0,0,0
PG1290_text.txt,36702,0.6506,20,20,0.00968,0.00364,-0.00669,0.01023,0,0,0
PG1290_text.txt,36702,0.6506,20,50,0.00892,-0.00694,-0.00359,0.01023,0,0,0
PG1290_text.txt,36702,0.6506,20,100,0.00527,0.00325,-0.00694,0.01023,0,0,0
PG1290_text.txt,36702,0.6506,20,200,0.01139,0.00275,-0.00258,0.01023,1,0,0
PG1290_text.txt,36702,0.6506,20,300,-0.00476,-0.00141,0.00266,0.01023,0,0,0
PG133_text.txt,39014,0.6894,1,1,0.09054,-0.0001,0.00023,0.00992,1,0,0
PG133_text.txt,39014,0.6894,1,2,0.04778,-0.00224,0.00973,0.00992,1,0,0
PG133_text.txt,39014,0.6894,1,5,0.02936,0.00148,0.005,0.00992,1,0,0
PG133_text.txt,39014,0.6894,1,10,0.02606,0.0019,0.00368,0.00992,1,0,0
PG133_text.txt,39014,0.6894,1,20,0.01002,-0.00438,0.00179,0.00992,1,0,0
PG133_text.txt,39014,0.6894,1,50,0.01211,-0.00043,-0.01284,0.00992,1,0,1
PG133_text.txt,39014,0.6894,1,100,0.00011,0.00444,-0.0064,0.00992,0,0,0
PG133_text.txt,39014,0.6894,1,200,0.00019,-0.00069,-0.0022,0.00992,0,0,0
PG133_text.txt,39014,0.6894,1,300,-0.0028,-0.00167,-0.00372,0.00992,0,0,0
PG133_text.txt,39014,0.6894,2,1,0.21047,-0.00587,0.00427,0.00992,1,0,0
PG133_text.txt,39014,0.6894,2,2,0.12415,-0.00187,-0.00185,0.00992,1,0,0
PG133_text.txt,39014,0.6894,2,5,0.07984,-0.00064,-0.0051,0.00992,1,0,0
PG133_text.txt,39014,0.6894,2,10,0.06362,0.00399,-0.00405,0.00992,1,0,0
PG133_text.txt,39014,0.6894,2,20,0.03932,-0.00056,0.00676,0.00992,1,0,0
PG133_text.txt,39014,0.6894,2,50,0.04003,0.00687,0.00056,0.00992,1,0,0
PG133_text.txt,39014,0.6894,2,100,0.02588,-0.00049,0.00135,0.00992,1,0,0
PG133_text.txt,39014,0.6894,2,200,0.01529,0.00057,-0.00417,0.00992,1,0,0
PG133_text.txt,39014,0.6894,2,300,0.00308,-0.00779,0.00058,0.00992,0,0,0
PG133_text.txt,39014,0.6894,3,1,0.12562,0.0042,0.00401,0.00992,1,0,0
PG133_text.txt,39014,0.6894,3,2,0.07654,-0.0053,0.006,0.00992,1,0,0
PG133_text.txt,39014,0.6894,3,5,0.05387,0.00873,-0.00128,0.00992,1,0,0
PG133_text.txt,39014,0.6894,3,10,0.02928,-0.00538,0.00091,0.00992,1,0,0
PG133_text.txt,39014,0.6894,3,20,0.03429,0.0081,-0.00286,0.00992,1,0,0
PG133_text.txt,39014,0.6894,3,50,0.01799,-0.00428,0.00958,0.00992,1,0,0
PG133_text.txt,39014,0.6894,3,100,0.01499,-0.00355,-0.00374,0.00992,1,0,0
PG133_text.txt,39014,0.6894,3,200,0.00831,-0.00613,-0.00044,0.00992,0,0,0
PG133_text.txt,39014,0.6894,3,300,0.00767,0.00803,0.00296,0.00992,0,0,0
PG133_text.txt,39014,0.6894,4,1,0.18381,0.00103,0.00038,0.00992,1,0,0
PG133_text.txt,39014,0.6894,4,2,0.1027,0.00182,-0.00096,0.00992,1,0,0
PG133_text.txt,39014,0.6894,4,5,0.07052,0.00504,-0.00146,0.00992,1,0,0
PG133_text.txt,39014,0.6894,4,10,0.05966,-0.00664,0.00183,0.00992,1,0,0
PG133_text.txt,39014,0.6894,4,20,0.04333,0.00482,0.00162,0.00992,1,0,0
PG133_text.txt,39014,0.6894,4,50,0.02859,0.00903,0.00779,0.00992,1,0,0
PG133_text.txt,39014,0.6894,4,100,0.02347,0.00316,-0.00663,0.00992,1,0,0
PG133_text.txt,39014,0.6894,4,200,0.01573,-0.00431,-0.00888,0.00992,1,0,0
PG133_text.txt,39014,0.6894,4,300,0.01429,-0.00176,0.00786,0.00992,1,0,0
PG133_text.txt,39014,0.6894,5,1,0.07211,0.00033,-0.00045,0.00992,1,0,0
PG133_text.txt,39014,0.6894,5,2,0.05479,-0.00705,-0.00294,0.00992,1,0,0
PG133_text.txt,39014,0.6894,5,5,0.04703,-0.00042,0.00056,0.00992,1,0,0
PG133_text.txt,39014,0.6894,5,10,0.03101,0.00309,-0.00179,0.00992,1,0,0
PG133_text.txt,39014,0.6894,5,20,0.02972,0.00662,-0.00997,0.00992,1,0,1
PG133_text.txt,39014,0.6894,5,50,0.01782,0.00231,0.00318,0.00992,1,0,0
PG133_text.txt,39014,0.6894,5,100,0.01238,0.00242,-0.00308,0.00992,1,0,0
PG133_text.txt,39014,0.6894,5,200,0.00935,0.00379,-0.00026,0.00992,0,0,0
PG133_text.txt,39014,0.6894,5,300,0.00706,-0.01083,-0.00554,0.00992,0,1,0
PG133_text.txt,39014,0.6894,6,1,0.09827,-0.00623,-0.0037,0.00992,1,0,0
PG133_text.txt,39014,0.6894,6,2,0.04735,-0.00416,-0.00233,0.00992,1,0,0
PG133_text.txt,39014,0.6894,6,5,0.01472,0.004,0.00146,0.00992,1,0,0
PG133_text.txt,39014,0.6894,6,10,0.00411,-0.00444,-0.00061,0.00992,0,0,0
PG133_text.txt,39014,0.6894,6,20,0.00591,0.00242,-0.00628,0.00992,0,0,0
PG133_text.txt,39014,0.6894,6,50,0.00794,0.00394,0.00355,0.00992,0,0,0
PG133_text.txt,39014,0.6894,6,100,0.00018,0.00713,-0.00049,0.00992,0,0,0
PG133_text.txt,39014,0.6894,6,200,0.0028,0.00443,0.00138,0.00992,0,0,0
PG133_text.txt,39014,0.6894,6,300,-0.00207,-0.00091,-0.0052,0.00992,0,0,0
PG133_text.txt,39014,0.6894,7,1,0.10694,0.00997,-0.00139,0.00992,1,1,0
PG133_text.txt,39014,0.6894,7,2,0.05599,-0.01716,-0.00328,0.00992,1,1,0
PG133_text.txt,39014,0.6894,7,5,0.03599,-0.00457,-0.00719,0.00992,1,0,0
PG133_text.txt,39014,0.6894,7,10,0.01075,-0.00782,-0.00214,0.00992,1,0,0
PG133_text.txt,39014,0.6894,7,20,0.01256,0.00462,0.00311,0.00992,1,0,0
PG133_text.txt,39014,0.6894,7,50,0.01527,-0.00433,0.00191,0.00992,1,0,0
PG133_text.txt,39014,0.6894,7,100,0.00244,-0.00128,0.01038,0.00992,0,0,1
PG133_text.txt,39014,0.6894,7,200,-0.00771,-0.00751,-0.01048,0.00992,0,0,1
PG133_text.txt,39014,0.6894,7,300,0.00544,-0.00279,0.00036,0.00992,0,0,0
PG133_text.txt,39014,0.6894,8,1,0.09003,-0.00055,-0.00564,0.00992,1,0,0
PG133_text.txt,39014,0.6894,8,2,0.04174,0.00013,0.00042,0.00992,1,0,0
PG133_text.txt,39014,0.6894,8,5,0.01523,0.0039,0.00334,0.00992,1,0,0
PG133_text.txt,39014,0.6894,8,10,0.01137,0.0043,0.00553,0.00992,1,0,0
PG133_text.txt,39014,0.6894,8,20,0.01102,0.0095,0.00264,0.00992,1,0,0
PG133_text.txt,39014,0.6894,8,50,0.00916,0.00372,0.00159,0.00992,0,0,0
PG133_text.txt,39014,0.6894,8,100,0.00472,0.00945,-0.00517,0.00992,0,0,0
PG133_text.txt,39014,0.6894,8,200,0.00676,-0.00238,-0.00487,0.00992,0,0,0
PG133_text.txt,39014,0.6894,8,300,-0.00209,-0.00105,0.01049,0.00992,0,0,1
PG133_text.txt,39014,0.6894,9,1,0.09846,-0.00058,-0.00313,0.00992,1,0,0
PG133_text.txt,39014,0.6894,9,2,0.05789,0.00552,-0.0006,0.00992,1,0,0
PG133_text.txt,39014,0.6894,9,5,0.02572,-0.00219,3e-05,0.00992,1,0,0
PG133_text.txt,39014,0.6894,9,10,0.02101,-0.00267,-0.0021,0.00992,1,0,0
PG133_text.txt,39014,0.6894,9,20,0.01293,-0.00201,0.00943,0.00992,1,0,0
PG133_text.txt,39014,0.6894,9,50,0.00724,0.00577,-0.00558,0.00992,0,0,0
PG133_text.txt,39014,0.6894,9,100,0.00089,0.00177,-0.00514,0.00992,0,0,0
PG133_text.txt,39014,0.6894,9,200,0.00621,0.00074,0.00213,0.00992,0,0,0
PG133_text.txt,39014,0.6894,9,300,0.00362,0.00066,0.00255,0.00992,0,0,0
PG133_text.txt,39014,0.6894,10,1,0.06939,0.00071,0.00145,0.00992,1,0,0
PG133_text.txt,39014,0.6894,10,2,0.0349,-0.00027,-0.00328,0.00992,1,0,0
PG133_text.txt,39014,0.6894,10,5,0.02084,0.00133,0.00562,0.00992,1,0,0
PG133_text.txt,39014,0.6894,10,10,0.01992,0.00262,7e-05,0.00992,1,0,0
PG133_text.txt,39014,0.6894,10,20,0.01203,-0.00163,-0.00546,0.00992,1,0,0
PG133_text.txt,39014,0.6894,10,50,0.0071,7e-05,0.00803,0.00992,0,0,0
PG133_text.txt,39014,0.6894,10,100,0.00305,0.00259,0.00054,0.00992,0,0,0
PG133_text.txt,39014,0.6894,10,200,0.01071,0.0099,-0.00138,0.00992,1,0,0
PG133_text.txt,39014,0.6894,10,300,0.00258,0.00164,-0.00819,0.00992,0,0,0
PG133_text.txt,39014,0.6894,11,1,0.06746,0.00229,-0.00157,0.00992,1,0,0
PG133_text.txt,39014,0.6894,11,2,0.03493,0.00208,0.00235,0.00992,1,0,0
PG133_text.txt,39014,0.6894,11,5,0.02076,0.0045,0.00079,0.00992,1,0,0
PG133_text.txt,39014,0.6894,11,10,0.011,-0.00603,0.00167,0.00992,1,0,0
PG133_text.txt,39014,0.6894,11,20,0.00692,0.00068,-0.00678,0.00992,0,0,0
PG133_text.txt,39014,0.6894,11,50,0.00667,0.00112,0.00034,0.00992,0,0,0
PG133_text.txt,39014,0.6894,11,100,0.01004,-0.00092,-0.00374,0.00992,1,0,0
PG133_text.txt,39014,0.6894,11,200,0.00196,-0.0082,-0.00445,0.00992,0,0,0
PG133_text.txt,39014,0.6894,11,300,0.00469,0.00035,0.00053,0.00992,0,0,0
PG133_text.txt,39014,0.6894,12,1,0.09457,0.00069,-0.00183,0.00992,1,0,0
PG133_text.txt,39014,0.6894,12,2,0.03251,-0.01248,-0.00149,0.00992,1,1,0
PG133_text.txt,39014,0.6894,12,5,0.01507,-0.00611,0.0042,0.00992,1,0,0
PG133_text.txt,39014,0.6894,12,10,0.01384,0.00884,-0.00619,0.00992,1,0,0
PG133_text.txt,39014,0.6894,12,20,0.01573,-0.00169,0.0019,0.00992,1,0,0
PG133_text.txt,39014,0.6894,12,50,-0.00839,-0.00153,-0.00351,0.00992,0,0,0
PG133_text.txt,39014,0.6894,12,100,0.003,-0.00025,0.00762,0.00992,0,0,0
PG133_text.txt,39014,0.6894,12,200,0.0027,-0.00116,0.00414,0.00992,0,0,0
PG133_text.txt,39014,0.6894,12,300,0.0022,0.00348,-0.00402,0.00992,0,0,0
PG133_text.txt,39014,0.6894,13,1,0.06429,-0.00326,0.00112,0.00992,1,0,0
PG133_text.txt,39014,0.6894,13,2,0.02719,-0.00258,-0.00763,0.00992,1,0,0
PG133_text.txt,39014,0.6894,13,5,0.0146,0.00193,0.00171,0.00992,1,0,0
PG133_text.txt,39014,0.6894,13,10,0.01619,-0.00656,-0.00076,0.00992,1,0,0
PG133_text.txt,39014,0.6894,13,20,0.01788,0.00096,0.00093,0.00992,1,0,0
PG133_text.txt,39014,0.6894,13,50,0.00513,-0.00025,0.00765,0.00992,0,0,0
PG133_text.txt,39014,0.6894,13,100,0.00097,-0.01151,0.00191,0.00992,0,1,0
PG133_text.txt,39014,0.6894,13,200,0.00268,-0.00679,0.00382,0.00992,0,0,0
PG133_text.txt,39014,0.6894,13,300,-0.00358,0.00944,-0.00439,0.00992,0,0,0
PG133_text.txt,39014,0.6894,14,1,0.06825,0.00148,0.00634,0.00992,1,0,0
PG133_text.txt,39014,0.6894,14,2,0.02604,-0.00546,-0.0014,0.00992,1,0,0
PG133_text.txt,39014,0.6894,14,5,0.02222,0.00478,0.00312,0.00992,1,0,0
PG133_text.txt,39014,0.6894,14,10,0.00504,0.00083,-0.00225,0.00992,0,0,0
PG133_text.txt,39014,0.6894,14,20,0.00637,0.00401,-0.00105,0.00992,0,0,0
PG133_text.txt,39014,0.6894,14,50,0.00768,0.01054,-0.00351,0.00992,0,1,0
PG133_text.txt,39014,0.6894,14,100,-0.00203,0.00603,0.00203,0.00992,0,0,0
PG133_text.txt,39014,0.6894,14,200,-0.00279,0.00237,0.00581,0.00992,0,0,0
PG133_text.txt,39014,0.6894,14,300,0.00296,-0.00074,0.00176,0.00992,0,0,0
PG133_text.txt,39014,0.6894,15,1,0.04217,-0.00398,0.00294,0.00992,1,0,0
PG133_text.txt,39014,0.6894,15,2,0.02016,0.00406,0.00109,0.00992,1,0,0
PG133_text.txt,39014,0.6894,15,5,0.02305,0.0083,0.01019,0.00992,1,0,1
PG133_text.txt,39014,0.6894,15,10,0.00693,0.00705,0.00994,0.00992,0,0,1
PG133_text.txt,39014,0.6894,15,20,0.01652,0.00602,0.00131,0.00992,1,0,0
PG133_text.txt,39014,0.6894,15,50,0.00578,0.00221,-0.00238,0.00992,0,0,0
PG133_text.txt,39014,0.6894,15,100,0.00024,-0.00312,0.00771,0.00992,0,0,0
PG133_text.txt,39014,0.6894,15,200,0.0099,-0.0032,0.00408,0.00992,0,0,0
PG133_text.txt,39014,0.6894,15,300,-0.0012,0.00091,-0.00171,0.00992,0,0,0
PG133_text.txt,39014,0.6894,16,1,0.06186,-0.00744,0.0009,0.00992,1,0,0
PG133_text.txt,39014,0.6894,16,2,0.02325,0.0045,0.00264,0.00992,1,0,0
PG133_text.txt,39014,0.6894,16,5,0.01144,-0.00231,0.00516,0.00992,1,0,0
PG133_text.txt,39014,0.6894,16,10,0.01307,-0.00519,0.00161,0.00992,1,0,0
PG133_text.txt,39014,0.6894,16,20,0.01783,0.00603,-0.00608,0.00992,1,0,0
PG133_text.txt,39014,0.6894,16,50,0.01774,0.00294,-0.00951,0.00992,1,0,0
PG133_text.txt,39014,0.6894,16,100,0.00785,0.00144,-0.00595,0.00992,0,0,0
PG133_text.txt,39014,0.6894,16,200,0.00239,0.00688,0.00017,0.00992,0,0,0
PG133_text.txt,39014,0.6894,16,300,-0.0104,0.01088,-0.00184,0.00992,1,1,0
PG133_text.txt,39014,0.6894,17,1,0.0527,0.00034,0.00353,0.00992,1,0,0
PG133_text.txt,39014,0.6894,17,2,0.02457,0.00061,0.00083,0.00992,1,0,0
PG133_text.txt,39014,0.6894,17,5,0.01337,-0.00193,-0.00531,0.00992,1,0,0
PG133_text.txt,39014,0.6894,17,10,0.01179,-0.00135,-0.00025,0.00992,1,0,0
PG133_text.txt,39014,0.6894,17,20,0.01248,0.00082,0.00202,0.00992,1,0,0
PG133_text.txt,39014,0.6894,17,50,0.00637,-0.008,-0.00195,0.00992,0,0,0
PG133_text.txt,39014,0.6894,17,100,0.00932,-0.00742,0.00303,0.00992,0,0,0
PG133_text.txt,39014,0.6894,17,200,-0.00136,0.00382,-0.00333,0.00992,0,0,0
PG133_text.txt,39014,0.6894,17,300,0.00847,0.00739,0.00656,0.00992,0,0,0
PG133_text.txt,39014,0.6894,18,1,0.05915,-0.00216,-0.00851,0.00992,1,0,0
PG133_text.txt,39014,0.6894,18,2,0.02964,0.01065,0.00042,0.00992,1,1,0
PG133_text.txt,39014,0.6894,18,5,0.01858,-0.00568,0.00467,0.00992,1,0,0
PG133_text.txt,39014,0.6894,18,10,0.00811,0.00283,0.00046,0.00992,0,0,0
PG133_text.txt,39014,0.6894,18,20,0.00661,0.00285,0.00558,0.00992,0,0,0
PG133_text.txt,39014,0.6894,18,50,0.00866,0.00525,-0.00463,0.00992,0,0,0
PG133_text.txt,39014,0.6894,18,100,0.00519,0.00154,0.00303,0.00992,0,0,0
PG133_text.txt,39014,0.6894,18,200,0.00091,0.00609,0.0033,0.00992,0,0,0
PG133_text.txt,39014,0.6894,18,300,0.00494,0.00154,-0.00776,0.00992,0,0,0
PG133_text.txt,39014,0.6894,19,1,0.05423,-0.00465,-0.00315,0.00992,1,0,0
PG133_text.txt,39014,0.6894,19,2,0.02863,-0.0027,-0.00084,0.00992,1,0,0
PG133_text.txt,39014,0.6894,19,5,0.00733,-0.00294,0.00908,0.00992,0,0,0
PG133_text.txt,39014,0.6894,19,10,0.00336,-0.00262,-0.00428,0.00992,0,0,0
PG133_text.txt,39014,0.6894,19,20,0.00733,0.00127,-0.00124,0.00992,0,0,0
PG133_text.txt,39014,0.6894,19,50,0.00628,5e-05,0.00615,0.00992,0,0,0
PG133_text.txt,39014,0.6894,19,100,0.00208,-0.0069,-0.00479,0.00992,0,0,0
PG133_text.txt,39014,0.6894,19,200,-0.00162,-0.00094,-0.00213,0.00992,0,0,0
PG133_text.txt,39014,0.6894,19,300,-0.00812,-0.00226,0.00217,0.00992,0,0,0
PG133_text.txt,39014,0.6894,20,1,0.05629,0.00736,0.0015,0.00992,1,0,0
PG133_text.txt,39014,0.6894,20,2,0.02486,0.00381,0.00182,0.00992,1,0,0
PG133_text.txt,39014,0.6894,20,5,0.02776,-0.00133,0.00443,0.00992,1,0,0
PG133_text.txt,39014,0.6894,20,10,0.01241,-0.00475,-0.00337,0.00992,1,0,0
PG133_text.txt,39014,0.6894,20,20,0.01967,0.01083,0.00772,0.00992,1,1,0
PG133_text.txt,39014,0.6894,20,50,0.00593,0.0001,-0.00136,0.00992,0,0,0
PG133_text.txt,39014,0.6894,20,100,0.00229,-0.00162,0.00527,0.00992,0,0,0
PG133_text.txt,39014,0.6894,20,200,0.00138,0.00071,-0.00723,0.00992,0,0,0
PG133_text.txt,39014,0.6894,20,300,0.00736,0.00541,-0.00581,0.00992,0,0,0
PG135_text.txt,224736,0.7721,1,1,0.08347,0.03475,0.00226,0.00413,1,1,0
PG135_text.txt,224736,0.7721,1,2,0.06176,0.02085,0.00129,0.00413,1,1,0
PG135_text.txt,224736,0.7721,1,5,0.03416,0.01112,0.00103,0.00413,1,1,0
PG135_text.txt,224736,0.7721,1,10,0.02441,0.00543,0.00436,0.00413,1,1,1
PG135_text.txt,224736,0.7721,1,20,0.01786,0.00558,-0.00165,0.00413,1,1,0
PG135_text.txt,224736,0.7721,1,50,0.01218,0.00362,0.00205,0.00413,1,0,0
PG135_text.txt,224736,0.7721,1,100,0.00924,0.00447,0.00168,0.00413,1,1,0
PG135_text.txt,224736,0.7721,1,200,0.00856,0.00563,-0.00278,0.00413,1,1,0
PG135_text.txt,224736,0.7721,1,300,0.00663,-0.00359,0.00093,0.00413,1,0,0
PG135_text.txt,224736,0.7721,2,1,0.22845,0.00434,-0.00054,0.00413,1,1,0
PG135_text.txt,224736,0.7721,2,2,0.16559,0.00058,0.00383,0.00413,1,0,0
PG135_text.txt,224736,0.7721,2,5,0.11424,0.00055,-0.00052,0.00413,1,0,0
PG135_text.txt,224736,0.7721,2,10,0.0893,-0.00072,0.0022,0.00413,1,0,0
PG135_text.txt,224736,0.7721,2,20,0.0731,0.00091,-0.00126,0.00413,1,0,0
PG135_text.txt,224736,0.7721,2,50,0.05308,-0.00187,0.00084,0.00413,1,0,0
PG135_text.txt,224736,0.7721,2,100,0.04582,0.0036,0.00196,0.00413,1,0,0
PG135_text.txt,224736,0.7721,2,200,0.0358,0.00069,2e-05,0.00413,1,0,0
PG135_text.txt,224736,0.7721,2,300,0.03249,0.00145,0.00162,0.00413,1,0,0
PG135_text.txt,224736,0.7721,3,1,0.21472,0.0034,-0.00035,0.00413,1,0,0
PG135_text.txt,224736,0.7721,3,2,0.16756,0.00098,0.00194,0.00413,1,0,0
PG135_text.txt,224736,0.7721,3,5,0.11642,-0.00106,-0.00175,0.00413,1,0,0
PG135_text.txt,224736,0.7721,3,10,0.09017,0.00083,-0.00077,0.00413,1,0,0
PG135_text.txt,224736,0.7721,3,20,0.07046,-0.0017,0.00023,0.00413,1,0,0
PG135_text.txt,224736,0.7721,3,50,0.05257,-0.0002,0.00203,0.00413,1,0,0
PG135_text.txt,224736,0.7721,3,100,0.04181,-0.00057,-0.00272,0.00413,1,0,0
PG135_text.txt,224736,0.7721,3,200,0.03421,-0.00233,-0.00313,0.00413,1,0,0
PG135_text.txt,224736,0.7721,3,300,0.02767,4e-05,-0.00017,0.00413,1,0,0
PG135_text.txt,224736,0.7721,4,1,0.14242,0.00477,-0.00151,0.00413,1,1,0
PG135_text.txt,224736,0.7721,4,2,0.10902,0.0045,0.00121,0.00413,1,1,0
PG135_text.txt,224736,0.7721,4,5,0.07368,0.00504,-0.00123,0.00413,1,1,0
PG135_text.txt,224736,0.7721,4,10,0.05729,0.00113,-0.0002,0.00413,1,0,0
PG135_text.txt,224736,0.7721,4,20,0.04678,-0.00098,-0.00033,0.00413,1,0,0
PG135_text.txt,224736,0.7721,4,50,0.04127,0.00404,0.00219,0.00413,1,0,0
PG135_text.txt,224736,0.7721,4,100,0.03033,0.00588,-0.00281,0.00413,1,1,0
PG135_text.txt,224736,0.7721,4,200,0.02385,0.00102,0.00257,0.00413,1,0,0
PG135_text.txt,224736,0.7721,4,300,0.02034,0.00059,-0.00113,0.00413,1,0,0
PG135_text.txt,224736,0.7721,5,1,0.121,-0.0007,-0.00177,0.00413,1,0,0
PG135_text.txt,224736,0.7721,5,2,0.08878,0.00151,0.00176,0.00413,1,0,0
PG135_text.txt,224736,0.7721,5,5,0.06927,0.00021,0.00209,0.00413,1,0,0
PG135_text.txt,224736,0.7721,5,10,0.05457,-0.00134,-0.00035,0.00413,1,0,0
PG135_text.txt,224736,0.7721,5,20,0.04203,-0.00246,-0.00032,0.00413,1,0,0
PG135_text.txt,224736,0.7721,5,50,0.03245,-0.00049,-0.00252,0.00413,1,0,0
PG135_text.txt,224736,0.7721,5,100,0.02569,0.00205,0.00166,0.00413,1,0,0
PG135_text.txt,224736,0.7721,5,200,0.02316,4e-05,-0.00234,0.00413,1,0,0
PG135_text.txt,224736,0.7721,5,300,0.0207,0.00023,-0.00098,0.00413,1,0,0
PG135_text.txt,224736,0.7721,6,1,0.15207,-0.00154,-0.00061,0.00413,1,0,0
PG135_text.txt,224736,0.7721,6,2,0.10714,0.00144,-0.00154,0.00413,1,0,0
PG135_text.txt,224736,0.7721,6,5,0.07706,0.00403,0.00238,0.00413,1,0,0
PG135_text.txt,224736,0.7721,6,10,0.06098,0.00418,0.00038,0.00413,1,1,0
PG135_text.txt,224736,0.7721,6,20,0.05034,-0.00055,-0.00151,0.00413,1,0,0
PG135_text.txt,224736,0.7721,6,50,0.03541,-8e-05,0.00177,0.00413,1,0,0
PG135_text.txt,224736,0.7721,6,100,0.02548,0.00333,-0.00208,0.00413,1,0,0
PG135_text.txt,224736,0.7721,6,200,0.01801,-0.00016,0.00136,0.00413,1,0,0
PG135_text.txt,224736,0.7721,6,300,0.01137,-0.00037,-0.00069,0.00413,1,0,0
PG135_text.txt,224736,0.7721,7,1,0.11815,0.00288,0.00288,0.00413,1,0,0
PG135_text.txt,224736,0.7721,7,2,0.08236,0.00276,-0.00235,0.00413,1,0,0
PG135_text.txt,224736,0.7721,7,5,0.0445,0.00442,0.00378,0.00413,1,1,0
PG135_text.txt,224736,0.7721,7,10,0.03159,-0.00457,0.00114,0.00413,1,1,0
PG135_text.txt,224736,0.7721,7,20,0.02397,-0.00382,9e-05,0.00413,1,0,0
PG135_text.txt,224736,0.7721,7,50,0.01361,0.00127,8e-05,0.00413,1,0,0
PG135_text.txt,224736,0.7721,7,100,0.01393,0.00104,-0.0007,0.00413,1,0,0
PG135_text.txt,224736,0.7721,7,200,0.00726,-0.00016,-0.00033,0.00413,1,0,0
PG135_text.txt,224736,0.7721,7,300,0.0043,0.00176,-0.0008,0.00413,1,0,0
PG135_text.txt,224736,0.7721,8,1,0.15366,-0.00018,-0.00025,0.00413,1,0,0
PG135_text.txt,224736,0.7721,8,2,0.10598,-0.00112,0.0026,0.00413,1,0,0
PG135_text.txt,224736,0.7721,8,5,0.06262,-0.00376,-0.00149,0.00413,1,0,0
PG135_text.txt,224736,0.7721,8,10,0.04529,0.00064,-0.00159,0.00413,1,0,0
PG135_text.txt,224736,0.7721,8,20,0.03332,0.00215,-0.00276,0.00413,1,0,0
PG135_text.txt,224736,0.7721,8,50,0.02158,-0.00101,-0.0019,0.00413,1,0,0
PG135_text.txt,224736,0.7721,8,100,0.01381,0.00021,-0.0004,0.00413,1,0,0
PG135_text.txt,224736,0.7721,8,200,0.0072,0.00027,0.00455,0.00413,1,0,1
PG135_text.txt,224736,0.7721,8,300,0.00508,0.00016,-0.00316,0.00413,1,0,0
PG135_text.txt,224736,0.7721,9,1,0.13079,-1e-05,-0.00149,0.00413,1,0,0
PG135_text.txt,224736,0.7721,9,2,0.08949,-0.00216,0.00087,0.00413,1,0,0
PG135_text.txt,224736,0.7721,9,5,0.05407,-0.00286,0.00424,0.00413,1,0,1
PG135_text.txt,224736,0.7721,9,10,0.04151,0.00373,-0.00249,0.00413,1,0,0
PG135_text.txt,224736,0.7721,9,20,0.0309,0.00104,-0.00082,0.00413,1,0,0
PG135_text.txt,224736,0.7721,9,50,0.02321,0.00305,-0.0002,0.00413,1,0,0
PG135_text.txt,224736,0.7721,9,100,0.02067,0.00286,-0.00091,0.00413,1,0,0
PG135_text.txt,224736,0.7721,9,200,0.01271,-0.00147,-0.00175,0.00413,1,0,0
PG135_text.txt,224736,0.7721,9,300,0.01109,-0.0018,0.00149,0.00413,1,0,0
PG135_text.txt,224736,0.7721,10,1,0.098,0.00095,0.0001,0.00413,1,0,0
PG135_text.txt,224736,0.7721,10,2,0.07132,0.0014,0.00036,0.00413,1,0,0
PG135_text.txt,224736,0.7721,10,5,0.04225,-0.002,-0.00315,0.00413,1,0,0
PG135_text.txt,224736,0.7721,10,10,0.03411,-0.00087,-0.00038,0.00413,1,0,0
PG135_text.txt,224736,0.7721,10,20,0.02421,-0.00071,-0.00262,0.00413,1,0,0
PG135_text.txt,224736,0.7721,10,50,0.01673,-0.00029,0.00245,0.00413,1,0,0
PG135_text.txt,224736,0.7721,10,100,0.01272,-0.0039,-0.00084,0.00413,1,0,0
PG135_text.txt,224736,0.7721,10,200,0.00383,0.00396,0.00055,0.00413,0,0,0
PG135_text.txt,224736,0.7721,10,300,0.00973,-0.00251,0.00266,0.00413,1,0,0
PG135_text.txt,224736,0.7721,11,1,0.12298,0.00083,0.00257,0.00413,1,0,0
PG135_text.txt,224736,0.7721,11,2,0.07464,-0.00149,0.00027,0.00413,1,0,0
PG135_text.txt,224736,0.7721,11,5,0.03935,0.0029,0.00443,0.00413,1,0,1
PG135_text.txt,224736,0.7721,11,10,0.0248,-0.00073,0.00022,0.00413,1,0,0
PG135_text.txt,224736,0.7721,11,20,0.01496,6e-05,-0.00136,0.00413,1,0,0
PG135_text.txt,224736,0.7721,11,50,0.01025,0.00284,-0.00095,0.00413,1,0,0
PG135_text.txt,224736,0.7721,11,100,0.00719,-0.00284,-0.00081,0.00413,1,0,0
PG135_text.txt,224736,0.7721,11,200,0.00629,-0.00084,-0.00315,0.00413,1,0,0
PG135_text.txt,224736,0.7721,11,300,0.00294,-0.00216,-0.00276,0.00413,0,0,0
PG135_text.txt,224736,0.7721,12,1,0.09593,0.00322,-0.00279,0.00413,1,0,0
PG135_text.txt,224736,0.7721,12,2,0.06322,0.00137,5e-05,0.00413,1,0,0
PG135_text.txt,224736,0.7721,12,5,0.03992,0.00117,-0.00259,0.00413,1,0,0
PG135_text.txt,224736,0.7721,12,10,0.02778,-0.00137,0.00124,0.00413,1,0,0
PG135_text.txt,224736,0.7721,12,20,0.01841,-0.00268,-0.00079,0.00413,1,0,0
PG135_text.txt,224736,0.7721,12,50,0.01704,0.00482,-0.00044,0.00413,1,1,0
PG135_text.txt,224736,0.7721,12,100,0.01228,0.00325,0.00203,0.00413,1,0,0
PG135_text.txt,224736,0.7721,12,200,0.01161,0.00216,-0.00204,0.00413,1,0,0
PG135_text.txt,224736,0.7721,12,300,0.00767,-0.00144,-0.0008,0.00413,1,0,0
PG135_text.txt,224736,0.7721,13,1,0.09004,0.00173,0.00301,0.00413,1,0,0
PG135_text.txt,224736,0.7721,13,2,0.05636,-0.00133,-0.0015,0.00413,1,0,0
PG135_text.txt,224736,0.7721,13,5,0.03739,-0.00118,0.00387,0.00413,1,0,0
PG135_text.txt,224736,0.7721,13,10,0.02717,0.00246,-0.00272,0.00413,1,0,0
PG135_text.txt,224736,0.7721,13,20,0.01865,-0.00069,0.00394,0.00413,1,0,0
PG135_text.txt,224736,0.7721,13,50,0.0139,-0.00336,-0.00254,0.00413,1,0,0
PG135_text.txt,224736,0.7721,13,100,0.00957,0.00309,0.00077,0.00413,1,0,0
PG135_text.txt,224736,0.7721,13,200,0.00941,-0.00447,-0.00116,0.00413,1,1,0
PG135_text.txt,224736,0.7721,13,300,0.00929,0.0008,4e-05,0.00413,1,0,0
PG135_text.txt,224736,0.7721,14,1,0.08046,0.00106,0.00131,0.00413,1,0,0
PG135_text.txt,224736,0.7721,14,2,0.05516,-0.0017,0.00147,0.00413,1,0,0
PG135_text.txt,224736,0.7721,14,5,0.04211,-0.00103,0.00269,0.00413,1,0,0
PG135_text.txt,224736,0.7721,14,10,0.0333,-0.00139,0.00057,0.00413,1,0,0
PG135_text.txt,224736,0.7721,14,20,0.02507,-0.00151,0.00053,0.00413,1,0,0
PG135_text.txt,224736,0.7721,14,50,0.01861,-0.0011,-0.00065,0.00413,1,0,0
PG135_text.txt,224736,0.7721,14,100,0.0223,-0.00104,0.00132,0.00413,1,0,0
PG135_text.txt,224736,0.7721,14,200,0.01229,-0.00101,0.00076,0.00413,1,0,0
PG135_text.txt,224736,0.7721,14,300,0.01205,7e-05,-0.00195,0.00413,1,0,0
PG135_text.txt,224736,0.7721,15,1,0.11223,-0.0023,-0.00246,0.00413,1,0,0
PG135_text.txt,224736,0.7721,15,2,0.08438,0.00046,-0.00305,0.00413,1,0,0
PG135_text.txt,224736,0.7721,15,5,0.05903,-0.00179,-1e-05,0.00413,1,0,0
PG135_text.txt,224736,0.7721,15,10,0.04072,-0.00377,-0.00148,0.00413,1,0,0
PG135_text.txt,224736,0.7721,15,20,0.03569,0.00033,0.00119,0.00413,1,0,0
PG135_text.txt,224736,0.7721,15,50,0.02674,-0.00251,0.0008,0.00413,1,0,0
PG135_text.txt,224736,0.7721,15,100,0.0215,-6e-05,0.00265,0.00413,1,0,0
PG135_text.txt,224736,0.7721,15,200,0.01724,-0.00128,-0.00391,0.00413,1,0,0
PG135_text.txt,224736,0.7721,15,300,0.01171,0.00274,0.00151,0.00413,1,0,0
PG135_text.txt,224736,0.7721,16,1,0.09975,-0.00186,0.00365,0.00413,1,0,0
PG135_text.txt,224736,0.7721,16,2,0.07047,0.00065,0.00156,0.00413,1,0,0
PG135_text.txt,224736,0.7721,16,5,0.04138,0.00175,0.00091,0.00413,1,0,0
PG135_text.txt,224736,0.7721,16,10,0.02918,-0.00053,-0.00028,0.00413,1,0,0
PG135_text.txt,224736,0.7721,16,20,0.01998,0.00082,0.00125,0.00413,1,0,0
PG135_text.txt,224736,0.7721,16,50,0.01344,0.00229,0.00279,0.00413,1,0,0
PG135_text.txt,224736,0.7721,16,100,0.00859,0.00091,0.00107,0.00413,1,0,0
PG135_text.txt,224736,0.7721,16,200,0.01075,-0.00289,-0.00021,0.00413,1,0,0
PG135_text.txt,224736,0.7721,16,300,0.00451,0.00279,-0.0007,0.00413,1,0,0
PG135_text.txt,224736,0.7721,17,1,0.08603,0.00245,0.00151,0.00413,1,0,0
PG135_text.txt,224736,0.7721,17,2,0.05564,0.00337,-0.00252,0.00413,1,0,0
PG135_text.txt,224736,0.7721,17,5,0.0342,-0.0,0.00123,0.00413,1,0,0
PG135_text.txt,224736,0.7721,17,10,0.02718,0.00145,-0.00323,0.00413,1,0,0
PG135_text.txt,224736,0.7721,17,20,0.01272,-0.00025,-0.00256,0.00413,1,0,0
PG135_text.txt,224736,0.7721,17,50,0.01047,0.00055,-0.00204,0.00413,1,0,0
PG135_text.txt,224736,0.7721,17,100,0.00725,-0.00088,0.0002,0.00413,1,0,0
PG135_text.txt,224736,0.7721,17,200,0.00642,0.00073,0.00085,0.00413,1,0,0
PG135_text.txt,224736,0.7721,17,300,0.0036,-0.00478,0.00303,0.00413,0,1,0
PG135_text.txt,224736,0.7721,18,1,0.07569,-0.00296,0.00073,0.00413,1,0,0
PG135_text.txt,224736,0.7721,18,2,0.04798,-0.00253,0.00117,0.00413,1,0,0
PG135_text.txt,224736,0.7721,18,5,0.02436,0.00056,0.00091,0.00413,1,0,0
PG135_text.txt,224736,0.7721,18,10,0.01544,-0.00066,-0.0034,0.00413,1,0,0
PG135_text.txt,224736,0.7721,18,20,0.0155,0.00017,0.00039,0.00413,1,0,0
PG135_text.txt,224736,0.7721,18,50,0.01027,-0.00066,0.00277,0.00413,1,0,0
PG135_text.txt,224736,0.7721,18,100,0.00583,-0.00107,-0.00185,0.00413,1,0,0
PG135_text.txt,224736,0.7721,18,200,0.00213,0.00172,-0.00091,0.00413,0,0,0
PG135_text.txt,224736,0.7721,18,300,0.0026,0.00028,-0.00128,0.00413,0,0,0
PG135_text.txt,224736,0.7721,19,1,0.07891,-0.00228,-0.00041,0.00413,1,0,0
PG135_text.txt,224736,0.7721,19,2,0.05476,0.00157,0.00113,0.00413,1,0,0
PG135_text.txt,224736,0.7721,19,5,0.03219,0.00057,0.0001,0.00413,1,0,0
PG135_text.txt,224736,0.7721,19,10,0.02001,0.00091,-0.00015,0.00413,1,0,0
PG135_text.txt,224736,0.7721,19,20,0.01696,-0.00121,-0.00053,0.00413,1,0,0
PG135_text.txt,224736,0.7721,19,50,0.00466,-0.00026,-0.00039,0.00413,1,0,0
PG135_text.txt,224736,0.7721,19,100,0.00605,-0.0018,-0.00389,0.00413,1,0,0
PG135_text.txt,224736,0.7721,19,200,0.00567,-0.00067,0.00035,0.00413,1,0,0
PG135_text.txt,224736,0.7721,19,300,0.00491,0.0028,0.00063,0.00413,1,0,0
PG135_text.txt,224736,0.7721,20,1,0.06601,0.00044,-0.00149,0.00413,1,0,0
PG135_text.txt,224736,0.7721,20,2,0.04529,0.00122,0.00029,0.00413,1,0,0
PG135_text.txt,224736,0.7721,20,5,0.02879,-0.0,-0.00014,0.00413,1,0,0
PG135_text.txt,224736,0.7721,20,10,0.0188,0.00075,0.00173,0.00413,1,0,0
PG135_text.txt,224736,0.7721,20,20,0.01539,-0.00104,0.0014,0.00413,1,0,0
PG135_text.txt,224736,0.7721,20,50,0.01034,0.00036,-0.00207,0.00413,1,0,0
PG135_text.txt,224736,0.7721,20,100,0.00803,0.00136,-0.00029,0.00413,1,0,0
PG135_text.txt,224736,0.7721,20,200,0.00387,-0.00528,-0.00062,0.00413,0,1,0
PG135_text.txt,224736,0.7721,20,300,0.00387,-0.0035,-0.00109,0.00413,0,0,0
PG14355_text.txt,29161,0.7766,1,1,0.14485,0.00057,0.00215,0.01148,1,0,0
PG14355_text.txt,29161,0.7766,1,2,0.07834,0.00254,0.00166,0.01148,1,0,0
PG14355_text.txt,29161,0.7766,1,5,0.04132,0.00746,0.00357,0.01148,1,0,0
PG14355_text.txt,29161,0.7766,1,10,0.02818,0.00402,0.00562,0.01148,1,0,0
PG14355_text.txt,29161,0.7766,1,20,0.02316,-0.00668,0.00124,0.01148,1,0,0
PG14355_text.txt,29161,0.7766,1,50,0.01982,-0.00462,-0.00136,0.01148,1,0,0
PG14355_text.txt,29161,0.7766,1,100,0.0158,0.00868,-0.00284,0.01148,1,0,0
PG14355_text.txt,29161,0.7766,1,200,0.01331,-0.0027,-0.00123,0.01148,1,0,0
PG14355_text.txt,29161,0.7766,1,300,0.00769,0.001,0.01072,0.01148,0,0,0
PG14355_text.txt,29161,0.7766,2,1,0.19035,-0.00342,0.00045,0.01148,1,0,0
PG14355_text.txt,29161,0.7766,2,2,0.11255,-0.00038,-0.00607,0.01148,1,0,0
PG14355_text.txt,29161,0.7766,2,5,0.06306,-0.00056,0.00345,0.01148,1,0,0
PG14355_text.txt,29161,0.7766,2,10,0.05035,0.00544,-0.00152,0.01148,1,0,0
PG14355_text.txt,29161,0.7766,2,20,0.03669,0.0028,0.00593,0.01148,1,0,0
PG14355_text.txt,29161,0.7766,2,50,0.02572,0.00256,0.00121,0.01148,1,0,0
PG14355_text.txt,29161,0.7766,2,100,0.03094,0.0011,-0.00075,0.01148,1,0,0
PG14355_text.txt,29161,0.7766,2,200,0.01946,-0.01131,0.00987,0.01148,1,0,0
PG14355_text.txt,29161,0.7766,2,300,0.01637,-0.00038,0.00671,0.01148,1,0,0
PG14355_text.txt,29161,0.7766,3,1,0.23675,-0.00219,0.00429,0.01148,1,0,0
PG14355_text.txt,29161,0.7766,3,2,0.16066,-0.00884,-0.00424,0.01148,1,0,0
PG14355_text.txt,29161,0.7766,3,5,0.11299,-0.01561,-0.00203,0.01148,1,1,0
PG14355_text.txt,29161,0.7766,3,10,0.07015,0.00217,-0.00223,0.01148,1,0,0
PG14355_text.txt,29161,0.7766,3,20,0.05689,-0.00157,-0.0024,0.01148,1,0,0
PG14355_text.txt,29161,0.7766,3,50,0.03107,-0.00143,0.00532,0.01148,1,0,0
PG14355_text.txt,29161,0.7766,3,100,0.03532,0.01249,0.00215,0.01148,1,1,0
PG14355_text.txt,29161,0.7766,3,200,0.0282,0.00131,-0.00428,0.01148,1,0,0
PG14355_text.txt,29161,0.7766,3,300,0.01254,-0.00514,-0.00093,0.01148,1,0,0
PG14355_text.txt,29161,0.7766,4,1,0.09196,-0.00017,-0.00257,0.01148,1,0,0
PG14355_text.txt,29161,0.7766,4,2,0.05231,0.01091,-0.00281,0.01148,1,0,0
PG14355_text.txt,29161,0.7766,4,5,0.04152,-0.00219,-0.00541,0.01148,1,0,0
PG14355_text.txt,29161,0.7766,4,10,0.01958,-0.01154,-0.00274,0.01148,1,1,0
PG14355_text.txt,29161,0.7766,4,20,0.0269,0.00412,0.00273,0.01148,1,0,0
PG14355_text.txt,29161,0.7766,4,50,0.02558,-0.00235,0.00614,0.01148,1,0,0
PG14355_text.txt,29161,0.7766,4,100,0.00796,0.00355,0.00058,0.01148,0,0,0
PG14355_text.txt,29161,0.7766,4,200,0.01123,-0.00935,-0.00358,0.01148,0,0,0
PG14355_text.txt,29161,0.7766,4,300,0.01611,0.00232,-0.00547,0.01148,1,0,0
PG14355_text.txt,29161,0.7766,5,1,0.11488,0.00409,0.00126,0.01148,1,0,0
PG14355_text.txt,29161,0.7766,5,2,0.06996,-0.0072,-0.00203,0.01148,1,0,0
PG14355_text.txt,29161,0.7766,5,5,0.04079,0.00975,-0.00436,0.01148,1,0,0
PG14355_text.txt,29161,0.7766,5,10,0.02666,0.00966,-0.00874,0.01148,1,0,0
PG14355_text.txt,29161,0.7766,5,20,0.02578,-0.01582,-0.00392,0.01148,1,1,0
PG14355_text.txt,29161,0.7766,5,50,0.01963,-0.00985,0.00811,0.01148,1,0,0
PG14355_text.txt,29161,0.7766,5,100,0.01171,0.00514,0.00589,0.01148,1,0,0
PG14355_text.txt,29161,0.7766,5,200,0.01449,-0.00063,0.00266,0.01148,1,0,0
PG14355_text.txt,29161,0.7766,5,300,0.00867,-0.00419,-0.00384,0.01148,0,0,0
PG14355_text.txt,29161,0.7766,6,1,0.12535,0.01359,0.00196,0.01148,1,1,0
PG14355_text.txt,29161,0.7766,6,2,0.09431,0.00135,0.01086,0.01148,1,0,0
PG14355_text.txt,29161,0.7766,6,5,0.05287,0.00089,0.00698,0.01148,1,0,0
PG14355_text.txt,29161,0.7766,6,10,0.03475,-0.00438,-0.01252,0.01148,1,0,1
PG14355_text.txt,29161,0.7766,6,20,0.0298,0.0016,0.00728,0.01148,1,0,0
PG14355_text.txt,29161,0.7766,6,50,0.02011,0.00097,-0.0028,0.01148,1,0,0
PG14355_text.txt,29161,0.7766,6,100,0.00155,-0.0016,0.00589,0.01148,0,0,0
PG14355_text.txt,29161,0.7766,6,200,0.0042,-0.00607,-0.00844,0.01148,0,0,0
PG14355_text.txt,29161,0.7766,6,300,0.00566,-0.01234,-0.00288,0.01148,0,1,0
PG14355_text.txt,29161,0.7766,7,1,0.08001,0.00866,-0.00038,0.01148,1,0,0
PG14355_text.txt,29161,0.7766,7,2,0.04896,-0.00098,-0.00078,0.01148,1,0,0
PG14355_text.txt,29161,0.7766,7,5,0.02446,-0.00381,-0.00285,0.01148,1,0,0
PG14355_text.txt,29161,0.7766,7,10,0.00727,-0.0026,-0.00335,0.01148,0,0,0
PG14355_text.txt,29161,0.7766,7,20,0.00354,0.00234,-0.01137,0.01148,0,0,0
PG14355_text.txt,29161,0.7766,7,50,-0.00645,-0.00084,-0.01285,0.01148,0,0,1
PG14355_text.txt,29161,0.7766,7,100,0.00155,-0.00783,0.00324,0.01148,0,0,0
PG14355_text.txt,29161,0.7766,7,200,0.00273,0.01946,-0.00389,0.01148,0,1,0
PG14355_text.txt,29161,0.7766,7,300,0.00476,0.00281,0.00172,0.01148,0,0,0
PG14355_text.txt,29161,0.7766,8,1,0.09125,0.00024,0.00674,0.01148,1,0,0
PG14355_text.txt,29161,0.7766,8,2,0.05814,0.00181,0.00404,0.01148,1,0,0
PG14355_text.txt,29161,0.7766,8,5,0.03297,-0.00392,0.00287,0.01148,1,0,0
PG14355_text.txt,29161,0.7766,8,10,0.03004,-0.0052,-0.0111,0.01148,1,0,0
PG14355_text.txt,29161,0.7766,8,20,0.02271,0.00557,-0.00412,0.01148,1,0,0
PG14355_text.txt,29161,0.7766,8,50,0.01745,-0.00147,-7e-05,0.01148,1,0,0
PG14355_text.txt,29161,0.7766,8,100,0.00757,0.00012,-0.01078,0.01148,0,0,0
PG14355_text.txt,29161,0.7766,8,200,0.02139,0.00606,0.00362,0.01148,1,0,0
PG14355_text.txt,29161,0.7766,8,300,0.01016,0.00724,0.00655,0.01148,0,0,0
PG14355_text.txt,29161,0.7766,9,1,0.12745,0.00197,-0.00258,0.01148,1,0,0
PG14355_text.txt,29161,0.7766,9,2,0.07335,-0.00857,-0.00293,0.01148,1,0,0
PG14355_text.txt,29161,0.7766,9,5,0.05496,-0.01086,0.01515,0.01148,1,0,1
PG14355_text.txt,29161,0.7766,9,10,0.02875,-0.00101,0.00706,0.01148,1,0,0
PG14355_text.txt,29161,0.7766,9,20,0.02559,0.00238,-0.00483,0.01148,1,0,0
PG14355_text.txt,29161,0.7766,9,50,0.02282,-0.01144,0.00192,0.01148,1,0,0
PG14355_text.txt,29161,0.7766,9,100,0.01536,0.00175,0.00263,0.01148,1,0,0
PG14355_text.txt,29161,0.7766,9,200,0.01564,-0.00305,0.00164,0.01148,1,0,0
PG14355_text.txt,29161,0.7766,9,300,0.01351,-0.0037,0.00839,0.01148,1,0,0
PG14355_text.txt,29161,0.7766,10,1,0.06622,0.01045,-0.00831,0.01148,1,0,0
PG14355_text.txt,29161,0.7766,10,2,0.03679,-0.00101,-0.00037,0.01148,1,0,0
PG14355_text.txt,29161,0.7766,10,5,0.01878,0.01039,0.00128,0.01148,1,0,0
PG14355_text.txt,29161,0.7766,10,10,0.0132,0.00945,-0.0057,0.01148,1,0,0
PG14355_text.txt,29161,0.7766,10,20,0.0118,0.0026,-0.01093,0.01148,1,0,0
PG14355_text.txt,29161,0.7766,10,50,0.00678,0.00902,-0.00194,0.01148,0,0,0
PG14355_text.txt,29161,0.7766,10,100,0.00584,-0.00227,0.00108,0.01148,0,0,0
PG14355_text.txt,29161,0.7766,10,200,0.01139,0.00331,0.00243,0.01148,0,0,0
PG14355_text.txt,29161,0.7766,10,300,0.01628,0.0072,-0.00243,0.01148,1,0,0
PG14355_text.txt,29161,0.7766,11,1,0.09193,0.00579,0.00763,0.01148,1,0,0
PG14355_text.txt,29161,0.7766,11,2,0.03338,0.00247,0.00265,0.01148,1,0,0
PG14355_text.txt,29161,0.7766,11,5,0.02417,-0.01366,-0.00162,0.01148,1,1,0
PG14355_text.txt,29161,0.7766,11,10,0.01618,0.01051,-0.00235,0.01148,1,0,0
PG14355_text.txt,29161,0.7766,11,20,0.00252,0.00161,-0.00538,0.01148,0,0,0
PG14355_text.txt,29161,0.7766,11,50,0.01631,-0.00846,-0.00365,0.01148,1,0,0
PG14355_text.txt,29161,0.7766,11,100,0.00467,-0.00896,0.00553,0.01148,0,0,0
PG14355_text.txt,29161,0.7766,11,200,-0.00257,-0.0032,0.00938,0.01148,0,0,0
PG14355_text.txt,29161,0.7766,11,300,0.00425,0.00247,0.0067,0.01148,0,0,0
PG14355_text.txt,29161,0.7766,12,1,0.06438,0.00432,-0.00389,0.01148,1,0,0
PG14355_text.txt,29161,0.7766,12,2,0.05477,-0.001,-0.00535,0.01148,1,0,0
PG14355_text.txt,29161,0.7766,12,5,0.02653,-0.00819,0.00182,0.01148,1,0,0
PG14355_text.txt,29161,0.7766,12,10,0.01446,0.00111,-0.00701,0.01148,1,0,0
PG14355_text.txt,29161,0.7766,12,20,0.00932,-0.01091,0.00029,0.01148,0,0,0
PG14355_text.txt,29161,0.7766,12,50,0.00617,0.01334,0.00516,0.01148,0,1,0
PG14355_text.txt,29161,0.7766,12,100,0.00642,0.00605,0.00682,0.01148,0,0,0
PG14355_text.txt,29161,0.7766,12,200,0.00514,-0.00826,-0.0018,0.01148,0,0,0
PG14355_text.txt,29161,0.7766,12,300,0.00659,0.00757,0.00418,0.01148,0,0,0
PG14355_text.txt,29161,0.7766,13,1,0.03365,-0.0035,-0.00367,0.01148,1,0,0
PG14355_text.txt,29161,0.7766,13,2,0.02819,0.00124,0.00645,0.01148,1,0,0
PG14355_text.txt,29161,0.7766,13,5,0.00872,-0.00279,0.00329,0.01148,0,0,0
PG14355_text.txt,29161,0.7766,13,10,0.01829,0.00307,0.00141,0.01148,1,0,0
PG14355_text.txt,29161,0.7766,13,20,-0.00032,0.00812,0.02222,0.01148,0,0,1
PG14355_text.txt,29161,0.7766,13,50,0.01079,0.00668,-0.00384,0.01148,0,0,0
PG14355_text.txt,29161,0.7766,13,100,0.00068,-0.00111,-0.006,0.01148,0,0,0
PG14355_text.txt,29161,0.7766,13,200,0.00561,-0.00669,0.00648,0.01148,0,0,0
PG14355_text.txt,29161,0.7766,13,300,0.00885,0.01383,0.01604,0.01148,0,1,1
PG14355_text.txt,29161,0.7766,14,1,0.0699,0.00146,0.00511,0.01148,1,0,0
PG14355_text.txt,29161,0.7766,14,2,0.03795,0.00348,-0.00206,0.01148,1,0,0
PG14355_text.txt,29161,0.7766,14,5,0.01658,0.00521,-0.0073,0.01148,1,0,0
PG14355_text.txt,29161,0.7766,14,10,0.00856,0.00658,-0.00628,0.01148,0,0,0
PG14355_text.txt,29161,0.7766,14,20,0.00808,0.00082,0.00261,0.01148,0,0,0
PG14355_text.txt,29161,0.7766,14,50,0.01215,-0.00424,-0.00587,0.01148,1,0,0
PG14355_text.txt,29161,0.7766,14,100,-3e-05,0.00263,-0.00597,0.01148,0,0,0
PG14355_text.txt,29161,0.7766,14,200,0.00232,-0.01007,-7e-05,0.01148,0,0,0
PG14355_text.txt,29161,0.7766,14,300,0.00773,-0.00411,0.00386,0.01148,0,0,0
PG14355_text.txt,29161,0.7766,15,1,0.04967,-0.0034,-0.00381,0.01148,1,0,0
PG14355_text.txt,29161,0.7766,15,2,0.03352,0.00484,-0.00971,0.01148,1,0,0
PG14355_text.txt,29161,0.7766,15,5,0.01597,-0.00427,-0.00377,0.01148,1,0,0
PG14355_text.txt,29161,0.7766,15,10,0.0077,0.00514,-0.00235,0.01148,0,0,0
PG14355_text.txt,29161,0.7766,15,20,0.00633,-0.0012,-0.00222,0.01148,0,0,0
PG14355_text.txt,29161,0.7766,15,50,-0.00432,-0.00376,0.01369,0.01148,0,0,1
PG14355_text.txt,29161,0.7766,15,100,0.00948,-0.00029,-0.01438,0.01148,0,0,1
PG14355_text.txt,29161,0.7766,15,200,0.01824,-0.00307,-0.00283,0.01148,1,0,0
PG14355_text.txt,29161,0.7766,15,300,0.00293,0.00547,-0.0018,0.01148,0,0,0
PG14355_text.txt,29161,0.7766,16,1,0.04619,0.00394,-0.00434,0.01148,1,0,0
PG14355_text.txt,29161,0.7766,16,2,0.02583,0.00121,0.00314,0.01148,1,0,0
PG14355_text.txt,29161,0.7766,16,5,0.02192,0.0099,-0.01082,0.01148,1,0,0
PG14355_text.txt,29161,0.7766,16,10,0.01482,0.00199,-0.00426,0.01148,1,0,0
PG14355_text.txt,29161,0.7766,16,20,-0.00457,0.01054,0.01156,0.01148,0,0,1
PG14355_text.txt,29161,0.7766,16,50,-0.00734,-0.00101,0.00617,0.01148,0,0,0
PG14355_text.txt,29161,0.7766,16,100,-0.00048,0.00528,0.00027,0.01148,0,0,0
PG14355_text.txt,29161,0.7766,16,200,-5e-05,-0.00129,-0.00852,0.01148,0,0,0
PG14355_text.txt,29161,0.7766,16,300,-0.00752,-0.00419,-0.00682,0.01148,0,0,0
PG14355_text.txt,29161,0.7766,17,1,0.07906,0.00493,-0.01352,0.01148,1,0,1
PG14355_text.txt,29161,0.7766,17,2,0.03713,0.002,-0.00154,0.01148,1,0,0
PG14355_text.txt,29161,0.7766,17,5,0.03145,-0.00756,-0.00938,0.01148,1,0,0
PG14355_text.txt,29161,0.7766,17,10,0.01258,-0.00294,0.00172,0.01148,1,0,0
PG14355_text.txt,29161,0.7766,17,20,0.0143,-0.00371,0.00156,0.01148,1,0,0
PG14355_text.txt,29161,0.7766,17,50,0.0119,0.00846,0.00517,0.01148,1,0,0
PG14355_text.txt,29161,0.7766,17,100,0.00317,0.01464,0.01405,0.01148,0,1,1
PG14355_text.txt,29161,0.7766,17,200,-0.00507,-0.00533,0.00581,0.01148,0,0,0
PG14355_text.txt,29161,0.7766,17,300,0.00572,-0.00171,-0.00244,0.01148,0,0,0
PG14355_text.txt,29161,0.7766,18,1,0.07978,0.00178,-0.00519,0.01148,1,0,0
PG14355_text.txt,29161,0.7766,18,2,0.02593,0.0007,-0.0011,0.01148,1,0,0
PG14355_text.txt,29161,0.7766,18,5,0.02054,-0.00707,0.00188,0.01148,1,0,0
PG14355_text.txt,29161,0.7766,18,10,0.01015,-0.00028,-0.00447,0.01148,0,0,0
PG14355_text.txt,29161,0.7766,18,20,0.01048,-0.01289,-0.00291,0.01148,0,1,0
PG14355_text.txt,29161,0.7766,18,50,-0.00396,0.00722,-0.00931,0.01148,0,0,0
PG14355_text.txt,29161,0.7766,18,100,0.00402,0.00366,0.00021,0.01148,0,0,0
PG14355_text.txt,29161,0.7766,18,200,0.00355,0.00379,0.00749,0.01148,0,0,0
PG14355_text.txt,29161,0.7766,18,300,0.00683,0.00723,0.00373,0.01148,0,0,0
PG14355_text.txt,29161,0.7766,19,1,0.01997,-0.01073,-0.00565,0.01148,1,0,0
PG14355_text.txt,29161,0.7766,19,2,0.00455,-0.00992,-0.00121,0.01148,0,0,0
PG14355_text.txt,29161,0.7766,19,5,0.01458,0.00944,-0.00368,0.01148,1,0,0
PG14355_text.txt,29161,0.7766,19,10,0.00768,-0.00245,-0.00151,0.01148,0,0,0
PG14355_text.txt,29161,0.7766,19,20,0.00396,-0.00211,-0.00785,0.01148,0,0,0
PG14355_text.txt,29161,0.7766,19,50,-0.00183,0.00619,-0.00091,0.01148,0,0,0
PG14355_text.txt,29161,0.7766,19,100,0.00218,-0.00757,-0.00968,0.01148,0,0,0
PG14355_text.txt,29161,0.7766,19,200,0.00611,0.00213,0.00143,0.01148,0,0,0
PG14355_text.txt,29161,0.7766,19,300,-0.00574,0.01122,-0.01054,0.01148,0,0,0
PG14355_text.txt,29161,0.7766,20,1,0.09706,-0.00395,-0.00218,0.01148,1,0,0
PG14355_text.txt,29161,0.7766,20,2,0.06262,-0.00228,-0.00836,0.01148,1,0,0
PG14355_text.txt,29161,0.7766,20,5,0.01567,-0.00321,0.00692,0.01148,1,0,0
PG14355_text.txt,29161,0.7766,20,10,0.02304,0.00309,-0.00151,0.01148,1,0,0
PG14355_text.txt,29161,0.7766,20,20,0.01901,0.00334,0.00315,0.01148,1,0,0
PG14355_text.txt,29161,0.7766,20,50,0.00517,-0.00234,-0.00151,0.01148,0,0,0
PG14355_text.txt,29161,0.7766,20,100,0.006,0.00459,0.01011,0.01148,0,0,0
PG14355_text.txt,29161,0.7766,20,200,0.00553,-0.00146,-0.00261,0.01148,0,0,0
PG14355_text.txt,29161,0.7766,20,300,0.02266,-0.00248,-0.01017,0.01148,1,0,0
PG14393_text.txt,23188,0.7266,1,1,0.11525,-0.00377,0.00496,0.01287,1,0,0
PG14393_text.txt,23188,0.7266,1,2,0.05512,-0.00299,0.00238,0.01287,1,0,0
PG14393_text.txt,23188,0.7266,1,5,0.02438,0.00051,-0.00745,0.01287,1,0,0
PG14393_text.txt,23188,0.7266,1,10,0.01841,-0.00121,-0.00013,0.01287,1,0,0
PG14393_text.txt,23188,0.7266,1,20,0.01215,-0.00206,-0.01278,0.01287,0,0,0
PG14393_text.txt,23188,0.7266,1,50,0.01281,0.00517,-0.00032,0.01287,0,0,0
PG14393_text.txt,23188,0.7266,1,100,0.00725,0.00293,-0.0086,0.01287,0,0,0
PG14393_text.txt,23188,0.7266,1,200,-0.00187,-0.00618,-0.01027,0.01287,0,0,0
PG14393_text.txt,23188,0.7266,1,300,-0.00924,0.0019,-8e-05,0.01287,0,0,0
PG14393_text.txt,23188,0.7266,2,1,0.22494,-0.00295,-0.00849,0.01287,1,0,0
PG14393_text.txt,23188,0.7266,2,2,0.13567,-0.01877,-0.00194,0.01287,1,1,0
PG14393_text.txt,23188,0.7266,2,5,0.08078,-0.00495,0.00583,0.01287,1,0,0
PG14393_text.txt,23188,0.7266,2,10,0.07877,-0.01508,-0.00682,0.01287,1,1,0
PG14393_text.txt,23188,0.7266,2,20,0.05565,0.00676,0.00092,0.01287,1,0,0
PG14393_text.txt,23188,0.7266,2,50,0.03666,-0.00151,0.0001,0.01287,1,0,0
PG14393_text.txt,23188,0.7266,2,100,0.02762,-0.00186,0.00248,0.01287,1,0,0
PG14393_text.txt,23188,0.7266,2,200,-0.01224,-0.00659,-0.00346,0.01287,0,0,0
PG14393_text.txt,23188,0.7266,2,300,-0.00203,0.00859,-0.00383,0.01287,0,0,0
PG14393_text.txt,23188,0.7266,3,1,0.10714,-0.00473,0.00696,0.01287,1,0,0
PG14393_text.txt,23188,0.7266,3,2,0.06042,0.00409,-0.00732,0.01287,1,0,0
PG14393_text.txt,23188,0.7266,3,5,0.03978,0.00251,0.00109,0.01287,1,0,0
PG14393_text.txt,23188,0.7266,3,10,0.02958,0.00857,-0.00205,0.01287,1,0,0
PG14393_text.txt,23188,0.7266,3,20,0.01013,-0.00645,-0.00269,0.01287,0,0,0
PG14393_text.txt,23188,0.7266,3,50,0.02286,-0.01161,-0.00922,0.01287,1,0,0
PG14393_text.txt,23188,0.7266,3,100,1e-05,-0.0034,0.00387,0.01287,0,0,0
PG14393_text.txt,23188,0.7266,3,200,0.02001,-0.01588,-0.0002,0.01287,1,1,0
PG14393_text.txt,23188,0.7266,3,300,0.00851,4e-05,0.0007,0.01287,0,0,0
PG14393_text.txt,23188,0.7266,4,1,0.15625,-0.00655,-0.00201,0.01287,1,0,0
PG14393_text.txt,23188,0.7266,4,2,0.08714,0.00357,0.0059,0.01287,1,0,0
PG14393_text.txt,23188,0.7266,4,5,0.05359,0.00703,-0.00328,0.01287,1,0,0
PG14393_text.txt,23188,0.7266,4,10,0.03687,-0.00874,-0.00813,0.01287,1,0,0
PG14393_text.txt,23188,0.7266,4,20,0.02095,0.00762,-0.00774,0.01287,1,0,0
PG14393_text.txt,23188,0.7266,4,50,0.01246,-0.00532,-0.00181,0.01287,0,0,0
PG14393_text.txt,23188,0.7266,4,100,0.00909,0.00169,-0.01039,0.01287,0,0,0
PG14393_text.txt,23188,0.7266,4,200,-0.001,0.01247,-0.01447,0.01287,0,0,1
PG14393_text.txt,23188,0.7266,4,300,0.0048,-0.00299,0.00577,0.01287,0,0,0
PG14393_text.txt,23188,0.7266,5,1,0.11173,0.00162,0.00937,0.01287,1,0,0
PG14393_text.txt,23188,0.7266,5,2,0.07284,-0.00945,0.00472,0.01287,1,0,0
PG14393_text.txt,23188,0.7266,5,5,0.03534,-0.00776,0.00022,0.01287,1,0,0
PG14393_text.txt,23188,0.7266,5,10,0.03525,0.02056,0.00377,0.01287,1,1,0
PG14393_text.txt,23188,0.7266,5,20,0.02241,0.00316,0.00359,0.01287,1,0,0
PG14393_text.txt,23188,0.7266,5,50,0.00301,-0.00334,-0.00314,0.01287,0,0,0
PG14393_text.txt,23188,0.7266,5,100,0.01264,0.00168,-0.00394,0.01287,0,0,0
PG14393_text.txt,23188,0.7266,5,200,0.01068,0.00581,0.01975,0.01287,0,0,1
PG14393_text.txt,23188,0.7266,5,300,0.00888,0.00402,0.00266,0.01287,0,0,0
PG14393_text.txt,23188,0.7266,6,1,0.11719,-0.00372,-0.00766,0.01287,1,0,0
PG14393_text.txt,23188,0.7266,6,2,0.0505,0.00254,-0.00637,0.01287,1,0,0
PG14393_text.txt,23188,0.7266,6,5,0.0256,-0.00266,0.0021,0.01287,1,0,0
PG14393_text.txt,23188,0.7266,6,10,0.02429,0.00458,0.00529,0.01287,1,0,0
PG14393_text.txt,23188,0.7266,6,20,0.00963,-0.00371,0.00569,0.01287,0,0,0
PG14393_text.txt,23188,0.7266,6,50,0.00579,0.00991,-0.01118,0.01287,0,0,0
PG14393_text.txt,23188,0.7266,6,100,0.00579,0.00312,0.00644,0.01287,0,0,0
PG14393_text.txt,23188,0.7266,6,200,-0.00017,0.00606,-0.01665,0.01287,0,0,1
PG14393_text.txt,23188,0.7266,6,300,0.00111,-0.00495,0.01429,0.01287,0,0,1
PG14393_text.txt,23188,0.7266,7,1,0.11971,0.00248,-0.0013,0.01287,1,0,0
PG14393_text.txt,23188,0.7266,7,2,0.05729,0.0016,-0.00324,0.01287,1,0,0
PG14393_text.txt,23188,0.7266,7,5,0.0387,0.00227,-0.00594,0.01287,1,0,0
PG14393_text.txt,23188,0.7266,7,10,0.0249,0.00468,-0.01167,0.01287,1,0,0
PG14393_text.txt,23188,0.7266,7,20,0.01663,-0.003,0.00278,0.01287,1,0,0
PG14393_text.txt,23188,0.7266,7,50,0.0037,0.00706,-0.00406,0.01287,0,0,0
PG14393_text.txt,23188,0.7266,7,100,0.00254,-0.00375,0.00343,0.01287,0,0,0
PG14393_text.txt,23188,0.7266,7,200,0.00274,-0.00601,0.00075,0.01287,0,0,0
PG14393_text.txt,23188,0.7266,7,300,-0.00161,0.00119,-0.00638,0.01287,0,0,0
PG14393_text.txt,23188,0.7266,8,1,0.08224,0.00385,-0.00046,0.01287,1,0,0
PG14393_text.txt,23188,0.7266,8,2,0.0395,-0.0054,0.00134,0.01287,1,0,0
PG14393_text.txt,23188,0.7266,8,5,0.0134,0.00915,0.00435,0.01287,1,0,0
PG14393_text.txt,23188,0.7266,8,10,0.00817,0.00161,-0.00363,0.01287,0,0,0
PG14393_text.txt,23188,0.7266,8,20,0.0139,0.00564,-0.00794,0.01287,1,0,0
PG14393_text.txt,23188,0.7266,8,50,0.00281,-0.01419,-0.00444,0.01287,0,1,0
PG14393_text.txt,23188,0.7266,8,100,-0.00077,-0.00365,0.00158,0.01287,0,0,0
PG14393_text.txt,23188,0.7266,8,200,0.00155,-0.00552,-0.00025,0.01287,0,0,0
PG14393_text.txt,23188,0.7266,8,300,-0.00774,0.01019,-0.00937,0.01287,0,0,0
PG14393_text.txt,23188,0.7266,9,1,0.07632,-0.00727,0.00424,0.01287,1,0,0
PG14393_text.txt,23188,0.7266,9,2,0.0429,-0.00986,-0.00428,0.01287,1,0,0
PG14393_text.txt,23188,0.7266,9,5,0.0275,0.00547,0.01739,0.01287,1,0,1
PG14393_text.txt,23188,0.7266,9,10,0.01996,0.00237,0.00494,0.01287,1,0,0
PG14393_text.txt,23188,0.7266,9,20,0.01156,-0.0055,0.00163,0.01287,0,0,0
PG14393_text.txt,23188,0.7266,9,50,0.0071,-0.00672,-0.0017,0.01287,0,0,0
PG14393_text.txt,23188,0.7266,9,100,0.00833,0.00743,0.00216,0.01287,0,0,0
PG14393_text.txt,23188,0.7266,9,200,0.00079,-0.00024,-0.00868,0.01287,0,0,0
PG14393_text.txt,23188,0.7266,9,300,0.01064,0.00916,0.00399,0.01287,0,0,0
PG14393_text.txt,23188,0.7266,10,1,0.0736,-0.01156,-0.00173,0.01287,1,0,0
PG14393_text.txt,23188,0.7266,10,2,0.0473,0.00956,0.00265,0.01287,1,0,0
PG14393_text.txt,23188,0.7266,10,5,0.01932,0.0078,-0.00925,0.01287,1,0,0
PG14393_text.txt,23188,0.7266,10,10,0.02145,0.00226,-0.00498,0.01287,1,0,0
PG14393_text.txt,23188,0.7266,10,20,0.02067,-0.0013,0.00236,0.01287,1,0,0
PG14393_text.txt,23188,0.7266,10,50,0.00662,-0.0009,-0.00522,0.01287,0,0,0
PG14393_text.txt,23188,0.7266,10,100,0.01007,0.01424,-0.00891,0.01287,0,1,0
PG14393_text.txt,23188,0.7266,10,200,0.01701,-0.00413,0.00272,0.01287,1,0,0
PG14393_text.txt,23188,0.7266,10,300,0.00788,0.00673,-0.01319,0.01287,0,0,1
PG14393_text.txt,23188,0.7266,11,1,0.05891,-0.0074,0.00475,0.01287,1,0,0
PG14393_text.txt,23188,0.7266,11,2,0.02406,0.00647,0.00444,0.01287,1,0,0
PG14393_text.txt,23188,0.7266,11,5,0.02023,-0.00268,-0.00218,0.01287,1,0,0
PG14393_text.txt,23188,0.7266,11,10,0.01531,0.00492,-0.00257,0.01287,1,0,0
PG14393_text.txt,23188,0.7266,11,20,0.01614,-0.00732,0.01847,0.01287,1,0,1
PG14393_text.txt,23188,0.7266,11,50,0.01298,0.00428,0.00522,0.01287,1,0,0
PG14393_text.txt,23188,0.7266,11,100,0.00861,0.00385,0.00881,0.01287,0,0,0
PG14393_text.txt,23188,0.7266,11,200,0.01039,0.00943,0.00545,0.01287,0,0,0
PG14393_text.txt,23188,0.7266,11,300,-0.00653,0.00781,-0.00587,0.01287,0,0,0
PG14393_text.txt,23188,0.7266,12,1,0.08673,-0.00562,0.00107,0.01287,1,0,0
PG14393_text.txt,23188,0.7266,12,2,0.03607,0.0013,0.00545,0.01287,1,0,0
PG14393_text.txt,23188,0.7266,12,5,-0.00249,0.00286,0.00537,0.01287,0,0,0
PG14393_text.txt,23188,0.7266,12,10,0.00208,-0.00128,0.00826,0.01287,0,0,0
PG14393_text.txt,23188,0.7266,12,20,0.00133,0.00374,-0.00507,0.01287,0,0,0
PG14393_text.txt,23188,0.7266,12,50,0.00173,-0.00343,0.0044,0.01287,0,0,0
PG14393_text.txt,23188,0.7266,12,100,-0.00567,0.008,-0.00122,0.01287,0,0,0
PG14393_text.txt,23188,0.7266,12,200,-0.00184,-0.00924,-0.00323,0.01287,0,0,0
PG14393_text.txt,23188,0.7266,12,300,-0.00999,-0.00848,0.00224,0.01287,0,0,0
PG14393_text.txt,23188,0.7266,13,1,0.06578,0.00252,-0.00534,0.01287,1,0,0
PG14393_text.txt,23188,0.7266,13,2,0.03548,0.0042,0.00399,0.01287,1,0,0
PG14393_text.txt,23188,0.7266,13,5,0.03602,0.00011,-0.0004,0.01287,1,0,0
PG14393_text.txt,23188,0.7266,13,10,0.01216,0.00049,-0.00616,0.01287,0,0,0
PG14393_text.txt,23188,0.7266,13,20,0.01405,-0.00612,0.00297,0.01287,1,0,0
PG14393_text.txt,23188,0.7266,13,50,0.02011,-0.00314,-0.00171,0.01287,1,0,0
PG14393_text.txt,23188,0.7266,13,100,0.01432,-0.01493,-0.00528,0.01287,1,1,0
PG14393_text.txt,23188,0.7266,13,200,0.01019,-0.00075,0.00824,0.01287,0,0,0
PG14393_text.txt,23188,0.7266,13,300,0.00836,0.01248,0.00553,0.01287,0,0,0
PG14393_text.txt,23188,0.7266,14,1,0.0535,-0.00095,-0.00063,0.01287,1,0,0
PG14393_text.txt,23188,0.7266,14,2,0.03351,-0.0038,-0.00317,0.01287,1,0,0
PG14393_text.txt,23188,0.7266,14,5,0.01995,-0.01007,0.00037,0.01287,1,0,0
PG14393_text.txt,23188,0.7266,14,10,0.0029,-0.0096,0.00189,0.01287,0,0,0
PG14393_text.txt,23188,0.7266,14,20,0.0189,0.0045,-0.00568,0.01287,1,0,0
PG14393_text.txt,23188,0.7266,14,50,-0.00452,-0.00136,-0.00097,0.01287,0,0,0
PG14393_text.txt,23188,0.7266,14,100,0.01815,-0.00023,-0.00579,0.01287,1,0,0
PG14393_text.txt,23188,0.7266,14,200,0.00094,-0.00362,0.00693,0.01287,0,0,0
PG14393_text.txt,23188,0.7266,14,300,0.00739,-0.00285,-0.00433,0.01287,0,0,0
PG14393_text.txt,23188,0.7266,15,1,0.07524,-0.00105,-0.01032,0.01287,1,0,0
PG14393_text.txt,23188,0.7266,15,2,0.03477,2e-05,-0.00181,0.01287,1,0,0
PG14393_text.txt,23188,0.7266,15,5,0.00701,0.00828,-0.00317,0.01287,0,0,0
PG14393_text.txt,23188,0.7266,15,10,0.00519,0.00138,0.0088,0.01287,0,0,0
PG14393_text.txt,23188,0.7266,15,20,0.02105,0.00343,-0.00175,0.01287,1,0,0
PG14393_text.txt,23188,0.7266,15,50,0.0054,0.00336,-0.00809,0.01287,0,0,0
PG14393_text.txt,23188,0.7266,15,100,0.00687,0.00952,0.00939,0.01287,0,0,0
PG14393_text.txt,23188,0.7266,15,200,0.0013,0.00237,0.00969,0.01287,0,0,0
PG14393_text.txt,23188,0.7266,15,300,-0.00846,-0.00663,-0.00233,0.01287,0,0,0
PG14393_text.txt,23188,0.7266,16,1,0.05546,0.00488,-0.01021,0.01287,1,0,0
PG14393_text.txt,23188,0.7266,16,2,0.03415,-0.01277,0.00825,0.01287,1,0,0
PG14393_text.txt,23188,0.7266,16,5,0.01411,-0.00491,-0.00535,0.01287,1,0,0
PG14393_text.txt,23188,0.7266,16,10,0.00764,0.00084,-0.00197,0.01287,0,0,0
PG14393_text.txt,23188,0.7266,16,20,0.01143,0.01942,0.0052,0.01287,0,1,0
PG14393_text.txt,23188,0.7266,16,50,0.00687,0.01153,0.00059,0.01287,0,0,0
PG14393_text.txt,23188,0.7266,16,100,0.00641,0.00277,0.00074,0.01287,0,0,0
PG14393_text.txt,23188,0.7266,16,200,0.01052,0.00139,-0.00674,0.01287,0,0,0
PG14393_text.txt,23188,0.7266,16,300,0.00615,-0.00242,-0.00825,0.01287,0,0,0
PG14393_text.txt,23188,0.7266,17,1,0.12279,-0.01254,-0.0026,0.01287,1,0,0
PG14393_text.txt,23188,0.7266,17,2,0.01922,0.0082,0.00634,0.01287,1,0,0
PG14393_text.txt,23188,0.7266,17,5,0.01734,-0.007,-0.00917,0.01287,1,0,0
PG14393_text.txt,23188,0.7266,17,10,0.00171,-0.00523,-0.00848,0.01287,0,0,0
PG14393_text.txt,23188,0.7266,17,20,0.00262,-0.00328,0.00744,0.01287,0,0,0
PG14393_text.txt,23188,0.7266,17,50,0.00477,-0.006,-0.00245,0.01287,0,0,0
PG14393_text.txt,23188,0.7266,17,100,0.00922,-0.00687,-0.018,0.01287,0,0,1
PG14393_text.txt,23188,0.7266,17,200,-0.00258,0.00509,0.00618,0.01287,0,0,0
PG14393_text.txt,23188,0.7266,17,300,-0.00069,-0.00794,-0.00408,0.01287,0,0,0
PG14393_text.txt,23188,0.7266,18,1,0.04322,0.00226,0.00517,0.01287,1,0,0
PG14393_text.txt,23188,0.7266,18,2,0.01429,-0.00413,0.0014,0.01287,1,0,0
PG14393_text.txt,23188,0.7266,18,5,0.01361,0.00127,-0.00742,0.01287,1,0,0
PG14393_text.txt,23188,0.7266,18,10,0.00233,0.00257,-0.00067,0.01287,0,0,0
PG14393_text.txt,23188,0.7266,18,20,0.00773,0.00514,-0.00213,0.01287,0,0,0
PG14393_text.txt,23188,0.7266,18,50,0.00359,-0.00648,-0.00469,0.01287,0,0,0
PG14393_text.txt,23188,0.7266,18,100,0.00303,-0.00254,-0.0059,0.01287,0,0,0
PG14393_text.txt,23188,0.7266,18,200,0.01042,0.00909,0.00192,0.01287,0,0,0
PG14393_text.txt,23188,0.7266,18,300,5e-05,-0.00574,0.00466,0.01287,0,0,0
PG14393_text.txt,23188,0.7266,19,1,0.03959,0.00091,-0.00565,0.01287,1,0,0
PG14393_text.txt,23188,0.7266,19,2,0.00932,-0.00582,-0.00041,0.01287,0,0,0
PG14393_text.txt,23188,0.7266,19,5,0.00579,0.00443,-0.01047,0.01287,0,0,0
PG14393_text.txt,23188,0.7266,19,10,0.00692,-0.00882,0.00406,0.01287,0,0,0
PG14393_text.txt,23188,0.7266,19,20,0.00563,0.00481,0.01415,0.01287,0,0,1
PG14393_text.txt,23188,0.7266,19,50,0.00987,0.00603,0.00266,0.01287,0,0,0
PG14393_text.txt,23188,0.7266,19,100,0.00295,0.01138,-0.00594,0.01287,0,0,0
PG14393_text.txt,23188,0.7266,19,200,-0.00631,0.00038,0.00362,0.01287,0,0,0
PG14393_text.txt,23188,0.7266,19,300,-0.00874,-0.00648,0.00131,0.01287,0,0,0
PG14393_text.txt,23188,0.7266,20,1,0.03536,-0.00546,0.00647,0.01287,1,0,0
PG14393_text.txt,23188,0.7266,20,2,0.02337,-0.00581,0.00533,0.01287,1,0,0
PG14393_text.txt,23188,0.7266,20,5,0.00144,-0.00126,0.00651,0.01287,0,0,0
PG14393_text.txt,23188,0.7266,20,10,0.00462,0.00705,-0.00633,0.01287,0,0,0
PG14393_text.txt,23188,0.7266,20,20,0.00448,0.00255,0.01308,0.01287,0,0,1
PG14393_text.txt,23188,0.7266,20,50,0.00332,-0.01041,-0.00253,0.01287,0,0,0
PG14393_text.txt,23188,0.7266,20,100,-0.0157,-0.00281,0.00692,0.01287,1,0,0
PG14393_text.txt,23188,0.7266,20,200,-0.00659,0.00431,-0.00759,0.01287,0,0,0
PG14393_text.txt,23188,0.7266,20,300,-0.00309,0.01582,0.0048,0.01287,0,1,0
PG14598_text.txt,19205,0.6238,1,1,0.09182,0.0054,-0.00591,0.01414,1,0,0
PG14598_text.txt,19205,0.6238,1,2,0.03391,0.00514,0.01064,0.01414,1,0,0
PG14598_text.txt,19205,0.6238,1,5,0.01892,-0.00855,0.00181,0.01414,1,0,0
PG14598_text.txt,19205,0.6238,1,10,0.0162,0.0084,-0.0023,0.01414,1,0,0
PG14598_text.txt,19205,0.6238,1,20,0.00416,0.00252,-0.01111,0.01414,0,0,0
PG14598_text.txt,19205,0.6238,1,50,0.0172,0.00175,0.00259,0.01414,1,0,0
PG14598_text.txt,19205,0.6238,1,100,0.00873,-0.00282,-0.0073,0.01414,0,0,0
PG14598_text.txt,19205,0.6238,1,200,0.00823,-0.00326,0.00296,0.01414,0,0,0
PG14598_text.txt,19205,0.6238,1,300,0.00561,-0.00537,0.01134,0.01414,0,0,0
PG14598_text.txt,19205,0.6238,2,1,0.1639,-0.00922,0.00562,0.01414,1,0,0
PG14598_text.txt,19205,0.6238,2,2,0.09755,-0.00234,0.00356,0.01414,1,0,0
PG14598_text.txt,19205,0.6238,2,5,0.05927,0.00839,-0.00095,0.01414,1,0,0
PG14598_text.txt,19205,0.6238,2,10,0.03031,-0.01691,0.00886,0.01414,1,1,0
PG14598_text.txt,19205,0.6238,2,20,0.0305,0.0041,-0.00346,0.01414,1,0,0
PG14598_text.txt,19205,0.6238,2,50,0.00617,-0.00509,0.00674,0.01414,0,0,0
PG14598_text.txt,19205,0.6238,2,100,-0.0018,-0.00802,0.00794,0.01414,0,0,0
PG14598_text.txt,19205,0.6238,2,200,-0.0075,-0.00693,0.00178,0.01414,0,0,0
PG14598_text.txt,19205,0.6238,2,300,-0.00538,0.00024,0.00911,0.01414,0,0,0
PG14598_text.txt,19205,0.6238,3,1,0.20498,0.00537,0.0092,0.01414,1,0,0
PG14598_text.txt,19205,0.6238,3,2,0.14531,0.00175,-0.00016,0.01414,1,0,0
PG14598_text.txt,19205,0.6238,3,5,0.08447,0.01026,0.0026,0.01414,1,0,0
PG14598_text.txt,19205,0.6238,3,10,0.04671,9e-05,0.00629,0.01414,1,0,0
PG14598_text.txt,19205,0.6238,3,20,0.03415,0.00177,-0.00053,0.01414,1,0,0
PG14598_text.txt,19205,0.6238,3,50,0.02454,-0.00311,-0.0056,0.01414,1,0,0
PG14598_text.txt,19205,0.6238,3,100,0.02391,-0.00747,-0.01403,0.01414,1,0,0
PG14598_text.txt,19205,0.6238,3,200,0.03105,0.00714,0.01465,0.01414,1,0,1
PG14598_text.txt,19205,0.6238,3,300,0.01335,-0.00213,-0.00106,0.01414,0,0,0
PG14598_text.txt,19205,0.6238,4,1,0.06682,0.01685,-0.00888,0.01414,1,1,0
PG14598_text.txt,19205,0.6238,4,2,0.0371,0.00081,0.00714,0.01414,1,0,0
PG14598_text.txt,19205,0.6238,4,5,0.00717,0.00559,0.00115,0.01414,0,0,0
PG14598_text.txt,19205,0.6238,4,10,0.01278,-0.00434,0.00554,0.01414,0,0,0
PG14598_text.txt,19205,0.6238,4,20,-0.0013,0.00057,0.0005,0.01414,0,0,0
PG14598_text.txt,19205,0.6238,4,50,0.00654,0.00154,-0.00416,0.01414,0,0,0
PG14598_text.txt,19205,0.6238,4,100,0.00525,0.00097,0.01641,0.01414,0,0,1
PG14598_text.txt,19205,0.6238,4,200,0.00363,0.0036,0.00798,0.01414,0,0,0
PG14598_text.txt,19205,0.6238,4,300,0.00753,0.00357,0.0022,0.01414,0,0,0
PG14598_text.txt,19205,0.6238,5,1,0.06667,0.00765,-0.00149,0.01414,1,0,0
PG14598_text.txt,19205,0.6238,5,2,0.04413,0.00181,0.00782,0.01414,1,0,0
PG14598_text.txt,19205,0.6238,5,5,0.04302,-0.00256,0.00327,0.01414,1,0,0
PG14598_text.txt,19205,0.6238,5,10,0.02713,-0.00124,0.00396,0.01414,1,0,0
PG14598_text.txt,19205,0.6238,5,20,0.02658,-0.0019,0.00295,0.01414,1,0,0
PG14598_text.txt,19205,0.6238,5,50,0.01331,0.01082,-0.00812,0.01414,0,0,0
PG14598_text.txt,19205,0.6238,5,100,0.00646,0.00627,0.00632,0.01414,0,0,0
PG14598_text.txt,19205,0.6238,5,200,-0.01039,-0.0058,0.00795,0.01414,0,0,0
PG14598_text.txt,19205,0.6238,5,300,-0.00417,0.00753,0.00137,0.01414,0,0,0
PG14598_text.txt,19205,0.6238,6,1,0.09682,-0.00133,-0.00656,0.01414,1,0,0
PG14598_text.txt,19205,0.6238,6,2,0.05475,-0.01177,-0.00133,0.01414,1,0,0
PG14598_text.txt,19205,0.6238,6,5,0.01928,-0.01396,0.0012,0.01414,1,0,0
PG14598_text.txt,19205,0.6238,6,10,0.01181,0.00501,-0.00916,0.01414,0,0,0
PG14598_text.txt,19205,0.6238,6,20,-0.00573,-0.00115,-0.00796,0.01414,0,0,0
PG14598_text.txt,19205,0.6238,6,50,-0.00408,-8e-05,-0.00367,0.01414,0,0,0
PG14598_text.txt,19205,0.6238,6,100,0.00146,-0.00622,0.0089,0.01414,0,0,0
PG14598_text.txt,19205,0.6238,6,200,0.01142,0.00535,0.00149,0.01414,0,0,0
PG14598_text.txt,19205,0.6238,6,300,0.0124,0.01968,0.00022,0.01414,0,1,0
PG14598_text.txt,19205,0.6238,7,1,0.09007,-0.01022,0.00326,0.01414,1,0,0
PG14598_text.txt,19205,0.6238,7,2,0.03845,-0.00036,-0.00719,0.01414,1,0,0
PG14598_text.txt,19205,0.6238,7,5,0.02198,-2e-05,0.00666,0.01414,1,0,0
PG14598_text.txt,19205,0.6238,7,10,0.02395,0.00061,0.00393,0.01414,1,0,0
PG14598_text.txt,19205,0.6238,7,20,0.01445,0.00483,0.00577,0.01414,1,0,0
PG14598_text.txt,19205,0.6238,7,50,0.00752,-0.00249,-0.00638,0.01414,0,0,0
PG14598_text.txt,19205,0.6238,7,100,0.00982,-0.00868,-0.00133,0.01414,0,0,0
PG14598_text.txt,19205,0.6238,7,200,0.01176,-0.01152,-0.00148,0.01414,0,0,0
PG14598_text.txt,19205,0.6238,7,300,0.00703,0.00688,-0.00291,0.01414,0,0,0
PG14598_text.txt,19205,0.6238,8,1,0.07301,0.00189,0.00792,0.01414,1,0,0
PG14598_text.txt,19205,0.6238,8,2,0.06173,-0.01136,-0.01171,0.01414,1,0,0
PG14598_text.txt,19205,0.6238,8,5,0.02925,-0.00989,-0.0117,0.01414,1,0,0
PG14598_text.txt,19205,0.6238,8,10,0.0301,0.00114,0.01177,0.01414,1,0,0
PG14598_text.txt,19205,0.6238,8,20,0.01008,0.01233,-0.00303,0.01414,0,0,0
PG14598_text.txt,19205,0.6238,8,50,0.01268,-0.00722,0.01185,0.01414,0,0,0
PG14598_text.txt,19205,0.6238,8,100,-0.00439,0.00417,0.00825,0.01414,0,0,0
PG14598_text.txt,19205,0.6238,8,200,0.00032,0.0085,0.00665,0.01414,0,0,0
PG14598_text.txt,19205,0.6238,8,300,0.00053,-0.00982,-0.00747,0.01414,0,0,0
PG14598_text.txt,19205,0.6238,9,1,0.07398,0.00366,0.00524,0.01414,1,0,0
PG14598_text.txt,19205,0.6238,9,2,0.05741,0.00057,-0.0063,0.01414,1,0,0
PG14598_text.txt,19205,0.6238,9,5,0.03108,0.00229,-0.00991,0.01414,1,0,0
PG14598_text.txt,19205,0.6238,9,10,0.0229,0.00085,-0.00763,0.01414,1,0,0
PG14598_text.txt,19205,0.6238,9,20,0.01275,0.01036,-0.00218,0.01414,0,0,0
PG14598_text.txt,19205,0.6238,9,50,0.00038,-0.00616,-0.00079,0.01414,0,0,0
PG14598_text.txt,19205,0.6238,9,100,0.00951,0.00193,0.00685,0.01414,0,0,0
PG14598_text.txt,19205,0.6238,9,200,-0.00463,5e-05,-0.0155,0.01414,0,0,1
PG14598_text.txt,19205,0.6238,9,300,0.00718,0.00029,-0.02149,0.01414,0,0,1
PG14598_text.txt,19205,0.6238,10,1,0.0499,0.00561,-0.00321,0.01414,1,0,0
PG14598_text.txt,19205,0.6238,10,2,0.03019,0.00673,0.00214,0.01414,1,0,0
PG14598_text.txt,19205,0.6238,10,5,0.01783,-0.00599,0.00897,0.01414,1,0,0
PG14598_text.txt,19205,0.6238,10,10,0.02339,-0.00886,-0.00497,0.01414,1,0,0
PG14598_text.txt,19205,0.6238,10,20,0.01219,0.00587,-0.00272,0.01414,0,0,0
PG14598_text.txt,19205,0.6238,10,50,0.0092,-0.00225,0.00588,0.01414,0,0,0
PG14598_text.txt,19205,0.6238,10,100,-0.01106,-0.00339,0.00528,0.01414,0,0,0
PG14598_text.txt,19205,0.6238,10,200,0.00264,0.00204,-0.00828,0.01414,0,0,0
PG14598_text.txt,19205,0.6238,10,300,0.01749,-0.0076,0.00893,0.01414,1,0,0
PG14598_text.txt,19205,0.6238,11,1,0.0824,-0.00182,-0.00571,0.01414,1,0,0
PG14598_text.txt,19205,0.6238,11,2,0.01793,-0.0015,0.02114,0.01414,1,0,1
PG14598_text.txt,19205,0.6238,11,5,0.03415,-0.00062,0.00641,0.01414,1,0,0
PG14598_text.txt,19205,0.6238,11,10,0.01195,-0.00794,-0.00232,0.01414,0,0,0
PG14598_text.txt,19205,0.6238,11,20,0.00855,0.0063,-0.00276,0.01414,0,0,0
PG14598_text.txt,19205,0.6238,11,50,0.00884,-0.0155,0.00192,0.01414,0,1,0
PG14598_text.txt,19205,0.6238,11,100,0.00233,0.01073,0.01026,0.01414,0,0,0
PG14598_text.txt,19205,0.6238,11,200,-0.00214,-0.00053,0.00471,0.01414,0,0,0
PG14598_text.txt,19205,0.6238,11,300,0.01092,0.00443,0.00676,0.01414,0,0,0
PG14598_text.txt,19205,0.6238,12,1,0.06266,0.00435,-0.01579,0.01414,1,0,1
PG14598_text.txt,19205,0.6238,12,2,0.01994,-0.00788,-0.00601,0.01414,1,0,0
PG14598_text.txt,19205,0.6238,12,5,0.02289,-0.00598,-0.00933,0.01414,1,0,0
PG14598_text.txt,19205,0.6238,12,10,0.0003,-0.00439,0.00448,0.01414,0,0,0
PG14598_text.txt,19205,0.6238,12,20,0.00533,0.00529,-0.00539,0.01414,0,0,0
PG14598_text.txt,19205,0.6238,12,50,0.00166,-0.00035,0.00706,0.01414,0,0,0
PG14598_text.txt,19205,0.6238,12,100,4e-05,-0.00073,-0.00146,0.01414,0,0,0
PG14598_text.txt,19205,0.6238,12,200,-0.00295,0.01495,-0.00333,0.01414,0,1,0
PG14598_text.txt,19205,0.6238,12,300,-0.00267,-0.00745,-0.00304,0.01414,0,0,0
PG14598_text.txt,19205,0.6238,13,1,0.07875,-0.01297,-0.01009,0.01414,1,0,0
PG14598_text.txt,19205,0.6238,13,2,0.04619,-0.00323,-0.00814,0.01414,1,0,0
PG14598_text.txt,19205,0.6238,13,5,0.0202,0.00237,0.00931,0.01414,1,0,0
PG14598_text.txt,19205,0.6238,13,10,0.01582,0.00715,0.0003,0.01414,1,0,0
PG14598_text.txt,19205,0.6238,13,20,0.00648,0.00499,0.0001,0.01414,0,0,0
PG14598_text.txt,19205,0.6238,13,50,0.00601,-0.0005,-0.00611,0.01414,0,0,0
PG14598_text.txt,19205,0.6238,13,100,0.0018,-0.00017,0.01109,0.01414,0,0,0
PG14598_text.txt,19205,0.6238,13,200,0.00871,0.01082,-0.01598,0.01414,0,0,1
PG14598_text.txt,19205,0.6238,13,300,-0.00386,-0.00972,0.00954,0.01414,0,0,0
PG14598_text.txt,19205,0.6238,14,1,0.07465,-0.00692,0.00538,0.01414,1,0,0
PG14598_text.txt,19205,0.6238,14,2,0.03087,-0.01105,0.00637,0.01414,1,0,0
PG14598_text.txt,19205,0.6238,14,5,0.02193,-0.00867,0.00555,0.01414,1,0,0
PG14598_text.txt,19205,0.6238,14,10,0.0059,0.00588,0.00488,0.01414,0,0,0
PG14598_text.txt,19205,0.6238,14,20,0.01568,0.01127,0.01011,0.01414,1,0,0
PG14598_text.txt,19205,0.6238,14,50,0.02612,0.00668,-0.00196,0.01414,1,0,0
PG14598_text.txt,19205,0.6238,14,100,0.00808,-0.00079,-0.0055,0.01414,0,0,0
PG14598_text.txt,19205,0.6238,14,200,0.00645,-0.00814,0.00078,0.01414,0,0,0
PG14598_text.txt,19205,0.6238,14,300,0.00528,0.00258,-0.00592,0.01414,0,0,0
PG14598_text.txt,19205,0.6238,15,1,0.05317,0.01735,-0.00301,0.01414,1,1,0
PG14598_text.txt,19205,0.6238,15,2,0.02554,-0.00988,-0.00804,0.01414,1,0,0
PG14598_text.txt,19205,0.6238,15,5,0.01177,-0.00151,-0.00216,0.01414,0,0,0
PG14598_text.txt,19205,0.6238,15,10,0.00801,-0.00505,0.00716,0.01414,0,0,0
PG14598_text.txt,19205,0.6238,15,20,0.01143,-0.00541,-0.00013,0.01414,0,0,0
PG14598_text.txt,19205,0.6238,15,50,0.00613,-0.00262,-0.01273,0.01414,0,0,0
PG14598_text.txt,19205,0.6238,15,100,0.0122,-0.0096,0.00189,0.01414,0,0,0
PG14598_text.txt,19205,0.6238,15,200,0.01,-0.0063,0.00386,0.01414,0,0,0
PG14598_text.txt,19205,0.6238,15,300,0.00272,0.01005,-0.0086,0.01414,0,0,0
PG14598_text.txt,19205,0.6238,16,1,0.05168,-6e-05,0.01018,0.01414,1,0,0
PG14598_text.txt,19205,0.6238,16,2,0.03236,-0.01407,0.00235,0.01414,1,0,0
PG14598_text.txt,19205,0.6238,16,5,0.00057,-0.00273,-0.00287,0.01414,0,0,0
PG14598_text.txt,19205,0.6238,16,10,0.00942,-0.00919,0.00395,0.01414,0,0,0
PG14598_text.txt,19205,0.6238,16,20,0.01201,-0.0027,0.00128,0.01414,0,0,0
PG14598_text.txt,19205,0.6238,16,50,-0.00139,0.01237,-0.00105,0.01414,0,0,0
PG14598_text.txt,19205,0.6238,16,100,0.00408,-0.00615,-0.00127,0.01414,0,0,0
PG14598_text.txt,19205,0.6238,16,200,-0.00071,-0.00886,-0.00152,0.01414,0,0,0
PG14598_text.txt,19205,0.6238,16,300,-0.01362,0.00234,0.00908,0.01414,0,0,0
PG14598_text.txt,19205,0.6238,17,1,0.05058,0.00021,-0.00757,0.01414,1,0,0
PG14598_text.txt,19205,0.6238,17,2,0.0304,-0.0091,-0.00064,0.01414,1,0,0
PG14598_text.txt,19205,0.6238,17,5,0.01495,0.01057,0.0024,0.01414,1,0,0
PG14598_text.txt,19205,0.6238,17,10,0.00531,0.00543,0.0047,0.01414,0,0,0
PG14598_text.txt,19205,0.6238,17,20,0.00617,0.00146,-0.00362,0.01414,0,0,0
PG14598_text.txt,19205,0.6238,17,50,0.0066,0.00142,-6e-05,0.01414,0,0,0
PG14598_text.txt,19205,0.6238,17,100,0.0093,0.01522,0.00431,0.01414,0,1,0
PG14598_text.txt,19205,0.6238,17,200,-0.01361,-0.0076,-0.01502,0.01414,0,0,1
PG14598_text.txt,19205,0.6238,17,300,-0.00637,-0.00346,-0.00643,0.01414,0,0,0
PG14598_text.txt,19205,0.6238,18,1,0.05268,0.01144,0.00716,0.01414,1,0,0
PG14598_text.txt,19205,0.6238,18,2,0.04432,0.01058,0.002,0.01414,1,0,0
PG14598_text.txt,19205,0.6238,18,5,0.00692,0.00106,0.00269,0.01414,0,0,0
PG14598_text.txt,19205,0.6238,18,10,0.02157,-0.00528,0.00881,0.01414,1,0,0
PG14598_text.txt,19205,0.6238,18,20,-0.00337,0.00509,0.009,0.01414,0,0,0
PG14598_text.txt,19205,0.6238,18,50,0.00631,-0.00052,-0.00937,0.01414,0,0,0
PG14598_text.txt,19205,0.6238,18,100,0.00491,-0.01109,-0.00463,0.01414,0,0,0
PG14598_text.txt,19205,0.6238,18,200,0.01044,0.0054,0.00713,0.01414,0,0,0
PG14598_text.txt,19205,0.6238,18,300,0.01243,0.00234,-0.00169,0.01414,0,0,0
PG14598_text.txt,19205,0.6238,19,1,0.06231,0.01345,-0.00182,0.01414,1,0,0
PG14598_text.txt,19205,0.6238,19,2,0.0358,0.00546,-0.0073,0.01414,1,0,0
PG14598_text.txt,19205,0.6238,19,5,0.02264,0.00206,-0.00148,0.01414,1,0,0
PG14598_text.txt,19205,0.6238,19,10,0.01011,0.01111,0.00592,0.01414,0,0,0
PG14598_text.txt,19205,0.6238,19,20,0.01965,0.00076,0.00946,0.01414,1,0,0
PG14598_text.txt,19205,0.6238,19,50,0.00768,0.00143,0.00297,0.01414,0,0,0
PG14598_text.txt,19205,0.6238,19,100,-0.00571,-0.00289,-0.00552,0.01414,0,0,0
PG14598_text.txt,19205,0.6238,19,200,0.00595,0.01156,-0.00431,0.01414,0,0,0
PG14598_text.txt,19205,0.6238,19,300,-0.00025,-0.00391,-0.00919,0.01414,0,0,0
PG14598_text.txt,19205,0.6238,20,1,0.03072,0.00497,0.00437,0.01414,1,0,0
PG14598_text.txt,19205,0.6238,20,2,0.01792,0.00855,0.00135,0.01414,1,0,0
PG14598_text.txt,19205,0.6238,20,5,0.01837,0.00522,0.0005,0.01414,1,0,0
PG14598_text.txt,19205,0.6238,20,10,0.01953,-0.00096,0.00072,0.01414,1,0,0
PG14598_text.txt,19205,0.6238,20,20,0.00828,-0.00583,-0.00892,0.01414,0,0,0
PG14598_text.txt,19205,0.6238,20,50,-0.0055,0.00288,-0.00258,0.01414,0,0,0
PG14598_text.txt,19205,0.6238,20,100,-0.0066,-0.00362,-0.0053,0.01414,0,0,0
PG14598_text.txt,19205,0.6238,20,200,-0.00824,-0.00021,-0.00902,0.01414,0,0,0
PG14598_text.txt,19205,0.6238,20,300,-0.00696,-0.00561,-0.00107,0.01414,0,0,0
PG145_text.txt,114343,0.7197,1,1,0.05444,0.01338,-0.00035,0.0058,1,1,0
PG145_text.txt,114343,0.7197,1,2,0.02685,0.00738,-0.00317,0.0058,1,1,0
PG145_text.txt,114343,0.7197,1,5,0.01988,0.00353,0.00194,0.0058,1,0,0
PG145_text.txt,114343,0.7197,1,10,0.01045,0.00463,-0.00423,0.0058,1,0,0
PG145_text.txt,114343,0.7197,1,20,0.01359,0.00269,0.00031,0.0058,1,0,0
PG145_text.txt,114343,0.7197,1,50,0.00371,0.00206,-0.00089,0.0058,0,0,0
PG145_text.txt,114343,0.7197,1,100,0.00571,0.00414,0.00188,0.0058,0,0,0
PG145_text.txt,114343,0.7197,1,200,0.00444,0.00347,0.00093,0.0058,0,0,0
PG145_text.txt,114343,0.7197,1,300,0.00723,0.00298,-0.00407,0.0058,1,0,0
PG145_text.txt,114343,0.7197,2,1,0.13755,0.00578,-0.00182,0.0058,1,0,0
PG145_text.txt,114343,0.7197,2,2,0.06923,0.00406,-0.00307,0.0058,1,0,0
PG145_text.txt,114343,0.7197,2,5,0.04603,0.0077,0.00429,0.0058,1,1,0
PG145_text.txt,114343,0.7197,2,10,0.0315,-0.00211,0.00452,0.0058,1,0,0
PG145_text.txt,114343,0.7197,2,20,0.02373,0.00145,-0.00398,0.0058,1,0,0
PG145_text.txt,114343,0.7197,2,50,0.01764,-0.00033,-0.00055,0.0058,1,0,0
PG145_text.txt,114343,0.7197,2,100,0.01069,0.00504,0.00155,0.0058,1,0,0
PG145_text.txt,114343,0.7197,2,200,0.00291,0.00407,-0.00135,0.0058,0,0,0
PG145_text.txt,114343,0.7197,2,300,0.00816,0.00306,0.0091,0.0058,1,0,1
PG145_text.txt,114343,0.7197,3,1,0.13655,0.00345,-0.00354,0.0058,1,0,0
PG145_text.txt,114343,0.7197,3,2,0.0906,0.00235,-0.00395,0.0058,1,0,0
PG145_text.txt,114343,0.7197,3,5,0.07138,0.00227,-0.00078,0.0058,1,0,0
PG145_text.txt,114343,0.7197,3,10,0.05806,0.0037,-0.00324,0.0058,1,0,0
PG145_text.txt,114343,0.7197,3,20,0.04821,-0.00161,-0.00232,0.0058,1,0,0
PG145_text.txt,114343,0.7197,3,50,0.04217,-0.00114,-0.00138,0.0058,1,0,0
PG145_text.txt,114343,0.7197,3,100,0.02675,-0.00088,0.00252,0.0058,1,0,0
PG145_text.txt,114343,0.7197,3,200,0.01814,0.00258,-0.00036,0.0058,1,0,0
PG145_text.txt,114343,0.7197,3,300,0.01019,-0.00212,-0.00477,0.0058,1,0,0
PG145_text.txt,114343,0.7197,4,1,0.18766,0.00084,-0.00166,0.0058,1,0,0
PG145_text.txt,114343,0.7197,4,2,0.1099,0.00406,-0.00159,0.0058,1,0,0
PG145_text.txt,114343,0.7197,4,5,0.07205,-0.00425,-0.00154,0.0058,1,0,0
PG145_text.txt,114343,0.7197,4,10,0.04997,0.00112,-0.00357,0.0058,1,0,0
PG145_text.txt,114343,0.7197,4,20,0.04074,0.00243,0.00089,0.0058,1,0,0
PG145_text.txt,114343,0.7197,4,50,0.02274,-0.00192,0.00309,0.0058,1,0,0
PG145_text.txt,114343,0.7197,4,100,0.0168,0.00537,-0.00203,0.0058,1,0,0
PG145_text.txt,114343,0.7197,4,200,0.00509,0.00349,-0.00124,0.0058,0,0,0
PG145_text.txt,114343,0.7197,4,300,0.00544,0.00188,0.00059,0.0058,0,0,0
PG145_text.txt,114343,0.7197,5,1,0.11692,0.00274,0.00308,0.0058,1,0,0
PG145_text.txt,114343,0.7197,5,2,0.07558,0.00235,0.00654,0.0058,1,0,1
PG145_text.txt,114343,0.7197,5,5,0.05914,0.00179,-0.00105,0.0058,1,0,0
PG145_text.txt,114343,0.7197,5,10,0.04047,-0.00072,-0.00232,0.0058,1,0,0
PG145_text.txt,114343,0.7197,5,20,0.0336,-0.00223,0.00093,0.0058,1,0,0
PG145_text.txt,114343,0.7197,5,50,0.02652,0.00522,0.0062,0.0058,1,0,1
PG145_text.txt,114343,0.7197,5,100,0.01258,0.00571,0.00308,0.0058,1,0,0
PG145_text.txt,114343,0.7197,5,200,0.00959,-0.00296,0.00495,0.0058,1,0,0
PG145_text.txt,114343,0.7197,5,300,0.01086,-3e-05,-0.00638,0.0058,1,0,1
PG145_text.txt,114343,0.7197,6,1,0.10815,-0.00116,0.00206,0.0058,1,0,0
PG145_text.txt,114343,0.7197,6,2,0.0735,0.00343,0.00095,0.0058,1,0,0
PG145_text.txt,114343,0.7197,6,5,0.05118,-0.00328,-0.00026,0.0058,1,0,0
PG145_text.txt,114343,0.7197,6,10,0.04211,0.00266,0.0062,0.0058,1,0,1
PG145_text.txt,114343,0.7197,6,20,0.03027,-0.00283,-0.00174,0.0058,1,0,0
PG145_text.txt,114343,0.7197,6,50,0.018,0.00295,0.003,0.0058,1,0,0
PG145_text.txt,114343,0.7197,6,100,0.01322,0.00014,0.00034,0.0058,1,0,0
PG145_text.txt,114343,0.7197,6,200,0.01486,0.0011,-0.00125,0.0058,1,0,0
PG145_text.txt,114343,0.7197,6,300,0.01116,-0.00045,-0.00621,0.0058,1,0,1
PG145_text.txt,114343,0.7197,7,1,0.08454,0.00561,-0.00228,0.0058,1,0,0
PG145_text.txt,114343,0.7197,7,2,0.03903,0.00478,-0.0015,0.0058,1,0,0
PG145_text.txt,114343,0.7197,7,5,0.02598,-0.00014,0.00373,0.0058,1,0,0
PG145_text.txt,114343,0.7197,7,10,0.01968,-0.00416,-0.00021,0.0058,1,0,0
PG145_text.txt,114343,0.7197,7,20,0.02217,0.00298,-0.0023,0.0058,1,0,0
PG145_text.txt,114343,0.7197,7,50,0.0136,0.00021,0.00398,0.0058,1,0,0
PG145_text.txt,114343,0.7197,7,100,0.0083,0.00098,-0.00234,0.0058,1,0,0
PG145_text.txt,114343,0.7197,7,200,0.00804,0.00187,-0.00516,0.0058,1,0,0
PG145_text.txt,114343,0.7197,7,300,0.00287,0.0001,-0.00318,0.0058,0,0,0
PG145_text.txt,114343,0.7197,8,1,0.08314,0.00234,-0.00867,0.0058,1,0,1
PG145_text.txt,114343,0.7197,8,2,0.04959,-0.00403,-5e-05,0.0058,1,0,0
PG145_text.txt,114343,0.7197,8,5,0.03995,0.0011,-0.00389,0.0058,1,0,0
PG145_text.txt,114343,0.7197,8,10,0.02934,0.00291,-0.00337,0.0058,1,0,0
PG145_text.txt,114343,0.7197,8,20,0.0213,0.00219,-0.00058,0.0058,1,0,0
PG145_text.txt,114343,0.7197,8,50,0.01301,-0.00603,0.00085,0.0058,1,1,0
PG145_text.txt,114343,0.7197,8,100,0.00863,0.00313,-0.00174,0.0058,1,0,0
PG145_text.txt,114343,0.7197,8,200,0.0046,0.00175,-0.00382,0.0058,0,0,0
PG145_text.txt,114343,0.7197,8,300,0.0074,-0.00268,0.00347,0.0058,1,0,0
PG145_text.txt,114343,0.7197,9,1,0.07814,0.00402,0.00038,0.0058,1,0,0
PG145_text.txt,114343,0.7197,9,2,0.03953,-7e-05,0.00149,0.0058,1,0,0
PG145_text.txt,114343,0.7197,9,5,0.02779,0.0052,0.00167,0.0058,1,0,0
PG145_text.txt,114343,0.7197,9,10,0.01486,-0.00202,0.00434,0.0058,1,0,0
PG145_text.txt,114343,0.7197,9,20,0.01026,-0.00545,-0.00249,0.0058,1,0,0
PG145_text.txt,114343,0.7197,9,50,0.00672,0.00067,-0.00366,0.0058,1,0,0
PG145_text.txt,114343,0.7197,9,100,0.00095,0.00621,-0.00024,0.0058,0,1,0
PG145_text.txt,114343,0.7197,9,200,-0.0026,-6e-05,-0.00334,0.0058,0,0,0
PG145_text.txt,114343,0.7197,9,300,0.00409,-0.00236,-0.00218,0.0058,0,0,0
PG145_text.txt,114343,0.7197,10,1,0.10802,0.00261,-0.00298,0.0058,1,0,0
PG145_text.txt,114343,0.7197,10,2,0.05815,0.00146,-0.00494,0.0058,1,0,0
PG145_text.txt,114343,0.7197,10,5,0.03159,0.00047,-0.00034,0.0058,1,0,0
PG145_text.txt,114343,0.7197,10,10,0.01921,-0.00454,-0.00274,0.0058,1,0,0
PG145_text.txt,114343,0.7197,10,20,0.01445,0.00095,-0.00143,0.0058,1,0,0
PG145_text.txt,114343,0.7197,10,50,0.01202,0.0009,0.00108,0.0058,1,0,0
PG145_text.txt,114343,0.7197,10,100,0.00429,0.00142,-0.00192,0.0058,0,0,0
PG145_text.txt,114343,0.7197,10,200,0.00546,-0.00076,0.00213,0.0058,0,0,0
PG145_text.txt,114343,0.7197,10,300,0.00956,-0.00181,-0.00346,0.0058,1,0,0
PG145_text.txt,114343,0.7197,11,1,0.06662,-0.00339,0.006,0.0058,1,0,1
PG145_text.txt,114343,0.7197,11,2,0.03867,-0.00053,-0.00039,0.0058,1,0,0
PG145_text.txt,114343,0.7197,11,5,0.01807,0.0068,-0.00321,0.0058,1,1,0
PG145_text.txt,114343,0.7197,11,10,0.01557,-0.0,-0.00334,0.0058,1,0,0
PG145_text.txt,114343,0.7197,11,20,0.01087,0.00111,-0.0008,0.0058,1,0,0
PG145_text.txt,114343,0.7197,11,50,0.00933,-0.00023,-0.00304,0.0058,1,0,0
PG145_text.txt,114343,0.7197,11,100,0.00129,5e-05,3e-05,0.0058,0,0,0
PG145_text.txt,114343,0.7197,11,200,-0.00532,0.00304,-0.00036,0.0058,0,0,0
PG145_text.txt,114343,0.7197,11,300,0.00305,0.00023,-0.00295,0.0058,0,0,0
PG145_text.txt,114343,0.7197,12,1,0.05373,0.00458,0.00317,0.0058,1,0,0
PG145_text.txt,114343,0.7197,12,2,0.02963,0.001,-0.00111,0.0058,1,0,0
PG145_text.txt,114343,0.7197,12,5,0.01419,-0.0039,-0.00293,0.0058,1,0,0
PG145_text.txt,114343,0.7197,12,10,0.01089,-0.00688,0.00191,0.0058,1,1,0
PG145_text.txt,114343,0.7197,12,20,0.00779,-0.00362,0.00167,0.0058,1,0,0
PG145_text.txt,114343,0.7197,12,50,0.00497,-0.00309,0.00136,0.0058,0,0,0
PG145_text.txt,114343,0.7197,12,100,-0.0001,-0.00383,-0.00153,0.0058,0,0,0
PG145_text.txt,114343,0.7197,12,200,0.00336,0.00157,0.00039,0.0058,0,0,0
PG145_text.txt,114343,0.7197,12,300,0.00067,0.00273,8e-05,0.0058,0,0,0
PG145_text.txt,114343,0.7197,13,1,0.08813,-0.00101,-0.0005,0.0058,1,0,0
PG145_text.txt,114343,0.7197,13,2,0.04144,-0.00167,0.00044,0.0058,1,0,0
PG145_text.txt,114343,0.7197,13,5,0.02419,-0.00038,0.00076,0.0058,1,0,0
PG145_text.txt,114343,0.7197,13,10,0.01767,0.00397,0.00245,0.0058,1,0,0
PG145_text.txt,114343,0.7197,13,20,0.00872,0.00088,0.00184,0.0058,1,0,0
PG145_text.txt,114343,0.7197,13,50,0.00571,0.0071,0.00724,0.0058,0,1,1
PG145_text.txt,114343,0.7197,13,100,0.00485,-0.00204,-0.00267,0.0058,0,0,0
PG145_text.txt,114343,0.7197,13,200,0.00736,0.00036,0.00419,0.0058,1,0,0
PG145_text.txt,114343,0.7197,13,300,-0.00039,0.00136,-0.00208,0.0058,0,0,0
PG145_text.txt,114343,0.7197,14,1,0.07,0.0042,-0.0044,0.0058,1,0,0
PG145_text.txt,114343,0.7197,14,2,0.02827,0.00447,0.00474,0.0058,1,0,0
PG145_text.txt,114343,0.7197,14,5,0.01629,-0.00121,0.00107,0.0058,1,0,0
PG145_text.txt,114343,0.7197,14,10,0.00667,-0.00375,0.00257,0.0058,1,0,0
PG145_text.txt,114343,0.7197,14,20,0.01057,-0.00016,0.00071,0.0058,1,0,0
PG145_text.txt,114343,0.7197,14,50,0.00964,0.00228,-0.00225,0.0058,1,0,0
PG145_text.txt,114343,0.7197,14,100,0.00529,0.00385,0.00118,0.0058,0,0,0
PG145_text.txt,114343,0.7197,14,200,0.00234,0.0025,0.00778,0.0058,0,0,1
PG145_text.txt,114343,0.7197,14,300,0.00416,0.0003,-0.00097,0.0058,0,0,0
PG145_text.txt,114343,0.7197,15,1,0.05352,0.00132,0.00014,0.0058,1,0,0
PG145_text.txt,114343,0.7197,15,2,0.02907,0.00156,0.00558,0.0058,1,0,0
PG145_text.txt,114343,0.7197,15,5,0.02276,-4e-05,-0.0005,0.0058,1,0,0
PG145_text.txt,114343,0.7197,15,10,0.01734,0.00197,0.00138,0.0058,1,0,0
PG145_text.txt,114343,0.7197,15,20,0.01019,9e-05,0.00316,0.0058,1,0,0
PG145_text.txt,114343,0.7197,15,50,0.01034,-0.00083,-0.00393,0.0058,1,0,0
PG145_text.txt,114343,0.7197,15,100,0.00183,-0.00219,-0.00201,0.0058,0,0,0
PG145_text.txt,114343,0.7197,15,200,0.00555,-0.00057,-0.00178,0.0058,0,0,0
PG145_text.txt,114343,0.7197,15,300,0.00518,-0.00541,-0.00127,0.0058,0,0,0
PG145_text.txt,114343,0.7197,16,1,0.06168,-0.00061,0.00138,0.0058,1,0,0
PG145_text.txt,114343,0.7197,16,2,0.03389,-0.00284,0.00019,0.0058,1,0,0
PG145_text.txt,114343,0.7197,16,5,0.01394,-0.00306,0.00298,0.0058,1,0,0
PG145_text.txt,114343,0.7197,16,10,0.01226,-0.00362,-0.00108,0.0058,1,0,0
PG145_text.txt,114343,0.7197,16,20,0.00829,-0.00257,0.0002,0.0058,1,0,0
PG145_text.txt,114343,0.7197,16,50,0.00868,0.00349,0.00535,0.0058,1,0,0
PG145_text.txt,114343,0.7197,16,100,-0.00073,-0.00069,-0.00069,0.0058,0,0,0
PG145_text.txt,114343,0.7197,16,200,0.00262,-0.00083,-0.00519,0.0058,0,0,0
PG145_text.txt,114343,0.7197,16,300,0.0024,0.00225,0.0038,0.0058,0,0,0
PG145_text.txt,114343,0.7197,17,1,0.03629,-0.00114,0.00257,0.0058,1,0,0
PG145_text.txt,114343,0.7197,17,2,0.0198,0.00085,0.00483,0.0058,1,0,0
PG145_text.txt,114343,0.7197,17,5,0.01514,0.0013,-0.00048,0.0058,1,0,0
PG145_text.txt,114343,0.7197,17,10,0.00689,0.00198,0.00328,0.0058,1,0,0
PG145_text.txt,114343,0.7197,17,20,0.0133,-0.00019,-8e-05,0.0058,1,0,0
PG145_text.txt,114343,0.7197,17,50,0.00278,-0.00444,-0.0002,0.0058,0,0,0
PG145_text.txt,114343,0.7197,17,100,0.00252,0.00517,-0.00194,0.0058,0,0,0
PG145_text.txt,114343,0.7197,17,200,0.00064,0.00261,0.00086,0.0058,0,0,0
PG145_text.txt,114343,0.7197,17,300,0.00174,0.00193,0.00113,0.0058,0,0,0
PG145_text.txt,114343,0.7197,18,1,0.04643,-0.00475,0.00036,0.0058,1,0,0
PG145_text.txt,114343,0.7197,18,2,0.0223,-0.00232,-0.00429,0.0058,1,0,0
PG145_text.txt,114343,0.7197,18,5,0.01452,-0.00248,0.00249,0.0058,1,0,0
PG145_text.txt,114343,0.7197,18,10,0.00876,0.00015,0.00146,0.0058,1,0,0
PG145_text.txt,114343,0.7197,18,20,0.00439,-0.00295,0.00105,0.0058,0,0,0
PG145_text.txt,114343,0.7197,18,50,0.0097,0.00222,0.00395,0.0058,1,0,0
PG145_text.txt,114343,0.7197,18,100,0.00325,-0.00163,0.00111,0.0058,0,0,0
PG145_text.txt,114343,0.7197,18,200,0.00273,0.0017,-0.00162,0.0058,0,0,0
PG145_text.txt,114343,0.7197,18,300,0.00146,0.00048,0.00344,0.0058,0,0,0
PG145_text.txt,114343,0.7197,19,1,0.04724,-0.00218,0.0046,0.0058,1,0,0
PG145_text.txt,114343,0.7197,19,2,0.02086,-0.0014,-0.00071,0.0058,1,0,0
PG145_text.txt,114343,0.7197,19,5,0.01127,0.00473,-0.00345,0.0058,1,0,0
PG145_text.txt,114343,0.7197,19,10,0.00715,0.00253,-0.00106,0.0058,1,0,0
PG145_text.txt,114343,0.7197,19,20,0.00546,-0.00071,0.00013,0.0058,0,0,0
PG145_text.txt,114343,0.7197,19,50,0.00978,0.00167,-0.00528,0.0058,1,0,0
PG145_text.txt,114343,0.7197,19,100,0.00406,-0.00209,-0.00767,0.0058,0,0,1
PG145_text.txt,114343,0.7197,19,200,0.01061,-0.00125,0.001,0.0058,1,0,0
PG145_text.txt,114343,0.7197,19,300,-0.00155,-0.00172,-0.00154,0.0058,0,0,0
PG145_text.txt,114343,0.7197,20,1,0.06001,0.00584,0.00313,0.0058,1,1,0
PG145_text.txt,114343,0.7197,20,2,0.03393,0.00348,-0.00303,0.0058,1,0,0
PG145_text.txt,114343,0.7197,20,5,0.02466,0.00319,0.0009,0.0058,1,0,0
PG145_text.txt,114343,0.7197,20,10,0.01903,0.00045,-0.00379,0.0058,1,0,0
PG145_text.txt,114343,0.7197,20,20,0.01126,-0.002,-0.00273,0.0058,1,0,0
PG145_text.txt,114343,0.7197,20,50,0.00545,0.00289,0.00328,0.0058,0,0,0
PG145_text.txt,114343,0.7197,20,100,0.00189,-0.00302,-0.00352,0.0058,0,0,0
PG145_text.txt,114343,0.7197,20,200,-0.00554,-0.00356,0.00103,0.0058,0,0,0
PG145_text.txt,114343,0.7197,20,300,-0.00064,-0.00126,0.00076,0.0058,0,0,0
PG15384_text.txt,68087,0.7563,1,1,0.09136,0.01511,-0.00018,0.00751,1,1,0
PG15384_text.txt,68087,0.7563,1,2,0.03933,0.00858,0.00649,0.00751,1,1,0
PG15384_text.txt,68087,0.7563,1,5,0.03256,0.00348,0.00698,0.00751,1,0,0
PG15384_text.txt,68087,0.7563,1,10,0.01878,0.00184,-0.00064,0.00751,1,0,0
PG15384_text.txt,68087,0.7563,1,20,0.00648,0.00156,-0.00614,0.00751,0,0,0
PG15384_text.txt,68087,0.7563,1,50,0.00482,-0.00357,-0.00356,0.00751,0,0,0
PG15384_text.txt,68087,0.7563,1,100,0.01241,-0.00771,-0.00179,0.00751,1,1,0
PG15384_text.txt,68087,0.7563,1,200,0.00241,0.00708,-0.0015,0.00751,0,0,0
PG15384_text.txt,68087,0.7563,1,300,0.00164,-0.00481,-0.00048,0.00751,0,0,0
PG15384_text.txt,68087,0.7563,2,1,0.2144,-0.00147,-0.00082,0.00751,1,0,0
PG15384_text.txt,68087,0.7563,2,2,0.13124,0.00414,0.00056,0.00751,1,0,0
PG15384_text.txt,68087,0.7563,2,5,0.06951,-0.00863,-0.0032,0.00751,1,1,0
PG15384_text.txt,68087,0.7563,2,10,0.05103,-0.00315,0.00144,0.00751,1,0,0
PG15384_text.txt,68087,0.7563,2,20,0.04146,0.00971,-0.00346,0.00751,1,1,0
PG15384_text.txt,68087,0.7563,2,50,0.02086,0.00126,-0.00671,0.00751,1,0,0
PG15384_text.txt,68087,0.7563,2,100,0.01863,0.00331,0.00189,0.00751,1,0,0
PG15384_text.txt,68087,0.7563,2,200,0.01014,0.0006,-0.00683,0.00751,1,0,0
PG15384_text.txt,68087,0.7563,2,300,0.00846,-0.00073,0.0004,0.00751,1,0,0
PG15384_text.txt,68087,0.7563,3,1,0.1193,0.00955,-0.00152,0.00751,1,1,0
PG15384_text.txt,68087,0.7563,3,2,0.07505,0.00903,-0.00676,0.00751,1,1,0
PG15384_text.txt,68087,0.7563,3,5,0.05001,0.0067,0.00257,0.00751,1,0,0
PG15384_text.txt,68087,0.7563,3,10,0.04214,0.0027,-0.00285,0.00751,1,0,0
PG15384_text.txt,68087,0.7563,3,20,0.03705,0.01192,-0.00637,0.00751,1,1,0
PG15384_text.txt,68087,0.7563,3,50,0.03117,0.00523,0.00551,0.00751,1,0,0
PG15384_text.txt,68087,0.7563,3,100,0.01681,-0.00258,0.00183,0.00751,1,0,0
PG15384_text.txt,68087,0.7563,3,200,0.00853,-0.00108,-0.00107,0.00751,1,0,0
PG15384_text.txt,68087,0.7563,3,300,0.01714,0.00249,0.00635,0.00751,1,0,0
PG15384_text.txt,68087,0.7563,4,1,0.15092,-0.00302,0.00245,0.00751,1,0,0
PG15384_text.txt,68087,0.7563,4,2,0.08394,-0.00271,-0.00136,0.00751,1,0,0
PG15384_text.txt,68087,0.7563,4,5,0.05346,-0.00416,0.00064,0.00751,1,0,0
PG15384_text.txt,68087,0.7563,4,10,0.02889,-0.00053,-0.00534,0.00751,1,0,0
PG15384_text.txt,68087,0.7563,4,20,0.02882,-0.00242,-0.00223,0.00751,1,0,0
PG15384_text.txt,68087,0.7563,4,50,0.01367,0.00692,0.00045,0.00751,1,0,0
PG15384_text.txt,68087,0.7563,4,100,0.01498,0.00158,-0.00825,0.00751,1,0,1
PG15384_text.txt,68087,0.7563,4,200,0.00516,-0.00235,-0.0006,0.00751,0,0,0
PG15384_text.txt,68087,0.7563,4,300,0.00367,-0.00419,0.00033,0.00751,0,0,0
PG15384_text.txt,68087,0.7563,5,1,0.11179,-0.00162,0.00118,0.00751,1,0,0
PG15384_text.txt,68087,0.7563,5,2,0.05894,0.00382,-0.00302,0.00751,1,0,0
PG15384_text.txt,68087,0.7563,5,5,0.04325,0.0072,0.00747,0.00751,1,0,0
PG15384_text.txt,68087,0.7563,5,10,0.03426,0.00379,0.00026,0.00751,1,0,0
PG15384_text.txt,68087,0.7563,5,20,0.02292,-0.00178,-0.00306,0.00751,1,0,0
PG15384_text.txt,68087,0.7563,5,50,0.01189,-0.00143,-0.00208,0.00751,1,0,0
PG15384_text.txt,68087,0.7563,5,100,0.01241,0.00247,-0.00026,0.00751,1,0,0
PG15384_text.txt,68087,0.7563,5,200,0.00758,0.00147,-0.00406,0.00751,1,0,0
PG15384_text.txt,68087,0.7563,5,300,-0.00087,0.00038,-0.00741,0.00751,0,0,0
PG15384_text.txt,68087,0.7563,6,1,0.11066,-0.00105,0.00113,0.00751,1,0,0
PG15384_text.txt,68087,0.7563,6,2,0.06774,-0.00286,-0.00233,0.00751,1,0,0
PG15384_text.txt,68087,0.7563,6,5,0.03508,-0.00529,0.00532,0.00751,1,0,0
PG15384_text.txt,68087,0.7563,6,10,0.02468,-0.0014,0.00347,0.00751,1,0,0
PG15384_text.txt,68087,0.7563,6,20,0.01418,0.00592,-0.00305,0.00751,1,0,0
PG15384_text.txt,68087,0.7563,6,50,0.01345,-0.00069,-0.00585,0.00751,1,0,0
PG15384_text.txt,68087,0.7563,6,100,0.00211,-0.00205,-0.00123,0.00751,0,0,0
PG15384_text.txt,68087,0.7563,6,200,0.00579,0.00042,-0.00573,0.00751,0,0,0
PG15384_text.txt,68087,0.7563,6,300,0.0117,-0.0058,0.00818,0.00751,1,0,1
PG15384_text.txt,68087,0.7563,7,1,0.10613,-0.00421,0.00618,0.00751,1,0,0
PG15384_text.txt,68087,0.7563,7,2,0.06772,-0.00072,-0.00284,0.00751,1,0,0
PG15384_text.txt,68087,0.7563,7,5,0.04741,0.00357,-0.00078,0.00751,1,0,0
PG15384_text.txt,68087,0.7563,7,10,0.02969,0.00196,-0.0002,0.00751,1,0,0
PG15384_text.txt,68087,0.7563,7,20,0.01459,0.00057,-0.00014,0.00751,1,0,0
PG15384_text.txt,68087,0.7563,7,50,0.01699,-0.00429,0.00272,0.00751,1,0,0
PG15384_text.txt,68087,0.7563,7,100,0.00266,0.00333,-0.00034,0.00751,0,0,0
PG15384_text.txt,68087,0.7563,7,200,-0.00163,-0.00429,-0.00038,0.00751,0,0,0
PG15384_text.txt,68087,0.7563,7,300,0.0042,-0.00133,-0.00487,0.00751,0,0,0
PG15384_text.txt,68087,0.7563,8,1,0.07386,0.00016,-0.00896,0.00751,1,0,1
PG15384_text.txt,68087,0.7563,8,2,0.03557,0.00443,0.00289,0.00751,1,0,0
PG15384_text.txt,68087,0.7563,8,5,0.01838,0.00259,-0.00064,0.00751,1,0,0
PG15384_text.txt,68087,0.7563,8,10,0.0195,-0.00351,-0.00101,0.00751,1,0,0
PG15384_text.txt,68087,0.7563,8,20,0.01309,0.00406,-0.00559,0.00751,1,0,0
PG15384_text.txt,68087,0.7563,8,50,0.00962,-0.00464,-0.00258,0.00751,1,0,0
PG15384_text.txt,68087,0.7563,8,100,-0.00059,0.00074,0.00782,0.00751,0,0,1
PG15384_text.txt,68087,0.7563,8,200,0.00779,0.01137,-0.00248,0.00751,1,1,0
PG15384_text.txt,68087,0.7563,8,300,0.00341,0.00135,-0.00015,0.00751,0,0,0
PG15384_text.txt,68087,0.7563,9,1,0.11611,0.00636,-0.00531,0.00751,1,0,0
PG15384_text.txt,68087,0.7563,9,2,0.06318,-0.00449,0.00147,0.00751,1,0,0
PG15384_text.txt,68087,0.7563,9,5,0.03413,-0.00028,-0.00352,0.00751,1,0,0
PG15384_text.txt,68087,0.7563,9,10,0.02138,0.00346,0.00059,0.00751,1,0,0
PG15384_text.txt,68087,0.7563,9,20,0.01234,0.00766,-0.00137,0.00751,1,1,0
PG15384_text.txt,68087,0.7563,9,50,0.01116,-0.00476,0.00228,0.00751,1,0,0
PG15384_text.txt,68087,0.7563,9,100,0.0078,0.00292,-0.00482,0.00751,1,0,0
PG15384_text.txt,68087,0.7563,9,200,0.00065,-0.00025,0.00166,0.00751,0,0,0
PG15384_text.txt,68087,0.7563,9,300,0.0075,0.00011,-0.00181,0.00751,0,0,0
PG15384_text.txt,68087,0.7563,10,1,0.11088,0.00312,-0.00065,0.00751,1,0,0
PG15384_text.txt,68087,0.7563,10,2,0.05767,-0.00232,-0.00113,0.00751,1,0,0
PG15384_text.txt,68087,0.7563,10,5,0.03028,-0.00293,0.00904,0.00751,1,0,1
PG15384_text.txt,68087,0.7563,10,10,0.03453,-0.00177,-0.00279,0.00751,1,0,0
PG15384_text.txt,68087,0.7563,10,20,0.02866,-0.00061,0.00206,0.00751,1,0,0
PG15384_text.txt,68087,0.7563,10,50,0.01495,-0.00112,0.00441,0.00751,1,0,0
PG15384_text.txt,68087,0.7563,10,100,0.02127,-0.00201,-0.00125,0.00751,1,0,0
PG15384_text.txt,68087,0.7563,10,200,0.0091,-0.0018,-0.00155,0.00751,1,0,0
PG15384_text.txt,68087,0.7563,10,300,0.00616,0.00198,0.00069,0.00751,0,0,0
PG15384_text.txt,68087,0.7563,11,1,0.06524,0.00751,-0.00235,0.00751,1,0,0
PG15384_text.txt,68087,0.7563,11,2,0.02702,0.00143,0.00495,0.00751,1,0,0
PG15384_text.txt,68087,0.7563,11,5,0.01612,0.00231,-0.00366,0.00751,1,0,0
PG15384_text.txt,68087,0.7563,11,10,0.00965,-0.00213,-0.00365,0.00751,1,0,0
PG15384_text.txt,68087,0.7563,11,20,0.00373,0.00358,0.004,0.00751,0,0,0
PG15384_text.txt,68087,0.7563,11,50,0.0052,1e-05,0.00025,0.00751,0,0,0
PG15384_text.txt,68087,0.7563,11,100,0.00726,0.00442,-0.00717,0.00751,0,0,0
PG15384_text.txt,68087,0.7563,11,200,0.00583,-0.00056,-0.00339,0.00751,0,0,0
PG15384_text.txt,68087,0.7563,11,300,0.00351,0.0032,0.00454,0.00751,0,0,0
PG15384_text.txt,68087,0.7563,12,1,0.08704,-0.00215,-0.00031,0.00751,1,0,0
PG15384_text.txt,68087,0.7563,12,2,0.04886,0.00414,0.00245,0.00751,1,0,0
PG15384_text.txt,68087,0.7563,12,5,0.01744,0.0015,-0.00028,0.00751,1,0,0
PG15384_text.txt,68087,0.7563,12,10,0.0156,0.00339,0.00497,0.00751,1,0,0
PG15384_text.txt,68087,0.7563,12,20,0.01139,0.00357,-0.00447,0.00751,1,0,0
PG15384_text.txt,68087,0.7563,12,50,0.01584,-0.00059,0.0021,0.00751,1,0,0
PG15384_text.txt,68087,0.7563,12,100,0.00746,0.00165,0.00017,0.00751,0,0,0
PG15384_text.txt,68087,0.7563,12,200,0.0052,0.00032,0.0031,0.00751,0,0,0
PG15384_text.txt,68087,0.7563,12,300,0.01149,-0.00162,-0.00764,0.00751,1,0,1
PG15384_text.txt,68087,0.7563,13,1,0.10377,-0.00111,0.0007,0.00751,1,0,0
PG15384_text.txt,68087,0.7563,13,2,0.05781,-0.00405,-0.00049,0.00751,1,0,0
PG15384_text.txt,68087,0.7563,13,5,0.0271,0.00832,-0.00408,0.00751,1,1,0
PG15384_text.txt,68087,0.7563,13,10,0.02527,-0.00082,-0.00105,0.00751,1,0,0
PG15384_text.txt,68087,0.7563,13,20,0.01392,0.00133,-0.0033,0.00751,1,0,0
PG15384_text.txt,68087,0.7563,13,50,0.00908,0.00029,0.00461,0.00751,1,0,0
PG15384_text.txt,68087,0.7563,13,100,0.00354,0.00087,0.00019,0.00751,0,0,0
PG15384_text.txt,68087,0.7563,13,200,0.00305,-0.00153,0.00232,0.00751,0,0,0
PG15384_text.txt,68087,0.7563,13,300,0.00384,0.00413,0.00131,0.00751,0,0,0
PG15384_text.txt,68087,0.7563,14,1,0.05042,-0.00531,-0.00418,0.00751,1,0,0
PG15384_text.txt,68087,0.7563,14,2,0.03118,-0.00031,-0.00062,0.00751,1,0,0
PG15384_text.txt,68087,0.7563,14,5,0.01158,0.00229,-0.00207,0.00751,1,0,0
PG15384_text.txt,68087,0.7563,14,10,0.00882,-0.00501,-0.00254,0.00751,1,0,0
PG15384_text.txt,68087,0.7563,14,20,0.0079,-0.00302,0.00188,0.00751,1,0,0
PG15384_text.txt,68087,0.7563,14,50,-0.00211,0.00021,0.00198,0.00751,0,0,0
PG15384_text.txt,68087,0.7563,14,100,0.00237,0.00393,-0.00073,0.00751,0,0,0
PG15384_text.txt,68087,0.7563,14,200,0.00711,-0.00437,0.00639,0.00751,0,0,0
PG15384_text.txt,68087,0.7563,14,300,0.00815,-0.00408,0.00541,0.00751,1,0,0
PG15384_text.txt,68087,0.7563,15,1,0.08734,-0.00111,-0.00617,0.00751,1,0,0
PG15384_text.txt,68087,0.7563,15,2,0.03948,0.00115,0.00662,0.00751,1,0,0
PG15384_text.txt,68087,0.7563,15,5,0.02137,-0.00112,0.00331,0.00751,1,0,0
PG15384_text.txt,68087,0.7563,15,10,0.016,0.00354,0.00239,0.00751,1,0,0
PG15384_text.txt,68087,0.7563,15,20,0.00979,0.00275,-0.00507,0.00751,1,0,0
PG15384_text.txt,68087,0.7563,15,50,-0.0034,0.00581,-8e-05,0.00751,0,0,0
PG15384_text.txt,68087,0.7563,15,100,0.00528,-0.00016,-0.00349,0.00751,0,0,0
PG15384_text.txt,68087,0.7563,15,200,0.01097,-0.00221,-5e-05,0.00751,1,0,0
PG15384_text.txt,68087,0.7563,15,300,-0.00034,0.00243,-0.00112,0.00751,0,0,0
PG15384_text.txt,68087,0.7563,16,1,0.06234,-0.00049,0.00108,0.00751,1,0,0
PG15384_text.txt,68087,0.7563,16,2,0.03192,-0.00246,0.00299,0.00751,1,0,0
PG15384_text.txt,68087,0.7563,16,5,0.01966,0.00063,-0.00278,0.00751,1,0,0
PG15384_text.txt,68087,0.7563,16,10,0.01408,0.00119,0.00147,0.00751,1,0,0
PG15384_text.txt,68087,0.7563,16,20,0.009,-0.00404,-0.00396,0.00751,1,0,0
PG15384_text.txt,68087,0.7563,16,50,0.00934,-0.0031,-0.00211,0.00751,1,0,0
PG15384_text.txt,68087,0.7563,16,100,0.00769,-0.00285,-0.0061,0.00751,1,0,0
PG15384_text.txt,68087,0.7563,16,200,-0.00227,-0.00612,-0.00453,0.00751,0,0,0
PG15384_text.txt,68087,0.7563,16,300,0.0091,-0.0016,0.00225,0.00751,1,0,0
PG15384_text.txt,68087,0.7563,17,1,0.07087,-0.0043,0.00041,0.00751,1,0,0
PG15384_text.txt,68087,0.7563,17,2,0.03346,-0.00178,-0.00276,0.00751,1,0,0
PG15384_text.txt,68087,0.7563,17,5,0.01475,0.00307,5e-05,0.00751,1,0,0
PG15384_text.txt,68087,0.7563,17,10,0.01924,0.00216,-0.00346,0.00751,1,0,0
PG15384_text.txt,68087,0.7563,17,20,0.00653,0.00576,0.00441,0.00751,0,0,0
PG15384_text.txt,68087,0.7563,17,50,0.00652,-0.00272,-0.00364,0.00751,0,0,0
PG15384_text.txt,68087,0.7563,17,100,-0.00044,-0.0086,0.00404,0.00751,0,1,0
PG15384_text.txt,68087,0.7563,17,200,0.00068,0.00452,-0.00647,0.00751,0,0,0
PG15384_text.txt,68087,0.7563,17,300,0.00299,-2e-05,-0.00099,0.00751,0,0,0
PG15384_text.txt,68087,0.7563,18,1,0.0522,0.00295,0.00367,0.00751,1,0,0
PG15384_text.txt,68087,0.7563,18,2,0.01938,1e-05,0.01127,0.00751,1,0,1
PG15384_text.txt,68087,0.7563,18,5,0.0148,-0.00311,-0.00359,0.00751,1,0,0
PG15384_text.txt,68087,0.7563,18,10,0.00459,0.0045,0.00153,0.00751,0,0,0
PG15384_text.txt,68087,0.7563,18,20,0.00546,-0.00082,0.00349,0.00751,0,0,0
PG15384_text.txt,68087,0.7563,18,50,0.00658,-0.00253,-0.00115,0.00751,0,0,0
PG15384_text.txt,68087,0.7563,18,100,0.00056,0.00661,0.00861,0.00751,0,0,1
PG15384_text.txt,68087,0.7563,18,200,0.00201,-0.00239,-0.0032,0.00751,0,0,0
PG15384_text.txt,68087,0.7563,18,300,0.00133,0.00289,-0.00265,0.00751,0,0,0
PG15384_text.txt,68087,0.7563,19,1,0.0606,0.0002,-0.00292,0.00751,1,0,0
PG15384_text.txt,68087,0.7563,19,2,0.03122,-0.00337,-0.00683,0.00751,1,0,0
PG15384_text.txt,68087,0.7563,19,5,0.01767,0.00353,0.00796,0.00751,1,0,1
PG15384_text.txt,68087,0.7563,19,10,0.0124,0.00034,0.0052,0.00751,1,0,0
PG15384_text.txt,68087,0.7563,19,20,0.01038,-0.00162,0.00064,0.00751,1,0,0
PG15384_text.txt,68087,0.7563,19,50,0.01036,0.00031,-0.00033,0.00751,1,0,0
PG15384_text.txt,68087,0.7563,19,100,0.00196,0.00311,0.00274,0.00751,0,0,0
PG15384_text.txt,68087,0.7563,19,200,-0.001,0.00097,-0.00432,0.00751,0,0,0
PG15384_text.txt,68087,0.7563,19,300,-0.00768,-0.00613,-0.00066,0.00751,1,0,0
PG15384_text.txt,68087,0.7563,20,1,0.06558,-0.00234,0.00012,0.00751,1,0,0
PG15384_text.txt,68087,0.7563,20,2,0.0393,-0.00382,-0.00612,0.00751,1,0,0
PG15384_text.txt,68087,0.7563,20,5,0.01505,0.00619,0.00076,0.00751,1,0,0
PG15384_text.txt,68087,0.7563,20,10,0.01478,-0.00034,-0.00402,0.00751,1,0,0
PG15384_text.txt,68087,0.7563,20,20,0.00405,-0.00248,0.00352,0.00751,0,0,0
PG15384_text.txt,68087,0.7563,20,50,0.0048,0.00219,0.00281,0.00751,0,0,0
PG15384_text.txt,68087,0.7563,20,100,0.00205,0.00198,0.00415,0.00751,0,0,0
PG15384_text.txt,68087,0.7563,20,200,-0.00319,-0.0007,0.01029,0.00751,0,0,1
PG15384_text.txt,68087,0.7563,20,300,0.00138,-0.00079,0.00213,0.00751,0,0,0
PG16101_text.txt,28682,0.708,1,1,0.11824,0.00036,0.00185,0.01157,1,0,0
PG16101_text.txt,28682,0.708,1,2,0.06464,-0.0036,0.00222,0.01157,1,0,0
PG16101_text.txt,28682,0.708,1,5,0.04099,0.00832,-0.00284,0.01157,1,0,0
PG16101_text.txt,28682,0.708,1,10,0.02563,0.00576,-0.00365,0.01157,1,0,0
PG16101_text.txt,28682,0.708,1,20,0.01573,0.0088,-0.00712,0.01157,1,0,0
PG16101_text.txt,28682,0.708,1,50,0.01101,0.00129,-0.00753,0.01157,0,0,0
PG16101_text.txt,28682,0.708,1,100,0.01388,0.00153,0.00387,0.01157,1,0,0
PG16101_text.txt,28682,0.708,1,200,-0.0044,0.00147,-0.0053,0.01157,0,0,0
PG16101_text.txt,28682,0.708,1,300,-0.00201,-0.00187,-0.00616,0.01157,0,0,0
PG16101_text.txt,28682,0.708,2,1,0.25376,-0.00058,-0.00694,0.01157,1,0,0
PG16101_text.txt,28682,0.708,2,2,0.17617,-0.00016,-0.00204,0.01157,1,0,0
PG16101_text.txt,28682,0.708,2,5,0.12356,-0.00277,-0.00182,0.01157,1,0,0
PG16101_text.txt,28682,0.708,2,10,0.08591,-0.00375,0.00818,0.01157,1,0,0
PG16101_text.txt,28682,0.708,2,20,0.05697,0.00289,-0.00191,0.01157,1,0,0
PG16101_text.txt,28682,0.708,2,50,0.03443,-0.00617,0.00278,0.01157,1,0,0
PG16101_text.txt,28682,0.708,2,100,0.01064,-0.00323,-0.00105,0.01157,0,0,0
PG16101_text.txt,28682,0.708,2,200,-0.00069,0.00637,0.00086,0.01157,0,0,0
PG16101_text.txt,28682,0.708,2,300,-0.00995,-0.01001,0.00868,0.01157,0,0,0
PG16101_text.txt,28682,0.708,3,1,0.11811,0.01324,-0.00023,0.01157,1,1,0
PG16101_text.txt,28682,0.708,3,2,0.06115,0.00115,-0.00763,0.01157,1,0,0
PG16101_text.txt,28682,0.708,3,5,0.0444,-0.0024,-0.00679,0.01157,1,0,0
PG16101_text.txt,28682,0.708,3,10,0.02878,0.00618,-0.00066,0.01157,1,0,0
PG16101_text.txt,28682,0.708,3,20,0.01963,0.0032,-0.01035,0.01157,1,0,0
PG16101_text.txt,28682,0.708,3,50,0.00844,-0.00323,-0.00492,0.01157,0,0,0
PG16101_text.txt,28682,0.708,3,100,0.01488,-0.00173,0.00342,0.01157,1,0,0
PG16101_text.txt,28682,0.708,3,200,0.00321,0.00553,0.00223,0.01157,0,0,0
PG16101_text.txt,28682,0.708,3,300,0.00789,-0.00662,-0.00116,0.01157,0,0,0
PG16101_text.txt,28682,0.708,4,1,0.1152,0.00673,-0.00955,0.01157,1,0,0
PG16101_text.txt,28682,0.708,4,2,0.07228,0.00216,-0.00548,0.01157,1,0,0
PG16101_text.txt,28682,0.708,4,5,0.05643,0.0099,-0.00202,0.01157,1,0,0
PG16101_text.txt,28682,0.708,4,10,0.04583,-0.00778,-0.00161,0.01157,1,0,0
PG16101_text.txt,28682,0.708,4,20,0.02892,0.01095,-0.00031,0.01157,1,0,0
PG16101_text.txt,28682,0.708,4,50,0.02668,-0.00635,-0.01834,0.01157,1,0,1
PG16101_text.txt,28682,0.708,4,100,0.01557,0.00161,-0.01351,0.01157,1,0,1
PG16101_text.txt,28682,0.708,4,200,0.02492,0.00092,0.00312,0.01157,1,0,0
PG16101_text.txt,28682,0.708,4,300,-0.008,-0.01862,0.01105,0.01157,0,1,0
PG16101_text.txt,28682,0.708,5,1,0.07715,0.00142,-0.01212,0.01157,1,0,1
PG16101_text.txt,28682,0.708,5,2,0.04945,-0.01365,-0.00492,0.01157,1,1,0
PG16101_text.txt,28682,0.708,5,5,0.04481,-0.00791,0.00235,0.01157,1,0,0
PG16101_text.txt,28682,0.708,5,10,0.03792,0.00555,-0.00194,0.01157,1,0,0
PG16101_text.txt,28682,0.708,5,20,0.02284,-3e-05,-0.00014,0.01157,1,0,0
PG16101_text.txt,28682,0.708,5,50,0.01507,-0.00108,-0.00982,0.01157,1,0,0
PG16101_text.txt,28682,0.708,5,100,0.01053,0.01836,-0.00084,0.01157,0,1,0
PG16101_text.txt,28682,0.708,5,200,0.00287,0.00483,-0.00183,0.01157,0,0,0
PG16101_text.txt,28682,0.708,5,300,0.00609,0.01244,0.00199,0.01157,0,1,0
PG16101_text.txt,28682,0.708,6,1,0.13657,-0.00015,-0.0037,0.01157,1,0,0
PG16101_text.txt,28682,0.708,6,2,0.07488,0.00181,0.00033,0.01157,1,0,0
PG16101_text.txt,28682,0.708,6,5,0.048,0.00426,-0.00263,0.01157,1,0,0
PG16101_text.txt,28682,0.708,6,10,0.04408,-0.00506,0.00536,0.01157,1,0,0
PG16101_text.txt,28682,0.708,6,20,0.02573,0.00557,0.00183,0.01157,1,0,0
PG16101_text.txt,28682,0.708,6,50,0.0073,-0.00092,-0.00218,0.01157,0,0,0
PG16101_text.txt,28682,0.708,6,100,0.01411,-0.00581,-0.00121,0.01157,1,0,0
PG16101_text.txt,28682,0.708,6,200,0.00162,-0.00725,0.00496,0.01157,0,0,0
PG16101_text.txt,28682,0.708,6,300,-0.01014,-0.01294,0.00371,0.01157,0,1,0
PG16101_text.txt,28682,0.708,7,1,0.09147,0.0001,0.00347,0.01157,1,0,0
PG16101_text.txt,28682,0.708,7,2,0.05442,-0.00208,0.0044,0.01157,1,0,0
PG16101_text.txt,28682,0.708,7,5,0.02332,0.00555,-0.00303,0.01157,1,0,0
PG16101_text.txt,28682,0.708,7,10,0.01349,-0.00273,-0.00403,0.01157,1,0,0
PG16101_text.txt,28682,0.708,7,20,0.01379,-0.00236,-0.00539,0.01157,1,0,0
PG16101_text.txt,28682,0.708,7,50,0.01415,-0.01009,-0.00185,0.01157,1,0,0
PG16101_text.txt,28682,0.708,7,100,0.00471,0.01525,-0.00624,0.01157,0,1,0
PG16101_text.txt,28682,0.708,7,200,0.002,-0.00105,0.00263,0.01157,0,0,0
PG16101_text.txt,28682,0.708,7,300,-0.00103,-0.01434,0.00513,0.01157,0,1,0
PG16101_text.txt,28682,0.708,8,1,0.07155,0.0077,0.00705,0.01157,1,0,0
PG16101_text.txt,28682,0.708,8,2,0.05195,-0.00179,0.00499,0.01157,1,0,0
PG16101_text.txt,28682,0.708,8,5,0.02962,0.0077,-0.00523,0.01157,1,0,0
PG16101_text.txt,28682,0.708,8,10,0.02865,0.00318,-0.00441,0.01157,1,0,0
PG16101_text.txt,28682,0.708,8,20,0.00974,0.00413,0.00846,0.01157,0,0,0
PG16101_text.txt,28682,0.708,8,50,0.0069,-0.00393,0.00289,0.01157,0,0,0
PG16101_text.txt,28682,0.708,8,100,0.01637,0.00082,0.00108,0.01157,1,0,0
PG16101_text.txt,28682,0.708,8,200,0.00796,0.00193,0.00914,0.01157,0,0,0
PG16101_text.txt,28682,0.708,8,300,0.00468,0.00519,-0.00521,0.01157,0,0,0
PG16101_text.txt,28682,0.708,9,1,0.0713,0.00834,-0.00599,0.01157,1,0,0
PG16101_text.txt,28682,0.708,9,2,0.0439,-0.00818,-0.00117,0.01157,1,0,0
PG16101_text.txt,28682,0.708,9,5,0.02819,0.00722,-0.00752,0.01157,1,0,0
PG16101_text.txt,28682,0.708,9,10,0.02216,0.00249,0.00231,0.01157,1,0,0
PG16101_text.txt,28682,0.708,9,20,0.01229,-0.00323,-0.00038,0.01157,1,0,0
PG16101_text.txt,28682,0.708,9,50,0.00458,-0.0005,0.00316,0.01157,0,0,0
PG16101_text.txt,28682,0.708,9,100,0.01289,-0.01173,-0.0039,0.01157,1,1,0
PG16101_text.txt,28682,0.708,9,200,0.00793,0.00321,-0.01052,0.01157,0,0,0
PG16101_text.txt,28682,0.708,9,300,0.00297,-0.00012,0.00197,0.01157,0,0,0
PG16101_text.txt,28682,0.708,10,1,0.09318,0.00513,-0.00107,0.01157,1,0,0
PG16101_text.txt,28682,0.708,10,2,0.0396,0.00717,0.00272,0.01157,1,0,0
PG16101_text.txt,28682,0.708,10,5,0.03537,0.00709,0.00756,0.01157,1,0,0
PG16101_text.txt,28682,0.708,10,10,0.01962,0.00526,-0.00307,0.01157,1,0,0
PG16101_text.txt,28682,0.708,10,20,0.03541,-0.01342,-0.00754,0.01157,1,1,0
PG16101_text.txt,28682,0.708,10,50,0.01176,0.00332,-0.00546,0.01157,1,0,0
PG16101_text.txt,28682,0.708,10,100,0.01222,0.00524,-0.00187,0.01157,1,0,0
PG16101_text.txt,28682,0.708,10,200,0.00411,-0.00828,-0.00429,0.01157,0,0,0
PG16101_text.txt,28682,0.708,10,300,0.01014,-0.00182,-0.00806,0.01157,0,0,0
PG16101_text.txt,28682,0.708,11,1,0.08882,0.0024,-0.0017,0.01157,1,0,0
PG16101_text.txt,28682,0.708,11,2,0.05296,-0.00241,0.00116,0.01157,1,0,0
PG16101_text.txt,28682,0.708,11,5,0.01613,-0.00548,0.00412,0.01157,1,0,0
PG16101_text.txt,28682,0.708,11,10,0.01951,0.00841,0.0013,0.01157,1,0,0
PG16101_text.txt,28682,0.708,11,20,0.01382,0.00226,-0.00522,0.01157,1,0,0
PG16101_text.txt,28682,0.708,11,50,0.01302,0.00781,-0.00203,0.01157,1,0,0
PG16101_text.txt,28682,0.708,11,100,0.00327,0.00565,0.00095,0.01157,0,0,0
PG16101_text.txt,28682,0.708,11,200,0.00743,0.00193,0.00152,0.01157,0,0,0
PG16101_text.txt,28682,0.708,11,300,0.01147,0.00348,-0.00454,0.01157,0,0,0
PG16101_text.txt,28682,0.708,12,1,0.09041,0.00647,-0.00047,0.01157,1,0,0
PG16101_text.txt,28682,0.708,12,2,0.03575,-0.00177,0.00813,0.01157,1,0,0
PG16101_text.txt,28682,0.708,12,5,0.0123,-0.0029,0.00701,0.01157,1,0,0
PG16101_text.txt,28682,0.708,12,10,0.00852,-0.00269,0.00843,0.01157,0,0,0
PG16101_text.txt,28682,0.708,12,20,0.00713,0.00091,0.00924,0.01157,0,0,0
PG16101_text.txt,28682,0.708,12,50,0.00059,0.00246,0.00223,0.01157,0,0,0
PG16101_text.txt,28682,0.708,12,100,0.00375,0.00216,-0.00332,0.01157,0,0,0
PG16101_text.txt,28682,0.708,12,200,0.00364,-0.0048,0.0005,0.01157,0,0,0
PG16101_text.txt,28682,0.708,12,300,-0.00888,-0.00987,-0.00472,0.01157,0,0,0
PG16101_text.txt,28682,0.708,13,1,0.04951,-0.00326,-0.0098,0.01157,1,0,0
PG16101_text.txt,28682,0.708,13,2,0.02733,-0.00862,-0.00426,0.01157,1,0,0
PG16101_text.txt,28682,0.708,13,5,0.01616,0.00163,0.01199,0.01157,1,0,1
PG16101_text.txt,28682,0.708,13,10,0.02396,0.00929,0.00548,0.01157,1,0,0
PG16101_text.txt,28682,0.708,13,20,0.00433,0.00407,-0.00169,0.01157,0,0,0
PG16101_text.txt,28682,0.708,13,50,0.00962,0.00158,0.00427,0.01157,0,0,0
PG16101_text.txt,28682,0.708,13,100,0.01313,-0.00889,-0.00678,0.01157,1,0,0
PG16101_text.txt,28682,0.708,13,200,0.00849,-0.00331,-0.00591,0.01157,0,0,0
PG16101_text.txt,28682,0.708,13,300,0.00103,-0.00624,-0.00104,0.01157,0,0,0
PG16101_text.txt,28682,0.708,14,1,0.05884,0.00339,-0.00084,0.01157,1,0,0
PG16101_text.txt,28682,0.708,14,2,0.03426,-0.00072,-0.0018,0.01157,1,0,0
PG16101_text.txt,28682,0.708,14,5,0.01775,-0.00713,-0.00285,0.01157,1,0,0
PG16101_text.txt,28682,0.708,14,10,0.02145,0.00505,0.00664,0.01157,1,0,0
PG16101_text.txt,28682,0.708,14,20,0.01113,0.00584,0.00204,0.01157,0,0,0
PG16101_text.txt,28682,0.708,14,50,0.00888,0.0009,0.00492,0.01157,0,0,0
PG16101_text.txt,28682,0.708,14,100,0.00358,-0.0041,0.0077,0.01157,0,0,0
PG16101_text.txt,28682,0.708,14,200,0.00533,0.01314,0.00638,0.01157,0,1,0
PG16101_text.txt,28682,0.708,14,300,-0.00055,-0.00474,-0.01318,0.01157,0,0,1
PG16101_text.txt,28682,0.708,15,1,0.04835,-0.00122,0.00833,0.01157,1,0,0
PG16101_text.txt,28682,0.708,15,2,0.02911,-0.00524,0.00226,0.01157,1,0,0
PG16101_text.txt,28682,0.708,15,5,0.01698,-0.00221,0.01163,0.01157,1,0,1
PG16101_text.txt,28682,0.708,15,10,0.0072,-0.00467,-0.00607,0.01157,0,0,0
PG16101_text.txt,28682,0.708,15,20,0.02608,0.00378,0.00186,0.01157,1,0,0
PG16101_text.txt,28682,0.708,15,50,0.00378,0.00449,-0.00145,0.01157,0,0,0
PG16101_text.txt,28682,0.708,15,100,-0.0048,0.00614,0.00141,0.01157,0,0,0
PG16101_text.txt,28682,0.708,15,200,0.0054,0.00094,-0.01529,0.01157,0,0,1
PG16101_text.txt,28682,0.708,15,300,0.00301,-0.01018,0.01278,0.01157,0,0,1
PG16101_text.txt,28682,0.708,16,1,0.05299,-0.00579,-0.01106,0.01157,1,0,0
PG16101_text.txt,28682,0.708,16,2,0.02393,0.00777,-0.00319,0.01157,1,0,0
PG16101_text.txt,28682,0.708,16,5,0.01061,0.00101,0.00914,0.01157,0,0,0
PG16101_text.txt,28682,0.708,16,10,0.01522,0.00527,-0.00426,0.01157,1,0,0
PG16101_text.txt,28682,0.708,16,20,-0.00651,0.00391,-0.00579,0.01157,0,0,0
PG16101_text.txt,28682,0.708,16,50,-0.00218,-0.00738,0.00253,0.01157,0,0,0
PG16101_text.txt,28682,0.708,16,100,0.0036,-7e-05,-0.00354,0.01157,0,0,0
PG16101_text.txt,28682,0.708,16,200,0.00079,0.00652,-0.00623,0.01157,0,0,0
PG16101_text.txt,28682,0.708,16,300,0.00515,0.00143,-0.00329,0.01157,0,0,0
PG16101_text.txt,28682,0.708,17,1,0.04459,0.00149,-0.00644,0.01157,1,0,0
PG16101_text.txt,28682,0.708,17,2,0.02653,0.00178,-0.00725,0.01157,1,0,0
PG16101_text.txt,28682,0.708,17,5,0.01476,-0.0058,0.00018,0.01157,1,0,0
PG16101_text.txt,28682,0.708,17,10,0.01887,0.00052,-0.00826,0.01157,1,0,0
PG16101_text.txt,28682,0.708,17,20,0.0137,0.0064,0.00904,0.01157,1,0,0
PG16101_text.txt,28682,0.708,17,50,0.00955,0.01255,-0.00065,0.01157,0,1,0
PG16101_text.txt,28682,0.708,17,100,0.00219,-0.00382,-0.00696,0.01157,0,0,0
PG16101_text.txt,28682,0.708,17,200,0.00264,0.00507,0.00099,0.01157,0,0,0
PG16101_text.txt,28682,0.708,17,300,-0.00451,0.00274,-0.00437,0.01157,0,0,0
PG16101_text.txt,28682,0.708,18,1,0.04229,-0.00192,0.00528,0.01157,1,0,0
PG16101_text.txt,28682,0.708,18,2,0.01086,-0.00441,0.00862,0.01157,0,0,0
PG16101_text.txt,28682,0.708,18,5,0.01283,-0.00114,0.00647,0.01157,1,0,0
PG16101_text.txt,28682,0.708,18,10,0.00874,-0.00112,0.00354,0.01157,0,0,0
PG16101_text.txt,28682,0.708,18,20,0.01623,0.00718,0.00314,0.01157,1,0,0
PG16101_text.txt,28682,0.708,18,50,0.00395,-1e-05,0.00163,0.01157,0,0,0
PG16101_text.txt,28682,0.708,18,100,-0.00514,-0.00208,0.00114,0.01157,0,0,0
PG16101_text.txt,28682,0.708,18,200,0.00199,-0.00697,-0.00567,0.01157,0,0,0
PG16101_text.txt,28682,0.708,18,300,0.0015,-0.00169,-0.00892,0.01157,0,0,0
PG16101_text.txt,28682,0.708,19,1,0.05013,-0.00261,0.00442,0.01157,1,0,0
PG16101_text.txt,28682,0.708,19,2,0.01539,-0.00348,0.00398,0.01157,1,0,0
PG16101_text.txt,28682,0.708,19,5,0.0115,0.00999,0.01597,0.01157,0,0,1
PG16101_text.txt,28682,0.708,19,10,0.01243,-0.00076,-0.00106,0.01157,1,0,0
PG16101_text.txt,28682,0.708,19,20,0.01406,0.00123,0.00536,0.01157,1,0,0
PG16101_text.txt,28682,0.708,19,50,-0.00248,0.00071,0.00776,0.01157,0,0,0
PG16101_text.txt,28682,0.708,19,100,0.00323,-0.00525,-0.01363,0.01157,0,0,1
PG16101_text.txt,28682,0.708,19,200,-0.00154,-0.00091,-0.00016,0.01157,0,0,0
PG16101_text.txt,28682,0.708,19,300,0.00309,0.00704,0.00235,0.01157,0,0,0
PG16101_text.txt,28682,0.708,20,1,0.04834,4e-05,-0.00679,0.01157,1,0,0
PG16101_text.txt,28682,0.708,20,2,0.03088,0.01726,0.0083,0.01157,1,1,0
PG16101_text.txt,28682,0.708,20,5,0.00833,-0.0074,-0.0013,0.01157,0,0,0
PG16101_text.txt,28682,0.708,20,10,0.00737,0.00534,-0.0036,0.01157,0,0,0
PG16101_text.txt,28682,0.708,20,20,0.00119,-0.0077,-0.01036,0.01157,0,0,0
PG16101_text.txt,28682,0.708,20,50,0.004,-0.01015,-0.00287,0.01157,0,0,0
PG16101_text.txt,28682,0.708,20,100,0.00328,0.00263,-0.00277,0.01157,0,0,0
PG16101_text.txt,28682,0.708,20,200,-0.00832,-0.00033,-0.00344,0.01157,0,0,0
PG16101_text.txt,28682,0.708,20,300,0.00331,-0.00884,0.0027,0.01157,0,0,0
PG17498_text.txt,28632,0.7607,1,1,0.06904,-0.00118,-0.00353,0.01158,1,0,0
PG17498_text.txt,28632,0.7607,1,2,0.03969,-0.00546,-0.00346,0.01158,1,0,0
PG17498_text.txt,28632,0.7607,1,5,0.02242,0.00803,0.0032,0.01158,1,0,0
PG17498_text.txt,28632,0.7607,1,10,0.02131,-0.00739,0.00524,0.01158,1,0,0
PG17498_text.txt,28632,0.7607,1,20,0.01462,0.00081,-0.00665,0.01158,1,0,0
PG17498_text.txt,28632,0.7607,1,50,0.01979,0.00247,-0.0051,0.01158,1,0,0
PG17498_text.txt,28632,0.7607,1,100,0.01145,-0.0065,-0.0169,0.01158,0,0,1
PG17498_text.txt,28632,0.7607,1,200,-0.00119,0.00099,0.00401,0.01158,0,0,0
PG17498_text.txt,28632,0.7607,1,300,0.00214,0.00309,-0.0043,0.01158,0,0,0
PG17498_text.txt,28632,0.7607,2,1,0.20886,0.00563,-0.01205,0.01158,1,0,1
PG17498_text.txt,28632,0.7607,2,2,0.12096,-0.00775,-0.00153,0.01158,1,0,0
PG17498_text.txt,28632,0.7607,2,5,0.08713,0.00712,0.00761,0.01158,1,0,0
PG17498_text.txt,28632,0.7607,2,10,0.06223,0.00474,0.00214,0.01158,1,0,0
PG17498_text.txt,28632,0.7607,2,20,0.05267,-0.0044,-0.00389,0.01158,1,0,0
PG17498_text.txt,28632,0.7607,2,50,0.03434,0.00333,0.00768,0.01158,1,0,0
PG17498_text.txt,28632,0.7607,2,100,0.00947,-0.00357,0.00552,0.01158,0,0,0
PG17498_text.txt,28632,0.7607,2,200,0.01518,0.01288,-0.00348,0.01158,1,1,0
PG17498_text.txt,28632,0.7607,2,300,0.01604,0.00378,0.0065,0.01158,1,0,0
PG17498_text.txt,28632,0.7607,3,1,0.14359,-0.00543,0.00108,0.01158,1,0,0
PG17498_text.txt,28632,0.7607,3,2,0.09268,-0.00433,-0.00179,0.01158,1,0,0
PG17498_text.txt,28632,0.7607,3,5,0.06447,0.00328,-0.00509,0.01158,1,0,0
PG17498_text.txt,28632,0.7607,3,10,0.04924,-0.00081,-0.00065,0.01158,1,0,0
PG17498_text.txt,28632,0.7607,3,20,0.03082,0.00013,-0.00321,0.01158,1,0,0
PG17498_text.txt,28632,0.7607,3,50,0.02942,-0.00641,0.00226,0.01158,1,0,0
PG17498_text.txt,28632,0.7607,3,100,0.01812,-0.00344,-0.00061,0.01158,1,0,0
PG17498_text.txt,28632,0.7607,3,200,0.00209,-0.00232,-0.00944,0.01158,0,0,0
PG17498_text.txt,28632,0.7607,3,300,0.01792,0.00109,0.00107,0.01158,1,0,0
PG17498_text.txt,28632,0.7607,4,1,0.16256,0.01234,-0.00579,0.01158,1,1,0
PG17498_text.txt,28632,0.7607,4,2,0.09555,-0.00301,0.00306,0.01158,1,0,0
PG17498_text.txt,28632,0.7607,4,5,0.06123,0.00752,0.001,0.01158,1,0,0
PG17498_text.txt,28632,0.7607,4,10,0.0357,0.00821,-0.01292,0.01158,1,0,1
PG17498_text.txt,28632,0.7607,4,20,0.02931,0.00873,-0.00367,0.01158,1,0,0
PG17498_text.txt,28632,0.7607,4,50,0.01479,0.01858,0.0032,0.01158,1,1,0
PG17498_text.txt,28632,0.7607,4,100,0.01752,0.00074,0.00039,0.01158,1,0,0
PG17498_text.txt,28632,0.7607,4,200,0.0171,-0.00824,-0.00165,0.01158,1,0,0
PG17498_text.txt,28632,0.7607,4,300,-0.00151,0.00769,-0.00429,0.01158,0,0,0
PG17498_text.txt,28632,0.7607,5,1,0.09479,0.00243,0.01044,0.01158,1,0,0
PG17498_text.txt,28632,0.7607,5,2,0.05887,0.01093,-0.00468,0.01158,1,0,0
PG17498_text.txt,28632,0.7607,5,5,0.04124,-0.0131,0.0081,0.01158,1,1,0
PG17498_text.txt,28632,0.7607,5,10,0.03162,-0.00801,0.00385,0.01158,1,0,0
PG17498_text.txt,28632,0.7607,5,20,0.02088,0.00588,-0.00929,0.01158,1,0,0
PG17498_text.txt,28632,0.7607,5,50,0.02082,-0.0011,-0.00432,0.01158,1,0,0
PG17498_text.txt,28632,0.7607,5,100,0.00707,-0.00682,-0.01057,0.01158,0,0,0
PG17498_text.txt,28632,0.7607,5,200,0.01338,-0.00156,-0.00203,0.01158,1,0,0
PG17498_text.txt,28632,0.7607,5,300,0.00871,-0.00869,-0.00512,0.01158,0,0,0
PG17498_text.txt,28632,0.7607,6,1,0.08534,0.00255,0.00396,0.01158,1,0,0
PG17498_text.txt,28632,0.7607,6,2,0.05502,0.00625,0.00073,0.01158,1,0,0
PG17498_text.txt,28632,0.7607,6,5,0.04218,-0.01093,0.00836,0.01158,1,0,0
PG17498_text.txt,28632,0.7607,6,10,0.01945,-0.01004,-0.00584,0.01158,1,0,0
PG17498_text.txt,28632,0.7607,6,20,0.01337,0.00322,-0.00698,0.01158,1,0,0
PG17498_text.txt,28632,0.7607,6,50,0.01291,0.00882,-0.00403,0.01158,1,0,0
PG17498_text.txt,28632,0.7607,6,100,0.00118,0.00498,0.01515,0.01158,0,0,1
PG17498_text.txt,28632,0.7607,6,200,0.00473,0.00461,-0.00359,0.01158,0,0,0
PG17498_text.txt,28632,0.7607,6,300,0.00183,-0.01192,0.00443,0.01158,0,1,0
PG17498_text.txt,28632,0.7607,7,1,0.07879,0.00984,0.00937,0.01158,1,0,0
PG17498_text.txt,28632,0.7607,7,2,0.04408,-0.00353,-0.00544,0.01158,1,0,0
PG17498_text.txt,28632,0.7607,7,5,0.02346,0.00502,-0.00408,0.01158,1,0,0
PG17498_text.txt,28632,0.7607,7,10,0.02318,0.00089,0.00248,0.01158,1,0,0
PG17498_text.txt,28632,0.7607,7,20,0.017,-0.00087,-0.00073,0.01158,1,0,0
PG17498_text.txt,28632,0.7607,7,50,0.00674,0.00178,0.00022,0.01158,0,0,0
PG17498_text.txt,28632,0.7607,7,100,0.01035,-0.00094,0.01369,0.01158,0,0,1
PG17498_text.txt,28632,0.7607,7,200,-0.00274,0.00593,0.00051,0.01158,0,0,0
PG17498_text.txt,28632,0.7607,7,300,0.00577,0.00036,0.00177,0.01158,0,0,0
PG17498_text.txt,28632,0.7607,8,1,0.10481,-0.00675,0.01268,0.01158,1,0,1
PG17498_text.txt,28632,0.7607,8,2,0.05419,-0.00265,0.00678,0.01158,1,0,0
PG17498_text.txt,28632,0.7607,8,5,0.02421,0.00222,-0.00735,0.01158,1,0,0
PG17498_text.txt,28632,0.7607,8,10,0.01337,-0.0,0.01201,0.01158,1,0,1
PG17498_text.txt,28632,0.7607,8,20,0.01277,-0.0066,0.00668,0.01158,1,0,0
PG17498_text.txt,28632,0.7607,8,50,0.00989,0.01853,-0.00592,0.01158,0,1,0
PG17498_text.txt,28632,0.7607,8,100,0.00583,-0.00611,-0.0016,0.01158,0,0,0
PG17498_text.txt,28632,0.7607,8,200,0.00091,-0.00432,0.00103,0.01158,0,0,0
PG17498_text.txt,28632,0.7607,8,300,-0.0087,0.00088,0.00256,0.01158,0,0,0
PG17498_text.txt,28632,0.7607,9,1,0.08158,0.00861,-0.00258,0.01158,1,0,0
PG17498_text.txt,28632,0.7607,9,2,0.04392,0.00796,0.00757,0.01158,1,0,0
PG17498_text.txt,28632,0.7607,9,5,0.02786,-0.002,0.00554,0.01158,1,0,0
PG17498_text.txt,28632,0.7607,9,10,0.01903,0.00811,-0.0022,0.01158,1,0,0
PG17498_text.txt,28632,0.7607,9,20,0.02036,-0.00018,-0.00354,0.01158,1,0,0
PG17498_text.txt,28632,0.7607,9,50,0.00448,-0.00194,-0.00582,0.01158,0,0,0
PG17498_text.txt,28632,0.7607,9,100,0.00212,-0.00148,-0.00447,0.01158,0,0,0
PG17498_text.txt,28632,0.7607,9,200,0.002,0.00589,0.00026,0.01158,0,0,0
PG17498_text.txt,28632,0.7607,9,300,0.00468,-0.00025,-0.00339,0.01158,0,0,0
PG17498_text.txt,28632,0.7607,10,1,0.08435,-0.00268,0.00749,0.01158,1,0,0
PG17498_text.txt,28632,0.7607,10,2,0.05874,0.00191,-0.00074,0.01158,1,0,0
PG17498_text.txt,28632,0.7607,10,5,0.03718,-0.01128,0.00598,0.01158,1,0,0
PG17498_text.txt,28632,0.7607,10,10,0.02884,0.001,-0.00547,0.01158,1,0,0
PG17498_text.txt,28632,0.7607,10,20,0.02717,-0.00157,0.00209,0.01158,1,0,0
PG17498_text.txt,28632,0.7607,10,50,0.01404,-0.00451,-0.00254,0.01158,1,0,0
PG17498_text.txt,28632,0.7607,10,100,0.01021,0.0016,-0.01641,0.01158,0,0,1
PG17498_text.txt,28632,0.7607,10,200,0.01881,0.00012,-0.0031,0.01158,1,0,0
PG17498_text.txt,28632,0.7607,10,300,0.00122,-0.00769,0.00834,0.01158,0,0,0
PG17498_text.txt,28632,0.7607,11,1,0.06156,-0.00555,-0.00088,0.01158,1,0,0
PG17498_text.txt,28632,0.7607,11,2,0.03321,0.00069,0.00743,0.01158,1,0,0
PG17498_text.txt,28632,0.7607,11,5,0.01295,-0.00459,0.00787,0.01158,1,0,0
PG17498_text.txt,28632,0.7607,11,10,0.00727,0.01404,0.00354,0.01158,0,1,0
PG17498_text.txt,28632,0.7607,11,20,0.00414,-0.0055,0.00053,0.01158,0,0,0
PG17498_text.txt,28632,0.7607,11,50,0.00145,-6e-05,-0.00325,0.01158,0,0,0
PG17498_text.txt,28632,0.7607,11,100,0.00998,-0.00571,-0.00699,0.01158,0,0,0
PG17498_text.txt,28632,0.7607,11,200,-0.00812,0.00075,-0.00169,0.01158,0,0,0
PG17498_text.txt,28632,0.7607,11,300,-0.00952,-0.00278,0.00035,0.01158,0,0,0
PG17498_text.txt,28632,0.7607,12,1,0.07716,0.00831,-0.00403,0.01158,1,0,0
PG17498_text.txt,28632,0.7607,12,2,0.0313,-0.00331,0.00452,0.01158,1,0,0
PG17498_text.txt,28632,0.7607,12,5,0.0238,-0.01441,0.00078,0.01158,1,1,0
PG17498_text.txt,28632,0.7607,12,10,0.01457,-0.00366,0.01801,0.01158,1,0,1
PG17498_text.txt,28632,0.7607,12,20,0.00428,-0.00239,-0.00265,0.01158,0,0,0
PG17498_text.txt,28632,0.7607,12,50,0.00256,0.00055,0.00318,0.01158,0,0,0
PG17498_text.txt,28632,0.7607,12,100,0.00476,-0.00648,-0.00902,0.01158,0,0,0
PG17498_text.txt,28632,0.7607,12,200,0.0093,-0.00401,-0.00392,0.01158,0,0,0
PG17498_text.txt,28632,0.7607,12,300,0.00214,0.00207,0.00107,0.01158,0,0,0
PG17498_text.txt,28632,0.7607,13,1,0.05602,0.00476,-0.0002,0.01158,1,0,0
PG17498_text.txt,28632,0.7607,13,2,0.03344,0.00103,0.00214,0.01158,1,0,0
PG17498_text.txt,28632,0.7607,13,5,0.01412,-0.01384,-0.00325,0.01158,1,1,0
PG17498_text.txt,28632,0.7607,13,10,0.02054,0.0026,0.00841,0.01158,1,0,0
PG17498_text.txt,28632,0.7607,13,20,0.02077,0.00633,-0.001,0.01158,1,0,0
PG17498_text.txt,28632,0.7607,13,50,0.00724,-0.00053,0.00597,0.01158,0,0,0
PG17498_text.txt,28632,0.7607,13,100,0.01022,0.00579,-0.00474,0.01158,0,0,0
PG17498_text.txt,28632,0.7607,13,200,0.0037,0.00044,0.00065,0.01158,0,0,0
PG17498_text.txt,28632,0.7607,13,300,0.00148,0.00391,0.00511,0.01158,0,0,0
PG17498_text.txt,28632,0.7607,14,1,0.06396,-0.00233,-0.00106,0.01158,1,0,0
PG17498_text.txt,28632,0.7607,14,2,0.03108,0.00103,0.00976,0.01158,1,0,0
PG17498_text.txt,28632,0.7607,14,5,0.01736,0.00775,-0.00033,0.01158,1,0,0
PG17498_text.txt,28632,0.7607,14,10,0.01169,0.00402,0.01392,0.01158,1,0,1
PG17498_text.txt,28632,0.7607,14,20,0.00666,-0.00517,-0.00319,0.01158,0,0,0
PG17498_text.txt,28632,0.7607,14,50,0.01252,0.00213,-0.00131,0.01158,1,0,0
PG17498_text.txt,28632,0.7607,14,100,0.00742,-0.00322,-0.00061,0.01158,0,0,0
PG17498_text.txt,28632,0.7607,14,200,-0.00374,0.00077,0.0056,0.01158,0,0,0
PG17498_text.txt,28632,0.7607,14,300,0.00284,-0.00153,0.00498,0.01158,0,0,0
PG17498_text.txt,28632,0.7607,15,1,0.06553,-0.0027,-0.00465,0.01158,1,0,0
PG17498_text.txt,28632,0.7607,15,2,0.03747,-0.00905,-0.00165,0.01158,1,0,0
PG17498_text.txt,28632,0.7607,15,5,0.02797,-0.00377,-0.00315,0.01158,1,0,0
PG17498_text.txt,28632,0.7607,15,10,0.00787,0.00442,0.01119,0.01158,0,0,0
PG17498_text.txt,28632,0.7607,15,20,0.00645,-0.00903,0.0084,0.01158,0,0,0
PG17498_text.txt,28632,0.7607,15,50,-3e-05,0.00181,-0.00694,0.01158,0,0,0
PG17498_text.txt,28632,0.7607,15,100,-0.00506,0.00707,-0.00357,0.01158,0,0,0
PG17498_text.txt,28632,0.7607,15,200,0.00449,0.01,-0.00307,0.01158,0,0,0
PG17498_text.txt,28632,0.7607,15,300,-0.00488,0.00278,0.01336,0.01158,0,0,1
PG17498_text.txt,28632,0.7607,16,1,0.05735,-0.00236,-0.00425,0.01158,1,0,0
PG17498_text.txt,28632,0.7607,16,2,0.03791,-0.00535,-0.00408,0.01158,1,0,0
PG17498_text.txt,28632,0.7607,16,5,0.01261,0.00376,0.00012,0.01158,1,0,0
PG17498_text.txt,28632,0.7607,16,10,0.01644,0.00109,0.00613,0.01158,1,0,0
PG17498_text.txt,28632,0.7607,16,20,0.01824,-0.00603,0.00318,0.01158,1,0,0
PG17498_text.txt,28632,0.7607,16,50,0.00586,0.00303,0.00298,0.01158,0,0,0
PG17498_text.txt,28632,0.7607,16,100,0.00827,-0.01061,0.00068,0.01158,0,0,0
PG17498_text.txt,28632,0.7607,16,200,0.00461,0.01004,-0.00185,0.01158,0,0,0
PG17498_text.txt,28632,0.7607,16,300,-0.00439,-0.01052,0.0009,0.01158,0,0,0
PG17498_text.txt,28632,0.7607,17,1,0.04523,-0.00823,-0.00367,0.01158,1,0,0
PG17498_text.txt,28632,0.7607,17,2,0.01884,-0.00424,0.00582,0.01158,1,0,0
PG17498_text.txt,28632,0.7607,17,5,0.0126,-0.00372,0.00294,0.01158,1,0,0
PG17498_text.txt,28632,0.7607,17,10,0.012,-0.0007,-0.00016,0.01158,1,0,0
PG17498_text.txt,28632,0.7607,17,20,-0.00473,0.0043,0.00205,0.01158,0,0,0
PG17498_text.txt,28632,0.7607,17,50,0.0041,0.00887,0.00336,0.01158,0,0,0
PG17498_text.txt,28632,0.7607,17,100,-0.00738,0.00204,-0.00785,0.01158,0,0,0
PG17498_text.txt,28632,0.7607,17,200,0.00147,0.00412,0.00214,0.01158,0,0,0
PG17498_text.txt,28632,0.7607,17,300,-0.00257,-0.00109,0.00883,0.01158,0,0,0
PG17498_text.txt,28632,0.7607,18,1,0.04801,-0.00776,-0.00823,0.01158,1,0,0
PG17498_text.txt,28632,0.7607,18,2,0.03324,-0.01001,-0.00166,0.01158,1,0,0
PG17498_text.txt,28632,0.7607,18,5,0.00763,0.00181,0.00661,0.01158,0,0,0
PG17498_text.txt,28632,0.7607,18,10,0.01431,-0.00697,0.00356,0.01158,1,0,0
PG17498_text.txt,28632,0.7607,18,20,0.01662,-0.00394,-0.00262,0.01158,1,0,0
PG17498_text.txt,28632,0.7607,18,50,0.00984,-0.00757,-0.00407,0.01158,0,0,0
PG17498_text.txt,28632,0.7607,18,100,0.00403,0.00669,0.00461,0.01158,0,0,0
PG17498_text.txt,28632,0.7607,18,200,0.00692,-0.00556,0.00449,0.01158,0,0,0
PG17498_text.txt,28632,0.7607,18,300,0.00472,0.00354,-0.00143,0.01158,0,0,0
PG17498_text.txt,28632,0.7607,19,1,0.03247,0.00188,0.00451,0.01158,1,0,0
PG17498_text.txt,28632,0.7607,19,2,0.02513,0.01145,-0.00398,0.01158,1,0,0
PG17498_text.txt,28632,0.7607,19,5,0.0222,0.00361,-0.00541,0.01158,1,0,0
PG17498_text.txt,28632,0.7607,19,10,0.01416,-0.00506,-0.00615,0.01158,1,0,0
PG17498_text.txt,28632,0.7607,19,20,0.00585,0.00732,-0.00191,0.01158,0,0,0
PG17498_text.txt,28632,0.7607,19,50,0.00779,-0.00561,0.0056,0.01158,0,0,0
PG17498_text.txt,28632,0.7607,19,100,-0.00247,-0.002,0.00517,0.01158,0,0,0
PG17498_text.txt,28632,0.7607,19,200,-0.00424,0.00527,0.01176,0.01158,0,0,1
PG17498_text.txt,28632,0.7607,19,300,-0.00114,-0.00081,0.01623,0.01158,0,0,1
PG17498_text.txt,28632,0.7607,20,1,0.05102,0.01239,0.00178,0.01158,1,1,0
PG17498_text.txt,28632,0.7607,20,2,0.02655,-0.00288,0.00963,0.01158,1,0,0
PG17498_text.txt,28632,0.7607,20,5,0.01139,-0.0084,0.01322,0.01158,0,0,1
PG17498_text.txt,28632,0.7607,20,10,0.01443,0.00211,0.00649,0.01158,1,0,0
PG17498_text.txt,28632,0.7607,20,20,0.00585,0.00114,-0.00581,0.01158,0,0,0
PG17498_text.txt,28632,0.7607,20,50,0.0016,0.00109,-0.00716,0.01158,0,0,0
PG17498_text.txt,28632,0.7607,20,100,-0.00337,0.0019,-0.00924,0.01158,0,0,0
PG17498_text.txt,28632,0.7607,20,200,0.00183,-0.0003,-0.0007,0.01158,0,0,0
PG17498_text.txt,28632,0.7607,20,300,0.00414,-0.00124,0.0054,0.01158,0,0,0
PG18056_text.txt,30223,0.6826,1,1,0.13502,0.00965,0.00685,0.01127,1,0,0
PG18056_text.txt,30223,0.6826,1,2,0.08094,0.00419,0.00508,0.01127,1,0,0
PG18056_text.txt,30223,0.6826,1,5,0.04182,0.00055,-0.00412,0.01127,1,0,0
PG18056_text.txt,30223,0.6826,1,10,0.02899,0.00365,0.00195,0.01127,1,0,0
PG18056_text.txt,30223,0.6826,1,20,0.02449,0.00625,-0.0075,0.01127,1,0,0
PG18056_text.txt,30223,0.6826,1,50,0.0183,-0.00179,-0.00484,0.01127,1,0,0
PG18056_text.txt,30223,0.6826,1,100,0.00468,-0.01049,0.00443,0.01127,0,0,0
PG18056_text.txt,30223,0.6826,1,200,0.01036,-0.00395,0.00986,0.01127,0,0,0
PG18056_text.txt,30223,0.6826,1,300,0.00329,-0.00184,-0.00368,0.01127,0,0,0
PG18056_text.txt,30223,0.6826,2,1,0.21756,0.00106,4e-05,0.01127,1,0,0
PG18056_text.txt,30223,0.6826,2,2,0.14129,-0.00407,-0.0014,0.01127,1,0,0
PG18056_text.txt,30223,0.6826,2,5,0.06509,-0.00831,-0.00295,0.01127,1,0,0
PG18056_text.txt,30223,0.6826,2,10,0.04414,0.00394,0.00243,0.01127,1,0,0
PG18056_text.txt,30223,0.6826,2,20,0.0365,0.00239,-0.00484,0.01127,1,0,0
PG18056_text.txt,30223,0.6826,2,50,0.02794,0.00509,-0.01108,0.01127,1,0,0
PG18056_text.txt,30223,0.6826,2,100,0.00899,-0.00368,-0.00201,0.01127,0,0,0
PG18056_text.txt,30223,0.6826,2,200,-0.00132,0.00634,0.00255,0.01127,0,0,0
PG18056_text.txt,30223,0.6826,2,300,0.00893,0.00307,0.00543,0.01127,0,0,0
PG18056_text.txt,30223,0.6826,3,1,0.14871,0.00861,-0.00537,0.01127,1,0,0
PG18056_text.txt,30223,0.6826,3,2,0.08937,-0.00104,0.0051,0.01127,1,0,0
PG18056_text.txt,30223,0.6826,3,5,0.0547,-0.01318,0.00037,0.01127,1,1,0
PG18056_text.txt,30223,0.6826,3,10,0.02152,-0.00128,0.01669,0.01127,1,0,1
PG18056_text.txt,30223,0.6826,3,20,0.01526,0.0025,0.00084,0.01127,1,0,0
PG18056_text.txt,30223,0.6826,3,50,0.00074,-0.01932,-0.00015,0.01127,0,1,0
PG18056_text.txt,30223,0.6826,3,100,0.01104,-0.00331,0.00074,0.01127,0,0,0
PG18056_text.txt,30223,0.6826,3,200,0.00172,-0.00721,0.0022,0.01127,0,0,0
PG18056_text.txt,30223,0.6826,3,300,0.00264,-0.01037,-0.0029,0.01127,0,0,0
PG18056_text.txt,30223,0.6826,4,1,0.11261,-0.00252,0.00388,0.01127,1,0,0
PG18056_text.txt,30223,0.6826,4,2,0.0709,0.00916,-0.00548,0.01127,1,0,0
PG18056_text.txt,30223,0.6826,4,5,0.05098,0.00025,-0.00941,0.01127,1,0,0
PG18056_text.txt,30223,0.6826,4,10,0.03847,-0.0001,-0.00475,0.01127,1,0,0
PG18056_text.txt,30223,0.6826,4,20,0.02588,-0.00623,0.00087,0.01127,1,0,0
PG18056_text.txt,30223,0.6826,4,50,0.00763,-0.00377,0.00229,0.01127,0,0,0
PG18056_text.txt,30223,0.6826,4,100,0.00759,0.00035,0.0022,0.01127,0,0,0
PG18056_text.txt,30223,0.6826,4,200,0.00014,-0.00165,0.00351,0.01127,0,0,0
PG18056_text.txt,30223,0.6826,4,300,0.00551,-0.00048,-0.00241,0.01127,0,0,0
PG18056_text.txt,30223,0.6826,5,1,0.06366,0.00252,0.00405,0.01127,1,0,0
PG18056_text.txt,30223,0.6826,5,2,0.03785,0.00771,0.00165,0.01127,1,0,0
PG18056_text.txt,30223,0.6826,5,5,0.03126,-0.00013,0.00334,0.01127,1,0,0
PG18056_text.txt,30223,0.6826,5,10,0.02609,0.01173,0.01282,0.01127,1,1,1
PG18056_text.txt,30223,0.6826,5,20,-0.00073,-0.00123,-0.00451,0.01127,0,0,0
PG18056_text.txt,30223,0.6826,5,50,0.00921,-0.00939,0.00176,0.01127,0,0,0
PG18056_text.txt,30223,0.6826,5,100,-0.00298,0.00494,-0.0052,0.01127,0,0,0
PG18056_text.txt,30223,0.6826,5,200,-0.00389,-0.00364,-0.00274,0.01127,0,0,0
PG18056_text.txt,30223,0.6826,5,300,0.00654,-0.007,0.00399,0.01127,0,0,0
PG18056_text.txt,30223,0.6826,6,1,0.10406,-0.00459,0.00046,0.01127,1,0,0
PG18056_text.txt,30223,0.6826,6,2,0.0696,0.00184,-0.00577,0.01127,1,0,0
PG18056_text.txt,30223,0.6826,6,5,0.03556,0.00102,-0.00506,0.01127,1,0,0
PG18056_text.txt,30223,0.6826,6,10,0.02584,0.00563,-0.00635,0.01127,1,0,0
PG18056_text.txt,30223,0.6826,6,20,0.01183,0.00024,-0.0093,0.01127,1,0,0
PG18056_text.txt,30223,0.6826,6,50,0.0077,-0.00351,-0.01092,0.01127,0,0,0
PG18056_text.txt,30223,0.6826,6,100,0.00365,0.00579,0.00395,0.01127,0,0,0
PG18056_text.txt,30223,0.6826,6,200,0.00904,-0.00243,-0.00505,0.01127,0,0,0
PG18056_text.txt,30223,0.6826,6,300,-0.00838,-0.00317,-0.0018,0.01127,0,0,0
PG18056_text.txt,30223,0.6826,7,1,0.11336,-0.00162,-0.0029,0.01127,1,0,0
PG18056_text.txt,30223,0.6826,7,2,0.0735,-0.00851,0.00014,0.01127,1,0,0
PG18056_text.txt,30223,0.6826,7,5,0.04909,0.00424,0.0031,0.01127,1,0,0
PG18056_text.txt,30223,0.6826,7,10,0.0259,-0.00196,0.00881,0.01127,1,0,0
PG18056_text.txt,30223,0.6826,7,20,0.03714,-0.00316,-0.00229,0.01127,1,0,0
PG18056_text.txt,30223,0.6826,7,50,0.02545,-0.00634,-0.00199,0.01127,1,0,0
PG18056_text.txt,30223,0.6826,7,100,0.01249,0.00011,-0.00546,0.01127,1,0,0
PG18056_text.txt,30223,0.6826,7,200,0.00384,-0.00294,0.00496,0.01127,0,0,0
PG18056_text.txt,30223,0.6826,7,300,0.00119,-0.0056,-0.00458,0.01127,0,0,0
PG18056_text.txt,30223,0.6826,8,1,0.11914,-0.00383,-0.00977,0.01127,1,0,0
PG18056_text.txt,30223,0.6826,8,2,0.08289,-0.01222,0.00183,0.01127,1,1,0
PG18056_text.txt,30223,0.6826,8,5,0.0425,0.00798,-0.00307,0.01127,1,0,0
PG18056_text.txt,30223,0.6826,8,10,0.01432,0.00034,-0.00861,0.01127,1,0,0
PG18056_text.txt,30223,0.6826,8,20,0.0151,0.00333,0.00122,0.01127,1,0,0
PG18056_text.txt,30223,0.6826,8,50,0.01153,-0.00497,-0.00032,0.01127,1,0,0
PG18056_text.txt,30223,0.6826,8,100,0.00063,0.00649,0.00277,0.01127,0,0,0
PG18056_text.txt,30223,0.6826,8,200,-0.01099,-0.0043,-0.00581,0.01127,0,0,0
PG18056_text.txt,30223,0.6826,8,300,-0.0004,-0.00119,-0.00956,0.01127,0,0,0
PG18056_text.txt,30223,0.6826,9,1,0.06996,-0.00073,0.00142,0.01127,1,0,0
PG18056_text.txt,30223,0.6826,9,2,0.04583,0.00184,7e-05,0.01127,1,0,0
PG18056_text.txt,30223,0.6826,9,5,0.02574,0.00282,-0.00149,0.01127,1,0,0
PG18056_text.txt,30223,0.6826,9,10,0.01673,0.01408,-0.00567,0.01127,1,1,0
PG18056_text.txt,30223,0.6826,9,20,0.0105,0.004,0.00331,0.01127,0,0,0
PG18056_text.txt,30223,0.6826,9,50,0.00321,-0.00113,-0.0071,0.01127,0,0,0
PG18056_text.txt,30223,0.6826,9,100,0.00533,-0.00514,0.00408,0.01127,0,0,0
PG18056_text.txt,30223,0.6826,9,200,0.0041,0.01135,0.0026,0.01127,0,1,0
PG18056_text.txt,30223,0.6826,9,300,-0.00474,0.00967,-0.00635,0.01127,0,0,0
PG18056_text.txt,30223,0.6826,10,1,0.07407,0.00618,-0.00035,0.01127,1,0,0
PG18056_text.txt,30223,0.6826,10,2,0.05747,6e-05,-0.00302,0.01127,1,0,0
PG18056_text.txt,30223,0.6826,10,5,0.0291,0.00445,0.00045,0.01127,1,0,0
PG18056_text.txt,30223,0.6826,10,10,0.02555,-0.00287,0.00688,0.01127,1,0,0
PG18056_text.txt,30223,0.6826,10,20,0.00263,0.00923,-0.00722,0.01127,0,0,0
PG18056_text.txt,30223,0.6826,10,50,0.00962,0.00428,-0.00612,0.01127,0,0,0
PG18056_text.txt,30223,0.6826,10,100,0.00201,0.00799,-0.0107,0.01127,0,0,0
PG18056_text.txt,30223,0.6826,10,200,0.00169,0.00243,0.00369,0.01127,0,0,0
PG18056_text.txt,30223,0.6826,10,300,0.00201,-0.0019,-0.00285,0.01127,0,0,0
PG18056_text.txt,30223,0.6826,11,1,0.06742,0.00481,0.00027,0.01127,1,0,0
PG18056_text.txt,30223,0.6826,11,2,0.04644,0.00181,-0.00602,0.01127,1,0,0
PG18056_text.txt,30223,0.6826,11,5,0.02614,0.00286,0.00046,0.01127,1,0,0
PG18056_text.txt,30223,0.6826,11,10,0.01575,-0.0088,-0.00127,0.01127,1,0,0
PG18056_text.txt,30223,0.6826,11,20,0.02174,-0.00357,0.00366,0.01127,1,0,0
PG18056_text.txt,30223,0.6826,11,50,0.01435,0.00462,0.0042,0.01127,1,0,0
PG18056_text.txt,30223,0.6826,11,100,0.00256,-0.0088,0.00445,0.01127,0,0,0
PG18056_text.txt,30223,0.6826,11,200,0.00449,-0.00619,-0.00708,0.01127,0,0,0
PG18056_text.txt,30223,0.6826,11,300,0.00236,-0.0007,0.00328,0.01127,0,0,0
PG18056_text.txt,30223,0.6826,12,1,0.08839,-0.00497,0.00936,0.01127,1,0,0
PG18056_text.txt,30223,0.6826,12,2,0.05244,-0.00097,0.0032,0.01127,1,0,0
PG18056_text.txt,30223,0.6826,12,5,0.01321,-0.00527,0.00146,0.01127,1,0,0
PG18056_text.txt,30223,0.6826,12,10,0.00596,0.00214,-0.00022,0.01127,0,0,0
PG18056_text.txt,30223,0.6826,12,20,-0.00338,-0.00076,-0.00046,0.01127,0,0,0
PG18056_text.txt,30223,0.6826,12,50,0.00689,0.00276,-0.00687,0.01127,0,0,0
PG18056_text.txt,30223,0.6826,12,100,0.0007,0.00956,0.00301,0.01127,0,0,0
PG18056_text.txt,30223,0.6826,12,200,0.00532,0.00275,-0.0076,0.01127,0,0,0
PG18056_text.txt,30223,0.6826,12,300,0.00134,0.00276,0.00247,0.01127,0,0,0
PG18056_text.txt,30223,0.6826,13,1,0.06773,0.00729,-0.00866,0.01127,1,0,0
PG18056_text.txt,30223,0.6826,13,2,0.03819,0.00817,-0.00038,0.01127,1,0,0
PG18056_text.txt,30223,0.6826,13,5,0.02434,-0.00333,0.00581,0.01127,1,0,0
PG18056_text.txt,30223,0.6826,13,10,0.01088,0.00673,-0.00296,0.01127,0,0,0
PG18056_text.txt,30223,0.6826,13,20,0.01638,-0.00527,-0.00968,0.01127,1,0,0
PG18056_text.txt,30223,0.6826,13,50,0.01547,-0.01134,-0.0049,0.01127,1,1,0
PG18056_text.txt,30223,0.6826,13,100,7e-05,0.00773,-0.00113,0.01127,0,0,0
PG18056_text.txt,30223,0.6826,13,200,0.00328,2e-05,-0.01165,0.01127,0,0,1
PG18056_text.txt,30223,0.6826,13,300,0.00466,0.0032,0.01318,0.01127,0,0,1
PG18056_text.txt,30223,0.6826,14,1,0.08584,0.00565,0.00671,0.01127,1,0,0
PG18056_text.txt,30223,0.6826,14,2,0.04711,-0.01656,0.00049,0.01127,1,1,0
PG18056_text.txt,30223,0.6826,14,5,0.02267,0.00035,-0.00031,0.01127,1,0,0
PG18056_text.txt,30223,0.6826,14,10,0.01711,0.00572,-0.00402,0.01127,1,0,0
PG18056_text.txt,30223,0.6826,14,20,0.00924,-0.00489,0.00699,0.01127,0,0,0
PG18056_text.txt,30223,0.6826,14,50,0.0039,0.00787,0.00555,0.01127,0,0,0
PG18056_text.txt,30223,0.6826,14,100,-0.00426,-0.00995,-0.00352,0.01127,0,0,0
PG18056_text.txt,30223,0.6826,14,200,0.00562,0.00908,0.00648,0.01127,0,0,0
PG18056_text.txt,30223,0.6826,14,300,-0.00134,-0.00307,-0.00248,0.01127,0,0,0
PG18056_text.txt,30223,0.6826,15,1,0.06822,0.00123,0.00183,0.01127,1,0,0
PG18056_text.txt,30223,0.6826,15,2,0.04534,0.00562,0.00079,0.01127,1,0,0
PG18056_text.txt,30223,0.6826,15,5,0.02406,-0.00836,0.00394,0.01127,1,0,0
PG18056_text.txt,30223,0.6826,15,10,0.01072,0.00321,-0.00294,0.01127,0,0,0
PG18056_text.txt,30223,0.6826,15,20,0.00616,-0.00925,-0.00073,0.01127,0,0,0
PG18056_text.txt,30223,0.6826,15,50,0.00392,-0.00186,0.00625,0.01127,0,0,0
PG18056_text.txt,30223,0.6826,15,100,-0.00019,0.01054,0.00011,0.01127,0,0,0
PG18056_text.txt,30223,0.6826,15,200,0.00105,0.00564,-0.01369,0.01127,0,0,1
PG18056_text.txt,30223,0.6826,15,300,0.00603,-0.00346,0.00798,0.01127,0,0,0
PG18056_text.txt,30223,0.6826,16,1,0.058,-0.00046,0.01222,0.01127,1,0,1
PG18056_text.txt,30223,0.6826,16,2,0.0331,0.00406,0.0034,0.01127,1,0,0
PG18056_text.txt,30223,0.6826,16,5,0.01167,0.00521,-0.00409,0.01127,1,0,0
PG18056_text.txt,30223,0.6826,16,10,0.01091,-0.00055,-0.0013,0.01127,0,0,0
PG18056_text.txt,30223,0.6826,16,20,-0.00242,0.00189,0.00195,0.01127,0,0,0
PG18056_text.txt,30223,0.6826,16,50,0.01011,-0.00128,-0.00023,0.01127,0,0,0
PG18056_text.txt,30223,0.6826,16,100,0.00224,0.00679,-0.00403,0.01127,0,0,0
PG18056_text.txt,30223,0.6826,16,200,0.00209,-0.00379,0.00395,0.01127,0,0,0
PG18056_text.txt,30223,0.6826,16,300,-0.00195,0.00234,-0.00903,0.01127,0,0,0
PG18056_text.txt,30223,0.6826,17,1,0.07372,-0.00224,-0.00274,0.01127,1,0,0
PG18056_text.txt,30223,0.6826,17,2,0.02818,-0.01508,0.01313,0.01127,1,1,1
PG18056_text.txt,30223,0.6826,17,5,0.02361,0.00858,-0.00363,0.01127,1,0,0
PG18056_text.txt,30223,0.6826,17,10,0.00981,0.00363,-0.00175,0.01127,0,0,0
PG18056_text.txt,30223,0.6826,17,20,0.01878,0.00346,-0.00431,0.01127,1,0,0
PG18056_text.txt,30223,0.6826,17,50,0.00791,-0.00379,-0.00739,0.01127,0,0,0
PG18056_text.txt,30223,0.6826,17,100,-0.00753,0.00195,0.00786,0.01127,0,0,0
PG18056_text.txt,30223,0.6826,17,200,-0.00491,-0.00779,-0.00237,0.01127,0,0,0
PG18056_text.txt,30223,0.6826,17,300,0.01715,0.00824,-0.00017,0.01127,1,0,0
PG18056_text.txt,30223,0.6826,18,1,0.0659,-0.00147,-0.00016,0.01127,1,0,0
PG18056_text.txt,30223,0.6826,18,2,0.04134,-0.00875,0.00446,0.01127,1,0,0
PG18056_text.txt,30223,0.6826,18,5,0.01439,-0.00024,-0.00305,0.01127,1,0,0
PG18056_text.txt,30223,0.6826,18,10,0.01161,0.00493,0.0078,0.01127,1,0,0
PG18056_text.txt,30223,0.6826,18,20,0.007,0.00622,-0.00391,0.01127,0,0,0
PG18056_text.txt,30223,0.6826,18,50,0.01368,0.00904,0.00644,0.01127,1,0,0
PG18056_text.txt,30223,0.6826,18,100,0.00614,0.00204,-0.00579,0.01127,0,0,0
PG18056_text.txt,30223,0.6826,18,200,-0.00033,0.00104,0.0047,0.01127,0,0,0
PG18056_text.txt,30223,0.6826,18,300,0.00291,-0.00041,-0.00454,0.01127,0,0,0
PG18056_text.txt,30223,0.6826,19,1,0.06356,0.00962,-0.00031,0.01127,1,0,0
PG18056_text.txt,30223,0.6826,19,2,0.04451,0.00654,0.00368,0.01127,1,0,0
PG18056_text.txt,30223,0.6826,19,5,0.0119,0.00637,0.00515,0.01127,1,0,0
PG18056_text.txt,30223,0.6826,19,10,0.00051,-0.00501,-0.00058,0.01127,0,0,0
PG18056_text.txt,30223,0.6826,19,20,0.00984,0.00145,-0.00904,0.01127,0,0,0
PG18056_text.txt,30223,0.6826,19,50,0.00416,-0.00469,0.00171,0.01127,0,0,0
PG18056_text.txt,30223,0.6826,19,100,-0.00093,0.0001,0.00721,0.01127,0,0,0
PG18056_text.txt,30223,0.6826,19,200,-0.00333,-0.00105,0.00165,0.01127,0,0,0
PG18056_text.txt,30223,0.6826,19,300,-0.00309,0.0022,0.00058,0.01127,0,0,0
PG18056_text.txt,30223,0.6826,20,1,0.04352,-0.00083,0.0041,0.01127,1,0,0
PG18056_text.txt,30223,0.6826,20,2,0.03939,-0.00554,0.0025,0.01127,1,0,0
PG18056_text.txt,30223,0.6826,20,5,0.01851,0.00456,-0.00352,0.01127,1,0,0
PG18056_text.txt,30223,0.6826,20,10,0.01564,-0.00024,0.0046,0.01127,1,0,0
PG18056_text.txt,30223,0.6826,20,20,0.01093,0.00409,0.00258,0.01127,0,0,0
PG18056_text.txt,30223,0.6826,20,50,-0.00507,0.00362,0.00284,0.01127,0,0,0
PG18056_text.txt,30223,0.6826,20,100,0.00543,0.00194,0.0061,0.01127,0,0,0
PG18056_text.txt,30223,0.6826,20,200,0.00434,0.00058,-0.00045,0.01127,0,0,0
PG18056_text.txt,30223,0.6826,20,300,0.00454,0.00151,-0.01452,0.01127,0,0,1
PG1947_text.txt,40257,0.7098,1,1,0.09218,0.01196,-0.00778,0.00977,1,1,0
PG1947_text.txt,40257,0.7098,1,2,0.03872,0.00523,-0.00701,0.00977,1,0,0
PG1947_text.txt,40257,0.7098,1,5,0.03695,0.00404,-0.00378,0.00977,1,0,0
PG1947_text.txt,40257,0.7098,1,10,0.01151,0.00322,0.00078,0.00977,1,0,0
PG1947_text.txt,40257,0.7098,1,20,0.00467,-0.00314,0.00623,0.00977,0,0,0
PG1947_text.txt,40257,0.7098,1,50,0.01391,-0.00131,-0.00241,0.00977,1,0,0
PG1947_text.txt,40257,0.7098,1,100,0.00922,0.00581,-0.00051,0.00977,0,0,0
PG1947_text.txt,40257,0.7098,1,200,0.0081,0.00318,0.00191,0.00977,0,0,0
PG1947_text.txt,40257,0.7098,1,300,0.00167,0.00194,0.00269,0.00977,0,0,0
PG1947_text.txt,40257,0.7098,2,1,0.18789,0.00945,-0.00055,0.00977,1,0,0
PG1947_text.txt,40257,0.7098,2,2,0.12423,-0.00896,-0.00128,0.00977,1,0,0
PG1947_text.txt,40257,0.7098,2,5,0.08311,0.01034,-0.0026,0.00977,1,1,0
PG1947_text.txt,40257,0.7098,2,10,0.0733,0.00173,0.00349,0.00977,1,0,0
PG1947_text.txt,40257,0.7098,2,20,0.04971,0.0049,0.00117,0.00977,1,0,0
PG1947_text.txt,40257,0.7098,2,50,0.03658,0.00287,0.00186,0.00977,1,0,0
PG1947_text.txt,40257,0.7098,2,100,0.01817,0.00315,-0.00881,0.00977,1,0,0
PG1947_text.txt,40257,0.7098,2,200,0.00612,0.00207,-0.00116,0.00977,0,0,0
PG1947_text.txt,40257,0.7098,2,300,0.01567,-0.00565,-0.00223,0.00977,1,0,0
PG1947_text.txt,40257,0.7098,3,1,0.15068,-0.0009,0.00548,0.00977,1,0,0
PG1947_text.txt,40257,0.7098,3,2,0.10083,-0.00209,0.00572,0.00977,1,0,0
PG1947_text.txt,40257,0.7098,3,5,0.05702,-0.00375,0.00316,0.00977,1,0,0
PG1947_text.txt,40257,0.7098,3,10,0.0482,-0.00601,-0.00042,0.00977,1,0,0
PG1947_text.txt,40257,0.7098,3,20,0.03536,0.00653,0.00509,0.00977,1,0,0
PG1947_text.txt,40257,0.7098,3,50,0.02078,-0.00215,-0.00152,0.00977,1,0,0
PG1947_text.txt,40257,0.7098,3,100,0.00414,-0.00166,0.00117,0.00977,0,0,0
PG1947_text.txt,40257,0.7098,3,200,0.00981,-0.00095,0.00665,0.00977,1,0,0
PG1947_text.txt,40257,0.7098,3,300,0.01125,0.00117,-0.00827,0.00977,1,0,0
PG1947_text.txt,40257,0.7098,4,1,0.17793,-0.00327,0.00528,0.00977,1,0,0
PG1947_text.txt,40257,0.7098,4,2,0.11308,0.00095,0.01059,0.00977,1,0,1
PG1947_text.txt,40257,0.7098,4,5,0.07233,0.0011,0.00422,0.00977,1,0,0
PG1947_text.txt,40257,0.7098,4,10,0.04533,0.00085,-0.0025,0.00977,1,0,0
PG1947_text.txt,40257,0.7098,4,20,0.03669,0.00121,-0.00151,0.00977,1,0,0
PG1947_text.txt,40257,0.7098,4,50,0.024,0.00422,0.00217,0.00977,1,0,0
PG1947_text.txt,40257,0.7098,4,100,0.01139,0.00436,0.00432,0.00977,1,0,0
PG1947_text.txt,40257,0.7098,4,200,0.00462,0.00792,0.00358,0.00977,0,0,0
PG1947_text.txt,40257,0.7098,4,300,0.00855,0.00619,0.0057,0.00977,0,0,0
PG1947_text.txt,40257,0.7098,5,1,0.09475,-0.00419,0.00206,0.00977,1,0,0
PG1947_text.txt,40257,0.7098,5,2,0.06012,0.00441,-0.00901,0.00977,1,0,0
PG1947_text.txt,40257,0.7098,5,5,0.03963,0.00407,0.00117,0.00977,1,0,0
PG1947_text.txt,40257,0.7098,5,10,0.03219,-0.0072,-0.00388,0.00977,1,0,0
PG1947_text.txt,40257,0.7098,5,20,0.0238,0.00962,0.00842,0.00977,1,0,0
PG1947_text.txt,40257,0.7098,5,50,0.00811,0.00868,-0.00671,0.00977,0,0,0
PG1947_text.txt,40257,0.7098,5,100,0.00916,-0.00076,-0.00632,0.00977,0,0,0
PG1947_text.txt,40257,0.7098,5,200,0.01094,-0.00174,0.00419,0.00977,1,0,0
PG1947_text.txt,40257,0.7098,5,300,0.00379,-0.00332,7e-05,0.00977,0,0,0
PG1947_text.txt,40257,0.7098,6,1,0.1006,-0.00045,0.00622,0.00977,1,0,0
PG1947_text.txt,40257,0.7098,6,2,0.06089,0.00655,0.00033,0.00977,1,0,0
PG1947_text.txt,40257,0.7098,6,5,0.03368,0.0036,-0.0058,0.00977,1,0,0
PG1947_text.txt,40257,0.7098,6,10,0.02665,0.00172,0.00559,0.00977,1,0,0
PG1947_text.txt,40257,0.7098,6,20,0.02226,0.00804,-0.00329,0.00977,1,0,0
PG1947_text.txt,40257,0.7098,6,50,0.01389,-0.00787,0.00147,0.00977,1,0,0
PG1947_text.txt,40257,0.7098,6,100,0.00535,-0.00199,-0.00012,0.00977,0,0,0
PG1947_text.txt,40257,0.7098,6,200,0.00715,0.00663,0.00836,0.00977,0,0,0
PG1947_text.txt,40257,0.7098,6,300,0.01314,-0.00127,-0.01084,0.00977,1,0,1
PG1947_text.txt,40257,0.7098,7,1,0.10482,-0.00092,0.00093,0.00977,1,0,0
PG1947_text.txt,40257,0.7098,7,2,0.07052,-0.00302,0.00701,0.00977,1,0,0
PG1947_text.txt,40257,0.7098,7,5,0.0267,0.00218,-0.00364,0.00977,1,0,0
PG1947_text.txt,40257,0.7098,7,10,0.01891,0.00859,0.00355,0.00977,1,0,0
PG1947_text.txt,40257,0.7098,7,20,0.01493,-0.00343,0.00225,0.00977,1,0,0
PG1947_text.txt,40257,0.7098,7,50,0.01381,-9e-05,0.01016,0.00977,1,0,1
PG1947_text.txt,40257,0.7098,7,100,0.00665,-0.00177,0.00306,0.00977,0,0,0
PG1947_text.txt,40257,0.7098,7,200,0.00158,0.00554,-0.00833,0.00977,0,0,0
PG1947_text.txt,40257,0.7098,7,300,0.00185,-0.00612,-0.00138,0.00977,0,0,0
PG1947_text.txt,40257,0.7098,8,1,0.09795,0.01902,0.00326,0.00977,1,1,0
PG1947_text.txt,40257,0.7098,8,2,0.06371,-0.00992,0.00579,0.00977,1,1,0
PG1947_text.txt,40257,0.7098,8,5,0.03329,0.00218,-0.00068,0.00977,1,0,0
PG1947_text.txt,40257,0.7098,8,10,0.01299,0.00331,-0.00489,0.00977,1,0,0
PG1947_text.txt,40257,0.7098,8,20,0.01546,-0.00581,0.00401,0.00977,1,0,0
PG1947_text.txt,40257,0.7098,8,50,0.00372,0.00581,-0.00682,0.00977,0,0,0
PG1947_text.txt,40257,0.7098,8,100,0.0086,-0.0041,-0.00649,0.00977,0,0,0
PG1947_text.txt,40257,0.7098,8,200,0.00128,0.00364,0.00267,0.00977,0,0,0
PG1947_text.txt,40257,0.7098,8,300,-0.00448,-0.00331,-0.00118,0.00977,0,0,0
PG1947_text.txt,40257,0.7098,9,1,0.08756,0.0046,-0.00158,0.00977,1,0,0
PG1947_text.txt,40257,0.7098,9,2,0.04494,0.00047,0.00534,0.00977,1,0,0
PG1947_text.txt,40257,0.7098,9,5,0.02932,0.00088,0.00442,0.00977,1,0,0
PG1947_text.txt,40257,0.7098,9,10,0.01928,0.00402,0.0001,0.00977,1,0,0
PG1947_text.txt,40257,0.7098,9,20,0.02043,0.00123,-0.0053,0.00977,1,0,0
PG1947_text.txt,40257,0.7098,9,50,0.01164,-0.00364,0.00069,0.00977,1,0,0
PG1947_text.txt,40257,0.7098,9,100,0.0087,-0.00561,-0.00805,0.00977,0,0,0
PG1947_text.txt,40257,0.7098,9,200,0.00156,-0.00302,-0.00289,0.00977,0,0,0
PG1947_text.txt,40257,0.7098,9,300,0.00199,0.00161,0.00587,0.00977,0,0,0
PG1947_text.txt,40257,0.7098,10,1,0.09874,-0.01113,0.01275,0.00977,1,1,1
PG1947_text.txt,40257,0.7098,10,2,0.05532,0.00276,0.00521,0.00977,1,0,0
PG1947_text.txt,40257,0.7098,10,5,0.02992,-0.00275,0.00522,0.00977,1,0,0
PG1947_text.txt,40257,0.7098,10,10,0.01649,0.00295,0.00076,0.00977,1,0,0
PG1947_text.txt,40257,0.7098,10,20,0.01355,0.00114,-0.0012,0.00977,1,0,0
PG1947_text.txt,40257,0.7098,10,50,0.01644,0.00124,0.00804,0.00977,1,0,0
PG1947_text.txt,40257,0.7098,10,100,0.00072,0.01666,-0.00099,0.00977,0,1,0
PG1947_text.txt,40257,0.7098,10,200,0.00648,0.00156,-0.00011,0.00977,0,0,0
PG1947_text.txt,40257,0.7098,10,300,-0.00273,0.00138,-0.00892,0.00977,0,0,0
PG1947_text.txt,40257,0.7098,11,1,0.09331,-0.0045,-0.00437,0.00977,1,0,0
PG1947_text.txt,40257,0.7098,11,2,0.04464,0.00101,-0.00468,0.00977,1,0,0
PG1947_text.txt,40257,0.7098,11,5,0.03258,-0.00057,-0.00763,0.00977,1,0,0
PG1947_text.txt,40257,0.7098,11,10,0.01596,-0.00235,-0.00143,0.00977,1,0,0
PG1947_text.txt,40257,0.7098,11,20,0.01385,0.00564,-0.0038,0.00977,1,0,0
PG1947_text.txt,40257,0.7098,11,50,0.02349,-0.00178,0.00374,0.00977,1,0,0
PG1947_text.txt,40257,0.7098,11,100,-0.00763,-0.00292,0.00357,0.00977,0,0,0
PG1947_text.txt,40257,0.7098,11,200,0.0062,0.00082,-0.01132,0.00977,0,0,1
PG1947_text.txt,40257,0.7098,11,300,0.00535,0.00641,0.00037,0.00977,0,0,0
PG1947_text.txt,40257,0.7098,12,1,0.06175,-0.00798,-0.00723,0.00977,1,0,0
PG1947_text.txt,40257,0.7098,12,2,0.03948,-0.00725,-0.00255,0.00977,1,0,0
PG1947_text.txt,40257,0.7098,12,5,0.01851,-0.00262,-0.00256,0.00977,1,0,0
PG1947_text.txt,40257,0.7098,12,10,0.01068,0.00309,0.00992,0.00977,1,0,1
PG1947_text.txt,40257,0.7098,12,20,0.01172,0.00517,-0.00182,0.00977,1,0,0
PG1947_text.txt,40257,0.7098,12,50,-0.00125,0.00276,0.00642,0.00977,0,0,0
PG1947_text.txt,40257,0.7098,12,100,0.00846,-0.00204,-0.00057,0.00977,0,0,0
PG1947_text.txt,40257,0.7098,12,200,-0.00086,0.00207,0.00313,0.00977,0,0,0
PG1947_text.txt,40257,0.7098,12,300,-0.00066,0.00147,0.00357,0.00977,0,0,0
PG1947_text.txt,40257,0.7098,13,1,0.06462,-2e-05,0.00755,0.00977,1,0,0
PG1947_text.txt,40257,0.7098,13,2,0.02714,-0.00346,-0.00073,0.00977,1,0,0
PG1947_text.txt,40257,0.7098,13,5,0.01042,-0.00554,0.00113,0.00977,1,0,0
PG1947_text.txt,40257,0.7098,13,10,0.01156,-0.00268,-0.00156,0.00977,1,0,0
PG1947_text.txt,40257,0.7098,13,20,0.00756,-0.00419,-0.00681,0.00977,0,0,0
PG1947_text.txt,40257,0.7098,13,50,-0.00175,0.00151,-0.00336,0.00977,0,0,0
PG1947_text.txt,40257,0.7098,13,100,-0.00089,0.00132,0.00676,0.00977,0,0,0
PG1947_text.txt,40257,0.7098,13,200,0.00958,-0.00617,-0.0031,0.00977,0,0,0
PG1947_text.txt,40257,0.7098,13,300,0.00403,-0.00245,0.00092,0.00977,0,0,0
PG1947_text.txt,40257,0.7098,14,1,0.07139,-0.01276,-0.0018,0.00977,1,1,0
PG1947_text.txt,40257,0.7098,14,2,0.03112,0.00472,0.00406,0.00977,1,0,0
PG1947_text.txt,40257,0.7098,14,5,0.02436,0.0034,-0.00064,0.00977,1,0,0
PG1947_text.txt,40257,0.7098,14,10,0.01272,-0.00581,-0.00479,0.00977,1,0,0
PG1947_text.txt,40257,0.7098,14,20,0.01192,-0.00365,0.00642,0.00977,1,0,0
PG1947_text.txt,40257,0.7098,14,50,0.01595,-0.00017,0.00748,0.00977,1,0,0
PG1947_text.txt,40257,0.7098,14,100,0.01688,-0.00069,0.00308,0.00977,1,0,0
PG1947_text.txt,40257,0.7098,14,200,0.0079,-0.00312,0.00672,0.00977,0,0,0
PG1947_text.txt,40257,0.7098,14,300,0.00046,0.00337,0.00501,0.00977,0,0,0
PG1947_text.txt,40257,0.7098,15,1,0.05054,0.00105,0.00164,0.00977,1,0,0
PG1947_text.txt,40257,0.7098,15,2,0.02406,0.00282,0.0023,0.00977,1,0,0
PG1947_text.txt,40257,0.7098,15,5,0.01884,0.00244,-0.00196,0.00977,1,0,0
PG1947_text.txt,40257,0.7098,15,10,0.01103,-0.00042,-0.00065,0.00977,1,0,0
PG1947_text.txt,40257,0.7098,15,20,0.00974,0.00573,0.00155,0.00977,0,0,0
PG1947_text.txt,40257,0.7098,15,50,0.01236,0.00078,-8e-05,0.00977,1,0,0
PG1947_text.txt,40257,0.7098,15,100,0.00299,-0.00303,0.00448,0.00977,0,0,0
PG1947_text.txt,40257,0.7098,15,200,-0.00692,0.00198,-0.00047,0.00977,0,0,0
PG1947_text.txt,40257,0.7098,15,300,-0.00128,-0.00236,0.00217,0.00977,0,0,0
PG1947_text.txt,40257,0.7098,16,1,0.0467,-0.00356,-0.00352,0.00977,1,0,0
PG1947_text.txt,40257,0.7098,16,2,0.04572,-0.00034,-0.0005,0.00977,1,0,0
PG1947_text.txt,40257,0.7098,16,5,0.01129,0.00115,0.00405,0.00977,1,0,0
PG1947_text.txt,40257,0.7098,16,10,0.0115,0.01219,0.00435,0.00977,1,1,0
PG1947_text.txt,40257,0.7098,16,20,0.00385,0.01463,-0.00285,0.00977,0,1,0
PG1947_text.txt,40257,0.7098,16,50,0.00385,0.00764,0.01017,0.00977,0,0,1
PG1947_text.txt,40257,0.7098,16,100,0.00873,0.00502,-0.00096,0.00977,0,0,0
PG1947_text.txt,40257,0.7098,16,200,-0.0052,-0.00037,0.00605,0.00977,0,0,0
PG1947_text.txt,40257,0.7098,16,300,0.00012,0.00291,0.00581,0.00977,0,0,0
PG1947_text.txt,40257,0.7098,17,1,0.04055,-0.00074,0.00095,0.00977,1,0,0
PG1947_text.txt,40257,0.7098,17,2,0.03314,-0.00447,-0.0065,0.00977,1,0,0
PG1947_text.txt,40257,0.7098,17,5,0.01185,-0.00502,-0.00986,0.00977,1,0,1
PG1947_text.txt,40257,0.7098,17,10,0.00996,0.00014,-0.00631,0.00977,1,0,0
PG1947_text.txt,40257,0.7098,17,20,0.00446,0.00403,-0.00525,0.00977,0,0,0
PG1947_text.txt,40257,0.7098,17,50,0.00501,-0.00276,-0.0029,0.00977,0,0,0
PG1947_text.txt,40257,0.7098,17,100,-0.00285,-0.00464,-0.00239,0.00977,0,0,0
PG1947_text.txt,40257,0.7098,17,200,0.00096,-0.00823,0.00344,0.00977,0,0,0
PG1947_text.txt,40257,0.7098,17,300,0.00798,-0.00398,0.00494,0.00977,0,0,0
PG1947_text.txt,40257,0.7098,18,1,0.07094,-0.00411,-0.0003,0.00977,1,0,0
PG1947_text.txt,40257,0.7098,18,2,0.04349,-0.00853,-0.00095,0.00977,1,0,0
PG1947_text.txt,40257,0.7098,18,5,0.03063,-0.00904,-0.01698,0.00977,1,0,1
PG1947_text.txt,40257,0.7098,18,10,0.00577,-0.00334,-0.00748,0.00977,0,0,0
PG1947_text.txt,40257,0.7098,18,20,0.02078,-0.0053,0.00462,0.00977,1,0,0
PG1947_text.txt,40257,0.7098,18,50,0.01308,0.00542,0.00433,0.00977,1,0,0
PG1947_text.txt,40257,0.7098,18,100,0.0035,0.01032,-0.00221,0.00977,0,1,0
PG1947_text.txt,40257,0.7098,18,200,0.00443,-0.00636,-0.00094,0.00977,0,0,0
PG1947_text.txt,40257,0.7098,18,300,0.00545,0.00211,0.00722,0.00977,0,0,0
PG1947_text.txt,40257,0.7098,19,1,0.03774,-0.00297,0.00232,0.00977,1,0,0
PG1947_text.txt,40257,0.7098,19,2,0.01519,-0.00027,-0.00371,0.00977,1,0,0
PG1947_text.txt,40257,0.7098,19,5,0.01225,-0.00049,0.00638,0.00977,1,0,0
PG1947_text.txt,40257,0.7098,19,10,0.01149,0.00311,-0.00293,0.00977,1,0,0
PG1947_text.txt,40257,0.7098,19,20,0.00686,-0.00013,-0.00019,0.00977,0,0,0
PG1947_text.txt,40257,0.7098,19,50,0.0092,-0.0019,0.00518,0.00977,0,0,0
PG1947_text.txt,40257,0.7098,19,100,-0.00776,0.00464,0.0081,0.00977,0,0,0
PG1947_text.txt,40257,0.7098,19,200,-0.00863,-0.00081,-0.00236,0.00977,0,0,0
PG1947_text.txt,40257,0.7098,19,300,0.01173,0.00722,-0.00217,0.00977,1,0,0
PG1947_text.txt,40257,0.7098,20,1,0.07683,3e-05,-0.00054,0.00977,1,0,0
PG1947_text.txt,40257,0.7098,20,2,0.03171,-0.00484,0.00585,0.00977,1,0,0
PG1947_text.txt,40257,0.7098,20,5,0.01899,-0.00133,-0.00094,0.00977,1,0,0
PG1947_text.txt,40257,0.7098,20,10,0.01065,-0.00345,0.00641,0.00977,1,0,0
PG1947_text.txt,40257,0.7098,20,20,0.00699,0.00219,-0.00628,0.00977,0,0,0
PG1947_text.txt,40257,0.7098,20,50,0.00682,0.00088,1e-05,0.00977,0,0,0
PG1947_text.txt,40257,0.7098,20,100,0.00558,-0.00097,0.00083,0.00977,0,0,0
PG1947_text.txt,40257,0.7098,20,200,-0.00194,-0.00099,-0.00124,0.00977,0,0,0
PG1947_text.txt,40257,0.7098,20,300,-0.01487,0.00108,-0.00309,0.00977,1,0,0
PG2166_text.txt,27320,0.7271,1,1,0.09419,0.01019,0.00011,0.01186,1,0,0
PG2166_text.txt,27320,0.7271,1,2,0.04757,0.0007,0.00662,0.01186,1,0,0
PG2166_text.txt,27320,0.7271,1,5,0.03249,-0.00025,-0.0039,0.01186,1,0,0
PG2166_text.txt,27320,0.7271,1,10,0.02643,0.00432,0.00509,0.01186,1,0,0
PG2166_text.txt,27320,0.7271,1,20,0.01647,0.00549,0.00185,0.01186,1,0,0
PG2166_text.txt,27320,0.7271,1,50,0.01715,-0.00402,0.00316,0.01186,1,0,0
PG2166_text.txt,27320,0.7271,1,100,0.01466,0.00439,0.00141,0.01186,1,0,0
PG2166_text.txt,27320,0.7271,1,200,0.01191,-0.00894,0.0039,0.01186,1,0,0
PG2166_text.txt,27320,0.7271,1,300,0.00343,-0.00469,0.00092,0.01186,0,0,0
PG2166_text.txt,27320,0.7271,2,1,0.21725,0.00983,0.00187,0.01186,1,0,0
PG2166_text.txt,27320,0.7271,2,2,0.15259,-0.00794,-0.00217,0.01186,1,0,0
PG2166_text.txt,27320,0.7271,2,5,0.08918,-0.00037,-0.00865,0.01186,1,0,0
PG2166_text.txt,27320,0.7271,2,10,0.06712,0.00369,-0.00101,0.01186,1,0,0
PG2166_text.txt,27320,0.7271,2,20,0.04078,0.00319,-0.01459,0.01186,1,0,1
PG2166_text.txt,27320,0.7271,2,50,0.02943,-0.00671,0.00773,0.01186,1,0,0
PG2166_text.txt,27320,0.7271,2,100,0.01737,-0.00523,-0.00234,0.01186,1,0,0
PG2166_text.txt,27320,0.7271,2,200,0.02087,-0.00326,-0.00493,0.01186,1,0,0
PG2166_text.txt,27320,0.7271,2,300,0.00741,-0.00662,0.00254,0.01186,0,0,0
PG2166_text.txt,27320,0.7271,3,1,0.16942,-0.0043,0.00904,0.01186,1,0,0
PG2166_text.txt,27320,0.7271,3,2,0.10661,0.00938,0.0073,0.01186,1,0,0
PG2166_text.txt,27320,0.7271,3,5,0.06341,0.00249,0.00079,0.01186,1,0,0
PG2166_text.txt,27320,0.7271,3,10,0.05162,-0.0025,-0.00747,0.01186,1,0,0
PG2166_text.txt,27320,0.7271,3,20,0.03388,0.00146,-0.00473,0.01186,1,0,0
PG2166_text.txt,27320,0.7271,3,50,0.02144,0.00338,0.0093,0.01186,1,0,0
PG2166_text.txt,27320,0.7271,3,100,0.02312,-0.00235,0.00908,0.01186,1,0,0
PG2166_text.txt,27320,0.7271,3,200,0.00666,-0.00336,0.00285,0.01186,0,0,0
PG2166_text.txt,27320,0.7271,3,300,0.01578,0.00533,-0.00659,0.01186,1,0,0
PG2166_text.txt,27320,0.7271,4,1,0.10997,-0.00624,-0.01325,0.01186,1,0,1
PG2166_text.txt,27320,0.7271,4,2,0.07071,0.00404,-0.00426,0.01186,1,0,0
PG2166_text.txt,27320,0.7271,4,5,0.0508,0.0029,0.00124,0.01186,1,0,0
PG2166_text.txt,27320,0.7271,4,10,0.03622,-0.01939,-0.00971,0.01186,1,1,0
PG2166_text.txt,27320,0.7271,4,20,0.02123,-0.00071,0.0104,0.01186,1,0,0
PG2166_text.txt,27320,0.7271,4,50,0.02118,-0.00555,-0.00157,0.01186,1,0,0
PG2166_text.txt,27320,0.7271,4,100,0.00773,0.00717,0.0001,0.01186,0,0,0
PG2166_text.txt,27320,0.7271,4,200,0.00687,-0.0062,-0.0134,0.01186,0,0,1
PG2166_text.txt,27320,0.7271,4,300,3e-05,0.00233,-0.00777,0.01186,0,0,0
PG2166_text.txt,27320,0.7271,5,1,0.09258,-0.00139,0.00438,0.01186,1,0,0
PG2166_text.txt,27320,0.7271,5,2,0.06149,0.00199,0.00549,0.01186,1,0,0
PG2166_text.txt,27320,0.7271,5,5,0.04398,-0.00649,0.00462,0.01186,1,0,0
PG2166_text.txt,27320,0.7271,5,10,0.03469,-0.00452,-0.0054,0.01186,1,0,0
PG2166_text.txt,27320,0.7271,5,20,0.02125,0.00363,-0.00507,0.01186,1,0,0
PG2166_text.txt,27320,0.7271,5,50,0.02025,0.00312,0.00881,0.01186,1,0,0
PG2166_text.txt,27320,0.7271,5,100,0.02336,0.00316,9e-05,0.01186,1,0,0
PG2166_text.txt,27320,0.7271,5,200,0.01321,-0.01052,0.01103,0.01186,1,0,0
PG2166_text.txt,27320,0.7271,5,300,0.00694,0.0051,-0.0028,0.01186,0,0,0
PG2166_text.txt,27320,0.7271,6,1,0.13865,0.00682,0.0,0.01186,1,0,0
PG2166_text.txt,27320,0.7271,6,2,0.07619,0.00527,0.00138,0.01186,1,0,0
PG2166_text.txt,27320,0.7271,6,5,0.04537,0.0026,-0.00574,0.01186,1,0,0
PG2166_text.txt,27320,0.7271,6,10,0.03109,-0.00621,0.00424,0.01186,1,0,0
PG2166_text.txt,27320,0.7271,6,20,0.01625,-0.00031,0.00535,0.01186,1,0,0
PG2166_text.txt,27320,0.7271,6,50,0.00801,-0.00312,0.00519,0.01186,0,0,0
PG2166_text.txt,27320,0.7271,6,100,0.01213,-0.01254,0.0006,0.01186,1,1,0
PG2166_text.txt,27320,0.7271,6,200,-0.00247,-0.00284,0.00812,0.01186,0,0,0
PG2166_text.txt,27320,0.7271,6,300,-0.00487,0.00518,0.00362,0.01186,0,0,0
PG2166_text.txt,27320,0.7271,7,1,0.10264,0.00752,-0.00115,0.01186,1,0,0
PG2166_text.txt,27320,0.7271,7,2,0.06214,-0.00288,0.00598,0.01186,1,0,0
PG2166_text.txt,27320,0.7271,7,5,0.04278,0.00351,-0.00299,0.01186,1,0,0
PG2166_text.txt,27320,0.7271,7,10,0.0422,0.0037,-0.00273,0.01186,1,0,0
PG2166_text.txt,27320,0.7271,7,20,0.03235,0.0014,0.01116,0.01186,1,0,0
PG2166_text.txt,27320,0.7271,7,50,0.01772,-0.00203,0.00149,0.01186,1,0,0
PG2166_text.txt,27320,0.7271,7,100,0.01855,0.00608,-0.00239,0.01186,1,0,0
PG2166_text.txt,27320,0.7271,7,200,0.01189,0.00082,-0.0044,0.01186,1,0,0
PG2166_text.txt,27320,0.7271,7,300,0.01471,0.00505,0.00066,0.01186,1,0,0
PG2166_text.txt,27320,0.7271,8,1,0.11647,0.00197,0.00492,0.01186,1,0,0
PG2166_text.txt,27320,0.7271,8,2,0.06933,0.00359,0.00198,0.01186,1,0,0
PG2166_text.txt,27320,0.7271,8,5,0.04446,0.00679,-0.01454,0.01186,1,0,1
PG2166_text.txt,27320,0.7271,8,10,0.03734,0.01148,0.00353,0.01186,1,0,0
PG2166_text.txt,27320,0.7271,8,20,0.02135,0.00368,0.00115,0.01186,1,0,0
PG2166_text.txt,27320,0.7271,8,50,0.02967,6e-05,0.0133,0.01186,1,0,1
PG2166_text.txt,27320,0.7271,8,100,0.01951,0.00564,-0.00165,0.01186,1,0,0
PG2166_text.txt,27320,0.7271,8,200,0.00688,-0.00538,-0.00766,0.01186,0,0,0
PG2166_text.txt,27320,0.7271,8,300,0.00386,-0.00387,0.00789,0.01186,0,0,0
PG2166_text.txt,27320,0.7271,9,1,0.14994,0.00522,0.00365,0.01186,1,0,0
PG2166_text.txt,27320,0.7271,9,2,0.05782,0.00366,-0.00158,0.01186,1,0,0
PG2166_text.txt,27320,0.7271,9,5,0.03361,-0.00088,0.00231,0.01186,1,0,0
PG2166_text.txt,27320,0.7271,9,10,0.02607,-0.01351,-0.00014,0.01186,1,1,0
PG2166_text.txt,27320,0.7271,9,20,0.01596,0.0082,0.0039,0.01186,1,0,0
PG2166_text.txt,27320,0.7271,9,50,0.02264,0.00248,-0.00583,0.01186,1,0,0
PG2166_text.txt,27320,0.7271,9,100,0.00796,0.00084,0.00103,0.01186,0,0,0
PG2166_text.txt,27320,0.7271,9,200,-0.00437,-0.00366,-0.00521,0.01186,0,0,0
PG2166_text.txt,27320,0.7271,9,300,-0.00827,-0.00066,-0.00733,0.01186,0,0,0
PG2166_text.txt,27320,0.7271,10,1,0.11354,0.00297,-0.00746,0.01186,1,0,0
PG2166_text.txt,27320,0.7271,10,2,0.06468,-0.01121,0.00378,0.01186,1,0,0
PG2166_text.txt,27320,0.7271,10,5,0.04261,0.00806,-0.00152,0.01186,1,0,0
PG2166_text.txt,27320,0.7271,10,10,0.00855,0.00484,-0.00356,0.01186,0,0,0
PG2166_text.txt,27320,0.7271,10,20,0.01976,-0.01004,0.00338,0.01186,1,0,0
PG2166_text.txt,27320,0.7271,10,50,0.00954,0.00088,-0.00669,0.01186,0,0,0
PG2166_text.txt,27320,0.7271,10,100,0.00911,-0.00493,-0.00157,0.01186,0,0,0
PG2166_text.txt,27320,0.7271,10,200,-0.00036,-0.00689,0.00419,0.01186,0,0,0
PG2166_text.txt,27320,0.7271,10,300,0.00027,0.00402,-0.00677,0.01186,0,0,0
PG2166_text.txt,27320,0.7271,11,1,0.07617,0.00257,-0.00801,0.01186,1,0,0
PG2166_text.txt,27320,0.7271,11,2,0.05027,-0.00866,-0.0026,0.01186,1,0,0
PG2166_text.txt,27320,0.7271,11,5,0.0357,-0.00535,0.00367,0.01186,1,0,0
PG2166_text.txt,27320,0.7271,11,10,0.02676,-0.00692,0.00438,0.01186,1,0,0
PG2166_text.txt,27320,0.7271,11,20,0.01669,-0.00078,-0.00217,0.01186,1,0,0
PG2166_text.txt,27320,0.7271,11,50,0.01548,0.00067,0.00593,0.01186,1,0,0
PG2166_text.txt,27320,0.7271,11,100,0.0164,-0.00269,-0.00495,0.01186,1,0,0
PG2166_text.txt,27320,0.7271,11,200,0.00256,0.002,-0.00262,0.01186,0,0,0
PG2166_text.txt,27320,0.7271,11,300,0.0115,0.00444,-0.00285,0.01186,0,0,0
PG2166_text.txt,27320,0.7271,12,1,0.07976,-0.00824,0.00237,0.01186,1,0,0
PG2166_text.txt,27320,0.7271,12,2,0.04045,-0.00993,-0.00063,0.01186,1,0,0
PG2166_text.txt,27320,0.7271,12,5,0.03758,0.00614,-0.00878,0.01186,1,0,0
PG2166_text.txt,27320,0.7271,12,10,0.0198,0.00426,0.00265,0.01186,1,0,0
PG2166_text.txt,27320,0.7271,12,20,0.03691,0.00486,0.01071,0.01186,1,0,0
PG2166_text.txt,27320,0.7271,12,50,0.01152,-0.0005,-0.00604,0.01186,0,0,0
PG2166_text.txt,27320,0.7271,12,100,0.01886,-0.00089,-0.00037,0.01186,1,0,0
PG2166_text.txt,27320,0.7271,12,200,0.01312,0.0017,-0.00244,0.01186,1,0,0
PG2166_text.txt,27320,0.7271,12,300,0.0061,0.00351,0.00103,0.01186,0,0,0
PG2166_text.txt,27320,0.7271,13,1,0.07758,-2e-05,0.00215,0.01186,1,0,0
PG2166_text.txt,27320,0.7271,13,2,0.04463,0.0075,0.00221,0.01186,1,0,0
PG2166_text.txt,27320,0.7271,13,5,0.01223,0.00171,0.00812,0.01186,1,0,0
PG2166_text.txt,27320,0.7271,13,10,0.01159,0.00114,0.00412,0.01186,0,0,0
PG2166_text.txt,27320,0.7271,13,20,0.0097,0.00156,-0.0027,0.01186,0,0,0
PG2166_text.txt,27320,0.7271,13,50,0.00494,-0.00557,0.00702,0.01186,0,0,0
PG2166_text.txt,27320,0.7271,13,100,0.01323,-0.00556,-0.00918,0.01186,1,0,0
PG2166_text.txt,27320,0.7271,13,200,0.00802,-0.00391,-0.00129,0.01186,0,0,0
PG2166_text.txt,27320,0.7271,13,300,0.00166,0.01409,-0.00586,0.01186,0,1,0
PG2166_text.txt,27320,0.7271,14,1,0.06559,0.00224,-0.01127,0.01186,1,0,0
PG2166_text.txt,27320,0.7271,14,2,0.04472,-0.00533,-0.00135,0.01186,1,0,0
PG2166_text.txt,27320,0.7271,14,5,0.03334,-0.0018,0.00045,0.01186,1,0,0
PG2166_text.txt,27320,0.7271,14,10,0.02038,-2e-05,-0.00669,0.01186,1,0,0
PG2166_text.txt,27320,0.7271,14,20,0.01711,-0.00112,-0.00027,0.01186,1,0,0
PG2166_text.txt,27320,0.7271,14,50,0.01354,0.00074,-0.00513,0.01186,1,0,0
PG2166_text.txt,27320,0.7271,14,100,0.00266,0.00864,-0.00104,0.01186,0,0,0
PG2166_text.txt,27320,0.7271,14,200,0.01488,0.00227,-0.00026,0.01186,1,0,0
PG2166_text.txt,27320,0.7271,14,300,0.00496,-0.00214,0.00011,0.01186,0,0,0
PG2166_text.txt,27320,0.7271,15,1,0.07684,-0.002,7e-05,0.01186,1,0,0
PG2166_text.txt,27320,0.7271,15,2,0.0461,0.01242,-0.00896,0.01186,1,1,0
PG2166_text.txt,27320,0.7271,15,5,0.02709,0.00112,-0.00166,0.01186,1,0,0
PG2166_text.txt,27320,0.7271,15,10,0.02854,0.00404,0.00074,0.01186,1,0,0
PG2166_text.txt,27320,0.7271,15,20,0.00851,-0.00084,0.00297,0.01186,0,0,0
PG2166_text.txt,27320,0.7271,15,50,0.00336,-0.00066,-0.00683,0.01186,0,0,0
PG2166_text.txt,27320,0.7271,15,100,-0.00291,-0.00253,-0.00693,0.01186,0,0,0
PG2166_text.txt,27320,0.7271,15,200,0.00499,-0.00091,0.01246,0.01186,0,0,1
PG2166_text.txt,27320,0.7271,15,300,0.00522,0.00018,-0.00734,0.01186,0,0,0
PG2166_text.txt,27320,0.7271,16,1,0.09428,0.00473,-0.00807,0.01186,1,0,0
PG2166_text.txt,27320,0.7271,16,2,0.04889,-0.00096,-0.00613,0.01186,1,0,0
PG2166_text.txt,27320,0.7271,16,5,0.03108,-0.01031,-0.00583,0.01186,1,0,0
PG2166_text.txt,27320,0.7271,16,10,0.02689,-0.00048,0.00789,0.01186,1,0,0
PG2166_text.txt,27320,0.7271,16,20,0.01501,-0.00781,0.01461,0.01186,1,0,1
PG2166_text.txt,27320,0.7271,16,50,0.01715,0.01773,0.00236,0.01186,1,1,0
PG2166_text.txt,27320,0.7271,16,100,0.00411,0.01106,-0.00853,0.01186,0,0,0
PG2166_text.txt,27320,0.7271,16,200,0.0073,-0.0119,-0.0004,0.01186,0,1,0
PG2166_text.txt,27320,0.7271,16,300,0.00546,0.0039,-0.00712,0.01186,0,0,0
PG2166_text.txt,27320,0.7271,17,1,0.07579,0.00959,-0.00351,0.01186,1,0,0
PG2166_text.txt,27320,0.7271,17,2,0.04602,-0.00039,0.00471,0.01186,1,0,0
PG2166_text.txt,27320,0.7271,17,5,0.02911,0.00509,0.00322,0.01186,1,0,0
PG2166_text.txt,27320,0.7271,17,10,0.02805,-0.00473,-0.00366,0.01186,1,0,0
PG2166_text.txt,27320,0.7271,17,20,0.01924,-0.00266,0.01278,0.01186,1,0,1
PG2166_text.txt,27320,0.7271,17,50,0.01648,-0.00302,0.00752,0.01186,1,0,0
PG2166_text.txt,27320,0.7271,17,100,0.01046,0.00974,-0.00181,0.01186,0,0,0
PG2166_text.txt,27320,0.7271,17,200,0.0117,-0.00275,-0.00829,0.01186,0,0,0
PG2166_text.txt,27320,0.7271,17,300,0.00144,-0.00355,-0.00656,0.01186,0,0,0
PG2166_text.txt,27320,0.7271,18,1,0.0559,-0.00275,-0.00226,0.01186,1,0,0
PG2166_text.txt,27320,0.7271,18,2,0.02747,0.01159,0.00355,0.01186,1,0,0
PG2166_text.txt,27320,0.7271,18,5,0.02616,-0.00726,0.0032,0.01186,1,0,0
PG2166_text.txt,27320,0.7271,18,10,0.02646,0.00271,0.00269,0.01186,1,0,0
PG2166_text.txt,27320,0.7271,18,20,0.01773,0.00896,-0.00877,0.01186,1,0,0
PG2166_text.txt,27320,0.7271,18,50,0.00773,0.00355,-0.01246,0.01186,0,0,1
PG2166_text.txt,27320,0.7271,18,100,0.00889,0.004,-0.00535,0.01186,0,0,0
PG2166_text.txt,27320,0.7271,18,200,0.00499,-0.00895,-0.00952,0.01186,0,0,0
PG2166_text.txt,27320,0.7271,18,300,0.01434,0.00922,0.01183,0.01186,1,0,0
PG2166_text.txt,27320,0.7271,19,1,0.05816,-0.01102,-0.00729,0.01186,1,0,0
PG2166_text.txt,27320,0.7271,19,2,0.02861,-0.00344,-0.00143,0.01186,1,0,0
PG2166_text.txt,27320,0.7271,19,5,0.0146,0.0062,-0.00381,0.01186,1,0,0
PG2166_text.txt,27320,0.7271,19,10,0.01685,-0.00166,-0.01012,0.01186,1,0,0
PG2166_text.txt,27320,0.7271,19,20,0.01588,0.00234,-0.00714,0.01186,1,0,0
PG2166_text.txt,27320,0.7271,19,50,0.01255,0.00197,0.00477,0.01186,1,0,0
PG2166_text.txt,27320,0.7271,19,100,-0.00082,-0.00669,0.01156,0.01186,0,0,0
PG2166_text.txt,27320,0.7271,19,200,-0.00623,0.00877,-0.00249,0.01186,0,0,0
PG2166_text.txt,27320,0.7271,19,300,-0.01018,0.00528,-0.00388,0.01186,0,0,0
PG2166_text.txt,27320,0.7271,20,1,0.09323,0.00454,-0.00045,0.01186,1,0,0
PG2166_text.txt,27320,0.7271,20,2,0.03339,0.00148,-0.00296,0.01186,1,0,0
PG2166_text.txt,27320,0.7271,20,5,0.02785,0.00048,0.00973,0.01186,1,0,0
PG2166_text.txt,27320,0.7271,20,10,0.01961,-0.00429,-0.01029,0.01186,1,0,0
PG2166_text.txt,27320,0.7271,20,20,0.01368,0.00714,0.00686,0.01186,1,0,0
PG2166_text.txt,27320,0.7271,20,50,0.00937,0.0082,0.00145,0.01186,0,0,0
PG2166_text.txt,27320,0.7271,20,100,0.00138,-0.00705,-0.00453,0.01186,0,0,0
PG2166_text.txt,27320,0.7271,20,200,0.02712,0.00872,-0.00206,0.01186,1,0,0
PG2166_text.txt,27320,0.7271,20,300,-0.00439,-0.00061,-0.00459,0.01186,0,0,0
PG23784_text.txt,105510,0.7439,1,1,0.08628,0.01532,0.0023,0.00603,1,1,0
PG23784_text.txt,105510,0.7439,1,2,0.04408,0.01418,-0.00753,0.00603,1,1,1
PG23784_text.txt,105510,0.7439,1,5,0.0246,0.00786,-0.00068,0.00603,1,1,0
PG23784_text.txt,105510,0.7439,1,10,0.01675,0.00668,0.0029,0.00603,1,1,0
PG23784_text.txt,105510,0.7439,1,20,0.00572,0.00615,-0.00144,0.00603,0,1,0
PG23784_text.txt,105510,0.7439,1,50,0.00827,0.00144,-0.00043,0.00603,1,0,0
PG23784_text.txt,105510,0.7439,1,100,0.00484,0.00306,0.00279,0.00603,0,0,0
PG23784_text.txt,105510,0.7439,1,200,-0.00113,0.00021,0.0007,0.00603,0,0,0
PG23784_text.txt,105510,0.7439,1,300,-0.00234,0.00074,0.00302,0.00603,0,0,0
PG23784_text.txt,105510,0.7439,2,1,0.24554,-0.00285,0.00077,0.00603,1,0,0
PG23784_text.txt,105510,0.7439,2,2,0.17334,-0.00301,-0.00177,0.00603,1,0,0
PG23784_text.txt,105510,0.7439,2,5,0.11333,-0.00045,-0.00458,0.00603,1,0,0
PG23784_text.txt,105510,0.7439,2,10,0.07967,-0.00537,0.00336,0.00603,1,0,0
PG23784_text.txt,105510,0.7439,2,20,0.04583,-0.00216,0.00445,0.00603,1,0,0
PG23784_text.txt,105510,0.7439,2,50,0.02705,-0.00539,0.00038,0.00603,1,0,0
PG23784_text.txt,105510,0.7439,2,100,0.01696,-0.00079,-0.00415,0.00603,1,0,0
PG23784_text.txt,105510,0.7439,2,200,0.01896,-0.00209,0.00426,0.00603,1,0,0
PG23784_text.txt,105510,0.7439,2,300,0.00805,-0.00117,-0.00558,0.00603,1,0,0
PG23784_text.txt,105510,0.7439,3,1,0.16483,0.00907,0.00374,0.00603,1,1,0
PG23784_text.txt,105510,0.7439,3,2,0.1046,0.00475,-0.00454,0.00603,1,0,0
PG23784_text.txt,105510,0.7439,3,5,0.06574,0.00483,0.00454,0.00603,1,0,0
PG23784_text.txt,105510,0.7439,3,10,0.04804,-0.00303,0.00425,0.00603,1,0,0
PG23784_text.txt,105510,0.7439,3,20,0.0447,-0.00269,0.00163,0.00603,1,0,0
PG23784_text.txt,105510,0.7439,3,50,0.02713,0.00558,0.00486,0.00603,1,0,0
PG23784_text.txt,105510,0.7439,3,100,0.02172,0.0045,0.00139,0.00603,1,0,0
PG23784_text.txt,105510,0.7439,3,200,0.01583,0.00603,-0.00535,0.00603,1,0,0
PG23784_text.txt,105510,0.7439,3,300,0.01199,0.00463,0.00195,0.00603,1,0,0
PG23784_text.txt,105510,0.7439,4,1,0.22003,0.00114,-0.00537,0.00603,1,0,0
PG23784_text.txt,105510,0.7439,4,2,0.14695,-0.00089,-0.0037,0.00603,1,0,0
PG23784_text.txt,105510,0.7439,4,5,0.09425,-0.00039,-0.00348,0.00603,1,0,0
PG23784_text.txt,105510,0.7439,4,10,0.06974,-5e-05,0.00325,0.00603,1,0,0
PG23784_text.txt,105510,0.7439,4,20,0.04881,0.00162,0.00257,0.00603,1,0,0
PG23784_text.txt,105510,0.7439,4,50,0.02596,-0.00261,0.0017,0.00603,1,0,0
PG23784_text.txt,105510,0.7439,4,100,0.0145,-0.00182,-0.00397,0.00603,1,0,0
PG23784_text.txt,105510,0.7439,4,200,0.01297,0.00248,-0.00262,0.00603,1,0,0
PG23784_text.txt,105510,0.7439,4,300,0.00319,0.00245,-0.00109,0.00603,0,0,0
PG23784_text.txt,105510,0.7439,5,1,0.11206,-0.00199,0.00264,0.00603,1,0,0
PG23784_text.txt,105510,0.7439,5,2,0.05562,-0.00031,-0.00638,0.00603,1,0,1
PG23784_text.txt,105510,0.7439,5,5,0.03507,-0.0005,-0.00128,0.00603,1,0,0
PG23784_text.txt,105510,0.7439,5,10,0.03012,-0.00301,-0.00065,0.00603,1,0,0
PG23784_text.txt,105510,0.7439,5,20,0.01735,-0.00059,-0.00273,0.00603,1,0,0
PG23784_text.txt,105510,0.7439,5,50,0.01062,-0.00382,0.00371,0.00603,1,0,0
PG23784_text.txt,105510,0.7439,5,100,0.01198,0.00254,-0.00507,0.00603,1,0,0
PG23784_text.txt,105510,0.7439,5,200,0.00567,-0.00117,-0.00026,0.00603,0,0,0
PG23784_text.txt,105510,0.7439,5,300,0.00114,0.00241,-0.0065,0.00603,0,0,1
PG23784_text.txt,105510,0.7439,6,1,0.13137,-0.00038,0.00091,0.00603,1,0,0
PG23784_text.txt,105510,0.7439,6,2,0.07891,0.00672,-0.00262,0.00603,1,1,0
PG23784_text.txt,105510,0.7439,6,5,0.03914,-0.00053,-0.00669,0.00603,1,0,1
PG23784_text.txt,105510,0.7439,6,10,0.02221,-0.00832,-0.00445,0.00603,1,1,0
PG23784_text.txt,105510,0.7439,6,20,0.0187,0.00204,-0.0017,0.00603,1,0,0
PG23784_text.txt,105510,0.7439,6,50,0.00196,-0.00812,-7e-05,0.00603,0,1,0
PG23784_text.txt,105510,0.7439,6,100,0.01065,-0.00566,0.0033,0.00603,1,0,0
PG23784_text.txt,105510,0.7439,6,200,0.00088,-0.00161,-0.00276,0.00603,0,0,0
PG23784_text.txt,105510,0.7439,6,300,-0.00198,-0.00077,-0.0033,0.00603,0,0,0
PG23784_text.txt,105510,0.7439,7,1,0.09645,0.00351,-0.00276,0.00603,1,0,0
PG23784_text.txt,105510,0.7439,7,2,0.05724,-0.00293,0.00319,0.00603,1,0,0
PG23784_text.txt,105510,0.7439,7,5,0.03071,0.00044,0.0037,0.00603,1,0,0
PG23784_text.txt,105510,0.7439,7,10,0.02008,-0.00019,-0.00118,0.00603,1,0,0
PG23784_text.txt,105510,0.7439,7,20,0.01801,-0.0008,0.00148,0.00603,1,0,0
PG23784_text.txt,105510,0.7439,7,50,0.01301,0.00175,0.00189,0.00603,1,0,0
PG23784_text.txt,105510,0.7439,7,100,0.01028,0.00123,0.00481,0.00603,1,0,0
PG23784_text.txt,105510,0.7439,7,200,0.00796,0.00147,0.00131,0.00603,1,0,0
PG23784_text.txt,105510,0.7439,7,300,0.00489,-0.00361,0.00886,0.00603,0,0,1
PG23784_text.txt,105510,0.7439,8,1,0.12671,0.00118,-0.00075,0.00603,1,0,0
PG23784_text.txt,105510,0.7439,8,2,0.08162,0.00454,-0.00038,0.00603,1,0,0
PG23784_text.txt,105510,0.7439,8,5,0.04225,-0.00586,-9e-05,0.00603,1,0,0
PG23784_text.txt,105510,0.7439,8,10,0.02866,-0.0016,-0.00169,0.00603,1,0,0
PG23784_text.txt,105510,0.7439,8,20,0.01998,-0.00073,-0.00126,0.00603,1,0,0
PG23784_text.txt,105510,0.7439,8,50,0.00848,0.0001,-0.00276,0.00603,1,0,0
PG23784_text.txt,105510,0.7439,8,100,0.00663,9e-05,0.00311,0.00603,1,0,0
PG23784_text.txt,105510,0.7439,8,200,0.00525,0.00111,-0.00119,0.00603,0,0,0
PG23784_text.txt,105510,0.7439,8,300,0.01473,-0.00183,-0.001,0.00603,1,0,0
PG23784_text.txt,105510,0.7439,9,1,0.08967,-0.00465,-0.00081,0.00603,1,0,0
PG23784_text.txt,105510,0.7439,9,2,0.05712,-0.00107,-0.00732,0.00603,1,0,1
PG23784_text.txt,105510,0.7439,9,5,0.02626,0.00531,-0.00035,0.00603,1,0,0
PG23784_text.txt,105510,0.7439,9,10,0.0149,0.00153,0.00076,0.00603,1,0,0
PG23784_text.txt,105510,0.7439,9,20,0.01044,0.00217,-0.00216,0.00603,1,0,0
PG23784_text.txt,105510,0.7439,9,50,0.00547,0.00252,-0.0016,0.00603,0,0,0
PG23784_text.txt,105510,0.7439,9,100,0.00418,0.00086,-0.0014,0.00603,0,0,0
PG23784_text.txt,105510,0.7439,9,200,0.0027,-0.00041,-0.00503,0.00603,0,0,0
PG23784_text.txt,105510,0.7439,9,300,0.00422,0.00193,0.00284,0.00603,0,0,0
PG23784_text.txt,105510,0.7439,10,1,0.09224,0.00142,0.00558,0.00603,1,0,0
PG23784_text.txt,105510,0.7439,10,2,0.0509,0.00243,0.00053,0.00603,1,0,0
PG23784_text.txt,105510,0.7439,10,5,0.02635,-0.00075,-0.00215,0.00603,1,0,0
PG23784_text.txt,105510,0.7439,10,10,0.01472,-0.00382,0.00204,0.00603,1,0,0
PG23784_text.txt,105510,0.7439,10,20,0.01352,-0.00773,-0.00409,0.00603,1,1,0
PG23784_text.txt,105510,0.7439,10,50,0.01029,0.00309,0.00035,0.00603,1,0,0
PG23784_text.txt,105510,0.7439,10,100,0.00424,0.00453,-0.00049,0.00603,0,0,0
PG23784_text.txt,105510,0.7439,10,200,-0.00139,-0.00133,-0.00281,0.00603,0,0,0
PG23784_text.txt,105510,0.7439,10,300,-0.00075,0.00387,-0.00599,0.00603,0,0,0
PG23784_text.txt,105510,0.7439,11,1,0.08186,-0.00292,0.00179,0.00603,1,0,0
PG23784_text.txt,105510,0.7439,11,2,0.04379,-0.00051,-0.00413,0.00603,1,0,0
PG23784_text.txt,105510,0.7439,11,5,0.01569,-0.00177,0.00453,0.00603,1,0,0
PG23784_text.txt,105510,0.7439,11,10,0.01235,0.00166,0.00042,0.00603,1,0,0
PG23784_text.txt,105510,0.7439,11,20,0.00642,-0.00503,0.00044,0.00603,1,0,0
PG23784_text.txt,105510,0.7439,11,50,-0.00156,0.00188,-0.0007,0.00603,0,0,0
PG23784_text.txt,105510,0.7439,11,100,0.00051,-0.00289,-0.00289,0.00603,0,0,0
PG23784_text.txt,105510,0.7439,11,200,0.00161,0.00455,-0.00323,0.00603,0,0,0
PG23784_text.txt,105510,0.7439,11,300,0.00037,0.00675,0.00261,0.00603,0,1,0
PG23784_text.txt,105510,0.7439,12,1,0.08671,-0.00255,0.0056,0.00603,1,0,0
PG23784_text.txt,105510,0.7439,12,2,0.04179,0.00289,-0.00269,0.00603,1,0,0
PG23784_text.txt,105510,0.7439,12,5,0.01993,0.00321,0.00189,0.00603,1,0,0
PG23784_text.txt,105510,0.7439,12,10,0.01514,-0.00059,-0.00272,0.00603,1,0,0
PG23784_text.txt,105510,0.7439,12,20,0.00592,-0.00203,-0.00107,0.00603,0,0,0
PG23784_text.txt,105510,0.7439,12,50,0.00011,-0.0001,-0.00386,0.00603,0,0,0
PG23784_text.txt,105510,0.7439,12,100,0.00173,0.003,-0.00103,0.00603,0,0,0
PG23784_text.txt,105510,0.7439,12,200,0.00193,0.00534,-0.00123,0.00603,0,0,0
PG23784_text.txt,105510,0.7439,12,300,0.00721,0.00198,-0.00024,0.00603,1,0,0
PG23784_text.txt,105510,0.7439,13,1,0.0839,-0.00396,0.00058,0.00603,1,0,0
PG23784_text.txt,105510,0.7439,13,2,0.04411,0.00336,-0.00571,0.00603,1,0,0
PG23784_text.txt,105510,0.7439,13,5,0.02731,0.00287,-0.00062,0.00603,1,0,0
PG23784_text.txt,105510,0.7439,13,10,0.01485,0.00275,0.00234,0.00603,1,0,0
PG23784_text.txt,105510,0.7439,13,20,0.00905,0.00565,-0.00141,0.00603,1,0,0
PG23784_text.txt,105510,0.7439,13,50,0.00289,0.00616,0.00843,0.00603,0,1,1
PG23784_text.txt,105510,0.7439,13,100,0.00323,-0.00547,0.00211,0.00603,0,0,0
PG23784_text.txt,105510,0.7439,13,200,0.00391,-0.00275,-0.00256,0.00603,0,0,0
PG23784_text.txt,105510,0.7439,13,300,-0.00255,-0.00187,0.00428,0.00603,0,0,0
PG23784_text.txt,105510,0.7439,14,1,0.0607,0.00086,-0.00346,0.00603,1,0,0
PG23784_text.txt,105510,0.7439,14,2,0.03123,-0.00195,0.00396,0.00603,1,0,0
PG23784_text.txt,105510,0.7439,14,5,0.01523,0.00034,-0.00348,0.00603,1,0,0
PG23784_text.txt,105510,0.7439,14,10,0.00774,-0.00014,-0.00066,0.00603,1,0,0
PG23784_text.txt,105510,0.7439,14,20,0.01031,0.00091,-0.00136,0.00603,1,0,0
PG23784_text.txt,105510,0.7439,14,50,0.00066,0.00346,2e-05,0.00603,0,0,0
PG23784_text.txt,105510,0.7439,14,100,0.00494,-0.00128,-0.00298,0.00603,0,0,0
PG23784_text.txt,105510,0.7439,14,200,0.00242,0.00089,0.00305,0.00603,0,0,0
PG23784_text.txt,105510,0.7439,14,300,0.0034,0.00199,-0.00222,0.00603,0,0,0
PG23784_text.txt,105510,0.7439,15,1,0.07878,-0.0008,0.00102,0.00603,1,0,0
PG23784_text.txt,105510,0.7439,15,2,0.03753,0.00013,0.00024,0.00603,1,0,0
PG23784_text.txt,105510,0.7439,15,5,0.01378,-0.00351,-0.00522,0.00603,1,0,0
PG23784_text.txt,105510,0.7439,15,10,0.01537,0.00372,0.00041,0.00603,1,0,0
PG23784_text.txt,105510,0.7439,15,20,0.00688,-0.00632,-0.00297,0.00603,1,1,0
PG23784_text.txt,105510,0.7439,15,50,0.00285,-0.00117,0.00519,0.00603,0,0,0
PG23784_text.txt,105510,0.7439,15,100,0.00104,0.00506,-0.00151,0.00603,0,0,0
PG23784_text.txt,105510,0.7439,15,200,0.00358,0.0018,-0.00221,0.00603,0,0,0
PG23784_text.txt,105510,0.7439,15,300,0.00406,-0.00237,-0.00209,0.00603,0,0,0
PG23784_text.txt,105510,0.7439,16,1,0.07066,0.00127,0.00105,0.00603,1,0,0
PG23784_text.txt,105510,0.7439,16,2,0.02786,0.00169,0.0026,0.00603,1,0,0
PG23784_text.txt,105510,0.7439,16,5,0.00952,0.00607,0.00179,0.00603,1,1,0
PG23784_text.txt,105510,0.7439,16,10,0.01161,0.00258,0.00551,0.00603,1,0,0
PG23784_text.txt,105510,0.7439,16,20,0.0012,0.00281,0.00363,0.00603,0,0,0
PG23784_text.txt,105510,0.7439,16,50,0.00226,-0.00103,-0.00169,0.00603,0,0,0
PG23784_text.txt,105510,0.7439,16,100,0.00191,-0.0036,-0.00439,0.00603,0,0,0
PG23784_text.txt,105510,0.7439,16,200,0.00592,0.00112,-0.00576,0.00603,0,0,0
PG23784_text.txt,105510,0.7439,16,300,0.00325,0.00199,-0.00119,0.00603,0,0,0
PG23784_text.txt,105510,0.7439,17,1,0.09275,-0.00233,-0.00016,0.00603,1,0,0
PG23784_text.txt,105510,0.7439,17,2,0.03902,0.00482,0.00071,0.00603,1,0,0
PG23784_text.txt,105510,0.7439,17,5,0.02313,-0.00135,-0.00219,0.00603,1,0,0
PG23784_text.txt,105510,0.7439,17,10,0.01332,0.00187,0.00341,0.00603,1,0,0
PG23784_text.txt,105510,0.7439,17,20,0.00344,0.00817,0.00336,0.00603,0,1,0
PG23784_text.txt,105510,0.7439,17,50,0.00372,0.00028,0.00555,0.00603,0,0,0
PG23784_text.txt,105510,0.7439,17,100,0.00724,-0.00142,-0.0,0.00603,1,0,0
PG23784_text.txt,105510,0.7439,17,200,0.00037,0.00368,-0.00209,0.00603,0,0,0
PG23784_text.txt,105510,0.7439,17,300,0.00112,-0.00039,-0.00269,0.00603,0,0,0
PG23784_text.txt,105510,0.7439,18,1,0.07697,0.00015,0.0047,0.00603,1,0,0
PG23784_text.txt,105510,0.7439,18,2,0.02912,-0.00229,-8e-05,0.00603,1,0,0
PG23784_text.txt,105510,0.7439,18,5,0.01067,-0.00104,0.00137,0.00603,1,0,0
PG23784_text.txt,105510,0.7439,18,10,0.0093,0.00233,0.00497,0.00603,1,0,0
PG23784_text.txt,105510,0.7439,18,20,0.00459,0.00417,-0.0019,0.00603,0,0,0
PG23784_text.txt,105510,0.7439,18,50,0.0019,0.00078,-0.00078,0.00603,0,0,0
PG23784_text.txt,105510,0.7439,18,100,0.00288,0.00292,-0.00279,0.00603,0,0,0
PG23784_text.txt,105510,0.7439,18,200,-0.00049,0.00028,0.00059,0.00603,0,0,0
PG23784_text.txt,105510,0.7439,18,300,0.00543,-0.00021,-0.0044,0.00603,0,0,0
PG23784_text.txt,105510,0.7439,19,1,0.05798,0.00149,0.00114,0.00603,1,0,0
PG23784_text.txt,105510,0.7439,19,2,0.03693,-0.0025,-0.0021,0.00603,1,0,0
PG23784_text.txt,105510,0.7439,19,5,0.01336,0.00058,-0.00432,0.00603,1,0,0
PG23784_text.txt,105510,0.7439,19,10,0.00716,-0.00078,-0.00115,0.00603,1,0,0
PG23784_text.txt,105510,0.7439,19,20,0.00621,0.00183,0.00492,0.00603,1,0,0
PG23784_text.txt,105510,0.7439,19,50,0.00033,-0.00078,0.00075,0.00603,0,0,0
PG23784_text.txt,105510,0.7439,19,100,0.00501,0.00251,3e-05,0.00603,0,0,0
PG23784_text.txt,105510,0.7439,19,200,-0.0018,0.00052,0.00123,0.00603,0,0,0
PG23784_text.txt,105510,0.7439,19,300,0.00304,-0.00226,-0.0051,0.00603,0,0,0
PG23784_text.txt,105510,0.7439,20,1,0.0549,0.00157,0.00192,0.00603,1,0,0
PG23784_text.txt,105510,0.7439,20,2,0.02894,-0.0039,-0.0006,0.00603,1,0,0
PG23784_text.txt,105510,0.7439,20,5,0.00834,-0.00481,0.00024,0.00603,1,0,0
PG23784_text.txt,105510,0.7439,20,10,0.0032,0.00136,0.00128,0.00603,0,0,0
PG23784_text.txt,105510,0.7439,20,20,0.00105,0.00087,0.00123,0.00603,0,0,0
PG23784_text.txt,105510,0.7439,20,50,0.00286,0.00471,-0.00335,0.00603,0,0,0
PG23784_text.txt,105510,0.7439,20,100,0.00686,-0.00404,-0.00257,0.00603,1,0,0
PG23784_text.txt,105510,0.7439,20,200,-0.00436,0.00139,-0.00039,0.00603,0,0,0
PG23784_text.txt,105510,0.7439,20,300,-0.00117,0.00175,-0.00062,0.00603,0,0,0
PG28948_text.txt,65017,0.6904,1,1,0.10128,0.00755,0.00219,0.00769,1,0,0
PG28948_text.txt,65017,0.6904,1,2,0.06013,0.00533,0.00046,0.00769,1,0,0
PG28948_text.txt,65017,0.6904,1,5,0.0411,0.00086,0.00108,0.00769,1,0,0
PG28948_text.txt,65017,0.6904,1,10,0.03628,-0.00145,0.00055,0.00769,1,0,0
PG28948_text.txt,65017,0.6904,1,20,0.0321,-0.00267,0.00437,0.00769,1,0,0
PG28948_text.txt,65017,0.6904,1,50,0.02273,0.00161,-0.0038,0.00769,1,0,0
PG28948_text.txt,65017,0.6904,1,100,0.01541,0.00447,-0.0009,0.00769,1,0,0
PG28948_text.txt,65017,0.6904,1,200,0.00318,-0.00549,0.00181,0.00769,0,0,0
PG28948_text.txt,65017,0.6904,1,300,0.0018,-0.00741,0.01226,0.00769,0,0,1
PG28948_text.txt,65017,0.6904,2,1,0.21097,-0.00345,-0.00362,0.00769,1,0,0
PG28948_text.txt,65017,0.6904,2,2,0.15312,-0.00095,0.00015,0.00769,1,0,0
PG28948_text.txt,65017,0.6904,2,5,0.1027,0.00216,-0.01012,0.00769,1,0,1
PG28948_text.txt,65017,0.6904,2,10,0.07806,-0.00337,-0.00109,0.00769,1,0,0
PG28948_text.txt,65017,0.6904,2,20,0.06979,0.00396,-0.00121,0.00769,1,0,0
PG28948_text.txt,65017,0.6904,2,50,0.04233,3e-05,0.00011,0.00769,1,0,0
PG28948_text.txt,65017,0.6904,2,100,0.02434,0.00081,0.00029,0.00769,1,0,0
PG28948_text.txt,65017,0.6904,2,200,0.0091,0.00151,-0.00045,0.00769,1,0,0
PG28948_text.txt,65017,0.6904,2,300,-0.00066,-0.00392,0.00339,0.00769,0,0,0
PG28948_text.txt,65017,0.6904,3,1,0.13772,0.00954,-0.00472,0.00769,1,1,0
PG28948_text.txt,65017,0.6904,3,2,0.09242,-0.00456,0.00252,0.00769,1,0,0
PG28948_text.txt,65017,0.6904,3,5,0.06131,0.00563,-0.0006,0.00769,1,0,0
PG28948_text.txt,65017,0.6904,3,10,0.04463,-0.00372,-0.00614,0.00769,1,0,0
PG28948_text.txt,65017,0.6904,3,20,0.03483,0.00562,-0.00326,0.00769,1,0,0
PG28948_text.txt,65017,0.6904,3,50,0.0254,0.0005,-0.00548,0.00769,1,0,0
PG28948_text.txt,65017,0.6904,3,100,0.01763,0.00059,-0.00504,0.00769,1,0,0
PG28948_text.txt,65017,0.6904,3,200,0.01122,0.00592,-0.00348,0.00769,1,0,0
PG28948_text.txt,65017,0.6904,3,300,0.00449,0.00338,-0.00142,0.00769,0,0,0
PG28948_text.txt,65017,0.6904,4,1,0.16976,0.00242,0.00017,0.00769,1,0,0
PG28948_text.txt,65017,0.6904,4,2,0.13705,-0.00298,0.00159,0.00769,1,0,0
PG28948_text.txt,65017,0.6904,4,5,0.09493,-0.00035,0.0028,0.00769,1,0,0
PG28948_text.txt,65017,0.6904,4,10,0.08065,-0.00205,-0.00504,0.00769,1,0,0
PG28948_text.txt,65017,0.6904,4,20,0.06853,0.00054,0.00276,0.00769,1,0,0
PG28948_text.txt,65017,0.6904,4,50,0.04603,0.00958,-0.00743,0.00769,1,1,0
PG28948_text.txt,65017,0.6904,4,100,0.03254,-0.00092,0.00598,0.00769,1,0,0
PG28948_text.txt,65017,0.6904,4,200,0.01713,-0.00225,0.00457,0.00769,1,0,0
PG28948_text.txt,65017,0.6904,4,300,0.01456,0.00436,0.00117,0.00769,1,0,0
PG28948_text.txt,65017,0.6904,5,1,0.0848,0.00424,-0.00737,0.00769,1,0,0
PG28948_text.txt,65017,0.6904,5,2,0.05906,-0.00098,-0.00218,0.00769,1,0,0
PG28948_text.txt,65017,0.6904,5,5,0.04786,0.00053,-0.00079,0.00769,1,0,0
PG28948_text.txt,65017,0.6904,5,10,0.03068,0.00078,-0.00324,0.00769,1,0,0
PG28948_text.txt,65017,0.6904,5,20,0.02176,-0.00439,0.00114,0.00769,1,0,0
PG28948_text.txt,65017,0.6904,5,50,0.00896,-0.00635,-0.00407,0.00769,1,0,0
PG28948_text.txt,65017,0.6904,5,100,0.00825,-1e-05,0.00366,0.00769,1,0,0
PG28948_text.txt,65017,0.6904,5,200,0.00752,0.00057,-0.0086,0.00769,0,0,1
PG28948_text.txt,65017,0.6904,5,300,0.00636,0.00211,0.00519,0.00769,0,0,0
PG28948_text.txt,65017,0.6904,6,1,0.1338,0.00041,-0.00831,0.00769,1,0,1
PG28948_text.txt,65017,0.6904,6,2,0.10167,0.00922,0.00269,0.00769,1,1,0
PG28948_text.txt,65017,0.6904,6,5,0.06217,0.00261,-0.00254,0.00769,1,0,0
PG28948_text.txt,65017,0.6904,6,10,0.05374,0.00428,0.00176,0.00769,1,0,0
PG28948_text.txt,65017,0.6904,6,20,0.04214,0.0012,0.00613,0.00769,1,0,0
PG28948_text.txt,65017,0.6904,6,50,0.03168,0.01078,-0.00033,0.00769,1,1,0
PG28948_text.txt,65017,0.6904,6,100,0.01895,-0.00368,-0.00357,0.00769,1,0,0
PG28948_text.txt,65017,0.6904,6,200,0.01262,-0.00347,-0.0006,0.00769,1,0,0
PG28948_text.txt,65017,0.6904,6,300,0.0007,-0.00915,-2e-05,0.00769,0,1,0
PG28948_text.txt,65017,0.6904,7,1,0.0931,0.00144,0.00031,0.00769,1,0,0
PG28948_text.txt,65017,0.6904,7,2,0.05693,0.00811,0.00399,0.00769,1,1,0
PG28948_text.txt,65017,0.6904,7,5,0.03556,0.00164,-0.00149,0.00769,1,0,0
PG28948_text.txt,65017,0.6904,7,10,0.02385,0.00167,-0.00592,0.00769,1,0,0
PG28948_text.txt,65017,0.6904,7,20,0.00988,0.00399,0.00089,0.00769,1,0,0
PG28948_text.txt,65017,0.6904,7,50,0.01621,-0.00391,-0.00309,0.00769,1,0,0
PG28948_text.txt,65017,0.6904,7,100,0.00531,-0.00573,-0.00052,0.00769,0,0,0
PG28948_text.txt,65017,0.6904,7,200,0.00556,0.00186,-0.00047,0.00769,0,0,0
PG28948_text.txt,65017,0.6904,7,300,0.008,0.00062,-4e-05,0.00769,1,0,0
PG28948_text.txt,65017,0.6904,8,1,0.10898,0.0034,0.00345,0.00769,1,0,0
PG28948_text.txt,65017,0.6904,8,2,0.0647,-0.00394,-0.00057,0.00769,1,0,0
PG28948_text.txt,65017,0.6904,8,5,0.058,-0.00029,0.00102,0.00769,1,0,0
PG28948_text.txt,65017,0.6904,8,10,0.04052,-0.00201,0.00503,0.00769,1,0,0
PG28948_text.txt,65017,0.6904,8,20,0.03142,-0.0059,-0.00087,0.00769,1,0,0
PG28948_text.txt,65017,0.6904,8,50,0.01716,0.0047,-0.00028,0.00769,1,0,0
PG28948_text.txt,65017,0.6904,8,100,0.00483,0.00177,0.00242,0.00769,0,0,0
PG28948_text.txt,65017,0.6904,8,200,0.01439,-0.00247,-0.00616,0.00769,1,0,0
PG28948_text.txt,65017,0.6904,8,300,0.00623,-0.00027,-0.00313,0.00769,0,0,0
PG28948_text.txt,65017,0.6904,9,1,0.11708,0.00943,0.00061,0.00769,1,1,0
PG28948_text.txt,65017,0.6904,9,2,0.08032,-0.00379,0.00641,0.00769,1,0,0
PG28948_text.txt,65017,0.6904,9,5,0.04438,-0.00117,-0.00117,0.00769,1,0,0
PG28948_text.txt,65017,0.6904,9,10,0.04111,0.00494,-0.00633,0.00769,1,0,0
PG28948_text.txt,65017,0.6904,9,20,0.02643,-0.00202,-0.00118,0.00769,1,0,0
PG28948_text.txt,65017,0.6904,9,50,0.01941,0.00181,0.00115,0.00769,1,0,0
PG28948_text.txt,65017,0.6904,9,100,0.01065,-0.00174,0.00413,0.00769,1,0,0
PG28948_text.txt,65017,0.6904,9,200,0.01242,0.00231,-0.00505,0.00769,1,0,0
PG28948_text.txt,65017,0.6904,9,300,0.00528,-0.00714,-0.00109,0.00769,0,0,0
PG28948_text.txt,65017,0.6904,10,1,0.09796,0.0006,0.00297,0.00769,1,0,0
PG28948_text.txt,65017,0.6904,10,2,0.06914,0.00669,0.00663,0.00769,1,0,0
PG28948_text.txt,65017,0.6904,10,5,0.04007,0.00023,-0.00328,0.00769,1,0,0
PG28948_text.txt,65017,0.6904,10,10,0.04018,0.0026,0.00137,0.00769,1,0,0
PG28948_text.txt,65017,0.6904,10,20,0.03584,-0.00171,0.00246,0.00769,1,0,0
PG28948_text.txt,65017,0.6904,10,50,0.01461,-0.00291,0.0034,0.00769,1,0,0
PG28948_text.txt,65017,0.6904,10,100,0.00703,-0.00665,0.00849,0.00769,0,0,1
PG28948_text.txt,65017,0.6904,10,200,0.01055,-0.00628,-0.0015,0.00769,1,0,0
PG28948_text.txt,65017,0.6904,10,300,0.01439,-0.00242,-0.00135,0.00769,1,0,0
PG28948_text.txt,65017,0.6904,11,1,0.05861,0.00102,-0.00227,0.00769,1,0,0
PG28948_text.txt,65017,0.6904,11,2,0.03595,0.00106,0.00091,0.00769,1,0,0
PG28948_text.txt,65017,0.6904,11,5,0.02392,0.002,-0.00283,0.00769,1,0,0
PG28948_text.txt,65017,0.6904,11,10,0.02201,0.00506,-0.00822,0.00769,1,0,1
PG28948_text.txt,65017,0.6904,11,20,0.01173,-0.00093,0.00049,0.00769,1,0,0
PG28948_text.txt,65017,0.6904,11,50,0.00786,-0.00143,-0.00071,0.00769,1,0,0
PG28948_text.txt,65017,0.6904,11,100,0.00123,-0.00604,0.00289,0.00769,0,0,0
PG28948_text.txt,65017,0.6904,11,200,0.00319,-0.00521,0.00092,0.00769,0,0,0
PG28948_text.txt,65017,0.6904,11,300,0.00656,-0.00139,-0.00404,0.00769,0,0,0
PG28948_text.txt,65017,0.6904,12,1,0.07724,-0.00207,-0.00477,0.00769,1,0,0
PG28948_text.txt,65017,0.6904,12,2,0.0391,-0.00413,0.0045,0.00769,1,0,0
PG28948_text.txt,65017,0.6904,12,5,0.02768,-0.00298,-0.00239,0.00769,1,0,0
PG28948_text.txt,65017,0.6904,12,10,0.02694,0.00188,0.00276,0.00769,1,0,0
PG28948_text.txt,65017,0.6904,12,20,0.02108,-0.00202,-0.00346,0.00769,1,0,0
PG28948_text.txt,65017,0.6904,12,50,0.00996,-0.00678,0.00655,0.00769,1,0,0
PG28948_text.txt,65017,0.6904,12,100,0.00434,-0.00103,0.00627,0.00769,0,0,0
PG28948_text.txt,65017,0.6904,12,200,0.00488,-0.00126,0.00616,0.00769,0,0,0
PG28948_text.txt,65017,0.6904,12,300,0.00232,0.00068,0.00241,0.00769,0,0,0
PG28948_text.txt,65017,0.6904,13,1,0.10287,-0.00773,0.00155,0.00769,1,1,0
PG28948_text.txt,65017,0.6904,13,2,0.06432,-0.00889,-0.00535,0.00769,1,1,0
PG28948_text.txt,65017,0.6904,13,5,0.0375,0.0103,-0.00203,0.00769,1,1,0
PG28948_text.txt,65017,0.6904,13,10,0.03402,0.0071,0.00221,0.00769,1,0,0
PG28948_text.txt,65017,0.6904,13,20,0.01633,-0.00209,0.00913,0.00769,1,0,1
PG28948_text.txt,65017,0.6904,13,50,0.01612,0.00083,-0.00348,0.00769,1,0,0
PG28948_text.txt,65017,0.6904,13,100,0.01307,0.00233,-0.00097,0.00769,1,0,0
PG28948_text.txt,65017,0.6904,13,200,0.0008,0.00169,-0.00503,0.00769,0,0,0
PG28948_text.txt,65017,0.6904,13,300,-0.00414,0.00526,-0.0063,0.00769,0,0,0
PG28948_text.txt,65017,0.6904,14,1,0.07976,0.00095,0.00186,0.00769,1,0,0
PG28948_text.txt,65017,0.6904,14,2,0.03732,-0.0081,-0.00831,0.00769,1,1,1
PG28948_text.txt,65017,0.6904,14,5,0.01943,-0.0031,-0.00196,0.00769,1,0,0
PG28948_text.txt,65017,0.6904,14,10,0.01806,-0.00779,0.0009,0.00769,1,1,0
PG28948_text.txt,65017,0.6904,14,20,0.01199,0.00071,0.00405,0.00769,1,0,0
PG28948_text.txt,65017,0.6904,14,50,0.00299,-0.00254,-0.0078,0.00769,0,0,1
PG28948_text.txt,65017,0.6904,14,100,0.00398,0.00391,0.00013,0.00769,0,0,0
PG28948_text.txt,65017,0.6904,14,200,-0.00338,0.00666,0.0098,0.00769,0,0,1
PG28948_text.txt,65017,0.6904,14,300,0.00367,-0.00429,0.00137,0.00769,0,0,0
PG28948_text.txt,65017,0.6904,15,1,0.08683,-0.00119,0.00448,0.00769,1,0,0
PG28948_text.txt,65017,0.6904,15,2,0.05243,0.0045,0.00871,0.00769,1,0,1
PG28948_text.txt,65017,0.6904,15,5,0.03749,-0.00568,0.00223,0.00769,1,0,0
PG28948_text.txt,65017,0.6904,15,10,0.02611,0.00884,-0.00379,0.00769,1,1,0
PG28948_text.txt,65017,0.6904,15,20,0.02361,-0.0006,-0.00316,0.00769,1,0,0
PG28948_text.txt,65017,0.6904,15,50,0.01519,0.00407,0.00201,0.00769,1,0,0
PG28948_text.txt,65017,0.6904,15,100,0.00785,0.00047,-0.00065,0.00769,1,0,0
PG28948_text.txt,65017,0.6904,15,200,0.01322,-0.00703,0.00277,0.00769,1,0,0
PG28948_text.txt,65017,0.6904,15,300,0.00881,-0.00223,0.00599,0.00769,1,0,0
PG28948_text.txt,65017,0.6904,16,1,0.08017,0.00357,0.001,0.00769,1,0,0
PG28948_text.txt,65017,0.6904,16,2,0.05219,-0.00139,-0.00361,0.00769,1,0,0
PG28948_text.txt,65017,0.6904,16,5,0.03078,-0.00691,0.00344,0.00769,1,0,0
PG28948_text.txt,65017,0.6904,16,10,0.02097,0.00171,-0.0068,0.00769,1,0,0
PG28948_text.txt,65017,0.6904,16,20,0.01377,-0.00167,0.00452,0.00769,1,0,0
PG28948_text.txt,65017,0.6904,16,50,0.0096,0.00064,-0.0046,0.00769,1,0,0
PG28948_text.txt,65017,0.6904,16,100,0.00848,0.00418,0.00081,0.00769,1,0,0
PG28948_text.txt,65017,0.6904,16,200,0.00766,-0.00468,-0.002,0.00769,0,0,0
PG28948_text.txt,65017,0.6904,16,300,0.00334,0.00285,0.00123,0.00769,0,0,0
PG28948_text.txt,65017,0.6904,17,1,0.04195,-0.00302,0.00015,0.00769,1,0,0
PG28948_text.txt,65017,0.6904,17,2,0.03376,-0.00219,0.00349,0.00769,1,0,0
PG28948_text.txt,65017,0.6904,17,5,0.01632,0.00079,0.00207,0.00769,1,0,0
PG28948_text.txt,65017,0.6904,17,10,0.01798,0.00166,-0.00344,0.00769,1,0,0
PG28948_text.txt,65017,0.6904,17,20,0.00804,0.00136,-0.0033,0.00769,1,0,0
PG28948_text.txt,65017,0.6904,17,50,0.00313,0.00178,-0.00102,0.00769,0,0,0
PG28948_text.txt,65017,0.6904,17,100,0.00303,0.00282,0.00279,0.00769,0,0,0
PG28948_text.txt,65017,0.6904,17,200,-0.00282,-0.00222,-0.00494,0.00769,0,0,0
PG28948_text.txt,65017,0.6904,17,300,-0.00598,-0.0056,-0.00832,0.00769,0,0,1
PG28948_text.txt,65017,0.6904,18,1,0.07174,0.00929,-0.00139,0.00769,1,1,0
PG28948_text.txt,65017,0.6904,18,2,0.04573,-0.00609,-0.00021,0.00769,1,0,0
PG28948_text.txt,65017,0.6904,18,5,0.02184,-0.00277,0.00418,0.00769,1,0,0
PG28948_text.txt,65017,0.6904,18,10,0.01955,-0.0018,0.00824,0.00769,1,0,1
PG28948_text.txt,65017,0.6904,18,20,0.018,0.00587,-0.00648,0.00769,1,0,0
PG28948_text.txt,65017,0.6904,18,50,0.00813,0.00791,0.00276,0.00769,1,1,0
PG28948_text.txt,65017,0.6904,18,100,0.00461,0.00203,0.00039,0.00769,0,0,0
PG28948_text.txt,65017,0.6904,18,200,-0.00492,-0.00828,0.00354,0.00769,0,1,0
PG28948_text.txt,65017,0.6904,18,300,0.00181,0.00122,-0.00074,0.00769,0,0,0
PG28948_text.txt,65017,0.6904,19,1,0.06655,0.00126,-0.00391,0.00769,1,0,0
PG28948_text.txt,65017,0.6904,19,2,0.04237,-0.00915,0.00498,0.00769,1,1,0
PG28948_text.txt,65017,0.6904,19,5,0.02989,0.00084,-0.00253,0.00769,1,0,0
PG28948_text.txt,65017,0.6904,19,10,0.026,0.00647,-0.00441,0.00769,1,0,0
PG28948_text.txt,65017,0.6904,19,20,0.02034,-0.00148,-0.00361,0.00769,1,0,0
PG28948_text.txt,65017,0.6904,19,50,0.0104,0.00628,-0.0006,0.00769,1,0,0
PG28948_text.txt,65017,0.6904,19,100,0.00382,0.00026,0.00446,0.00769,0,0,0
PG28948_text.txt,65017,0.6904,19,200,-0.00377,-0.00413,0.00447,0.00769,0,0,0
PG28948_text.txt,65017,0.6904,19,300,0.00528,-0.0003,-0.00352,0.00769,0,0,0
PG28948_text.txt,65017,0.6904,20,1,0.0645,0.00176,0.00258,0.00769,1,0,0
PG28948_text.txt,65017,0.6904,20,2,0.04708,-0.00268,-0.00055,0.00769,1,0,0
PG28948_text.txt,65017,0.6904,20,5,0.02879,-0.00292,0.00187,0.00769,1,0,0
PG28948_text.txt,65017,0.6904,20,10,0.02059,-0.00124,-0.00303,0.00769,1,0,0
PG28948_text.txt,65017,0.6904,20,20,0.02058,0.00012,0.00293,0.00769,1,0,0
PG28948_text.txt,65017,0.6904,20,50,0.01276,-0.00089,-0.005,0.00769,1,0,0
PG28948_text.txt,65017,0.6904,20,100,0.01166,0.00252,-0.00482,0.00769,1,0,0
PG28948_text.txt,65017,0.6904,20,200,0.01344,0.00045,0.00895,0.00769,1,0,1
PG28948_text.txt,65017,0.6904,20,300,0.0109,0.00021,0.00102,0.00769,1,0,0
PG308_text.txt,19348,0.7574,1,1,0.06349,0.00423,0.00518,0.01409,1,0,0
PG308_text.txt,19348,0.7574,1,2,0.04747,0.00395,0.01194,0.01409,1,0,0
PG308_text.txt,19348,0.7574,1,5,0.04541,-0.0009,0.00387,0.01409,1,0,0
PG308_text.txt,19348,0.7574,1,10,0.02519,-0.00193,0.00176,0.01409,1,0,0
PG308_text.txt,19348,0.7574,1,20,0.0263,-0.00203,-0.002,0.01409,1,0,0
PG308_text.txt,19348,0.7574,1,50,0.01603,0.00281,0.00196,0.01409,1,0,0
PG308_text.txt,19348,0.7574,1,100,0.01056,0.00794,-0.01697,0.01409,0,0,1
PG308_text.txt,19348,0.7574,1,200,-0.00335,-0.006,0.00407,0.01409,0,0,0
PG308_text.txt,19348,0.7574,1,300,-0.00233,-0.00361,-0.00233,0.01409,0,0,0
PG308_text.txt,19348,0.7574,2,1,0.18054,-0.00656,0.01376,0.01409,1,0,0
PG308_text.txt,19348,0.7574,2,2,0.10486,-0.00929,-0.00768,0.01409,1,0,0
PG308_text.txt,19348,0.7574,2,5,0.05363,-0.00839,0.00559,0.01409,1,0,0
PG308_text.txt,19348,0.7574,2,10,0.04943,-0.00212,0.00724,0.01409,1,0,0
PG308_text.txt,19348,0.7574,2,20,0.03789,0.00086,-0.00949,0.01409,1,0,0
PG308_text.txt,19348,0.7574,2,50,0.00976,0.01269,-0.00126,0.01409,0,0,0
PG308_text.txt,19348,0.7574,2,100,0.00399,-0.00502,0.00094,0.01409,0,0,0
PG308_text.txt,19348,0.7574,2,200,-0.00077,-0.00063,-0.00259,0.01409,0,0,0
PG308_text.txt,19348,0.7574,2,300,0.00047,-0.01755,-0.00483,0.01409,0,1,0
PG308_text.txt,19348,0.7574,3,1,0.10339,-0.00653,-0.00945,0.01409,1,0,0
PG308_text.txt,19348,0.7574,3,2,0.06081,-0.00139,-0.00415,0.01409,1,0,0
PG308_text.txt,19348,0.7574,3,5,0.05099,0.0126,0.00481,0.01409,1,0,0
PG308_text.txt,19348,0.7574,3,10,0.02642,-0.00018,-0.01449,0.01409,1,0,1
PG308_text.txt,19348,0.7574,3,20,0.02028,-0.0107,0.01017,0.01409,1,0,0
PG308_text.txt,19348,0.7574,3,50,0.0189,0.00399,0.0061,0.01409,1,0,0
PG308_text.txt,19348,0.7574,3,100,0.01226,-0.01089,0.00296,0.01409,0,0,0
PG308_text.txt,19348,0.7574,3,200,0.00386,0.00899,0.00376,0.01409,0,0,0
PG308_text.txt,19348,0.7574,3,300,-0.00624,-0.01045,0.01006,0.01409,0,0,0
PG308_text.txt,19348,0.7574,4,1,0.11336,0.01511,0.00295,0.01409,1,1,0
PG308_text.txt,19348,0.7574,4,2,0.07422,-0.00066,0.00367,0.01409,1,0,0
PG308_text.txt,19348,0.7574,4,5,0.04438,-0.00098,-0.00856,0.01409,1,0,0
PG308_text.txt,19348,0.7574,4,10,0.03074,-0.00455,0.00661,0.01409,1,0,0
PG308_text.txt,19348,0.7574,4,20,0.00762,-0.00174,-0.01005,0.01409,0,0,0
PG308_text.txt,19348,0.7574,4,50,0.02646,-0.0029,-0.00058,0.01409,1,0,0
PG308_text.txt,19348,0.7574,4,100,0.00797,0.01362,-0.00134,0.01409,0,0,0
PG308_text.txt,19348,0.7574,4,200,0.02099,-0.00596,0.00047,0.01409,1,0,0
PG308_text.txt,19348,0.7574,4,300,0.02222,-0.00039,-0.01087,0.01409,1,0,0
PG308_text.txt,19348,0.7574,5,1,0.12167,0.00332,-0.0081,0.01409,1,0,0
PG308_text.txt,19348,0.7574,5,2,0.06986,0.00413,0.00278,0.01409,1,0,0
PG308_text.txt,19348,0.7574,5,5,0.04976,0.0005,-0.00329,0.01409,1,0,0
PG308_text.txt,19348,0.7574,5,10,0.02628,0.01661,0.00598,0.01409,1,1,0
PG308_text.txt,19348,0.7574,5,20,0.03423,0.00082,-0.00904,0.01409,1,0,0
PG308_text.txt,19348,0.7574,5,50,0.02419,-0.00051,0.00591,0.01409,1,0,0
PG308_text.txt,19348,0.7574,5,100,0.02107,0.0047,0.00132,0.01409,1,0,0
PG308_text.txt,19348,0.7574,5,200,0.0071,0.00307,0.00718,0.01409,0,0,0
PG308_text.txt,19348,0.7574,5,300,0.00795,-0.00901,-0.00107,0.01409,0,0,0
PG308_text.txt,19348,0.7574,6,1,0.07265,0.00105,0.00345,0.01409,1,0,0
PG308_text.txt,19348,0.7574,6,2,0.04007,-0.00089,-0.00499,0.01409,1,0,0
PG308_text.txt,19348,0.7574,6,5,0.03974,-0.00428,0.00104,0.01409,1,0,0
PG308_text.txt,19348,0.7574,6,10,0.01296,-0.01877,-0.00488,0.01409,0,1,0
PG308_text.txt,19348,0.7574,6,20,0.01722,0.00329,0.00953,0.01409,1,0,0
PG308_text.txt,19348,0.7574,6,50,0.00558,0.0087,-0.00726,0.01409,0,0,0
PG308_text.txt,19348,0.7574,6,100,0.00611,-0.01066,0.00521,0.01409,0,0,0
PG308_text.txt,19348,0.7574,6,200,0.00888,-0.00596,0.00558,0.01409,0,0,0
PG308_text.txt,19348,0.7574,6,300,-0.00147,-0.00165,-0.01079,0.01409,0,0,0
PG308_text.txt,19348,0.7574,7,1,0.11725,-0.00658,-0.00265,0.01409,1,0,0
PG308_text.txt,19348,0.7574,7,2,0.07934,0.01007,-0.00597,0.01409,1,0,0
PG308_text.txt,19348,0.7574,7,5,0.04257,0.01004,-0.00122,0.01409,1,0,0
PG308_text.txt,19348,0.7574,7,10,0.04632,0.012,0.00319,0.01409,1,0,0
PG308_text.txt,19348,0.7574,7,20,0.02243,0.0011,-0.00408,0.01409,1,0,0
PG308_text.txt,19348,0.7574,7,50,0.01668,-0.00018,-0.00075,0.01409,1,0,0
PG308_text.txt,19348,0.7574,7,100,0.00827,0.00967,-0.01707,0.01409,0,0,1
PG308_text.txt,19348,0.7574,7,200,0.00242,-0.00138,-0.01015,0.01409,0,0,0
PG308_text.txt,19348,0.7574,7,300,0.00586,0.00465,0.00025,0.01409,0,0,0
PG308_text.txt,19348,0.7574,8,1,0.10306,0.00493,0.01008,0.01409,1,0,0
PG308_text.txt,19348,0.7574,8,2,0.06293,-0.00432,0.01435,0.01409,1,0,1
PG308_text.txt,19348,0.7574,8,5,0.04237,-0.00544,0.00161,0.01409,1,0,0
PG308_text.txt,19348,0.7574,8,10,0.0213,0.00613,0.0074,0.01409,1,0,0
PG308_text.txt,19348,0.7574,8,20,0.03178,-0.00772,0.00206,0.01409,1,0,0
PG308_text.txt,19348,0.7574,8,50,7e-05,-0.00167,0.00222,0.01409,0,0,0
PG308_text.txt,19348,0.7574,8,100,0.00235,-0.00076,-0.00398,0.01409,0,0,0
PG308_text.txt,19348,0.7574,8,200,0.00434,-0.00811,-0.00594,0.01409,0,0,0
PG308_text.txt,19348,0.7574,8,300,-0.00364,0.01744,-0.00191,0.01409,0,1,0
PG308_text.txt,19348,0.7574,9,1,0.11549,0.00859,0.00903,0.01409,1,0,0
PG308_text.txt,19348,0.7574,9,2,0.06211,-0.00595,0.00703,0.01409,1,0,0
PG308_text.txt,19348,0.7574,9,5,0.03308,-0.00534,-0.00755,0.01409,1,0,0
PG308_text.txt,19348,0.7574,9,10,0.02416,-0.00452,-0.00165,0.01409,1,0,0
PG308_text.txt,19348,0.7574,9,20,0.03131,-0.00323,0.0037,0.01409,1,0,0
PG308_text.txt,19348,0.7574,9,50,0.01849,0.00384,-0.01207,0.01409,1,0,0
PG308_text.txt,19348,0.7574,9,100,0.00911,0.00734,0.00102,0.01409,0,0,0
PG308_text.txt,19348,0.7574,9,200,0.00537,0.00698,-0.0067,0.01409,0,0,0
PG308_text.txt,19348,0.7574,9,300,-0.01042,0.00676,-0.00345,0.01409,0,0,0
PG308_text.txt,19348,0.7574,10,1,0.11687,-0.01065,0.00487,0.01409,1,0,0
PG308_text.txt,19348,0.7574,10,2,0.06372,0.0119,-0.01293,0.01409,1,0,0
PG308_text.txt,19348,0.7574,10,5,0.05681,-0.00056,0.0043,0.01409,1,0,0
PG308_text.txt,19348,0.7574,10,10,0.03637,0.00301,-0.01101,0.01409,1,0,0
PG308_text.txt,19348,0.7574,10,20,0.02492,0.01388,-0.00473,0.01409,1,0,0
PG308_text.txt,19348,0.7574,10,50,0.0194,0.01458,0.00564,0.01409,1,1,0
PG308_text.txt,19348,0.7574,10,100,0.0192,0.00381,-0.00392,0.01409,1,0,0
PG308_text.txt,19348,0.7574,10,200,0.00558,-0.00639,-0.00613,0.01409,0,0,0
PG308_text.txt,19348,0.7574,10,300,-0.00118,0.00793,0.00983,0.01409,0,0,0
PG308_text.txt,19348,0.7574,11,1,0.07467,0.00021,-0.00749,0.01409,1,0,0
PG308_text.txt,19348,0.7574,11,2,0.05185,-0.00332,-0.00835,0.01409,1,0,0
PG308_text.txt,19348,0.7574,11,5,0.01966,0.00379,-0.0037,0.01409,1,0,0
PG308_text.txt,19348,0.7574,11,10,0.01659,-0.02073,0.00097,0.01409,1,1,0
PG308_text.txt,19348,0.7574,11,20,0.01831,0.01187,-0.01058,0.01409,1,0,0
PG308_text.txt,19348,0.7574,11,50,0.01013,-0.0009,0.00646,0.01409,0,0,0
PG308_text.txt,19348,0.7574,11,100,0.00954,-0.00144,0.00685,0.01409,0,0,0
PG308_text.txt,19348,0.7574,11,200,0.01169,-0.01106,-0.00252,0.01409,0,0,0
PG308_text.txt,19348,0.7574,11,300,-0.00407,0.0093,0.00324,0.01409,0,0,0
PG308_text.txt,19348,0.7574,12,1,0.08548,-0.00985,-0.00498,0.01409,1,0,0
PG308_text.txt,19348,0.7574,12,2,0.05577,-0.00457,-0.00141,0.01409,1,0,0
PG308_text.txt,19348,0.7574,12,5,0.03137,-0.00339,0.0025,0.01409,1,0,0
PG308_text.txt,19348,0.7574,12,10,0.03627,-0.00061,-0.00026,0.01409,1,0,0
PG308_text.txt,19348,0.7574,12,20,0.03093,0.01192,0.00282,0.01409,1,0,0
PG308_text.txt,19348,0.7574,12,50,0.00669,-0.00287,0.00383,0.01409,0,0,0
PG308_text.txt,19348,0.7574,12,100,-0.00305,0.00403,0.01045,0.01409,0,0,0
PG308_text.txt,19348,0.7574,12,200,-0.00723,0.00416,-0.00523,0.01409,0,0,0
PG308_text.txt,19348,0.7574,12,300,0.00409,0.0014,-9e-05,0.01409,0,0,0
PG308_text.txt,19348,0.7574,13,1,0.05984,0.00948,-0.00691,0.01409,1,0,0
PG308_text.txt,19348,0.7574,13,2,0.0238,0.00282,-0.00146,0.01409,1,0,0
PG308_text.txt,19348,0.7574,13,5,0.01815,0.01105,-0.00947,0.01409,1,0,0
PG308_text.txt,19348,0.7574,13,10,0.0218,-0.0064,-0.01317,0.01409,1,0,0
PG308_text.txt,19348,0.7574,13,20,0.00393,-0.00533,0.02046,0.01409,0,0,1
PG308_text.txt,19348,0.7574,13,50,0.00047,0.0001,-0.0016,0.01409,0,0,0
PG308_text.txt,19348,0.7574,13,100,0.00691,0.00598,0.00422,0.01409,0,0,0
PG308_text.txt,19348,0.7574,13,200,0.00898,-0.00251,0.00887,0.01409,0,0,0
PG308_text.txt,19348,0.7574,13,300,-0.01053,-0.01345,0.00447,0.01409,0,0,0
PG308_text.txt,19348,0.7574,14,1,0.09231,0.00304,-0.00467,0.01409,1,0,0
PG308_text.txt,19348,0.7574,14,2,0.05305,0.00551,0.01334,0.01409,1,0,0
PG308_text.txt,19348,0.7574,14,5,0.03965,0.0011,-0.00708,0.01409,1,0,0
PG308_text.txt,19348,0.7574,14,10,0.03965,0.00865,-0.00458,0.01409,1,0,0
PG308_text.txt,19348,0.7574,14,20,0.0291,0.00187,-0.00244,0.01409,1,0,0
PG308_text.txt,19348,0.7574,14,50,0.01435,0.00542,-0.00169,0.01409,1,0,0
PG308_text.txt,19348,0.7574,14,100,-0.00179,-0.00775,-0.00261,0.01409,0,0,0
PG308_text.txt,19348,0.7574,14,200,-0.00179,0.00145,-0.00594,0.01409,0,0,0
PG308_text.txt,19348,0.7574,14,300,0.01322,-0.01043,-0.00206,0.01409,0,0,0
PG308_text.txt,19348,0.7574,15,1,0.05107,0.00101,-0.00105,0.01409,1,0,0
PG308_text.txt,19348,0.7574,15,2,0.01896,0.00596,0.00122,0.01409,1,0,0
PG308_text.txt,19348,0.7574,15,5,0.02446,-0.00786,0.00124,0.01409,1,0,0
PG308_text.txt,19348,0.7574,15,10,0.00488,0.00195,-0.00031,0.01409,0,0,0
PG308_text.txt,19348,0.7574,15,20,0.01418,0.00599,-0.00461,0.01409,1,0,0
PG308_text.txt,19348,0.7574,15,50,-0.00073,0.00186,-0.0066,0.01409,0,0,0
PG308_text.txt,19348,0.7574,15,100,0.00763,-0.00959,0.00623,0.01409,0,0,0
PG308_text.txt,19348,0.7574,15,200,0.00504,0.00902,0.00299,0.01409,0,0,0
PG308_text.txt,19348,0.7574,15,300,-0.00137,-0.00355,0.00345,0.01409,0,0,0
PG308_text.txt,19348,0.7574,16,1,0.08244,0.01223,-0.0044,0.01409,1,0,0
PG308_text.txt,19348,0.7574,16,2,0.04066,0.00702,0.00543,0.01409,1,0,0
PG308_text.txt,19348,0.7574,16,5,0.0314,-0.0051,-0.00135,0.01409,1,0,0
PG308_text.txt,19348,0.7574,16,10,0.01251,0.00337,0.0117,0.01409,0,0,0
PG308_text.txt,19348,0.7574,16,20,0.01757,-0.00907,0.00558,0.01409,1,0,0
PG308_text.txt,19348,0.7574,16,50,0.01233,0.0072,-0.00039,0.01409,0,0,0
PG308_text.txt,19348,0.7574,16,100,0.0001,-0.00219,-0.00876,0.01409,0,0,0
PG308_text.txt,19348,0.7574,16,200,-0.00923,-0.00022,-0.00673,0.01409,0,0,0
PG308_text.txt,19348,0.7574,16,300,0.01069,0.00439,0.00016,0.01409,0,0,0
PG308_text.txt,19348,0.7574,17,1,0.05368,0.01029,-0.01073,0.01409,1,0,0
PG308_text.txt,19348,0.7574,17,2,0.04375,-0.00824,-0.0002,0.01409,1,0,0
PG308_text.txt,19348,0.7574,17,5,0.02612,-0.01029,-0.00444,0.01409,1,0,0
PG308_text.txt,19348,0.7574,17,10,0.0252,0.00862,0.00177,0.01409,1,0,0
PG308_text.txt,19348,0.7574,17,20,0.02511,-0.01804,-0.00454,0.01409,1,1,0
PG308_text.txt,19348,0.7574,17,50,0.01851,0.00291,-0.01132,0.01409,1,0,0
PG308_text.txt,19348,0.7574,17,100,0.0125,-0.00045,0.00546,0.01409,0,0,0
PG308_text.txt,19348,0.7574,17,200,0.00257,0.00575,0.00083,0.01409,0,0,0
PG308_text.txt,19348,0.7574,17,300,0.0034,0.00436,-0.00805,0.01409,0,0,0
PG308_text.txt,19348,0.7574,18,1,0.04634,-0.0008,-0.00267,0.01409,1,0,0
PG308_text.txt,19348,0.7574,18,2,0.02887,0.00028,0.00114,0.01409,1,0,0
PG308_text.txt,19348,0.7574,18,5,0.03372,0.01397,-0.0163,0.01409,1,0,1
PG308_text.txt,19348,0.7574,18,10,0.02504,0.00919,-0.00157,0.01409,1,0,0
PG308_text.txt,19348,0.7574,18,20,0.03567,-0.0063,-0.00153,0.01409,1,0,0
PG308_text.txt,19348,0.7574,18,50,-0.00242,0.00373,0.01203,0.01409,0,0,0
PG308_text.txt,19348,0.7574,18,100,0.0005,-0.00685,0.00214,0.01409,0,0,0
PG308_text.txt,19348,0.7574,18,200,-0.01677,-0.00568,0.01089,0.01409,1,0,0
PG308_text.txt,19348,0.7574,18,300,0.00622,0.00397,-0.00642,0.01409,0,0,0
PG308_text.txt,19348,0.7574,19,1,0.05047,-0.00799,-0.00389,0.01409,1,0,0
PG308_text.txt,19348,0.7574,19,2,0.03097,-0.00352,-0.00071,0.01409,1,0,0
PG308_text.txt,19348,0.7574,19,5,0.01034,0.0028,0.00764,0.01409,0,0,0
PG308_text.txt,19348,0.7574,19,10,0.01814,-0.00594,-0.0152,0.01409,1,0,1
PG308_text.txt,19348,0.7574,19,20,0.00109,0.00149,0.00602,0.01409,0,0,0
PG308_text.txt,19348,0.7574,19,50,0.01524,-0.00484,0.00607,0.01409,1,0,0
PG308_text.txt,19348,0.7574,19,100,-0.00069,0.00557,0.00481,0.01409,0,0,0
PG308_text.txt,19348,0.7574,19,200,0.01005,0.00597,0.00168,0.01409,0,0,0
PG308_text.txt,19348,0.7574,19,300,0.00709,0.00885,-0.00688,0.01409,0,0,0
PG308_text.txt,19348,0.7574,20,1,0.04834,-0.00522,-0.00655,0.01409,1,0,0
PG308_text.txt,19348,0.7574,20,2,0.0382,0.00698,-0.00169,0.01409,1,0,0
PG308_text.txt,19348,0.7574,20,5,0.01203,0.00624,0.02245,0.01409,0,0,1
PG308_text.txt,19348,0.7574,20,10,0.02093,-0.00443,-0.00942,0.01409,1,0,0
PG308_text.txt,19348,0.7574,20,20,0.00944,0.00236,-0.00515,0.01409,0,0,0
PG308_text.txt,19348,0.7574,20,50,0.01238,-0.00684,0.0061,0.01409,0,0,0
PG308_text.txt,19348,0.7574,20,100,0.01536,-0.00989,0.01122,0.01409,1,0,0
PG308_text.txt,19348,0.7574,20,200,-0.00312,0.00412,-0.00059,0.01409,0,0,0
PG308_text.txt,19348,0.7574,20,300,0.00977,0.01099,0.00271,0.01409,0,0,0
PG31824_text.txt,109804,0.7136,1,1,0.1202,0.00956,0.00213,0.00591,1,1,0
PG31824_text.txt,109804,0.7136,1,2,0.07215,0.00477,-0.00239,0.00591,1,0,0
PG31824_text.txt,109804,0.7136,1,5,0.04077,-0.00107,-0.00256,0.00591,1,0,0
PG31824_text.txt,109804,0.7136,1,10,0.03369,0.00201,-1e-05,0.00591,1,0,0
PG31824_text.txt,109804,0.7136,1,20,0.02266,0.00026,-0.00189,0.00591,1,0,0
PG31824_text.txt,109804,0.7136,1,50,0.02035,-0.00086,0.00397,0.00591,1,0,0
PG31824_text.txt,109804,0.7136,1,100,0.01645,-0.00143,-0.00436,0.00591,1,0,0
PG31824_text.txt,109804,0.7136,1,200,0.00948,0.00522,0.00183,0.00591,1,0,0
PG31824_text.txt,109804,0.7136,1,300,0.00818,-0.00011,0.00196,0.00591,1,0,0
PG31824_text.txt,109804,0.7136,2,1,0.24173,0.00633,-0.00267,0.00591,1,1,0
PG31824_text.txt,109804,0.7136,2,2,0.16233,0.00371,-0.0058,0.00591,1,0,0
PG31824_text.txt,109804,0.7136,2,5,0.11035,0.00674,0.00431,0.00591,1,1,0
PG31824_text.txt,109804,0.7136,2,10,0.08309,0.00679,-0.00246,0.00591,1,1,0
PG31824_text.txt,109804,0.7136,2,20,0.06308,-0.00297,-0.00026,0.00591,1,0,0
PG31824_text.txt,109804,0.7136,2,50,0.04087,-0.00287,0.00021,0.00591,1,0,0
PG31824_text.txt,109804,0.7136,2,100,0.03561,0.0022,-0.00184,0.00591,1,0,0
PG31824_text.txt,109804,0.7136,2,200,0.02718,0.00404,0.00579,0.00591,1,0,0
PG31824_text.txt,109804,0.7136,2,300,0.0289,0.00594,-0.00442,0.00591,1,1,0
PG31824_text.txt,109804,0.7136,3,1,0.19058,0.0075,-0.00193,0.00591,1,1,0
PG31824_text.txt,109804,0.7136,3,2,0.1264,0.00208,-0.00126,0.00591,1,0,0
PG31824_text.txt,109804,0.7136,3,5,0.09007,0.00731,0.0042,0.00591,1,1,0
PG31824_text.txt,109804,0.7136,3,10,0.07736,0.00205,-0.00011,0.00591,1,0,0
PG31824_text.txt,109804,0.7136,3,20,0.06495,-0.00306,0.00079,0.00591,1,0,0
PG31824_text.txt,109804,0.7136,3,50,0.05234,0.00072,-0.00628,0.00591,1,0,1
PG31824_text.txt,109804,0.7136,3,100,0.04091,-0.00062,0.00023,0.00591,1,0,0
PG31824_text.txt,109804,0.7136,3,200,0.02597,0.006,0.0001,0.00591,1,1,0
PG31824_text.txt,109804,0.7136,3,300,0.01976,0.00438,0.00024,0.00591,1,0,0
PG31824_text.txt,109804,0.7136,4,1,0.18471,-0.00393,-0.00063,0.00591,1,0,0
PG31824_text.txt,109804,0.7136,4,2,0.13013,0.00197,-0.00297,0.00591,1,0,0
PG31824_text.txt,109804,0.7136,4,5,0.08854,0.00056,-0.00022,0.00591,1,0,0
PG31824_text.txt,109804,0.7136,4,10,0.06226,0.00228,-0.00036,0.00591,1,0,0
PG31824_text.txt,109804,0.7136,4,20,0.04182,0.00316,0.00097,0.00591,1,0,0
PG31824_text.txt,109804,0.7136,4,50,0.02495,0.0005,-0.00414,0.00591,1,0,0
PG31824_text.txt,109804,0.7136,4,100,0.02042,-0.00097,-0.00163,0.00591,1,0,0
PG31824_text.txt,109804,0.7136,4,200,0.00994,0.00049,0.00191,0.00591,1,0,0
PG31824_text.txt,109804,0.7136,4,300,0.01379,0.00476,-0.00289,0.00591,1,0,0
PG31824_text.txt,109804,0.7136,5,1,0.12514,0.00218,0.00157,0.00591,1,0,0
PG31824_text.txt,109804,0.7136,5,2,0.076,-0.00052,0.00075,0.00591,1,0,0
PG31824_text.txt,109804,0.7136,5,5,0.05118,0.01128,-0.00047,0.00591,1,1,0
PG31824_text.txt,109804,0.7136,5,10,0.03935,0.00021,0.0002,0.00591,1,0,0
PG31824_text.txt,109804,0.7136,5,20,0.03134,0.00388,0.00393,0.00591,1,0,0
PG31824_text.txt,109804,0.7136,5,50,0.02457,-2e-05,0.00159,0.00591,1,0,0
PG31824_text.txt,109804,0.7136,5,100,0.01789,0.00447,-0.00126,0.00591,1,0,0
PG31824_text.txt,109804,0.7136,5,200,0.01535,-0.00018,0.00188,0.00591,1,0,0
PG31824_text.txt,109804,0.7136,5,300,0.01246,0.00652,-0.00168,0.00591,1,1,0
PG31824_text.txt,109804,0.7136,6,1,0.15879,-0.00282,0.0008,0.00591,1,0,0
PG31824_text.txt,109804,0.7136,6,2,0.10342,-0.00326,0.00222,0.00591,1,0,0
PG31824_text.txt,109804,0.7136,6,5,0.06686,-0.00117,0.00122,0.00591,1,0,0
PG31824_text.txt,109804,0.7136,6,10,0.05534,-0.00393,-0.00127,0.00591,1,0,0
PG31824_text.txt,109804,0.7136,6,20,0.03582,-0.00752,0.00076,0.00591,1,1,0
PG31824_text.txt,109804,0.7136,6,50,0.02911,-0.00968,-0.00153,0.00591,1,1,0
PG31824_text.txt,109804,0.7136,6,100,0.02568,0.00415,-0.00332,0.00591,1,0,0
PG31824_text.txt,109804,0.7136,6,200,0.01127,0.00023,-0.00226,0.00591,1,0,0
PG31824_text.txt,109804,0.7136,6,300,0.00988,0.00137,0.00204,0.00591,1,0,0
PG31824_text.txt,109804,0.7136,7,1,0.10644,0.00215,0.00012,0.00591,1,0,0
PG31824_text.txt,109804,0.7136,7,2,0.06687,-0.00276,0.00143,0.00591,1,0,0
PG31824_text.txt,109804,0.7136,7,5,0.03802,4e-05,-0.00111,0.00591,1,0,0
PG31824_text.txt,109804,0.7136,7,10,0.02689,-0.00242,0.00468,0.00591,1,0,0
PG31824_text.txt,109804,0.7136,7,20,0.02415,-0.00222,0.00328,0.00591,1,0,0
PG31824_text.txt,109804,0.7136,7,50,0.01329,0.00101,-0.004,0.00591,1,0,0
PG31824_text.txt,109804,0.7136,7,100,0.00897,-0.00212,0.00175,0.00591,1,0,0
PG31824_text.txt,109804,0.7136,7,200,0.01412,-0.00142,-0.00259,0.00591,1,0,0
PG31824_text.txt,109804,0.7136,7,300,0.00594,-0.00077,0.00063,0.00591,1,0,0
PG31824_text.txt,109804,0.7136,8,1,0.15368,-0.00334,0.00303,0.00591,1,0,0
PG31824_text.txt,109804,0.7136,8,2,0.0943,4e-05,0.00263,0.00591,1,0,0
PG31824_text.txt,109804,0.7136,8,5,0.05231,-0.00258,0.00561,0.00591,1,0,0
PG31824_text.txt,109804,0.7136,8,10,0.03198,-0.001,0.00241,0.00591,1,0,0
PG31824_text.txt,109804,0.7136,8,20,0.02381,-0.00227,0.00134,0.00591,1,0,0
PG31824_text.txt,109804,0.7136,8,50,0.01501,0.00207,0.0004,0.00591,1,0,0
PG31824_text.txt,109804,0.7136,8,100,0.00763,-0.00193,-0.00185,0.00591,1,0,0
PG31824_text.txt,109804,0.7136,8,200,0.00785,0.00172,-0.00428,0.00591,1,0,0
PG31824_text.txt,109804,0.7136,8,300,0.00496,-0.00436,-0.00132,0.00591,0,0,0
PG31824_text.txt,109804,0.7136,9,1,0.12019,-0.00401,-0.00305,0.00591,1,0,0
PG31824_text.txt,109804,0.7136,9,2,0.0749,-0.00122,-0.00025,0.00591,1,0,0
PG31824_text.txt,109804,0.7136,9,5,0.0481,0.00168,-5e-05,0.00591,1,0,0
PG31824_text.txt,109804,0.7136,9,10,0.02836,-0.00574,-0.00153,0.00591,1,0,0
PG31824_text.txt,109804,0.7136,9,20,0.02497,0.00217,-0.00036,0.00591,1,0,0
PG31824_text.txt,109804,0.7136,9,50,0.0179,-0.0014,0.00148,0.00591,1,0,0
PG31824_text.txt,109804,0.7136,9,100,0.01322,0.00204,-0.00256,0.00591,1,0,0
PG31824_text.txt,109804,0.7136,9,200,0.00425,-0.00202,-0.00066,0.00591,0,0,0
PG31824_text.txt,109804,0.7136,9,300,0.00494,0.00021,-0.0029,0.00591,0,0,0
PG31824_text.txt,109804,0.7136,10,1,0.0969,0.00345,-0.00038,0.00591,1,0,0
PG31824_text.txt,109804,0.7136,10,2,0.05584,-0.00371,-0.00092,0.00591,1,0,0
PG31824_text.txt,109804,0.7136,10,5,0.02797,-0.0061,-0.00723,0.00591,1,1,1
PG31824_text.txt,109804,0.7136,10,10,0.02253,0.00146,-0.00314,0.00591,1,0,0
PG31824_text.txt,109804,0.7136,10,20,0.01363,0.00071,-0.00166,0.00591,1,0,0
PG31824_text.txt,109804,0.7136,10,50,0.0096,-0.00247,-0.00465,0.00591,1,0,0
PG31824_text.txt,109804,0.7136,10,100,0.00993,-0.00135,-0.0012,0.00591,1,0,0
PG31824_text.txt,109804,0.7136,10,200,0.0059,-0.00347,-0.0015,0.00591,0,0,0
PG31824_text.txt,109804,0.7136,10,300,0.00825,-0.00155,-0.00159,0.00591,1,0,0
PG31824_text.txt,109804,0.7136,11,1,0.12266,0.00192,0.00108,0.00591,1,0,0
PG31824_text.txt,109804,0.7136,11,2,0.0775,-0.00257,0.00106,0.00591,1,0,0
PG31824_text.txt,109804,0.7136,11,5,0.04392,-0.00044,-0.00119,0.00591,1,0,0
PG31824_text.txt,109804,0.7136,11,10,0.02793,0.00242,0.00185,0.00591,1,0,0
PG31824_text.txt,109804,0.7136,11,20,0.01765,-0.00095,0.00575,0.00591,1,0,0
PG31824_text.txt,109804,0.7136,11,50,0.01124,-0.00446,0.00721,0.00591,1,0,1
PG31824_text.txt,109804,0.7136,11,100,0.00774,0.00051,0.00514,0.00591,1,0,0
PG31824_text.txt,109804,0.7136,11,200,0.0111,-0.00111,0.00172,0.00591,1,0,0
PG31824_text.txt,109804,0.7136,11,300,0.00869,0.00298,-0.00536,0.00591,1,0,0
PG31824_text.txt,109804,0.7136,12,1,0.10516,-0.00055,-8e-05,0.00591,1,0,0
PG31824_text.txt,109804,0.7136,12,2,0.05558,-0.0021,-0.00338,0.00591,1,0,0
PG31824_text.txt,109804,0.7136,12,5,0.02662,0.00687,-0.0017,0.00591,1,1,0
PG31824_text.txt,109804,0.7136,12,10,0.02016,0.00208,-0.00357,0.00591,1,0,0
PG31824_text.txt,109804,0.7136,12,20,0.00895,-0.00388,0.00134,0.00591,1,0,0
PG31824_text.txt,109804,0.7136,12,50,0.00094,-0.00077,-0.00653,0.00591,0,0,1
PG31824_text.txt,109804,0.7136,12,100,-0.00341,-0.00227,0.00461,0.00591,0,0,0
PG31824_text.txt,109804,0.7136,12,200,-0.00034,-0.00282,0.00156,0.00591,0,0,0
PG31824_text.txt,109804,0.7136,12,300,-0.00684,0.00021,0.00067,0.00591,1,0,0
PG31824_text.txt,109804,0.7136,13,1,0.09679,0.00314,0.00348,0.00591,1,0,0
PG31824_text.txt,109804,0.7136,13,2,0.04682,0.00168,-0.00033,0.00591,1,0,0
PG31824_text.txt,109804,0.7136,13,5,0.02158,-0.00307,-0.00528,0.00591,1,0,0
PG31824_text.txt,109804,0.7136,13,10,0.02243,-6e-05,0.00329,0.00591,1,0,0
PG31824_text.txt,109804,0.7136,13,20,0.01671,-0.00341,-0.00449,0.00591,1,0,0
PG31824_text.txt,109804,0.7136,13,50,0.00708,0.00371,-0.00082,0.00591,1,0,0
PG31824_text.txt,109804,0.7136,13,100,0.00393,0.0054,0.00526,0.00591,0,0,0
PG31824_text.txt,109804,0.7136,13,200,0.009,-0.00339,-0.00324,0.00591,1,0,0
PG31824_text.txt,109804,0.7136,13,300,0.00318,0.00323,0.00158,0.00591,0,0,0
PG31824_text.txt,109804,0.7136,14,1,0.10162,-0.00354,-0.00108,0.00591,1,0,0
PG31824_text.txt,109804,0.7136,14,2,0.05245,0.00446,0.00195,0.00591,1,0,0
PG31824_text.txt,109804,0.7136,14,5,0.03585,-0.00202,0.0017,0.00591,1,0,0
PG31824_text.txt,109804,0.7136,14,10,0.02693,-0.00565,0.00177,0.00591,1,0,0
PG31824_text.txt,109804,0.7136,14,20,0.01471,-0.00236,0.00293,0.00591,1,0,0
PG31824_text.txt,109804,0.7136,14,50,0.00794,0.00497,0.00122,0.00591,1,0,0
PG31824_text.txt,109804,0.7136,14,100,0.0105,0.00099,0.00651,0.00591,1,0,1
PG31824_text.txt,109804,0.7136,14,200,0.00654,-0.00097,-0.00567,0.00591,1,0,0
PG31824_text.txt,109804,0.7136,14,300,0.00746,-0.00335,0.00568,0.00591,1,0,0
PG31824_text.txt,109804,0.7136,15,1,0.09112,-0.00347,0.00022,0.00591,1,0,0
PG31824_text.txt,109804,0.7136,15,2,0.05999,0.00326,0.00244,0.00591,1,0,0
PG31824_text.txt,109804,0.7136,15,5,0.0397,-0.00262,-0.00544,0.00591,1,0,0
PG31824_text.txt,109804,0.7136,15,10,0.02604,0.00577,0.0039,0.00591,1,0,0
PG31824_text.txt,109804,0.7136,15,20,0.02565,-0.00084,0.00274,0.00591,1,0,0
PG31824_text.txt,109804,0.7136,15,50,0.0131,0.00077,0.00212,0.00591,1,0,0
PG31824_text.txt,109804,0.7136,15,100,0.01325,0.00043,-0.00246,0.00591,1,0,0
PG31824_text.txt,109804,0.7136,15,200,0.00495,-0.00088,0.00292,0.00591,0,0,0
PG31824_text.txt,109804,0.7136,15,300,-0.00191,2e-05,0.00201,0.00591,0,0,0
PG31824_text.txt,109804,0.7136,16,1,0.08251,0.00486,0.00229,0.00591,1,0,0
PG31824_text.txt,109804,0.7136,16,2,0.04524,0.00425,-0.00143,0.00591,1,0,0
PG31824_text.txt,109804,0.7136,16,5,0.02661,-0.00153,0.00256,0.00591,1,0,0
PG31824_text.txt,109804,0.7136,16,10,0.01795,0.00043,-0.00786,0.00591,1,0,1
PG31824_text.txt,109804,0.7136,16,20,0.0116,0.00174,0.0009,0.00591,1,0,0
PG31824_text.txt,109804,0.7136,16,50,0.00982,0.00196,-0.0039,0.00591,1,0,0
PG31824_text.txt,109804,0.7136,16,100,0.01148,0.00133,0.00069,0.00591,1,0,0
PG31824_text.txt,109804,0.7136,16,200,0.00346,0.00039,-0.0033,0.00591,0,0,0
PG31824_text.txt,109804,0.7136,16,300,0.00124,0.00519,0.00027,0.00591,0,0,0
PG31824_text.txt,109804,0.7136,17,1,0.08161,-0.0025,-0.0007,0.00591,1,0,0
PG31824_text.txt,109804,0.7136,17,2,0.03623,0.00054,0.00086,0.00591,1,0,0
PG31824_text.txt,109804,0.7136,17,5,0.02251,-0.00381,-0.00162,0.00591,1,0,0
PG31824_text.txt,109804,0.7136,17,10,0.01257,0.00285,0.00528,0.00591,1,0,0
PG31824_text.txt,109804,0.7136,17,20,0.00787,-0.00176,0.00233,0.00591,1,0,0
PG31824_text.txt,109804,0.7136,17,50,0.00807,-0.0004,-0.0039,0.00591,1,0,0
PG31824_text.txt,109804,0.7136,17,100,0.00239,-0.00449,-0.00605,0.00591,0,0,1
PG31824_text.txt,109804,0.7136,17,200,0.00156,0.00477,0.00205,0.00591,0,0,0
PG31824_text.txt,109804,0.7136,17,300,0.00275,0.00145,0.00027,0.00591,0,0,0
PG31824_text.txt,109804,0.7136,18,1,0.069,0.00095,-0.00034,0.00591,1,0,0
PG31824_text.txt,109804,0.7136,18,2,0.04629,0.0043,-0.00334,0.00591,1,0,0
PG31824_text.txt,109804,0.7136,18,5,0.02936,0.0032,0.00208,0.00591,1,0,0
PG31824_text.txt,109804,0.7136,18,10,0.01894,0.00131,-0.00073,0.00591,1,0,0
PG31824_text.txt,109804,0.7136,18,20,0.01291,0.001,0.0038,0.00591,1,0,0
PG31824_text.txt,109804,0.7136,18,50,0.01435,-0.00261,0.00436,0.00591,1,0,0
PG31824_text.txt,109804,0.7136,18,100,0.00341,0.00265,0.00122,0.00591,0,0,0
PG31824_text.txt,109804,0.7136,18,200,0.00242,0.00078,-0.00039,0.00591,0,0,0
PG31824_text.txt,109804,0.7136,18,300,0.00447,0.00217,6e-05,0.00591,0,0,0
PG31824_text.txt,109804,0.7136,19,1,0.06854,0.00234,-0.00257,0.00591,1,0,0
PG31824_text.txt,109804,0.7136,19,2,0.03815,0.00123,-0.00244,0.00591,1,0,0
PG31824_text.txt,109804,0.7136,19,5,0.0268,0.00463,-0.00211,0.00591,1,0,0
PG31824_text.txt,109804,0.7136,19,10,0.01725,-0.00565,0.0024,0.00591,1,0,0
PG31824_text.txt,109804,0.7136,19,20,0.00765,-0.00206,0.00029,0.00591,1,0,0
PG31824_text.txt,109804,0.7136,19,50,0.01102,-0.00171,-0.00132,0.00591,1,0,0
PG31824_text.txt,109804,0.7136,19,100,0.002,0.00419,0.0011,0.00591,0,0,0
PG31824_text.txt,109804,0.7136,19,200,0.00256,-0.00229,0.00285,0.00591,0,0,0
PG31824_text.txt,109804,0.7136,19,300,0.00456,-0.00295,0.00404,0.00591,0,0,0
PG31824_text.txt,109804,0.7136,20,1,0.07367,0.00186,0.00292,0.00591,1,0,0
PG31824_text.txt,109804,0.7136,20,2,0.04111,-0.00093,-0.0006,0.00591,1,0,0
PG31824_text.txt,109804,0.7136,20,5,0.02199,0.01021,-0.00166,0.00591,1,1,0
PG31824_text.txt,109804,0.7136,20,10,0.01275,0.0015,-0.00187,0.00591,1,0,0
PG31824_text.txt,109804,0.7136,20,20,0.00332,0.00386,-0.00114,0.00591,0,0,0
PG31824_text.txt,109804,0.7136,20,50,0.0054,-0.00651,0.00205,0.00591,0,1,0
PG31824_text.txt,109804,0.7136,20,100,0.00233,0.00076,-0.00304,0.00591,0,0,0
PG31824_text.txt,109804,0.7136,20,200,-0.00031,0.00048,0.00302,0.00591,0,0,0
PG31824_text.txt,109804,0.7136,20,300,-0.00073,-0.00212,-0.00209,0.00591,0,0,0
PG41822_text.txt,31631,0.6823,1,1,0.07896,-0.00454,0.00016,0.01102,1,0,0
PG41822_text.txt,31631,0.6823,1,2,0.0364,-0.00087,0.00035,0.01102,1,0,0
PG41822_text.txt,31631,0.6823,1,5,0.02257,-0.00518,0.00542,0.01102,1,0,0
PG41822_text.txt,31631,0.6823,1,10,0.02031,-0.00517,-0.00416,0.01102,1,0,0
PG41822_text.txt,31631,0.6823,1,20,0.00939,-0.00832,-0.00448,0.01102,0,0,0
PG41822_text.txt,31631,0.6823,1,50,0.01509,0.01286,-0.00666,0.01102,1,1,0
PG41822_text.txt,31631,0.6823,1,100,0.00579,0.00398,-2e-05,0.01102,0,0,0
PG41822_text.txt,31631,0.6823,1,200,-0.0025,0.00036,-0.00073,0.01102,0,0,0
PG41822_text.txt,31631,0.6823,1,300,0.00046,0.00187,0.00804,0.01102,0,0,0
PG41822_text.txt,31631,0.6823,2,1,0.20604,-0.00674,-0.00884,0.01102,1,0,0
PG41822_text.txt,31631,0.6823,2,2,0.12794,-0.01159,0.00731,0.01102,1,1,0
PG41822_text.txt,31631,0.6823,2,5,0.07801,-0.00411,-0.00391,0.01102,1,0,0
PG41822_text.txt,31631,0.6823,2,10,0.05751,-0.00493,0.01132,0.01102,1,0,1
PG41822_text.txt,31631,0.6823,2,20,0.04866,-0.00127,-0.01042,0.01102,1,0,0
PG41822_text.txt,31631,0.6823,2,50,0.03752,0.00023,-0.00647,0.01102,1,0,0
PG41822_text.txt,31631,0.6823,2,100,0.01621,0.00377,0.00093,0.01102,1,0,0
PG41822_text.txt,31631,0.6823,2,200,0.00955,0.00544,-0.00458,0.01102,0,0,0
PG41822_text.txt,31631,0.6823,2,300,0.00703,-0.00179,-0.00564,0.01102,0,0,0
PG41822_text.txt,31631,0.6823,3,1,0.10074,-0.00142,0.00125,0.01102,1,0,0
PG41822_text.txt,31631,0.6823,3,2,0.06783,0.00892,-0.00437,0.01102,1,0,0
PG41822_text.txt,31631,0.6823,3,5,0.0483,0.0031,-0.0035,0.01102,1,0,0
PG41822_text.txt,31631,0.6823,3,10,0.02056,-0.0043,0.00918,0.01102,1,0,0
PG41822_text.txt,31631,0.6823,3,20,0.01872,0.00277,0.00997,0.01102,1,0,0
PG41822_text.txt,31631,0.6823,3,50,0.01364,-0.00413,0.00238,0.01102,1,0,0
PG41822_text.txt,31631,0.6823,3,100,0.00624,-0.00763,0.00896,0.01102,0,0,0
PG41822_text.txt,31631,0.6823,3,200,0.00021,0.00575,0.0051,0.01102,0,0,0
PG41822_text.txt,31631,0.6823,3,300,0.00275,0.00067,0.00081,0.01102,0,0,0
PG41822_text.txt,31631,0.6823,4,1,0.12784,-0.00191,-0.00273,0.01102,1,0,0
PG41822_text.txt,31631,0.6823,4,2,0.07454,-0.00487,0.00317,0.01102,1,0,0
PG41822_text.txt,31631,0.6823,4,5,0.05059,-0.00043,0.0009,0.01102,1,0,0
PG41822_text.txt,31631,0.6823,4,10,0.03691,-0.00226,-0.0018,0.01102,1,0,0
PG41822_text.txt,31631,0.6823,4,20,0.03504,0.00399,-0.00822,0.01102,1,0,0
PG41822_text.txt,31631,0.6823,4,50,0.01884,0.00529,0.01186,0.01102,1,0,1
PG41822_text.txt,31631,0.6823,4,100,0.01389,0.00848,-0.00512,0.01102,1,0,0
PG41822_text.txt,31631,0.6823,4,200,-0.00097,0.00254,-0.00989,0.01102,0,0,0
PG41822_text.txt,31631,0.6823,4,300,0.00336,0.01777,0.00517,0.01102,0,1,0
PG41822_text.txt,31631,0.6823,5,1,0.07683,-0.00765,-0.02049,0.01102,1,0,1
PG41822_text.txt,31631,0.6823,5,2,0.03916,-0.00033,-0.00287,0.01102,1,0,0
PG41822_text.txt,31631,0.6823,5,5,0.02627,-0.00394,-0.01171,0.01102,1,0,1
PG41822_text.txt,31631,0.6823,5,10,0.01176,-0.00344,-0.00199,0.01102,1,0,0
PG41822_text.txt,31631,0.6823,5,20,0.01452,0.01362,-0.00371,0.01102,1,1,0
PG41822_text.txt,31631,0.6823,5,50,0.01341,0.0004,-0.01093,0.01102,1,0,0
PG41822_text.txt,31631,0.6823,5,100,-0.00254,-0.00332,-0.00168,0.01102,0,0,0
PG41822_text.txt,31631,0.6823,5,200,0.00223,0.0011,-0.00067,0.01102,0,0,0
PG41822_text.txt,31631,0.6823,5,300,0.00624,-0.00495,-0.00713,0.01102,0,0,0
PG41822_text.txt,31631,0.6823,6,1,0.12536,-0.00524,0.00176,0.01102,1,0,0
PG41822_text.txt,31631,0.6823,6,2,0.0876,0.00208,-0.00091,0.01102,1,0,0
PG41822_text.txt,31631,0.6823,6,5,0.04851,-0.00279,-0.00283,0.01102,1,0,0
PG41822_text.txt,31631,0.6823,6,10,0.02943,-0.00234,-0.00525,0.01102,1,0,0
PG41822_text.txt,31631,0.6823,6,20,0.01972,-0.00694,-0.00686,0.01102,1,0,0
PG41822_text.txt,31631,0.6823,6,50,0.01831,-0.00132,0.00103,0.01102,1,0,0
PG41822_text.txt,31631,0.6823,6,100,-0.00571,0.0079,0.00831,0.01102,0,0,0
PG41822_text.txt,31631,0.6823,6,200,0.00498,-0.00637,0.00201,0.01102,0,0,0
PG41822_text.txt,31631,0.6823,6,300,0.00297,0.00276,-0.00191,0.01102,0,0,0
PG41822_text.txt,31631,0.6823,7,1,0.07744,0.00205,-0.00012,0.01102,1,0,0
PG41822_text.txt,31631,0.6823,7,2,0.04086,-0.01105,0.00584,0.01102,1,1,0
PG41822_text.txt,31631,0.6823,7,5,0.01233,-0.00488,0.00173,0.01102,1,0,0
PG41822_text.txt,31631,0.6823,7,10,0.01224,0.01149,-0.00216,0.01102,1,1,0
PG41822_text.txt,31631,0.6823,7,20,0.01754,-0.00908,-0.00195,0.01102,1,0,0
PG41822_text.txt,31631,0.6823,7,50,0.00272,-0.00438,0.0065,0.01102,0,0,0
PG41822_text.txt,31631,0.6823,7,100,0.00409,-0.00659,0.00767,0.01102,0,0,0
PG41822_text.txt,31631,0.6823,7,200,0.01541,-0.00466,0.00364,0.01102,1,0,0
PG41822_text.txt,31631,0.6823,7,300,-0.00346,0.00653,-0.00793,0.01102,0,0,0
PG41822_text.txt,31631,0.6823,8,1,0.06241,-0.01535,0.0049,0.01102,1,1,0
PG41822_text.txt,31631,0.6823,8,2,0.04715,0.0001,0.00875,0.01102,1,0,0
PG41822_text.txt,31631,0.6823,8,5,0.02341,-0.01538,-0.00513,0.01102,1,1,0
PG41822_text.txt,31631,0.6823,8,10,0.00935,-0.00568,0.00661,0.01102,0,0,0
PG41822_text.txt,31631,0.6823,8,20,0.01891,0.01199,-0.00171,0.01102,1,1,0
PG41822_text.txt,31631,0.6823,8,50,0.00667,0.00043,0.00967,0.01102,0,0,0
PG41822_text.txt,31631,0.6823,8,100,0.00772,-0.0006,0.00565,0.01102,0,0,0
PG41822_text.txt,31631,0.6823,8,200,0.00145,0.00617,0.00088,0.01102,0,0,0
PG41822_text.txt,31631,0.6823,8,300,0.00479,0.00091,-0.00107,0.01102,0,0,0
PG41822_text.txt,31631,0.6823,9,1,0.08314,-0.00227,-0.00586,0.01102,1,0,0
PG41822_text.txt,31631,0.6823,9,2,0.04675,0.00229,0.00429,0.01102,1,0,0
PG41822_text.txt,31631,0.6823,9,5,0.017,-0.00701,0.00418,0.01102,1,0,0
PG41822_text.txt,31631,0.6823,9,10,0.0148,-0.00136,-0.00214,0.01102,1,0,0
PG41822_text.txt,31631,0.6823,9,20,0.01302,-0.00226,0.00391,0.01102,1,0,0
PG41822_text.txt,31631,0.6823,9,50,0.01862,-0.00055,-0.00285,0.01102,1,0,0
PG41822_text.txt,31631,0.6823,9,100,0.00288,-0.00431,-0.01187,0.01102,0,0,1
PG41822_text.txt,31631,0.6823,9,200,0.00376,0.00545,-0.00959,0.01102,0,0,0
PG41822_text.txt,31631,0.6823,9,300,0.00087,-0.00368,0.00153,0.01102,0,0,0
PG41822_text.txt,31631,0.6823,10,1,0.08309,-0.01063,-3e-05,0.01102,1,0,0
PG41822_text.txt,31631,0.6823,10,2,0.04348,0.00159,-0.00774,0.01102,1,0,0
PG41822_text.txt,31631,0.6823,10,5,0.02181,-0.00067,0.00208,0.01102,1,0,0
PG41822_text.txt,31631,0.6823,10,10,0.01702,-0.00213,0.00436,0.01102,1,0,0
PG41822_text.txt,31631,0.6823,10,20,0.01388,-0.00735,0.00354,0.01102,1,0,0
PG41822_text.txt,31631,0.6823,10,50,0.00381,-0.00947,-0.00093,0.01102,0,0,0
PG41822_text.txt,31631,0.6823,10,100,0.00584,0.01156,0.00103,0.01102,0,1,0
PG41822_text.txt,31631,0.6823,10,200,-0.00212,-0.00556,0.00841,0.01102,0,0,0
PG41822_text.txt,31631,0.6823,10,300,-0.00131,0.00057,0.00666,0.01102,0,0,0
PG41822_text.txt,31631,0.6823,11,1,0.07582,0.00305,0.00712,0.01102,1,0,0
PG41822_text.txt,31631,0.6823,11,2,0.03906,0.00106,0.0011,0.01102,1,0,0
PG41822_text.txt,31631,0.6823,11,5,0.02755,-0.00445,-0.00471,0.01102,1,0,0
PG41822_text.txt,31631,0.6823,11,10,0.01847,-0.0004,0.00209,0.01102,1,0,0
PG41822_text.txt,31631,0.6823,11,20,0.01658,0.00213,0.00184,0.01102,1,0,0
PG41822_text.txt,31631,0.6823,11,50,0.00089,-0.00249,0.00202,0.01102,0,0,0
PG41822_text.txt,31631,0.6823,11,100,4e-05,0.00223,-0.00673,0.01102,0,0,0
PG41822_text.txt,31631,0.6823,11,200,0.00509,0.00755,-0.00486,0.01102,0,0,0
PG41822_text.txt,31631,0.6823,11,300,0.00368,-0.00316,-0.01104,0.01102,0,0,1
PG41822_text.txt,31631,0.6823,12,1,0.07989,-2e-05,-0.00369,0.01102,1,0,0
PG41822_text.txt,31631,0.6823,12,2,0.04574,-0.00263,-0.00094,0.01102,1,0,0
PG41822_text.txt,31631,0.6823,12,5,0.00976,-0.01124,-0.00196,0.01102,0,1,0
PG41822_text.txt,31631,0.6823,12,10,0.0113,0.00889,0.00297,0.01102,1,0,0
PG41822_text.txt,31631,0.6823,12,20,0.01938,-0.00313,-0.00608,0.01102,1,0,0
PG41822_text.txt,31631,0.6823,12,50,0.00304,0.00734,-0.00292,0.01102,0,0,0
PG41822_text.txt,31631,0.6823,12,100,0.00406,0.00324,0.00521,0.01102,0,0,0
PG41822_text.txt,31631,0.6823,12,200,0.00384,0.00702,0.0002,0.01102,0,0,0
PG41822_text.txt,31631,0.6823,12,300,0.0059,-0.00803,-0.0038,0.01102,0,0,0
PG41822_text.txt,31631,0.6823,13,1,0.07654,-0.00329,0.0108,0.01102,1,0,0
PG41822_text.txt,31631,0.6823,13,2,0.03293,0.00782,0.00295,0.01102,1,0,0
PG41822_text.txt,31631,0.6823,13,5,0.01151,-0.00557,0.00148,0.01102,1,0,0
PG41822_text.txt,31631,0.6823,13,10,0.00955,0.01031,-0.00653,0.01102,0,0,0
PG41822_text.txt,31631,0.6823,13,20,0.00651,0.00183,-0.00277,0.01102,0,0,0
PG41822_text.txt,31631,0.6823,13,50,0.01075,0.00025,-0.00466,0.01102,0,0,0
PG41822_text.txt,31631,0.6823,13,100,-0.00056,0.00478,0.0041,0.01102,0,0,0
PG41822_text.txt,31631,0.6823,13,200,0.00055,-0.00748,0.00317,0.01102,0,0,0
PG41822_text.txt,31631,0.6823,13,300,-0.00498,0.00175,-0.00317,0.01102,0,0,0
PG41822_text.txt,31631,0.6823,14,1,0.08148,0.00036,0.00847,0.01102,1,0,0
PG41822_text.txt,31631,0.6823,14,2,0.02269,0.00649,-6e-05,0.01102,1,0,0
PG41822_text.txt,31631,0.6823,14,5,0.0261,0.01081,0.00115,0.01102,1,0,0
PG41822_text.txt,31631,0.6823,14,10,0.01816,0.0019,-0.0012,0.01102,1,0,0
PG41822_text.txt,31631,0.6823,14,20,0.01599,0.00413,-0.00431,0.01102,1,0,0
PG41822_text.txt,31631,0.6823,14,50,0.00699,0.00397,0.00599,0.01102,0,0,0
PG41822_text.txt,31631,0.6823,14,100,0.00165,0.00281,-0.00265,0.01102,0,0,0
PG41822_text.txt,31631,0.6823,14,200,0.00243,0.00071,0.00573,0.01102,0,0,0
PG41822_text.txt,31631,0.6823,14,300,0.01096,-0.00407,0.00833,0.01102,0,0,0
PG41822_text.txt,31631,0.6823,15,1,0.06236,0.00307,0.00975,0.01102,1,0,0
PG41822_text.txt,31631,0.6823,15,2,0.02783,-0.00409,-0.00146,0.01102,1,0,0
PG41822_text.txt,31631,0.6823,15,5,0.01511,0.00334,-0.0091,0.01102,1,0,0
PG41822_text.txt,31631,0.6823,15,10,0.01654,-0.01004,0.00321,0.01102,1,0,0
PG41822_text.txt,31631,0.6823,15,20,0.02483,-0.00443,0.00044,0.01102,1,0,0
PG41822_text.txt,31631,0.6823,15,50,0.00807,0.00379,0.00036,0.01102,0,0,0
PG41822_text.txt,31631,0.6823,15,100,0.00382,-0.00622,0.00177,0.01102,0,0,0
PG41822_text.txt,31631,0.6823,15,200,0.00165,0.00198,0.00754,0.01102,0,0,0
PG41822_text.txt,31631,0.6823,15,300,0.00977,-0.00428,-0.00616,0.01102,0,0,0
PG41822_text.txt,31631,0.6823,16,1,0.06324,0.00829,0.00011,0.01102,1,0,0
PG41822_text.txt,31631,0.6823,16,2,0.03357,-0.00316,-0.00535,0.01102,1,0,0
PG41822_text.txt,31631,0.6823,16,5,0.01179,-0.00668,0.00139,0.01102,1,0,0
PG41822_text.txt,31631,0.6823,16,10,0.00958,-0.00867,-0.0032,0.01102,0,0,0
PG41822_text.txt,31631,0.6823,16,20,0.00879,0.00717,-0.01232,0.01102,0,0,1
PG41822_text.txt,31631,0.6823,16,50,-0.00381,0.00581,-0.00681,0.01102,0,0,0
PG41822_text.txt,31631,0.6823,16,100,0.00491,0.01109,-0.00644,0.01102,0,1,0
PG41822_text.txt,31631,0.6823,16,200,0.00274,0.00216,-0.00534,0.01102,0,0,0
PG41822_text.txt,31631,0.6823,16,300,-0.00904,-0.00276,0.00989,0.01102,0,0,0
PG41822_text.txt,31631,0.6823,17,1,0.03126,0.00017,-0.00047,0.01102,1,0,0
PG41822_text.txt,31631,0.6823,17,2,0.01345,-0.00246,-0.00077,0.01102,1,0,0
PG41822_text.txt,31631,0.6823,17,5,0.02642,0.00373,0.00607,0.01102,1,0,0
PG41822_text.txt,31631,0.6823,17,10,0.02218,-0.0052,-0.0032,0.01102,1,0,0
PG41822_text.txt,31631,0.6823,17,20,0.00598,0.00363,0.0109,0.01102,0,0,0
PG41822_text.txt,31631,0.6823,17,50,0.01761,-0.00839,0.00561,0.01102,1,0,0
PG41822_text.txt,31631,0.6823,17,100,0.00484,0.00181,-0.00802,0.01102,0,0,0
PG41822_text.txt,31631,0.6823,17,200,0.00332,-0.00279,-0.00087,0.01102,0,0,0
PG41822_text.txt,31631,0.6823,17,300,0.0064,0.00368,0.00049,0.01102,0,0,0
PG41822_text.txt,31631,0.6823,18,1,0.06107,0.0038,8e-05,0.01102,1,0,0
PG41822_text.txt,31631,0.6823,18,2,0.02873,-0.00322,-0.00344,0.01102,1,0,0
PG41822_text.txt,31631,0.6823,18,5,0.00777,-0.00098,0.00874,0.01102,0,0,0
PG41822_text.txt,31631,0.6823,18,10,0.01328,-0.00152,0.00037,0.01102,1,0,0
PG41822_text.txt,31631,0.6823,18,20,0.00447,0.00187,-0.00416,0.01102,0,0,0
PG41822_text.txt,31631,0.6823,18,50,0.00058,0.00115,-0.00517,0.01102,0,0,0
PG41822_text.txt,31631,0.6823,18,100,0.00735,-0.00242,0.00187,0.01102,0,0,0
PG41822_text.txt,31631,0.6823,18,200,-0.0118,-0.00512,0.00362,0.01102,1,0,0
PG41822_text.txt,31631,0.6823,18,300,-0.00063,-0.00495,0.01369,0.01102,0,0,1
PG41822_text.txt,31631,0.6823,19,1,0.04902,0.00112,-0.0069,0.01102,1,0,0
PG41822_text.txt,31631,0.6823,19,2,0.03248,-0.0042,0.00218,0.01102,1,0,0
PG41822_text.txt,31631,0.6823,19,5,0.01146,-0.00112,-0.01158,0.01102,1,0,1
PG41822_text.txt,31631,0.6823,19,10,0.00146,-0.00308,-0.00251,0.01102,0,0,0
PG41822_text.txt,31631,0.6823,19,20,0.01022,-0.00527,0.0032,0.01102,0,0,0
PG41822_text.txt,31631,0.6823,19,50,-0.00081,-0.0069,0.0089,0.01102,0,0,0
PG41822_text.txt,31631,0.6823,19,100,-0.00218,-0.00713,-0.00029,0.01102,0,0,0
PG41822_text.txt,31631,0.6823,19,200,-0.0053,-0.00547,-0.00357,0.01102,0,0,0
PG41822_text.txt,31631,0.6823,19,300,0.01287,-0.00212,0.00089,0.01102,1,0,0
PG41822_text.txt,31631,0.6823,20,1,0.03218,-0.00066,0.00591,0.01102,1,0,0
PG41822_text.txt,31631,0.6823,20,2,0.02328,0.00583,-0.0165,0.01102,1,0,1
PG41822_text.txt,31631,0.6823,20,5,0.01322,-0.00214,0.00136,0.01102,1,0,0
PG41822_text.txt,31631,0.6823,20,10,0.00363,0.00556,-0.0085,0.01102,0,0,0
PG41822_text.txt,31631,0.6823,20,20,0.0051,0.00454,-0.00062,0.01102,0,0,0
PG41822_text.txt,31631,0.6823,20,50,0.00718,0.00447,-0.00068,0.01102,0,0,0
PG41822_text.txt,31631,0.6823,20,100,0.00254,-0.00586,-0.00248,0.01102,0,0,0
PG41822_text.txt,31631,0.6823,20,200,-0.00047,0.00736,-0.00698,0.01102,0,0,0
PG41822_text.txt,31631,0.6823,20,300,-0.00116,-0.01211,0.00671,0.01102,0,1,0
PG4707_text.txt,23212,0.6971,1,1,0.13674,0.01436,-0.01557,0.01286,1,1,1
PG4707_text.txt,23212,0.6971,1,2,0.10175,-0.00703,-0.00633,0.01286,1,0,0
PG4707_text.txt,23212,0.6971,1,5,0.05572,-0.00153,-0.00483,0.01286,1,0,0
PG4707_text.txt,23212,0.6971,1,10,0.04662,-0.00368,-0.0012,0.01286,1,0,0
PG4707_text.txt,23212,0.6971,1,20,0.02698,0.01353,0.00024,0.01286,1,1,0
PG4707_text.txt,23212,0.6971,1,50,0.02893,-0.00342,-0.01145,0.01286,1,0,0
PG4707_text.txt,23212,0.6971,1,100,0.01357,0.00056,-0.00121,0.01286,1,0,0
PG4707_text.txt,23212,0.6971,1,200,0.00816,-0.00413,0.00423,0.01286,0,0,0
PG4707_text.txt,23212,0.6971,1,300,0.01244,-0.00192,-0.00694,0.01286,0,0,0
PG4707_text.txt,23212,0.6971,2,1,0.22977,-0.00485,0.01741,0.01286,1,0,1
PG4707_text.txt,23212,0.6971,2,2,0.16353,-0.01043,-0.00974,0.01286,1,0,0
PG4707_text.txt,23212,0.6971,2,5,0.10323,-0.00534,0.01041,0.01286,1,0,0
PG4707_text.txt,23212,0.6971,2,10,0.07624,-0.0103,-0.00246,0.01286,1,0,0
PG4707_text.txt,23212,0.6971,2,20,0.05837,-0.00424,0.00075,0.01286,1,0,0
PG4707_text.txt,23212,0.6971,2,50,0.03411,-0.00695,-4e-05,0.01286,1,0,0
PG4707_text.txt,23212,0.6971,2,100,0.03172,0.00331,0.00733,0.01286,1,0,0
PG4707_text.txt,23212,0.6971,2,200,0.02533,-0.00336,-0.00563,0.01286,1,0,0
PG4707_text.txt,23212,0.6971,2,300,0.02448,0.00094,0.00547,0.01286,1,0,0
PG4707_text.txt,23212,0.6971,3,1,0.11265,0.00658,-0.0033,0.01286,1,0,0
PG4707_text.txt,23212,0.6971,3,2,0.07248,-0.0064,-0.00048,0.01286,1,0,0
PG4707_text.txt,23212,0.6971,3,5,0.04391,-0.00046,-0.00414,0.01286,1,0,0
PG4707_text.txt,23212,0.6971,3,10,0.03184,0.00017,0.004,0.01286,1,0,0
PG4707_text.txt,23212,0.6971,3,20,0.02862,-0.01702,0.00597,0.01286,1,1,0
PG4707_text.txt,23212,0.6971,3,50,0.02646,-0.01358,0.00111,0.01286,1,1,0
PG4707_text.txt,23212,0.6971,3,100,0.02029,-0.003,0.00693,0.01286,1,0,0
PG4707_text.txt,23212,0.6971,3,200,0.01222,0.00241,0.00106,0.01286,0,0,0
PG4707_text.txt,23212,0.6971,3,300,0.01448,-0.00099,-0.00741,0.01286,1,0,0
PG4707_text.txt,23212,0.6971,4,1,0.11886,0.00506,-2e-05,0.01286,1,0,0
PG4707_text.txt,23212,0.6971,4,2,0.07642,0.00467,-0.00576,0.01286,1,0,0
PG4707_text.txt,23212,0.6971,4,5,0.03972,-0.00469,0.00059,0.01286,1,0,0
PG4707_text.txt,23212,0.6971,4,10,0.03399,0.00239,0.00149,0.01286,1,0,0
PG4707_text.txt,23212,0.6971,4,20,0.02568,0.00061,0.0096,0.01286,1,0,0
PG4707_text.txt,23212,0.6971,4,50,0.01656,0.00137,0.00242,0.01286,1,0,0
PG4707_text.txt,23212,0.6971,4,100,0.01108,-0.00675,0.00615,0.01286,0,0,0
PG4707_text.txt,23212,0.6971,4,200,0.0064,-0.00539,-0.00872,0.01286,0,0,0
PG4707_text.txt,23212,0.6971,4,300,0.00591,0.00623,0.00673,0.01286,0,0,0
PG4707_text.txt,23212,0.6971,5,1,0.06799,-0.00509,0.0017,0.01286,1,0,0
PG4707_text.txt,23212,0.6971,5,2,0.04236,0.00186,0.00158,0.01286,1,0,0
PG4707_text.txt,23212,0.6971,5,5,0.02156,-0.0024,0.00397,0.01286,1,0,0
PG4707_text.txt,23212,0.6971,5,10,0.02446,0.00138,0.00993,0.01286,1,0,0
PG4707_text.txt,23212,0.6971,5,20,0.00939,0.00513,-0.00723,0.01286,0,0,0
PG4707_text.txt,23212,0.6971,5,50,0.02447,-0.00524,0.00592,0.01286,1,0,0
PG4707_text.txt,23212,0.6971,5,100,0.00107,0.00162,-0.01633,0.01286,0,0,1
PG4707_text.txt,23212,0.6971,5,200,0.00335,-0.00413,0.00826,0.01286,0,0,0
PG4707_text.txt,23212,0.6971,5,300,0.00576,-0.00406,0.00548,0.01286,0,0,0
PG4707_text.txt,23212,0.6971,6,1,0.11228,-0.00382,0.00297,0.01286,1,0,0
PG4707_text.txt,23212,0.6971,6,2,0.05898,-0.0001,0.00058,0.01286,1,0,0
PG4707_text.txt,23212,0.6971,6,5,0.03103,-0.00765,-0.00417,0.01286,1,0,0
PG4707_text.txt,23212,0.6971,6,10,0.02976,0.00542,0.00133,0.01286,1,0,0
PG4707_text.txt,23212,0.6971,6,20,0.02257,-0.00206,0.00437,0.01286,1,0,0
PG4707_text.txt,23212,0.6971,6,50,0.01802,-0.00092,0.01152,0.01286,1,0,0
PG4707_text.txt,23212,0.6971,6,100,0.01322,-0.00513,-0.00172,0.01286,1,0,0
PG4707_text.txt,23212,0.6971,6,200,0.00503,0.00293,0.00076,0.01286,0,0,0
PG4707_text.txt,23212,0.6971,6,300,0.00357,0.00013,-0.00181,0.01286,0,0,0
PG4707_text.txt,23212,0.6971,7,1,0.06757,0.00441,-0.01293,0.01286,1,0,1
PG4707_text.txt,23212,0.6971,7,2,0.03794,-0.00051,0.00256,0.01286,1,0,0
PG4707_text.txt,23212,0.6971,7,5,0.02402,-0.01127,-0.00135,0.01286,1,0,0
PG4707_text.txt,23212,0.6971,7,10,0.02375,0.01281,-0.00305,0.01286,1,0,0
PG4707_text.txt,23212,0.6971,7,20,-0.00263,-0.00497,-0.0114,0.01286,0,0,0
PG4707_text.txt,23212,0.6971,7,50,0.00041,-0.00618,0.00014,0.01286,0,0,0
PG4707_text.txt,23212,0.6971,7,100,-0.00223,0.00441,0.00299,0.01286,0,0,0
PG4707_text.txt,23212,0.6971,7,200,-0.01204,0.00055,-0.0147,0.01286,0,0,1
PG4707_text.txt,23212,0.6971,7,300,-0.01271,-0.00575,0.00815,0.01286,0,0,0
PG4707_text.txt,23212,0.6971,8,1,0.16637,-0.00716,0.00242,0.01286,1,0,0
PG4707_text.txt,23212,0.6971,8,2,0.10017,-0.00516,-0.00746,0.01286,1,0,0
PG4707_text.txt,23212,0.6971,8,5,0.0577,0.00282,0.0057,0.01286,1,0,0
PG4707_text.txt,23212,0.6971,8,10,0.05406,0.00642,-0.01104,0.01286,1,0,0
PG4707_text.txt,23212,0.6971,8,20,0.0419,0.00113,-0.00582,0.01286,1,0,0
PG4707_text.txt,23212,0.6971,8,50,0.02619,-0.01394,-0.00037,0.01286,1,1,0
PG4707_text.txt,23212,0.6971,8,100,0.01675,-0.00368,0.00883,0.01286,1,0,0
PG4707_text.txt,23212,0.6971,8,200,0.00624,0.00606,0.0037,0.01286,0,0,0
PG4707_text.txt,23212,0.6971,8,300,0.02015,-0.00016,0.00839,0.01286,1,0,0
PG4707_text.txt,23212,0.6971,9,1,0.08629,0.00173,0.00857,0.01286,1,0,0
PG4707_text.txt,23212,0.6971,9,2,0.04844,0.0059,-0.00899,0.01286,1,0,0
PG4707_text.txt,23212,0.6971,9,5,0.02745,0.00317,-0.00299,0.01286,1,0,0
PG4707_text.txt,23212,0.6971,9,10,0.01615,-0.00944,0.00968,0.01286,1,0,0
PG4707_text.txt,23212,0.6971,9,20,0.0274,-0.00576,0.0026,0.01286,1,0,0
PG4707_text.txt,23212,0.6971,9,50,0.01002,-0.00136,0.00893,0.01286,0,0,0
PG4707_text.txt,23212,0.6971,9,100,0.00829,0.00346,-0.00275,0.01286,0,0,0
PG4707_text.txt,23212,0.6971,9,200,0.01039,0.00834,-0.00545,0.01286,0,0,0
PG4707_text.txt,23212,0.6971,9,300,0.01088,-0.00352,0.00431,0.01286,0,0,0
PG4707_text.txt,23212,0.6971,10,1,0.11437,-0.00311,0.00162,0.01286,1,0,0
PG4707_text.txt,23212,0.6971,10,2,0.06832,0.00355,-0.01071,0.01286,1,0,0
PG4707_text.txt,23212,0.6971,10,5,0.03107,-0.00125,-0.00355,0.01286,1,0,0
PG4707_text.txt,23212,0.6971,10,10,0.02428,0.0031,-0.00177,0.01286,1,0,0
PG4707_text.txt,23212,0.6971,10,20,0.02399,0.00694,-0.00106,0.01286,1,0,0
PG4707_text.txt,23212,0.6971,10,50,-0.00262,0.00471,0.01038,0.01286,0,0,0
PG4707_text.txt,23212,0.6971,10,100,0.00459,-0.00164,-0.00042,0.01286,0,0,0
PG4707_text.txt,23212,0.6971,10,200,0.00632,-0.00328,0.00322,0.01286,0,0,0
PG4707_text.txt,23212,0.6971,10,300,0.0036,0.00912,0.00576,0.01286,0,0,0
PG4707_text.txt,23212,0.6971,11,1,0.14191,0.00387,-0.00699,0.01286,1,0,0
PG4707_text.txt,23212,0.6971,11,2,0.04733,-0.00044,-0.00931,0.01286,1,0,0
PG4707_text.txt,23212,0.6971,11,5,0.02393,0.0033,-0.00294,0.01286,1,0,0
PG4707_text.txt,23212,0.6971,11,10,0.01351,-0.00412,-0.00482,0.01286,1,0,0
PG4707_text.txt,23212,0.6971,11,20,0.01729,0.00617,0.00108,0.01286,1,0,0
PG4707_text.txt,23212,0.6971,11,50,0.00348,-0.00322,-0.00723,0.01286,0,0,0
PG4707_text.txt,23212,0.6971,11,100,0.01588,0.01082,0.00638,0.01286,1,0,0
PG4707_text.txt,23212,0.6971,11,200,-0.00158,0.00046,-0.00434,0.01286,0,0,0
PG4707_text.txt,23212,0.6971,11,300,0.0026,7e-05,-0.00727,0.01286,0,0,0
PG4707_text.txt,23212,0.6971,12,1,0.1006,0.00653,0.01224,0.01286,1,0,0
PG4707_text.txt,23212,0.6971,12,2,0.05903,0.01098,-0.00575,0.01286,1,0,0
PG4707_text.txt,23212,0.6971,12,5,0.03715,-4e-05,-0.00229,0.01286,1,0,0
PG4707_text.txt,23212,0.6971,12,10,0.02602,-0.00077,-0.00374,0.01286,1,0,0
PG4707_text.txt,23212,0.6971,12,20,0.03029,0.00323,0.01583,0.01286,1,0,1
PG4707_text.txt,23212,0.6971,12,50,0.01418,-0.01013,-0.00193,0.01286,1,0,0
PG4707_text.txt,23212,0.6971,12,100,0.01084,-0.00741,-0.00453,0.01286,0,0,0
PG4707_text.txt,23212,0.6971,12,200,0.01407,-0.00116,0.00234,0.01286,1,0,0
PG4707_text.txt,23212,0.6971,12,300,0.00474,-0.00265,0.00258,0.01286,0,0,0
PG4707_text.txt,23212,0.6971,13,1,0.08606,0.00772,-0.00033,0.01286,1,0,0
PG4707_text.txt,23212,0.6971,13,2,0.05821,-0.01129,0.00063,0.01286,1,0,0
PG4707_text.txt,23212,0.6971,13,5,0.01688,-0.00306,0.00702,0.01286,1,0,0
PG4707_text.txt,23212,0.6971,13,10,0.01007,-0.01249,-0.01167,0.01286,0,0,0
PG4707_text.txt,23212,0.6971,13,20,0.01401,0.00761,-0.00403,0.01286,1,0,0
PG4707_text.txt,23212,0.6971,13,50,0.0063,0.00313,-0.01208,0.01286,0,0,0
PG4707_text.txt,23212,0.6971,13,100,-0.00016,-0.01026,0.00274,0.01286,0,0,0
PG4707_text.txt,23212,0.6971,13,200,0.01681,-0.00386,-0.01422,0.01286,1,0,1
PG4707_text.txt,23212,0.6971,13,300,0.01225,-0.01082,-0.00783,0.01286,0,0,0
PG4707_text.txt,23212,0.6971,14,1,0.09195,-0.0002,0.00033,0.01286,1,0,0
PG4707_text.txt,23212,0.6971,14,2,0.05546,0.01395,0.01427,0.01286,1,1,1
PG4707_text.txt,23212,0.6971,14,5,0.02584,0.00287,-0.00562,0.01286,1,0,0
PG4707_text.txt,23212,0.6971,14,10,0.01885,0.00046,-0.0053,0.01286,1,0,0
PG4707_text.txt,23212,0.6971,14,20,0.00582,0.00647,6e-05,0.01286,0,0,0
PG4707_text.txt,23212,0.6971,14,50,-0.00819,-0.00164,0.0009,0.01286,0,0,0
PG4707_text.txt,23212,0.6971,14,100,-0.00848,0.00107,0.0112,0.01286,0,0,0
PG4707_text.txt,23212,0.6971,14,200,0.00432,-0.00314,-0.00285,0.01286,0,0,0
PG4707_text.txt,23212,0.6971,14,300,-0.00098,0.00594,-0.00367,0.01286,0,0,0
PG4707_text.txt,23212,0.6971,15,1,0.09517,0.00574,-0.00361,0.01286,1,0,0
PG4707_text.txt,23212,0.6971,15,2,0.05062,0.00309,0.00816,0.01286,1,0,0
PG4707_text.txt,23212,0.6971,15,5,0.01184,0.00773,-0.00058,0.01286,0,0,0
PG4707_text.txt,23212,0.6971,15,10,0.02074,0.00598,0.00625,0.01286,1,0,0
PG4707_text.txt,23212,0.6971,15,20,0.00758,0.0078,0.00985,0.01286,0,0,0
PG4707_text.txt,23212,0.6971,15,50,0.0178,0.00547,-0.00214,0.01286,1,0,0
PG4707_text.txt,23212,0.6971,15,100,0.00084,0.00137,0.00697,0.01286,0,0,0
PG4707_text.txt,23212,0.6971,15,200,-0.00171,0.00423,0.00595,0.01286,0,0,0
PG4707_text.txt,23212,0.6971,15,300,-0.00796,-0.00426,-0.00282,0.01286,0,0,0
PG4707_text.txt,23212,0.6971,16,1,0.06548,-0.00174,-3e-05,0.01286,1,0,0
PG4707_text.txt,23212,0.6971,16,2,0.04616,0.00367,-0.00379,0.01286,1,0,0
PG4707_text.txt,23212,0.6971,16,5,0.02215,-0.00752,0.00573,0.01286,1,0,0
PG4707_text.txt,23212,0.6971,16,10,0.01387,0.00224,0.00744,0.01286,1,0,0
PG4707_text.txt,23212,0.6971,16,20,-0.00086,0.00265,-0.0021,0.01286,0,0,0
PG4707_text.txt,23212,0.6971,16,50,-0.00541,0.00253,0.00351,0.01286,0,0,0
PG4707_text.txt,23212,0.6971,16,100,-0.00399,-0.00498,0.00159,0.01286,0,0,0
PG4707_text.txt,23212,0.6971,16,200,0.00433,0.01531,0.00442,0.01286,0,1,0
PG4707_text.txt,23212,0.6971,16,300,-0.00878,0.00137,-0.00397,0.01286,0,0,0
PG4707_text.txt,23212,0.6971,17,1,0.04277,0.00788,0.00287,0.01286,1,0,0
PG4707_text.txt,23212,0.6971,17,2,0.02718,-0.00433,0.00986,0.01286,1,0,0
PG4707_text.txt,23212,0.6971,17,5,0.00865,0.00472,-0.00277,0.01286,0,0,0
PG4707_text.txt,23212,0.6971,17,10,0.00331,0.00713,0.00231,0.01286,0,0,0
PG4707_text.txt,23212,0.6971,17,20,0.00917,-0.00507,-0.00965,0.01286,0,0,0
PG4707_text.txt,23212,0.6971,17,50,-0.00229,-0.01034,0.01123,0.01286,0,0,0
PG4707_text.txt,23212,0.6971,17,100,0.01096,0.00166,0.01134,0.01286,0,0,0
PG4707_text.txt,23212,0.6971,17,200,-0.0065,0.004,-0.01237,0.01286,0,0,0
PG4707_text.txt,23212,0.6971,17,300,0.02121,0.00814,0.00465,0.01286,1,0,0
PG4707_text.txt,23212,0.6971,18,1,0.03662,2e-05,0.00135,0.01286,1,0,0
PG4707_text.txt,23212,0.6971,18,2,0.00818,0.00314,-9e-05,0.01286,0,0,0
PG4707_text.txt,23212,0.6971,18,5,0.00282,-0.00401,-0.00728,0.01286,0,0,0
PG4707_text.txt,23212,0.6971,18,10,0.01192,-0.00098,0.00135,0.01286,0,0,0
PG4707_text.txt,23212,0.6971,18,20,0.01277,0.00257,0.00676,0.01286,0,0,0
PG4707_text.txt,23212,0.6971,18,50,0.00258,0.00641,0.0039,0.01286,0,0,0
PG4707_text.txt,23212,0.6971,18,100,-0.00187,-0.00142,-0.00852,0.01286,0,0,0
PG4707_text.txt,23212,0.6971,18,200,0.01334,-0.0029,0.00635,0.01286,1,0,0
PG4707_text.txt,23212,0.6971,18,300,-0.00333,-0.0126,0.00926,0.01286,0,0,0
PG4707_text.txt,23212,0.6971,19,1,0.08681,-3e-05,-0.01779,0.01286,1,0,1
PG4707_text.txt,23212,0.6971,19,2,0.03283,-0.00248,-0.00368,0.01286,1,0,0
PG4707_text.txt,23212,0.6971,19,5,0.02909,-0.00566,0.00407,0.01286,1,0,0
PG4707_text.txt,23212,0.6971,19,10,0.00401,0.00102,0.00689,0.01286,0,0,0
PG4707_text.txt,23212,0.6971,19,20,0.00862,-0.00041,-0.00153,0.01286,0,0,0
PG4707_text.txt,23212,0.6971,19,50,-0.00408,-0.00483,-0.00889,0.01286,0,0,0
PG4707_text.txt,23212,0.6971,19,100,0.00713,-0.00409,0.00921,0.01286,0,0,0
PG4707_text.txt,23212,0.6971,19,200,-0.00203,-0.00205,0.00995,0.01286,0,0,0
PG4707_text.txt,23212,0.6971,19,300,-0.00493,-0.01006,0.0056,0.01286,0,0,0
PG4707_text.txt,23212,0.6971,20,1,0.0465,0.00402,-0.00102,0.01286,1,0,0
PG4707_text.txt,23212,0.6971,20,2,0.02203,0.00888,-0.00926,0.01286,1,0,0
PG4707_text.txt,23212,0.6971,20,5,0.00632,-0.00973,0.00077,0.01286,0,0,0
PG4707_text.txt,23212,0.6971,20,10,0.01205,0.00457,0.00408,0.01286,0,0,0
PG4707_text.txt,23212,0.6971,20,20,0.0083,0.00495,-0.00142,0.01286,0,0,0
PG4707_text.txt,23212,0.6971,20,50,0.00652,-0.00365,-0.00506,0.01286,0,0,0
PG4707_text.txt,23212,0.6971,20,100,0.00364,-0.00868,-0.0091,0.01286,0,0,0
PG4707_text.txt,23212,0.6971,20,200,0.00132,0.00481,-0.00702,0.01286,0,0,0
PG4707_text.txt,23212,0.6971,20,300,0.00168,-0.01063,0.00055,0.01286,0,0,0
PG5006_text.txt,29339,0.6736,1,1,0.10544,0.01312,0.00202,0.01144,1,1,0
PG5006_text.txt,29339,0.6736,1,2,0.05167,0.00187,0.00037,0.01144,1,0,0
PG5006_text.txt,29339,0.6736,1,5,0.02262,-0.00553,-0.00134,0.01144,1,0,0
PG5006_text.txt,29339,0.6736,1,10,0.01543,0.00096,-0.00013,0.01144,1,0,0
PG5006_text.txt,29339,0.6736,1,20,0.01963,-0.00121,0.0029,0.01144,1,0,0
PG5006_text.txt,29339,0.6736,1,50,0.00759,0.01246,0.00323,0.01144,0,1,0
PG5006_text.txt,29339,0.6736,1,100,0.00089,0.00606,0.00723,0.01144,0,0,0
PG5006_text.txt,29339,0.6736,1,200,0.01434,0.00467,-0.00585,0.01144,1,0,0
PG5006_text.txt,29339,0.6736,1,300,0.0064,-0.00393,0.00903,0.01144,0,0,0
PG5006_text.txt,29339,0.6736,2,1,0.24007,0.01228,-0.00407,0.01144,1,1,0
PG5006_text.txt,29339,0.6736,2,2,0.13844,0.00803,0.00373,0.01144,1,0,0
PG5006_text.txt,29339,0.6736,2,5,0.09227,-0.00382,0.00085,0.01144,1,0,0
PG5006_text.txt,29339,0.6736,2,10,0.05847,-0.00181,0.00061,0.01144,1,0,0
PG5006_text.txt,29339,0.6736,2,20,0.04555,0.00049,-0.00556,0.01144,1,0,0
PG5006_text.txt,29339,0.6736,2,50,0.02589,0.00506,0.00549,0.01144,1,0,0
PG5006_text.txt,29339,0.6736,2,100,0.01777,0.00363,-0.00752,0.01144,1,0,0
PG5006_text.txt,29339,0.6736,2,200,-0.00285,0.00849,-0.00511,0.01144,0,0,0
PG5006_text.txt,29339,0.6736,2,300,0.001,0.0095,-0.00222,0.01144,0,0,0
PG5006_text.txt,29339,0.6736,3,1,0.18213,0.00271,0.00281,0.01144,1,0,0
PG5006_text.txt,29339,0.6736,3,2,0.11282,-0.01264,-0.01117,0.01144,1,1,0
PG5006_text.txt,29339,0.6736,3,5,0.07017,-0.00449,0.00986,0.01144,1,0,0
PG5006_text.txt,29339,0.6736,3,10,0.04044,-0.00244,0.00817,0.01144,1,0,0
PG5006_text.txt,29339,0.6736,3,20,0.03085,0.00473,-0.00449,0.01144,1,0,0
PG5006_text.txt,29339,0.6736,3,50,0.01956,-0.00434,-0.00086,0.01144,1,0,0
PG5006_text.txt,29339,0.6736,3,100,0.00958,0.00276,-0.00287,0.01144,0,0,0
PG5006_text.txt,29339,0.6736,3,200,-0.00118,0.0027,-0.00571,0.01144,0,0,0
PG5006_text.txt,29339,0.6736,3,300,0.01498,-0.00265,0.0082,0.01144,1,0,0
PG5006_text.txt,29339,0.6736,4,1,0.13093,-0.01213,0.00162,0.01144,1,1,0
PG5006_text.txt,29339,0.6736,4,2,0.06956,0.00782,0.00477,0.01144,1,0,0
PG5006_text.txt,29339,0.6736,4,5,0.04776,0.00441,-0.00422,0.01144,1,0,0
PG5006_text.txt,29339,0.6736,4,10,0.03359,-0.00109,-0.00538,0.01144,1,0,0
PG5006_text.txt,29339,0.6736,4,20,0.02471,0.00843,-0.002,0.01144,1,0,0
PG5006_text.txt,29339,0.6736,4,50,0.00851,-0.00261,0.00204,0.01144,0,0,0
PG5006_text.txt,29339,0.6736,4,100,-0.00017,0.00125,-0.00662,0.01144,0,0,0
PG5006_text.txt,29339,0.6736,4,200,-0.01065,-0.00342,0.00626,0.01144,0,0,0
PG5006_text.txt,29339,0.6736,4,300,0.00276,-0.00039,0.00429,0.01144,0,0,0
PG5006_text.txt,29339,0.6736,5,1,0.09474,0.01412,-0.00765,0.01144,1,1,0
PG5006_text.txt,29339,0.6736,5,2,0.05676,0.00312,0.0079,0.01144,1,0,0
PG5006_text.txt,29339,0.6736,5,5,0.02872,-0.00977,-0.00224,0.01144,1,0,0
PG5006_text.txt,29339,0.6736,5,10,0.01947,-0.0001,-0.00847,0.01144,1,0,0
PG5006_text.txt,29339,0.6736,5,20,0.02148,-0.00725,0.00175,0.01144,1,0,0
PG5006_text.txt,29339,0.6736,5,50,0.01458,-0.00466,-0.00256,0.01144,1,0,0
PG5006_text.txt,29339,0.6736,5,100,0.00594,0.00599,0.00118,0.01144,0,0,0
PG5006_text.txt,29339,0.6736,5,200,0.00133,-0.00702,-0.00119,0.01144,0,0,0
PG5006_text.txt,29339,0.6736,5,300,-0.00437,-0.00901,0.00753,0.01144,0,0,0
PG5006_text.txt,29339,0.6736,6,1,0.12174,-0.01041,-0.00865,0.01144,1,0,0
PG5006_text.txt,29339,0.6736,6,2,0.0605,0.00238,0.00267,0.01144,1,0,0
PG5006_text.txt,29339,0.6736,6,5,0.03337,-0.00266,-0.00017,0.01144,1,0,0
PG5006_text.txt,29339,0.6736,6,10,0.01914,0.00144,-0.00767,0.01144,1,0,0
PG5006_text.txt,29339,0.6736,6,20,0.00871,-0.00366,-0.00113,0.01144,0,0,0
PG5006_text.txt,29339,0.6736,6,50,0.00821,0.00086,0.00701,0.01144,0,0,0
PG5006_text.txt,29339,0.6736,6,100,0.00153,-6e-05,0.00223,0.01144,0,0,0
PG5006_text.txt,29339,0.6736,6,200,-0.00267,0.00165,0.00069,0.01144,0,0,0
PG5006_text.txt,29339,0.6736,6,300,0.00281,0.00568,0.0014,0.01144,0,0,0
PG5006_text.txt,29339,0.6736,7,1,0.12732,-0.00335,0.00357,0.01144,1,0,0
PG5006_text.txt,29339,0.6736,7,2,0.06408,0.00633,-0.00938,0.01144,1,0,0
PG5006_text.txt,29339,0.6736,7,5,0.04035,0.0018,-0.0045,0.01144,1,0,0
PG5006_text.txt,29339,0.6736,7,10,0.0269,-0.00461,0.00284,0.01144,1,0,0
PG5006_text.txt,29339,0.6736,7,20,0.01052,0.00161,-0.01147,0.01144,0,0,1
PG5006_text.txt,29339,0.6736,7,50,0.00406,0.00114,0.00206,0.01144,0,0,0
PG5006_text.txt,29339,0.6736,7,100,0.01015,0.01657,0.00491,0.01144,0,1,0
PG5006_text.txt,29339,0.6736,7,200,-0.00619,-0.00198,0.00298,0.01144,0,0,0
PG5006_text.txt,29339,0.6736,7,300,0.00525,0.00531,-0.01264,0.01144,0,0,1
PG5006_text.txt,29339,0.6736,8,1,0.09014,0.00439,-0.0055,0.01144,1,0,0
PG5006_text.txt,29339,0.6736,8,2,0.04614,-0.00469,1e-05,0.01144,1,0,0
PG5006_text.txt,29339,0.6736,8,5,0.02594,-0.00335,0.00433,0.01144,1,0,0
PG5006_text.txt,29339,0.6736,8,10,0.01285,0.00601,0.00436,0.01144,1,0,0
PG5006_text.txt,29339,0.6736,8,20,0.01876,-0.00035,0.00076,0.01144,1,0,0
PG5006_text.txt,29339,0.6736,8,50,0.00322,0.00979,-0.00754,0.01144,0,0,0
PG5006_text.txt,29339,0.6736,8,100,0.00135,-0.00445,-0.00614,0.01144,0,0,0
PG5006_text.txt,29339,0.6736,8,200,-0.00428,-0.00315,0.01038,0.01144,0,0,0
PG5006_text.txt,29339,0.6736,8,300,0.01002,-0.00631,0.00109,0.01144,0,0,0
PG5006_text.txt,29339,0.6736,9,1,0.07946,0.0026,0.00317,0.01144,1,0,0
PG5006_text.txt,29339,0.6736,9,2,0.05587,-0.00355,-0.00061,0.01144,1,0,0
PG5006_text.txt,29339,0.6736,9,5,0.03843,-0.01446,0.00373,0.01144,1,1,0
PG5006_text.txt,29339,0.6736,9,10,0.00955,0.00247,-0.00322,0.01144,0,0,0
PG5006_text.txt,29339,0.6736,9,20,0.01373,0.00822,-0.00724,0.01144,1,0,0
PG5006_text.txt,29339,0.6736,9,50,0.00939,0.01112,0.00509,0.01144,0,0,0
PG5006_text.txt,29339,0.6736,9,100,0.0159,0.00274,0.0029,0.01144,1,0,0
PG5006_text.txt,29339,0.6736,9,200,0.01152,-0.00701,0.00166,0.01144,1,0,0
PG5006_text.txt,29339,0.6736,9,300,0.00459,-0.01742,0.01373,0.01144,0,1,1
PG5006_text.txt,29339,0.6736,10,1,0.08101,-0.00122,0.00284,0.01144,1,0,0
PG5006_text.txt,29339,0.6736,10,2,0.04838,-0.00116,0.00162,0.01144,1,0,0
PG5006_text.txt,29339,0.6736,10,5,0.02587,0.00111,-0.00927,0.01144,1,0,0
PG5006_text.txt,29339,0.6736,10,10,0.01763,-0.00796,0.00368,0.01144,1,0,0
PG5006_text.txt,29339,0.6736,10,20,0.01752,0.00118,-0.00162,0.01144,1,0,0
PG5006_text.txt,29339,0.6736,10,50,0.00064,-0.00601,-0.0073,0.01144,0,0,0
PG5006_text.txt,29339,0.6736,10,100,0.0033,0.00611,-0.0029,0.01144,0,0,0
PG5006_text.txt,29339,0.6736,10,200,0.00427,-0.00416,0.01061,0.01144,0,0,0
PG5006_text.txt,29339,0.6736,10,300,-0.00401,-0.00434,-0.00038,0.01144,0,0,0
PG5006_text.txt,29339,0.6736,11,1,0.11732,0.00636,-0.00668,0.01144,1,0,0
PG5006_text.txt,29339,0.6736,11,2,0.03272,-0.01106,0.00082,0.01144,1,0,0
PG5006_text.txt,29339,0.6736,11,5,0.00635,-0.00466,-0.00463,0.01144,0,0,0
PG5006_text.txt,29339,0.6736,11,10,0.00616,0.00313,0.00198,0.01144,0,0,0
PG5006_text.txt,29339,0.6736,11,20,0.00638,-0.0018,0.00151,0.01144,0,0,0
PG5006_text.txt,29339,0.6736,11,50,-0.00121,-0.00557,-0.0084,0.01144,0,0,0
PG5006_text.txt,29339,0.6736,11,100,-0.00059,0.00761,-0.00048,0.01144,0,0,0
PG5006_text.txt,29339,0.6736,11,200,0.00373,0.00227,-0.00597,0.01144,0,0,0
PG5006_text.txt,29339,0.6736,11,300,0.00199,-0.00067,0.00521,0.01144,0,0,0
PG5006_text.txt,29339,0.6736,12,1,0.07861,-0.00892,0.00047,0.01144,1,0,0
PG5006_text.txt,29339,0.6736,12,2,0.03904,-0.00327,0.00798,0.01144,1,0,0
PG5006_text.txt,29339,0.6736,12,5,0.01663,0.01444,3e-05,0.01144,1,1,0
PG5006_text.txt,29339,0.6736,12,10,0.01435,0.00468,-0.00081,0.01144,1,0,0
PG5006_text.txt,29339,0.6736,12,20,0.00644,6e-05,4e-05,0.01144,0,0,0
PG5006_text.txt,29339,0.6736,12,50,-0.00928,-0.00114,0.01246,0.01144,0,0,1
PG5006_text.txt,29339,0.6736,12,100,-0.00087,-0.00839,-0.00034,0.01144,0,0,0
PG5006_text.txt,29339,0.6736,12,200,-0.00558,-0.00294,0.00337,0.01144,0,0,0
PG5006_text.txt,29339,0.6736,12,300,0.00707,-0.00507,-0.00395,0.01144,0,0,0
PG5006_text.txt,29339,0.6736,13,1,0.07591,0.00397,-0.01033,0.01144,1,0,0
PG5006_text.txt,29339,0.6736,13,2,0.04455,0.0018,-0.00301,0.01144,1,0,0
PG5006_text.txt,29339,0.6736,13,5,0.00979,-0.00161,0.00042,0.01144,0,0,0
PG5006_text.txt,29339,0.6736,13,10,0.02101,0.00577,0.00785,0.01144,1,0,0
PG5006_text.txt,29339,0.6736,13,20,0.00512,-0.00119,-0.00585,0.01144,0,0,0
PG5006_text.txt,29339,0.6736,13,50,0.00545,-0.00461,-0.00508,0.01144,0,0,0
PG5006_text.txt,29339,0.6736,13,100,0.00565,0.0026,-0.00953,0.01144,0,0,0
PG5006_text.txt,29339,0.6736,13,200,0.00707,0.00309,-0.00399,0.01144,0,0,0
PG5006_text.txt,29339,0.6736,13,300,0.01204,0.00463,0.00165,0.01144,1,0,0
PG5006_text.txt,29339,0.6736,14,1,0.04385,0.00761,0.00429,0.01144,1,0,0
PG5006_text.txt,29339,0.6736,14,2,0.03116,-0.00553,0.00586,0.01144,1,0,0
PG5006_text.txt,29339,0.6736,14,5,0.02572,-0.00326,0.01271,0.01144,1,0,1
PG5006_text.txt,29339,0.6736,14,10,-0.00083,0.00664,-0.00039,0.01144,0,0,0
PG5006_text.txt,29339,0.6736,14,20,0.0087,-0.00541,0.00829,0.01144,0,0,0
PG5006_text.txt,29339,0.6736,14,50,-0.00583,-0.00423,0.00696,0.01144,0,0,0
PG5006_text.txt,29339,0.6736,14,100,0.0038,0.00629,-1e-05,0.01144,0,0,0
PG5006_text.txt,29339,0.6736,14,200,0.00805,0.01163,0.01161,0.01144,0,1,1
PG5006_text.txt,29339,0.6736,14,300,-0.00121,-0.01045,-0.01184,0.01144,0,0,1
PG5006_text.txt,29339,0.6736,15,1,0.06165,-0.0037,-0.01132,0.01144,1,0,0
PG5006_text.txt,29339,0.6736,15,2,0.02516,0.00028,-0.00053,0.01144,1,0,0
PG5006_text.txt,29339,0.6736,15,5,0.00702,0.00322,0.00211,0.01144,0,0,0
PG5006_text.txt,29339,0.6736,15,10,0.00953,0.00702,-0.0013,0.01144,0,0,0
PG5006_text.txt,29339,0.6736,15,20,0.00529,0.00535,0.00792,0.01144,0,0,0
PG5006_text.txt,29339,0.6736,15,50,-0.0043,0.00575,0.01283,0.01144,0,0,1
PG5006_text.txt,29339,0.6736,15,100,0.01009,0.00019,0.0041,0.01144,0,0,0
PG5006_text.txt,29339,0.6736,15,200,-0.00564,0.00301,-0.00118,0.01144,0,0,0
PG5006_text.txt,29339,0.6736,15,300,0.00263,0.01124,0.00959,0.01144,0,0,0
PG5006_text.txt,29339,0.6736,16,1,0.06939,0.00054,-0.00045,0.01144,1,0,0
PG5006_text.txt,29339,0.6736,16,2,0.03715,-0.00754,0.0039,0.01144,1,0,0
PG5006_text.txt,29339,0.6736,16,5,0.02448,-0.00741,0.00658,0.01144,1,0,0
PG5006_text.txt,29339,0.6736,16,10,0.00402,-0.00347,-0.00349,0.01144,0,0,0
PG5006_text.txt,29339,0.6736,16,20,-0.00128,0.00549,-3e-05,0.01144,0,0,0
PG5006_text.txt,29339,0.6736,16,50,-0.01133,-0.0048,0.00067,0.01144,0,0,0
PG5006_text.txt,29339,0.6736,16,100,0.00156,0.00798,-0.00699,0.01144,0,0,0
PG5006_text.txt,29339,0.6736,16,200,0.00131,-0.00931,-0.00033,0.01144,0,0,0
PG5006_text.txt,29339,0.6736,16,300,0.01275,-0.00377,0.00369,0.01144,1,0,0
PG5006_text.txt,29339,0.6736,17,1,0.05049,0.00106,-0.00643,0.01144,1,0,0
PG5006_text.txt,29339,0.6736,17,2,0.01176,0.0072,-0.00124,0.01144,1,0,0
PG5006_text.txt,29339,0.6736,17,5,0.00962,9e-05,0.00376,0.01144,0,0,0
PG5006_text.txt,29339,0.6736,17,10,0.00442,0.00146,0.00169,0.01144,0,0,0
PG5006_text.txt,29339,0.6736,17,20,0.00865,-0.00633,-6e-05,0.01144,0,0,0
PG5006_text.txt,29339,0.6736,17,50,0.00041,-0.00045,0.00088,0.01144,0,0,0
PG5006_text.txt,29339,0.6736,17,100,-0.00073,0.00281,-0.00034,0.01144,0,0,0
PG5006_text.txt,29339,0.6736,17,200,-0.0012,0.00494,-0.00183,0.01144,0,0,0
PG5006_text.txt,29339,0.6736,17,300,-0.00517,-0.00085,-0.00298,0.01144,0,0,0
PG5006_text.txt,29339,0.6736,18,1,0.0614,-0.00426,-0.01209,0.01144,1,0,1
PG5006_text.txt,29339,0.6736,18,2,0.01602,-0.00014,-0.00091,0.01144,1,0,0
PG5006_text.txt,29339,0.6736,18,5,0.00834,0.00926,-0.00188,0.01144,0,0,0
PG5006_text.txt,29339,0.6736,18,10,0.00627,0.00789,-0.00322,0.01144,0,0,0
PG5006_text.txt,29339,0.6736,18,20,0.00152,0.00316,0.00139,0.01144,0,0,0
PG5006_text.txt,29339,0.6736,18,50,0.00225,-0.00342,0.00668,0.01144,0,0,0
PG5006_text.txt,29339,0.6736,18,100,-0.00243,-0.01017,0.00398,0.01144,0,0,0
PG5006_text.txt,29339,0.6736,18,200,0.00751,-0.0052,-0.00168,0.01144,0,0,0
PG5006_text.txt,29339,0.6736,18,300,0.00119,-0.00392,0.00486,0.01144,0,0,0
PG5006_text.txt,29339,0.6736,19,1,0.03563,0.00095,-0.00124,0.01144,1,0,0
PG5006_text.txt,29339,0.6736,19,2,0.02159,-0.00967,-0.00528,0.01144,1,0,0
PG5006_text.txt,29339,0.6736,19,5,0.00463,0.00497,0.00328,0.01144,0,0,0
PG5006_text.txt,29339,0.6736,19,10,0.00907,-0.00231,0.00163,0.01144,0,0,0
PG5006_text.txt,29339,0.6736,19,20,0.00656,-0.00418,0.0034,0.01144,0,0,0
PG5006_text.txt,29339,0.6736,19,50,0.00614,-0.00327,0.00249,0.01144,0,0,0
PG5006_text.txt,29339,0.6736,19,100,0.00441,0.00392,-0.0026,0.01144,0,0,0
PG5006_text.txt,29339,0.6736,19,200,0.01056,0.00746,0.00135,0.01144,0,0,0
PG5006_text.txt,29339,0.6736,19,300,-0.00373,-0.00151,-0.00604,0.01144,0,0,0
PG5006_text.txt,29339,0.6736,20,1,0.04373,-0.00138,-0.00477,0.01144,1,0,0
PG5006_text.txt,29339,0.6736,20,2,0.01822,0.0024,0.00737,0.01144,1,0,0
PG5006_text.txt,29339,0.6736,20,5,0.00883,0.00896,0.00125,0.01144,0,0,0
PG5006_text.txt,29339,0.6736,20,10,0.01774,-0.00895,-0.00218,0.01144,1,0,0
PG5006_text.txt,29339,0.6736,20,20,0.00884,-0.01477,-0.00199,0.01144,0,1,0
PG5006_text.txt,29339,0.6736,20,50,0.00459,0.01217,-0.00766,0.01144,0,1,0
PG5006_text.txt,29339,0.6736,20,100,-0.00342,0.0062,0.00379,0.01144,0,0,0
PG5006_text.txt,29339,0.6736,20,200,-0.0029,0.00273,0.0003,0.01144,0,0,0
PG5006_text.txt,29339,0.6736,20,300,-0.00152,0.01374,0.00612,0.01144,0,1,0
PG5129_text.txt,40923,0.7043,1,1,0.09014,0.01424,0.00109,0.00969,1,1,0
PG5129_text.txt,40923,0.7043,1,2,0.05079,-0.00265,-0.00275,0.00969,1,0,0
PG5129_text.txt,40923,0.7043,1,5,0.0258,0.00304,-0.00922,0.00969,1,0,0
PG5129_text.txt,40923,0.7043,1,10,0.03332,0.00125,0.00108,0.00969,1,0,0
PG5129_text.txt,40923,0.7043,1,20,0.01645,0.01168,-0.01022,0.00969,1,1,1
PG5129_text.txt,40923,0.7043,1,50,0.01671,-0.00105,0.00174,0.00969,1,0,0
PG5129_text.txt,40923,0.7043,1,100,0.01607,-0.00891,-0.00068,0.00969,1,0,0
PG5129_text.txt,40923,0.7043,1,200,0.00543,0.00535,0.00247,0.00969,0,0,0
PG5129_text.txt,40923,0.7043,1,300,0.00191,0.00303,0.00467,0.00969,0,0,0
PG5129_text.txt,40923,0.7043,2,1,0.19132,0.00455,0.0049,0.00969,1,0,0
PG5129_text.txt,40923,0.7043,2,2,0.12718,-0.0022,-0.01217,0.00969,1,0,1
PG5129_text.txt,40923,0.7043,2,5,0.08284,0.00055,-0.00527,0.00969,1,0,0
PG5129_text.txt,40923,0.7043,2,10,0.05131,-0.00423,-0.00784,0.00969,1,0,0
PG5129_text.txt,40923,0.7043,2,20,0.03434,-0.00371,-0.00348,0.00969,1,0,0
PG5129_text.txt,40923,0.7043,2,50,0.02228,-0.00454,-0.00169,0.00969,1,0,0
PG5129_text.txt,40923,0.7043,2,100,0.0066,-0.00459,-0.00613,0.00969,0,0,0
PG5129_text.txt,40923,0.7043,2,200,0.0106,0.00055,-0.00689,0.00969,1,0,0
PG5129_text.txt,40923,0.7043,2,300,0.00362,-0.0018,-0.00243,0.00969,0,0,0
PG5129_text.txt,40923,0.7043,3,1,0.17489,-0.00328,0.00299,0.00969,1,0,0
PG5129_text.txt,40923,0.7043,3,2,0.11118,0.00568,0.00611,0.00969,1,0,0
PG5129_text.txt,40923,0.7043,3,5,0.0667,0.00277,-1e-05,0.00969,1,0,0
PG5129_text.txt,40923,0.7043,3,10,0.06461,-0.00101,-0.00739,0.00969,1,0,0
PG5129_text.txt,40923,0.7043,3,20,0.0517,0.00468,-0.0074,0.00969,1,0,0
PG5129_text.txt,40923,0.7043,3,50,0.03548,0.00829,-0.00141,0.00969,1,0,0
PG5129_text.txt,40923,0.7043,3,100,0.02695,0.00404,0.0083,0.00969,1,0,0
PG5129_text.txt,40923,0.7043,3,200,0.01245,-0.00284,-0.00624,0.00969,1,0,0
PG5129_text.txt,40923,0.7043,3,300,0.00872,0.00507,0.00395,0.00969,0,0,0
PG5129_text.txt,40923,0.7043,4,1,0.08209,-0.00214,0.00218,0.00969,1,0,0
PG5129_text.txt,40923,0.7043,4,2,0.05418,0.00427,-0.00924,0.00969,1,0,0
PG5129_text.txt,40923,0.7043,4,5,0.03958,0.00025,-0.00664,0.00969,1,0,0
PG5129_text.txt,40923,0.7043,4,10,0.02089,0.00323,-0.00027,0.00969,1,0,0
PG5129_text.txt,40923,0.7043,4,20,0.01737,-0.00558,0.0017,0.00969,1,0,0
PG5129_text.txt,40923,0.7043,4,50,-0.01083,-0.00053,0.0053,0.00969,1,0,0
PG5129_text.txt,40923,0.7043,4,100,0.00801,0.00451,-0.0,0.00969,0,0,0
PG5129_text.txt,40923,0.7043,4,200,-0.00405,0.00194,0.00344,0.00969,0,0,0
PG5129_text.txt,40923,0.7043,4,300,-0.00856,-0.01106,0.00169,0.00969,0,1,0
PG5129_text.txt,40923,0.7043,5,1,0.04041,0.00493,0.00241,0.00969,1,0,0
PG5129_text.txt,40923,0.7043,5,2,0.02461,-0.00935,0.00066,0.00969,1,0,0
PG5129_text.txt,40923,0.7043,5,5,0.02579,0.00303,0.00457,0.00969,1,0,0
PG5129_text.txt,40923,0.7043,5,10,0.02378,-0.00279,-0.00681,0.00969,1,0,0
PG5129_text.txt,40923,0.7043,5,20,0.00477,-0.00056,0.00302,0.00969,0,0,0
PG5129_text.txt,40923,0.7043,5,50,0.00405,0.00046,0.00285,0.00969,0,0,0
PG5129_text.txt,40923,0.7043,5,100,0.0055,-0.00249,0.00292,0.00969,0,0,0
PG5129_text.txt,40923,0.7043,5,200,0.00712,0.00249,0.00265,0.00969,0,0,0
PG5129_text.txt,40923,0.7043,5,300,0.00862,-0.00249,0.00179,0.00969,0,0,0
PG5129_text.txt,40923,0.7043,6,1,0.13008,-0.00973,-0.00318,0.00969,1,1,0
PG5129_text.txt,40923,0.7043,6,2,0.0775,-0.00326,-0.00483,0.00969,1,0,0
PG5129_text.txt,40923,0.7043,6,5,0.04725,0.0132,-0.00348,0.00969,1,1,0
PG5129_text.txt,40923,0.7043,6,10,0.02777,-0.00354,-0.00486,0.00969,1,0,0
PG5129_text.txt,40923,0.7043,6,20,0.02716,-0.00011,0.00379,0.00969,1,0,0
PG5129_text.txt,40923,0.7043,6,50,0.01351,0.00723,-0.00155,0.00969,1,0,0
PG5129_text.txt,40923,0.7043,6,100,0.00447,0.00369,0.00099,0.00969,0,0,0
PG5129_text.txt,40923,0.7043,6,200,-0.00192,-0.01047,0.00608,0.00969,0,1,0
PG5129_text.txt,40923,0.7043,6,300,0.00757,-0.0021,-0.00213,0.00969,0,0,0
PG5129_text.txt,40923,0.7043,7,1,0.07773,-0.0072,0.0003,0.00969,1,0,0
PG5129_text.txt,40923,0.7043,7,2,0.04679,0.00326,0.00353,0.00969,1,0,0
PG5129_text.txt,40923,0.7043,7,5,0.02012,-6e-05,0.0085,0.00969,1,0,0
PG5129_text.txt,40923,0.7043,7,10,0.02062,0.00266,-0.00633,0.00969,1,0,0
PG5129_text.txt,40923,0.7043,7,20,0.01992,0.00448,0.00478,0.00969,1,0,0
PG5129_text.txt,40923,0.7043,7,50,0.00337,-0.0011,-0.00547,0.00969,0,0,0
PG5129_text.txt,40923,0.7043,7,100,0.00624,0.00109,0.01126,0.00969,0,0,1
PG5129_text.txt,40923,0.7043,7,200,0.00031,0.00284,0.00019,0.00969,0,0,0
PG5129_text.txt,40923,0.7043,7,300,0.00093,0.00244,-0.00165,0.00969,0,0,0
PG5129_text.txt,40923,0.7043,8,1,0.09413,-0.00492,-0.00753,0.00969,1,0,0
PG5129_text.txt,40923,0.7043,8,2,0.05752,0.00824,-0.00384,0.00969,1,0,0
PG5129_text.txt,40923,0.7043,8,5,0.02999,-0.00013,-0.00256,0.00969,1,0,0
PG5129_text.txt,40923,0.7043,8,10,0.01815,-0.00112,0.00368,0.00969,1,0,0
PG5129_text.txt,40923,0.7043,8,20,0.0186,0.00231,0.00481,0.00969,1,0,0
PG5129_text.txt,40923,0.7043,8,50,0.01292,0.00578,0.00118,0.00969,1,0,0
PG5129_text.txt,40923,0.7043,8,100,0.00592,-0.00855,0.00039,0.00969,0,0,0
PG5129_text.txt,40923,0.7043,8,200,0.00878,-0.00236,0.00616,0.00969,0,0,0
PG5129_text.txt,40923,0.7043,8,300,-0.00122,-0.00514,0.00957,0.00969,0,0,0
PG5129_text.txt,40923,0.7043,9,1,0.0931,-0.0017,0.01194,0.00969,1,0,1
PG5129_text.txt,40923,0.7043,9,2,0.05148,0.00033,-0.00214,0.00969,1,0,0
PG5129_text.txt,40923,0.7043,9,5,0.02481,0.00074,0.00779,0.00969,1,0,0
PG5129_text.txt,40923,0.7043,9,10,0.0135,-0.0042,-0.00015,0.00969,1,0,0
PG5129_text.txt,40923,0.7043,9,20,0.00901,0.0011,0.00198,0.00969,0,0,0
PG5129_text.txt,40923,0.7043,9,50,0.00663,-0.00337,-0.00253,0.00969,0,0,0
PG5129_text.txt,40923,0.7043,9,100,0.00921,0.0098,-0.00072,0.00969,0,1,0
PG5129_text.txt,40923,0.7043,9,200,-0.00242,0.00134,-0.00255,0.00969,0,0,0
PG5129_text.txt,40923,0.7043,9,300,0.00104,0.0032,-0.00676,0.00969,0,0,0
PG5129_text.txt,40923,0.7043,10,1,0.11001,-0.00358,0.00044,0.00969,1,0,0
PG5129_text.txt,40923,0.7043,10,2,0.04857,0.00559,0.00188,0.00969,1,0,0
PG5129_text.txt,40923,0.7043,10,5,0.01764,-0.00377,0.0014,0.00969,1,0,0
PG5129_text.txt,40923,0.7043,10,10,0.0122,-0.00194,-0.00713,0.00969,1,0,0
PG5129_text.txt,40923,0.7043,10,20,0.0054,-0.00199,-0.00416,0.00969,0,0,0
PG5129_text.txt,40923,0.7043,10,50,0.00654,0.00113,-0.01002,0.00969,0,0,1
PG5129_text.txt,40923,0.7043,10,100,0.01271,0.00622,0.00385,0.00969,1,0,0
PG5129_text.txt,40923,0.7043,10,200,-0.00552,0.00332,-0.00318,0.00969,0,0,0
PG5129_text.txt,40923,0.7043,10,300,0.00635,0.00064,-0.00759,0.00969,0,0,0
PG5129_text.txt,40923,0.7043,11,1,0.08815,0.00267,0.00243,0.00969,1,0,0
PG5129_text.txt,40923,0.7043,11,2,0.04213,-0.00218,0.00138,0.00969,1,0,0
PG5129_text.txt,40923,0.7043,11,5,0.02175,0.00179,0.00305,0.00969,1,0,0
PG5129_text.txt,40923,0.7043,11,10,0.02218,-0.00029,0.00568,0.00969,1,0,0
PG5129_text.txt,40923,0.7043,11,20,0.00548,0.00596,-0.00235,0.00969,0,0,0
PG5129_text.txt,40923,0.7043,11,50,-0.00215,-0.00342,-0.00461,0.00969,0,0,0
PG5129_text.txt,40923,0.7043,11,100,0.01318,-0.00316,-0.00306,0.00969,1,0,0
PG5129_text.txt,40923,0.7043,11,200,0.00469,0.00621,0.00521,0.00969,0,0,0
PG5129_text.txt,40923,0.7043,11,300,0.01126,0.00541,0.00189,0.00969,1,0,0
PG5129_text.txt,40923,0.7043,12,1,0.0516,0.00283,0.00226,0.00969,1,0,0
PG5129_text.txt,40923,0.7043,12,2,0.01707,0.00354,0.00212,0.00969,1,0,0
PG5129_text.txt,40923,0.7043,12,5,0.01316,-0.00091,-0.0014,0.00969,1,0,0
PG5129_text.txt,40923,0.7043,12,10,0.01435,-0.00655,0.00107,0.00969,1,0,0
PG5129_text.txt,40923,0.7043,12,20,0.0063,-0.0027,0.00236,0.00969,0,0,0
PG5129_text.txt,40923,0.7043,12,50,0.0086,0.0036,-0.00808,0.00969,0,0,0
PG5129_text.txt,40923,0.7043,12,100,-0.00189,-0.00389,0.00164,0.00969,0,0,0
PG5129_text.txt,40923,0.7043,12,200,-0.00262,-8e-05,0.00463,0.00969,0,0,0
PG5129_text.txt,40923,0.7043,12,300,-0.00139,0.00122,-0.00422,0.00969,0,0,0
PG5129_text.txt,40923,0.7043,13,1,0.06175,0.00259,0.00317,0.00969,1,0,0
PG5129_text.txt,40923,0.7043,13,2,0.02902,0.00241,-0.00288,0.00969,1,0,0
PG5129_text.txt,40923,0.7043,13,5,0.02113,0.00013,-0.00628,0.00969,1,0,0
PG5129_text.txt,40923,0.7043,13,10,0.00923,0.0093,-0.00262,0.00969,0,0,0
PG5129_text.txt,40923,0.7043,13,20,0.01219,-0.00874,0.00568,0.00969,1,0,0
PG5129_text.txt,40923,0.7043,13,50,0.01159,0.00343,-0.00124,0.00969,1,0,0
PG5129_text.txt,40923,0.7043,13,100,0.00807,0.00619,-0.00365,0.00969,0,0,0
PG5129_text.txt,40923,0.7043,13,200,0.00691,-0.00194,0.00093,0.00969,0,0,0
PG5129_text.txt,40923,0.7043,13,300,-0.00953,0.0023,-0.00059,0.00969,0,0,0
PG5129_text.txt,40923,0.7043,14,1,0.05996,0.00562,-0.00124,0.00969,1,0,0
PG5129_text.txt,40923,0.7043,14,2,0.02896,-0.00697,0.00836,0.00969,1,0,0
PG5129_text.txt,40923,0.7043,14,5,0.0131,0.00018,0.00104,0.00969,1,0,0
PG5129_text.txt,40923,0.7043,14,10,0.01249,0.00091,0.00611,0.00969,1,0,0
PG5129_text.txt,40923,0.7043,14,20,0.0073,0.00706,0.00018,0.00969,0,0,0
PG5129_text.txt,40923,0.7043,14,50,0.00555,0.00263,0.00242,0.00969,0,0,0
PG5129_text.txt,40923,0.7043,14,100,0.00967,0.00103,0.00243,0.00969,0,0,0
PG5129_text.txt,40923,0.7043,14,200,0.00616,-0.00096,-0.00047,0.00969,0,0,0
PG5129_text.txt,40923,0.7043,14,300,-0.00397,-0.00786,0.00739,0.00969,0,0,0
PG5129_text.txt,40923,0.7043,15,1,0.06222,-0.00462,-0.00023,0.00969,1,0,0
PG5129_text.txt,40923,0.7043,15,2,0.0257,0.00545,0.00177,0.00969,1,0,0
PG5129_text.txt,40923,0.7043,15,5,0.00141,0.00158,0.00183,0.00969,0,0,0
PG5129_text.txt,40923,0.7043,15,10,0.00774,0.00017,-0.0008,0.00969,0,0,0
PG5129_text.txt,40923,0.7043,15,20,0.00043,0.00248,0.00095,0.00969,0,0,0
PG5129_text.txt,40923,0.7043,15,50,0.00715,0.00275,-5e-05,0.00969,0,0,0
PG5129_text.txt,40923,0.7043,15,100,5e-05,0.00373,-0.00134,0.00969,0,0,0
PG5129_text.txt,40923,0.7043,15,200,0.00029,-0.00458,-0.00357,0.00969,0,0,0
PG5129_text.txt,40923,0.7043,15,300,0.0007,0.00158,0.00092,0.00969,0,0,0
PG5129_text.txt,40923,0.7043,16,1,0.07152,-0.00461,0.00312,0.00969,1,0,0
PG5129_text.txt,40923,0.7043,16,2,0.01485,0.00638,-0.00124,0.00969,1,0,0
PG5129_text.txt,40923,0.7043,16,5,0.00993,-0.00602,-0.00658,0.00969,1,0,0
PG5129_text.txt,40923,0.7043,16,10,0.00484,0.00137,-0.00539,0.00969,0,0,0
PG5129_text.txt,40923,0.7043,16,20,0.00382,0.00546,-0.00405,0.00969,0,0,0
PG5129_text.txt,40923,0.7043,16,50,0.00697,-0.0021,-0.00783,0.00969,0,0,0
PG5129_text.txt,40923,0.7043,16,100,0.00028,0.00497,-0.00253,0.00969,0,0,0
PG5129_text.txt,40923,0.7043,16,200,0.0051,-0.01017,0.01403,0.00969,0,1,1
PG5129_text.txt,40923,0.7043,16,300,0.00168,-0.00217,-0.00155,0.00969,0,0,0
PG5129_text.txt,40923,0.7043,17,1,0.04573,0.0015,-0.00876,0.00969,1,0,0
PG5129_text.txt,40923,0.7043,17,2,0.02014,-0.00257,-0.00468,0.00969,1,0,0
PG5129_text.txt,40923,0.7043,17,5,0.01977,-0.00215,0.00014,0.00969,1,0,0
PG5129_text.txt,40923,0.7043,17,10,0.00457,0.00477,-0.00033,0.00969,0,0,0
PG5129_text.txt,40923,0.7043,17,20,0.01307,-0.00167,-0.00352,0.00969,1,0,0
PG5129_text.txt,40923,0.7043,17,50,0.00337,0.0045,-0.00121,0.00969,0,0,0
PG5129_text.txt,40923,0.7043,17,100,0.00407,-0.00237,0.00496,0.00969,0,0,0
PG5129_text.txt,40923,0.7043,17,200,0.00206,-0.00073,-0.0015,0.00969,0,0,0
PG5129_text.txt,40923,0.7043,17,300,0.00062,0.00809,-0.00278,0.00969,0,0,0
PG5129_text.txt,40923,0.7043,18,1,0.04152,-0.00264,-0.00123,0.00969,1,0,0
PG5129_text.txt,40923,0.7043,18,2,0.01418,0.00575,-0.00124,0.00969,1,0,0
PG5129_text.txt,40923,0.7043,18,5,0.01135,-0.00169,-3e-05,0.00969,1,0,0
PG5129_text.txt,40923,0.7043,18,10,0.00827,0.00216,-0.00365,0.00969,0,0,0
PG5129_text.txt,40923,0.7043,18,20,-0.0022,0.00157,0.00546,0.00969,0,0,0
PG5129_text.txt,40923,0.7043,18,50,-0.00357,-9e-05,-0.00203,0.00969,0,0,0
PG5129_text.txt,40923,0.7043,18,100,0.00587,0.00314,0.00499,0.00969,0,0,0
PG5129_text.txt,40923,0.7043,18,200,0.01352,-0.00442,-0.00267,0.00969,1,0,0
PG5129_text.txt,40923,0.7043,18,300,0.0066,-0.00125,0.00279,0.00969,0,0,0
PG5129_text.txt,40923,0.7043,19,1,0.0408,-0.0084,-0.01135,0.00969,1,0,1
PG5129_text.txt,40923,0.7043,19,2,0.01244,-0.00616,-0.00033,0.00969,1,0,0
PG5129_text.txt,40923,0.7043,19,5,0.00632,-0.00066,-0.00153,0.00969,0,0,0
PG5129_text.txt,40923,0.7043,19,10,0.00244,-7e-05,0.00874,0.00969,0,0,0
PG5129_text.txt,40923,0.7043,19,20,0.0044,0.00122,0.00552,0.00969,0,0,0
PG5129_text.txt,40923,0.7043,19,50,-0.00203,0.00152,-0.00352,0.00969,0,0,0
PG5129_text.txt,40923,0.7043,19,100,0.00433,-0.00113,-0.00271,0.00969,0,0,0
PG5129_text.txt,40923,0.7043,19,200,-0.00096,-0.01054,0.0044,0.00969,0,1,0
PG5129_text.txt,40923,0.7043,19,300,-0.00016,-0.00393,0.00196,0.00969,0,0,0
PG5129_text.txt,40923,0.7043,20,1,0.05753,0.00631,0.00429,0.00969,1,0,0
PG5129_text.txt,40923,0.7043,20,2,0.03727,-0.00123,0.00384,0.00969,1,0,0
PG5129_text.txt,40923,0.7043,20,5,0.00923,0.01153,-0.0034,0.00969,0,1,0
PG5129_text.txt,40923,0.7043,20,10,0.00444,0.00041,0.00636,0.00969,0,0,0
PG5129_text.txt,40923,0.7043,20,20,0.01039,0.00511,0.00252,0.00969,1,0,0
PG5129_text.txt,40923,0.7043,20,50,0.00325,-0.00056,0.00281,0.00969,0,0,0
PG5129_text.txt,40923,0.7043,20,100,0.00369,-0.00255,0.01469,0.00969,0,0,1
PG5129_text.txt,40923,0.7043,20,200,0.00336,-0.00687,0.00261,0.00969,0,0,0
PG5129_text.txt,40923,0.7043,20,300,-0.00193,0.00202,-0.01031,0.00969,0,0,1
PG557_text.txt,18131,0.7034,1,1,0.046,-0.00747,-0.01321,0.01456,1,0,0
PG557_text.txt,18131,0.7034,1,2,0.01746,-0.01826,0.01101,0.01456,1,1,0
PG557_text.txt,18131,0.7034,1,5,0.02841,0.00867,-0.00079,0.01456,1,0,0
PG557_text.txt,18131,0.7034,1,10,0.01466,-0.00769,-0.00771,0.01456,1,0,0
PG557_text.txt,18131,0.7034,1,20,0.02304,0.00092,-0.00882,0.01456,1,0,0
PG557_text.txt,18131,0.7034,1,50,0.01138,-0.00669,-0.00861,0.01456,0,0,0
PG557_text.txt,18131,0.7034,1,100,0.0118,-0.00655,0.00506,0.01456,0,0,0
PG557_text.txt,18131,0.7034,1,200,0.01059,0.00725,0.00396,0.01456,0,0,0
PG557_text.txt,18131,0.7034,1,300,0.0102,0.0019,0.00445,0.01456,0,0,0
PG557_text.txt,18131,0.7034,2,1,0.16675,0.00652,-0.00714,0.01456,1,0,0
PG557_text.txt,18131,0.7034,2,2,0.10346,-0.00384,0.00916,0.01456,1,0,0
PG557_text.txt,18131,0.7034,2,5,0.06277,-0.00077,-0.00223,0.01456,1,0,0
PG557_text.txt,18131,0.7034,2,10,0.0368,0.00309,0.01066,0.01456,1,0,0
PG557_text.txt,18131,0.7034,2,20,0.03291,0.00802,0.00785,0.01456,1,0,0
PG557_text.txt,18131,0.7034,2,50,0.0085,-0.01503,0.00878,0.01456,0,1,0
PG557_text.txt,18131,0.7034,2,100,0.01212,-0.01922,0.00086,0.01456,0,1,0
PG557_text.txt,18131,0.7034,2,200,0.00876,0.01232,0.00797,0.01456,0,0,0
PG557_text.txt,18131,0.7034,2,300,0.01338,-0.01071,-0.00053,0.01456,0,0,0
PG557_text.txt,18131,0.7034,3,1,0.16041,0.00481,-0.00134,0.01456,1,0,0
PG557_text.txt,18131,0.7034,3,2,0.11476,0.00942,0.00359,0.01456,1,0,0
PG557_text.txt,18131,0.7034,3,5,0.06733,0.0175,0.00954,0.01456,1,1,0
PG557_text.txt,18131,0.7034,3,10,0.05806,0.00415,0.01876,0.01456,1,0,1
PG557_text.txt,18131,0.7034,3,20,0.04828,0.00091,0.00305,0.01456,1,0,0
PG557_text.txt,18131,0.7034,3,50,0.02389,0.00807,-0.01099,0.01456,1,0,0
PG557_text.txt,18131,0.7034,3,100,0.02841,-0.00571,-0.00966,0.01456,1,0,0
PG557_text.txt,18131,0.7034,3,200,0.01484,-0.01079,0.00739,0.01456,1,0,0
PG557_text.txt,18131,0.7034,3,300,0.00648,0.00047,-0.00582,0.01456,0,0,0
PG557_text.txt,18131,0.7034,4,1,0.12932,-0.00082,0.00877,0.01456,1,0,0
PG557_text.txt,18131,0.7034,4,2,0.08587,0.00536,0.00329,0.01456,1,0,0
PG557_text.txt,18131,0.7034,4,5,0.07493,0.00969,0.00775,0.01456,1,0,0
PG557_text.txt,18131,0.7034,4,10,0.04774,0.0059,0.01363,0.01456,1,0,0
PG557_text.txt,18131,0.7034,4,20,0.04412,-0.00984,0.00979,0.01456,1,0,0
PG557_text.txt,18131,0.7034,4,50,0.01277,-0.01293,-0.0026,0.01456,0,0,0
PG557_text.txt,18131,0.7034,4,100,0.00375,-0.01164,-0.00049,0.01456,0,0,0
PG557_text.txt,18131,0.7034,4,200,-0.0078,0.01455,0.01008,0.01456,0,0,0
PG557_text.txt,18131,0.7034,4,300,-0.01155,-0.01065,0.00494,0.01456,0,0,0
PG557_text.txt,18131,0.7034,5,1,0.06059,-0.01336,0.00655,0.01456,1,0,0
PG557_text.txt,18131,0.7034,5,2,0.04007,-0.00511,-0.0001,0.01456,1,0,0
PG557_text.txt,18131,0.7034,5,5,0.02545,-0.00732,0.00886,0.01456,1,0,0
PG557_text.txt,18131,0.7034,5,10,0.02469,-0.01089,-0.0053,0.01456,1,0,0
PG557_text.txt,18131,0.7034,5,20,0.01696,-0.00248,0.00883,0.01456,1,0,0
PG557_text.txt,18131,0.7034,5,50,0.00616,-0.00316,0.00587,0.01456,0,0,0
PG557_text.txt,18131,0.7034,5,100,0.00929,0.00102,-0.00249,0.01456,0,0,0
PG557_text.txt,18131,0.7034,5,200,0.01948,0.00146,0.01471,0.01456,1,0,1
PG557_text.txt,18131,0.7034,5,300,0.00936,-0.00372,0.00262,0.01456,0,0,0
PG557_text.txt,18131,0.7034,6,1,0.06262,-0.00082,0.00568,0.01456,1,0,0
PG557_text.txt,18131,0.7034,6,2,0.04383,0.00249,-0.01069,0.01456,1,0,0
PG557_text.txt,18131,0.7034,6,5,0.03907,-0.00515,-0.01299,0.01456,1,0,0
PG557_text.txt,18131,0.7034,6,10,0.02183,-0.00107,-0.01368,0.01456,1,0,0
PG557_text.txt,18131,0.7034,6,20,0.01963,0.00582,-0.00865,0.01456,1,0,0
PG557_text.txt,18131,0.7034,6,50,0.00535,0.00166,-0.00109,0.01456,0,0,0
PG557_text.txt,18131,0.7034,6,100,0.0053,-0.00311,-0.01167,0.01456,0,0,0
PG557_text.txt,18131,0.7034,6,200,0.02225,-0.01089,-0.00513,0.01456,1,0,0
PG557_text.txt,18131,0.7034,6,300,0.00414,0.00233,0.00308,0.01456,0,0,0
PG557_text.txt,18131,0.7034,7,1,0.12475,-0.01673,0.00322,0.01456,1,1,0
PG557_text.txt,18131,0.7034,7,2,0.07621,-0.00267,-0.01127,0.01456,1,0,0
PG557_text.txt,18131,0.7034,7,5,0.04368,-0.00685,-0.01046,0.01456,1,0,0
PG557_text.txt,18131,0.7034,7,10,0.02943,0.00191,0.00563,0.01456,1,0,0
PG557_text.txt,18131,0.7034,7,20,0.02812,-0.00107,0.00698,0.01456,1,0,0
PG557_text.txt,18131,0.7034,7,50,0.03013,-0.0067,-0.00547,0.01456,1,0,0
PG557_text.txt,18131,0.7034,7,100,7e-05,-0.00575,-0.0072,0.01456,0,0,0
PG557_text.txt,18131,0.7034,7,200,0.00451,-0.00454,0.00259,0.01456,0,0,0
PG557_text.txt,18131,0.7034,7,300,0.01529,-0.00573,0.0006,0.01456,1,0,0
PG557_text.txt,18131,0.7034,8,1,0.07656,0.00524,-0.00374,0.01456,1,0,0
PG557_text.txt,18131,0.7034,8,2,0.05369,0.00085,0.00708,0.01456,1,0,0
PG557_text.txt,18131,0.7034,8,5,0.03737,0.00102,-0.00616,0.01456,1,0,0
PG557_text.txt,18131,0.7034,8,10,0.02411,-0.00516,-0.00771,0.01456,1,0,0
PG557_text.txt,18131,0.7034,8,20,0.02571,-0.00099,-0.00522,0.01456,1,0,0
PG557_text.txt,18131,0.7034,8,50,0.01731,0.00426,-0.00199,0.01456,1,0,0
PG557_text.txt,18131,0.7034,8,100,0.00115,0.00073,-0.0,0.01456,0,0,0
PG557_text.txt,18131,0.7034,8,200,0.00528,0.00978,0.00418,0.01456,0,0,0
PG557_text.txt,18131,0.7034,8,300,0.0142,-0.01321,0.00406,0.01456,0,0,0
PG557_text.txt,18131,0.7034,9,1,0.10707,0.00851,-0.00224,0.01456,1,0,0
PG557_text.txt,18131,0.7034,9,2,0.04084,-0.01707,-0.00821,0.01456,1,1,0
PG557_text.txt,18131,0.7034,9,5,0.00848,-0.00735,0.00064,0.01456,0,0,0
PG557_text.txt,18131,0.7034,9,10,0.01447,0.00311,0.00468,0.01456,0,0,0
PG557_text.txt,18131,0.7034,9,20,-0.00071,-0.0023,0.00295,0.01456,0,0,0
PG557_text.txt,18131,0.7034,9,50,0.00775,-0.00866,0.00681,0.01456,0,0,0
PG557_text.txt,18131,0.7034,9,100,0.01248,-0.00073,-0.00199,0.01456,0,0,0
PG557_text.txt,18131,0.7034,9,200,-0.00223,-0.00839,0.00056,0.01456,0,0,0
PG557_text.txt,18131,0.7034,9,300,-0.00213,-0.0045,0.00409,0.01456,0,0,0
PG557_text.txt,18131,0.7034,10,1,0.04989,0.0079,-0.00192,0.01456,1,0,0
PG557_text.txt,18131,0.7034,10,2,0.05221,0.00334,0.00847,0.01456,1,0,0
PG557_text.txt,18131,0.7034,10,5,0.02533,-0.00112,0.01165,0.01456,1,0,0
PG557_text.txt,18131,0.7034,10,10,0.02264,0.00238,-0.00439,0.01456,1,0,0
PG557_text.txt,18131,0.7034,10,20,0.01522,0.00382,0.00509,0.01456,1,0,0
PG557_text.txt,18131,0.7034,10,50,0.00719,0.00627,0.00471,0.01456,0,0,0
PG557_text.txt,18131,0.7034,10,100,0.01425,-0.0055,-0.00667,0.01456,0,0,0
PG557_text.txt,18131,0.7034,10,200,0.00787,0.0008,0.00059,0.01456,0,0,0
PG557_text.txt,18131,0.7034,10,300,-0.00373,0.00073,-0.00735,0.01456,0,0,0
PG557_text.txt,18131,0.7034,11,1,0.06291,0.00157,-0.00384,0.01456,1,0,0
PG557_text.txt,18131,0.7034,11,2,0.04378,-0.01243,-0.00591,0.01456,1,0,0
PG557_text.txt,18131,0.7034,11,5,0.03564,-0.00548,-0.00041,0.01456,1,0,0
PG557_text.txt,18131,0.7034,11,10,0.03212,0.00983,-0.00473,0.01456,1,0,0
PG557_text.txt,18131,0.7034,11,20,0.02855,-0.00902,-0.00923,0.01456,1,0,0
PG557_text.txt,18131,0.7034,11,50,0.03091,-0.00525,-0.0109,0.01456,1,0,0
PG557_text.txt,18131,0.7034,11,100,0.01809,0.00363,0.01014,0.01456,1,0,0
PG557_text.txt,18131,0.7034,11,200,0.01092,0.00625,0.00135,0.01456,0,0,0
PG557_text.txt,18131,0.7034,11,300,0.00415,-0.00472,0.01315,0.01456,0,0,0
PG557_text.txt,18131,0.7034,12,1,0.06919,0.01518,-0.00134,0.01456,1,1,0
PG557_text.txt,18131,0.7034,12,2,0.04025,6e-05,-0.00392,0.01456,1,0,0
PG557_text.txt,18131,0.7034,12,5,0.03031,-0.01462,-0.00558,0.01456,1,1,0
PG557_text.txt,18131,0.7034,12,10,0.02042,-0.0094,0.00701,0.01456,1,0,0
PG557_text.txt,18131,0.7034,12,20,0.01796,0.00704,0.00349,0.01456,1,0,0
PG557_text.txt,18131,0.7034,12,50,0.01281,0.00959,0.01169,0.01456,0,0,0
PG557_text.txt,18131,0.7034,12,100,0.00521,0.00684,0.01036,0.01456,0,0,0
PG557_text.txt,18131,0.7034,12,200,0.01376,0.00492,0.00481,0.01456,0,0,0
PG557_text.txt,18131,0.7034,12,300,0.00154,0.00842,0.00195,0.01456,0,0,0
PG557_text.txt,18131,0.7034,13,1,0.07329,-0.00084,-0.00866,0.01456,1,0,0
PG557_text.txt,18131,0.7034,13,2,0.04774,0.0091,-0.0114,0.01456,1,0,0
PG557_text.txt,18131,0.7034,13,5,0.0476,0.0118,0.00865,0.01456,1,0,0
PG557_text.txt,18131,0.7034,13,10,0.03317,0.00387,-0.0022,0.01456,1,0,0
PG557_text.txt,18131,0.7034,13,20,0.02261,-0.00059,0.01862,0.01456,1,0,1
PG557_text.txt,18131,0.7034,13,50,0.03333,0.00705,-0.00035,0.01456,1,0,0
PG557_text.txt,18131,0.7034,13,100,0.01592,0.00375,-0.00818,0.01456,1,0,0
PG557_text.txt,18131,0.7034,13,200,0.01449,-0.00695,0.0065,0.01456,0,0,0
PG557_text.txt,18131,0.7034,13,300,0.01237,0.00621,0.01445,0.01456,0,0,0
PG557_text.txt,18131,0.7034,14,1,0.07187,0.00368,-0.00136,0.01456,1,0,0
PG557_text.txt,18131,0.7034,14,2,0.06106,0.00291,-0.0015,0.01456,1,0,0
PG557_text.txt,18131,0.7034,14,5,0.01856,-0.00751,0.00748,0.01456,1,0,0
PG557_text.txt,18131,0.7034,14,10,0.02802,-0.00626,-0.0028,0.01456,1,0,0
PG557_text.txt,18131,0.7034,14,20,0.01815,0.00862,0.01047,0.01456,1,0,0
PG557_text.txt,18131,0.7034,14,50,-0.00441,-0.0026,0.02163,0.01456,0,0,1
PG557_text.txt,18131,0.7034,14,100,0.01183,-0.01184,0.00423,0.01456,0,0,0
PG557_text.txt,18131,0.7034,14,200,0.00514,0.00299,-0.00723,0.01456,0,0,0
PG557_text.txt,18131,0.7034,14,300,0.00274,0.00541,0.00522,0.01456,0,0,0
PG557_text.txt,18131,0.7034,15,1,0.08425,0.00088,0.00703,0.01456,1,0,0
PG557_text.txt,18131,0.7034,15,2,0.05989,0.01232,-0.00301,0.01456,1,0,0
PG557_text.txt,18131,0.7034,15,5,0.03559,-0.00777,-0.00946,0.01456,1,0,0
PG557_text.txt,18131,0.7034,15,10,0.03877,0.0023,0.01084,0.01456,1,0,0
PG557_text.txt,18131,0.7034,15,20,0.03953,-0.01946,0.00375,0.01456,1,1,0
PG557_text.txt,18131,0.7034,15,50,0.00999,0.00883,-0.00396,0.01456,0,0,0
PG557_text.txt,18131,0.7034,15,100,0.02,0.00058,-0.01844,0.01456,1,0,1
PG557_text.txt,18131,0.7034,15,200,0.00171,0.00847,0.00242,0.01456,0,0,0
PG557_text.txt,18131,0.7034,15,300,0.02418,0.00666,-0.00108,0.01456,1,0,0
PG557_text.txt,18131,0.7034,16,1,0.07381,-0.00741,0.0047,0.01456,1,0,0
PG557_text.txt,18131,0.7034,16,2,0.02635,0.00389,0.00345,0.01456,1,0,0
PG557_text.txt,18131,0.7034,16,5,0.02345,0.01123,-0.00139,0.01456,1,0,0
PG557_text.txt,18131,0.7034,16,10,0.02211,-0.00485,-0.00727,0.01456,1,0,0
PG557_text.txt,18131,0.7034,16,20,0.02673,-0.00947,0.00458,0.01456,1,0,0
PG557_text.txt,18131,0.7034,16,50,0.00128,-0.00198,0.0069,0.01456,0,0,0
PG557_text.txt,18131,0.7034,16,100,0.01608,-0.01387,0.00409,0.01456,1,0,0
PG557_text.txt,18131,0.7034,16,200,-0.00351,-0.00725,-0.00115,0.01456,0,0,0
PG557_text.txt,18131,0.7034,16,300,0.01451,0.00272,-0.003,0.01456,0,0,0
PG557_text.txt,18131,0.7034,17,1,0.05551,0.00355,0.00087,0.01456,1,0,0
PG557_text.txt,18131,0.7034,17,2,0.01828,-0.00694,-5e-05,0.01456,1,0,0
PG557_text.txt,18131,0.7034,17,5,0.00524,-0.01657,0.00609,0.01456,0,1,0
PG557_text.txt,18131,0.7034,17,10,0.01134,0.00576,-0.00581,0.01456,0,0,0
PG557_text.txt,18131,0.7034,17,20,0.02487,-0.0043,0.00649,0.01456,1,0,0
PG557_text.txt,18131,0.7034,17,50,-0.00136,-0.00918,0.00629,0.01456,0,0,0
PG557_text.txt,18131,0.7034,17,100,0.00899,-0.00118,0.00029,0.01456,0,0,0
PG557_text.txt,18131,0.7034,17,200,0.01302,-0.00247,-0.00217,0.01456,0,0,0
PG557_text.txt,18131,0.7034,17,300,0.01271,-0.00699,0.00162,0.01456,0,0,0
PG557_text.txt,18131,0.7034,18,1,0.04733,0.00128,0.01356,0.01456,1,0,0
PG557_text.txt,18131,0.7034,18,2,0.02664,-0.01233,0.00305,0.01456,1,0,0
PG557_text.txt,18131,0.7034,18,5,0.00948,-0.00827,0.00322,0.01456,0,0,0
PG557_text.txt,18131,0.7034,18,10,0.02127,-0.00952,-0.00253,0.01456,1,0,0
PG557_text.txt,18131,0.7034,18,20,0.00336,0.01551,0.00226,0.01456,0,1,0
PG557_text.txt,18131,0.7034,18,50,0.02162,-0.0024,0.00198,0.01456,1,0,0
PG557_text.txt,18131,0.7034,18,100,0.00092,0.01002,-0.00903,0.01456,0,0,0
PG557_text.txt,18131,0.7034,18,200,0.00512,0.00686,-0.00182,0.01456,0,0,0
PG557_text.txt,18131,0.7034,18,300,0.0053,0.00092,0.00178,0.01456,0,0,0
PG557_text.txt,18131,0.7034,19,1,0.0598,-0.00418,-0.0167,0.01456,1,0,1
PG557_text.txt,18131,0.7034,19,2,0.02572,0.00597,0.00642,0.01456,1,0,0
PG557_text.txt,18131,0.7034,19,5,0.03146,0.00848,0.00134,0.01456,1,0,0
PG557_text.txt,18131,0.7034,19,10,0.01621,-0.00459,-0.00672,0.01456,1,0,0
PG557_text.txt,18131,0.7034,19,20,0.01478,-0.00984,-0.00404,0.01456,1,0,0
PG557_text.txt,18131,0.7034,19,50,0.02055,-0.00329,0.00083,0.01456,1,0,0
PG557_text.txt,18131,0.7034,19,100,0.02351,0.00412,-0.00886,0.01456,1,0,0
PG557_text.txt,18131,0.7034,19,200,0.01368,-0.00287,-0.00317,0.01456,0,0,0
PG557_text.txt,18131,0.7034,19,300,0.02831,0.01066,-0.01053,0.01456,1,0,0
PG557_text.txt,18131,0.7034,20,1,0.0381,-0.00094,0.00253,0.01456,1,0,0
PG557_text.txt,18131,0.7034,20,2,0.01505,-0.00435,0.00227,0.01456,1,0,0
PG557_text.txt,18131,0.7034,20,5,0.02507,0.01021,0.00228,0.01456,1,0,0
PG557_text.txt,18131,0.7034,20,10,0.01401,-0.00736,0.00195,0.01456,0,0,0
PG557_text.txt,18131,0.7034,20,20,0.00684,0.0063,-0.0034,0.01456,0,0,0
PG557_text.txt,18131,0.7034,20,50,0.00805,0.00125,0.00181,0.01456,0,0,0
PG557_text.txt,18131,0.7034,20,100,0.00447,-0.00172,-0.00972,0.01456,0,0,0
PG557_text.txt,18131,0.7034,20,200,0.00822,-0.00235,0.00763,0.01456,0,0,0
PG557_text.txt,18131,0.7034,20,300,0.02459,0.02146,0.00716,0.01456,1,1,0
PG5719_text.txt,67769,0.7131,1,1,0.10423,0.00473,-0.00036,0.00753,1,0,0
PG5719_text.txt,67769,0.7131,1,2,0.06282,0.00661,0.00463,0.00753,1,0,0
PG5719_text.txt,67769,0.7131,1,5,0.04183,-0.00216,0.00485,0.00753,1,0,0
PG5719_text.txt,67769,0.7131,1,10,0.03975,0.00634,-0.00363,0.00753,1,0,0
PG5719_text.txt,67769,0.7131,1,20,0.03016,-0.00135,0.0003,0.00753,1,0,0
PG5719_text.txt,67769,0.7131,1,50,0.0164,0.00553,0.0025,0.00753,1,0,0
PG5719_text.txt,67769,0.7131,1,100,0.00633,0.00477,0.00157,0.00753,0,0,0
PG5719_text.txt,67769,0.7131,1,200,0.00625,0.00331,0.00172,0.00753,0,0,0
PG5719_text.txt,67769,0.7131,1,300,0.00674,-0.00838,0.00306,0.00753,0,1,0
PG5719_text.txt,67769,0.7131,2,1,0.20017,-0.00578,0.0012,0.00753,1,0,0
PG5719_text.txt,67769,0.7131,2,2,0.1416,0.00238,-0.00533,0.00753,1,0,0
PG5719_text.txt,67769,0.7131,2,5,0.09962,-0.00043,0.00656,0.00753,1,0,0
PG5719_text.txt,67769,0.7131,2,10,0.07685,-0.00207,-0.00517,0.00753,1,0,0
PG5719_text.txt,67769,0.7131,2,20,0.06164,0.00186,-0.00678,0.00753,1,0,0
PG5719_text.txt,67769,0.7131,2,50,0.04645,-0.00701,0.00117,0.00753,1,0,0
PG5719_text.txt,67769,0.7131,2,100,0.03118,-0.00349,-0.00016,0.00753,1,0,0
PG5719_text.txt,67769,0.7131,2,200,0.02371,-0.00063,0.00069,0.00753,1,0,0
PG5719_text.txt,67769,0.7131,2,300,0.01034,0.00242,0.00037,0.00753,1,0,0
PG5719_text.txt,67769,0.7131,3,1,0.176,-0.00516,0.00036,0.00753,1,0,0
PG5719_text.txt,67769,0.7131,3,2,0.10859,-0.00316,0.00376,0.00753,1,0,0
PG5719_text.txt,67769,0.7131,3,5,0.06847,-0.00722,-0.00303,0.00753,1,0,0
PG5719_text.txt,67769,0.7131,3,10,0.04808,0.0036,0.00502,0.00753,1,0,0
PG5719_text.txt,67769,0.7131,3,20,0.03977,-0.00591,-0.00338,0.00753,1,0,0
PG5719_text.txt,67769,0.7131,3,50,0.02125,-0.00148,0.00137,0.00753,1,0,0
PG5719_text.txt,67769,0.7131,3,100,0.0072,0.00275,0.00115,0.00753,0,0,0
PG5719_text.txt,67769,0.7131,3,200,0.01504,-0.00484,0.00196,0.00753,1,0,0
PG5719_text.txt,67769,0.7131,3,300,0.00604,-0.00281,-0.00587,0.00753,0,0,0
PG5719_text.txt,67769,0.7131,4,1,0.10565,0.00889,0.00412,0.00753,1,1,0
PG5719_text.txt,67769,0.7131,4,2,0.05435,0.00329,0.00122,0.00753,1,0,0
PG5719_text.txt,67769,0.7131,4,5,0.03602,-0.0009,0.00032,0.00753,1,0,0
PG5719_text.txt,67769,0.7131,4,10,0.02162,0.00487,0.00146,0.00753,1,0,0
PG5719_text.txt,67769,0.7131,4,20,0.02689,-9e-05,0.00301,0.00753,1,0,0
PG5719_text.txt,67769,0.7131,4,50,0.01856,0.00285,-0.00069,0.00753,1,0,0
PG5719_text.txt,67769,0.7131,4,100,0.00954,0.00762,0.0008,0.00753,1,1,0
PG5719_text.txt,67769,0.7131,4,200,0.00984,-0.0047,-0.00725,0.00753,1,0,0
PG5719_text.txt,67769,0.7131,4,300,0.0066,0.0,0.00131,0.00753,0,0,0
PG5719_text.txt,67769,0.7131,5,1,0.03927,0.00798,-0.00037,0.00753,1,1,0
PG5719_text.txt,67769,0.7131,5,2,0.03652,-0.00338,-0.00576,0.00753,1,0,0
PG5719_text.txt,67769,0.7131,5,5,0.02758,0.00269,-0.00306,0.00753,1,0,0
PG5719_text.txt,67769,0.7131,5,10,0.02395,-0.00236,0.00139,0.00753,1,0,0
PG5719_text.txt,67769,0.7131,5,20,0.01743,0.00326,0.00493,0.00753,1,0,0
PG5719_text.txt,67769,0.7131,5,50,0.01081,-0.00818,-0.00436,0.00753,1,1,0
PG5719_text.txt,67769,0.7131,5,100,0.00441,0.00349,0.00144,0.00753,0,0,0
PG5719_text.txt,67769,0.7131,5,200,0.00284,0.0016,9e-05,0.00753,0,0,0
PG5719_text.txt,67769,0.7131,5,300,0.00575,-0.00279,0.00502,0.00753,0,0,0
PG5719_text.txt,67769,0.7131,6,1,0.07083,0.00458,0.00391,0.00753,1,0,0
PG5719_text.txt,67769,0.7131,6,2,0.03945,-0.00671,-0.00101,0.00753,1,0,0
PG5719_text.txt,67769,0.7131,6,5,0.0291,0.00477,-0.00587,0.00753,1,0,0
PG5719_text.txt,67769,0.7131,6,10,0.02171,0.00202,0.00081,0.00753,1,0,0
PG5719_text.txt,67769,0.7131,6,20,0.02099,0.00233,0.00209,0.00753,1,0,0
PG5719_text.txt,67769,0.7131,6,50,0.01133,-0.00124,0.00616,0.00753,1,0,0
PG5719_text.txt,67769,0.7131,6,100,0.01145,0.00249,0.00206,0.00753,1,0,0
PG5719_text.txt,67769,0.7131,6,200,0.00211,-0.00012,0.00388,0.00753,0,0,0
PG5719_text.txt,67769,0.7131,6,300,-8e-05,0.00022,-0.00807,0.00753,0,0,1
PG5719_text.txt,67769,0.7131,7,1,0.13421,0.00059,1e-05,0.00753,1,0,0
PG5719_text.txt,67769,0.7131,7,2,0.08549,0.00229,-0.00984,0.00753,1,0,1
PG5719_text.txt,67769,0.7131,7,5,0.04673,0.00107,0.00295,0.00753,1,0,0
PG5719_text.txt,67769,0.7131,7,10,0.03762,-0.00211,-0.00038,0.00753,1,0,0
PG5719_text.txt,67769,0.7131,7,20,0.02406,-0.0016,-0.00696,0.00753,1,0,0
PG5719_text.txt,67769,0.7131,7,50,0.01512,-0.0014,-0.00028,0.00753,1,0,0
PG5719_text.txt,67769,0.7131,7,100,0.01049,-0.00077,0.00692,0.00753,1,0,0
PG5719_text.txt,67769,0.7131,7,200,-0.00154,0.00092,-0.00137,0.00753,0,0,0
PG5719_text.txt,67769,0.7131,7,300,0.00544,-0.00025,-0.00207,0.00753,0,0,0
PG5719_text.txt,67769,0.7131,8,1,0.08977,0.01126,-0.00528,0.00753,1,1,0
PG5719_text.txt,67769,0.7131,8,2,0.05203,0.00133,0.00726,0.00753,1,0,0
PG5719_text.txt,67769,0.7131,8,5,0.04436,0.00169,-0.00206,0.00753,1,0,0
PG5719_text.txt,67769,0.7131,8,10,0.03016,0.00157,-0.00759,0.00753,1,0,1
PG5719_text.txt,67769,0.7131,8,20,0.02221,0.00075,-0.00142,0.00753,1,0,0
PG5719_text.txt,67769,0.7131,8,50,0.0123,0.00533,0.00012,0.00753,1,0,0
PG5719_text.txt,67769,0.7131,8,100,0.00487,0.00487,-0.00585,0.00753,0,0,0
PG5719_text.txt,67769,0.7131,8,200,0.0033,-0.00438,-0.00037,0.00753,0,0,0
PG5719_text.txt,67769,0.7131,8,300,0.00013,0.00197,-0.00343,0.00753,0,0,0
PG5719_text.txt,67769,0.7131,9,1,0.07896,0.00204,0.00014,0.00753,1,0,0
PG5719_text.txt,67769,0.7131,9,2,0.04814,-0.00048,-0.00451,0.00753,1,0,0
PG5719_text.txt,67769,0.7131,9,5,0.02381,0.00031,-0.00769,0.00753,1,0,1
PG5719_text.txt,67769,0.7131,9,10,0.01758,-7e-05,-0.00023,0.00753,1,0,0
PG5719_text.txt,67769,0.7131,9,20,0.01341,0.00501,-0.00237,0.00753,1,0,0
PG5719_text.txt,67769,0.7131,9,50,0.00729,-0.00262,-0.00193,0.00753,0,0,0
PG5719_text.txt,67769,0.7131,9,100,0.00746,0.00061,0.00105,0.00753,0,0,0
PG5719_text.txt,67769,0.7131,9,200,0.00181,-0.00505,0.00338,0.00753,0,0,0
PG5719_text.txt,67769,0.7131,9,300,0.00449,-0.00163,0.00153,0.00753,0,0,0
PG5719_text.txt,67769,0.7131,10,1,0.10351,-0.001,0.00023,0.00753,1,0,0
PG5719_text.txt,67769,0.7131,10,2,0.06635,-0.00049,-0.00049,0.00753,1,0,0
PG5719_text.txt,67769,0.7131,10,5,0.04361,-0.00081,0.00566,0.00753,1,0,0
PG5719_text.txt,67769,0.7131,10,10,0.02603,0.00482,-0.00013,0.00753,1,0,0
PG5719_text.txt,67769,0.7131,10,20,0.02629,0.00552,-0.00396,0.00753,1,0,0
PG5719_text.txt,67769,0.7131,10,50,0.01465,-0.00295,-0.00077,0.00753,1,0,0
PG5719_text.txt,67769,0.7131,10,100,0.00747,-0.00807,-0.00134,0.00753,0,1,0
PG5719_text.txt,67769,0.7131,10,200,0.00528,0.00343,-0.00202,0.00753,0,0,0
PG5719_text.txt,67769,0.7131,10,300,0.00011,0.00641,0.00464,0.00753,0,0,0
PG5719_text.txt,67769,0.7131,11,1,0.06852,-0.00063,0.0029,0.00753,1,0,0
PG5719_text.txt,67769,0.7131,11,2,0.05215,0.00137,-0.00115,0.00753,1,0,0
PG5719_text.txt,67769,0.7131,11,5,0.03447,0.00597,-0.00254,0.00753,1,0,0
PG5719_text.txt,67769,0.7131,11,10,0.02383,0.00376,0.00713,0.00753,1,0,0
PG5719_text.txt,67769,0.7131,11,20,0.02266,-0.00066,0.00728,0.00753,1,0,0
PG5719_text.txt,67769,0.7131,11,50,0.01173,-0.00018,-0.00562,0.00753,1,0,0
PG5719_text.txt,67769,0.7131,11,100,0.0076,0.00434,-0.0049,0.00753,1,0,0
PG5719_text.txt,67769,0.7131,11,200,0.00393,0.00471,-0.00024,0.00753,0,0,0
PG5719_text.txt,67769,0.7131,11,300,0.00593,-0.00331,0.00023,0.00753,0,0,0
PG5719_text.txt,67769,0.7131,12,1,0.08293,0.0016,-0.00026,0.00753,1,0,0
PG5719_text.txt,67769,0.7131,12,2,0.03126,0.0036,0.00042,0.00753,1,0,0
PG5719_text.txt,67769,0.7131,12,5,0.01749,0.00286,0.00758,0.00753,1,0,1
PG5719_text.txt,67769,0.7131,12,10,0.01489,0.00359,-0.00555,0.00753,1,0,0
PG5719_text.txt,67769,0.7131,12,20,0.00674,-0.00236,0.00077,0.00753,0,0,0
PG5719_text.txt,67769,0.7131,12,50,0.00422,-0.00107,-0.00057,0.00753,0,0,0
PG5719_text.txt,67769,0.7131,12,100,0.00956,-0.00562,0.0022,0.00753,1,0,0
PG5719_text.txt,67769,0.7131,12,200,0.00433,0.00663,-0.00087,0.00753,0,0,0
PG5719_text.txt,67769,0.7131,12,300,0.0006,0.00376,0.00121,0.00753,0,0,0
PG5719_text.txt,67769,0.7131,13,1,0.06533,-0.00085,0.00078,0.00753,1,0,0
PG5719_text.txt,67769,0.7131,13,2,0.02958,0.00074,-0.0062,0.00753,1,0,0
PG5719_text.txt,67769,0.7131,13,5,0.01832,-0.00124,-0.00044,0.00753,1,0,0
PG5719_text.txt,67769,0.7131,13,10,0.01699,0.00627,0.00333,0.00753,1,0,0
PG5719_text.txt,67769,0.7131,13,20,0.01012,-0.00437,0.00397,0.00753,1,0,0
PG5719_text.txt,67769,0.7131,13,50,0.00543,0.00499,-0.00048,0.00753,0,0,0
PG5719_text.txt,67769,0.7131,13,100,0.00998,-0.00253,0.00124,0.00753,1,0,0
PG5719_text.txt,67769,0.7131,13,200,0.00668,0.00214,-0.00513,0.00753,0,0,0
PG5719_text.txt,67769,0.7131,13,300,0.00182,-0.00672,0.00174,0.00753,0,0,0
PG5719_text.txt,67769,0.7131,14,1,0.07568,-0.00602,-0.00837,0.00753,1,0,1
PG5719_text.txt,67769,0.7131,14,2,0.05535,-0.00314,0.00173,0.00753,1,0,0
PG5719_text.txt,67769,0.7131,14,5,0.03637,0.00651,-0.0025,0.00753,1,0,0
PG5719_text.txt,67769,0.7131,14,10,0.02744,0.00069,0.00369,0.00753,1,0,0
PG5719_text.txt,67769,0.7131,14,20,0.02378,0.0013,-0.00667,0.00753,1,0,0
PG5719_text.txt,67769,0.7131,14,50,0.01357,0.00504,0.00479,0.00753,1,0,0
PG5719_text.txt,67769,0.7131,14,100,0.00483,0.00269,-0.0063,0.00753,0,0,0
PG5719_text.txt,67769,0.7131,14,200,-0.00281,0.00239,0.00141,0.00753,0,0,0
PG5719_text.txt,67769,0.7131,14,300,-0.00046,-0.00387,0.00421,0.00753,0,0,0
PG5719_text.txt,67769,0.7131,15,1,0.0655,-0.00308,0.00294,0.00753,1,0,0
PG5719_text.txt,67769,0.7131,15,2,0.02394,-0.00337,0.00207,0.00753,1,0,0
PG5719_text.txt,67769,0.7131,15,5,0.01439,0.00349,0.00171,0.00753,1,0,0
PG5719_text.txt,67769,0.7131,15,10,0.01031,-0.00018,-0.008,0.00753,1,0,1
PG5719_text.txt,67769,0.7131,15,20,0.00096,-0.00799,0.00092,0.00753,0,1,0
PG5719_text.txt,67769,0.7131,15,50,0.00339,0.00339,0.00531,0.00753,0,0,0
PG5719_text.txt,67769,0.7131,15,100,0.00464,-0.00319,-0.00014,0.00753,0,0,0
PG5719_text.txt,67769,0.7131,15,200,0.00426,0.00389,-0.00082,0.00753,0,0,0
PG5719_text.txt,67769,0.7131,15,300,0.00987,-0.00185,0.00582,0.00753,1,0,0
PG5719_text.txt,67769,0.7131,16,1,0.06508,0.00164,-0.00225,0.00753,1,0,0
PG5719_text.txt,67769,0.7131,16,2,0.02125,-0.00295,-0.00808,0.00753,1,0,1
PG5719_text.txt,67769,0.7131,16,5,0.02086,-0.00425,-0.00512,0.00753,1,0,0
PG5719_text.txt,67769,0.7131,16,10,0.01116,0.00214,0.00054,0.00753,1,0,0
PG5719_text.txt,67769,0.7131,16,20,0.01104,0.00189,0.00079,0.00753,1,0,0
PG5719_text.txt,67769,0.7131,16,50,0.01064,0.00172,-0.00467,0.00753,1,0,0
PG5719_text.txt,67769,0.7131,16,100,0.01097,0.00896,-0.0084,0.00753,1,1,1
PG5719_text.txt,67769,0.7131,16,200,0.00109,0.00027,0.00506,0.00753,0,0,0
PG5719_text.txt,67769,0.7131,16,300,-0.00056,0.00206,0.00255,0.00753,0,0,0
PG5719_text.txt,67769,0.7131,17,1,0.05471,-0.00347,0.00428,0.00753,1,0,0
PG5719_text.txt,67769,0.7131,17,2,0.03902,-0.00309,0.00433,0.00753,1,0,0
PG5719_text.txt,67769,0.7131,17,5,0.02595,-0.00013,-0.003,0.00753,1,0,0
PG5719_text.txt,67769,0.7131,17,10,0.00941,-0.00339,0.00399,0.00753,1,0,0
PG5719_text.txt,67769,0.7131,17,20,0.00164,-0.00049,0.00327,0.00753,0,0,0
PG5719_text.txt,67769,0.7131,17,50,0.01319,-0.00191,-0.00463,0.00753,1,0,0
PG5719_text.txt,67769,0.7131,17,100,0.00526,-0.00472,0.00861,0.00753,0,0,1
PG5719_text.txt,67769,0.7131,17,200,0.00221,0.00044,0.00107,0.00753,0,0,0
PG5719_text.txt,67769,0.7131,17,300,0.01114,-0.00231,-0.00293,0.00753,1,0,0
PG5719_text.txt,67769,0.7131,18,1,0.0552,0.00477,0.00564,0.00753,1,0,0
PG5719_text.txt,67769,0.7131,18,2,0.02315,-0.00462,-0.00367,0.00753,1,0,0
PG5719_text.txt,67769,0.7131,18,5,0.00779,-0.00127,-0.00021,0.00753,1,0,0
PG5719_text.txt,67769,0.7131,18,10,0.01333,0.0001,0.00161,0.00753,1,0,0
PG5719_text.txt,67769,0.7131,18,20,0.0044,-0.00165,-0.00771,0.00753,0,0,1
PG5719_text.txt,67769,0.7131,18,50,0.00182,-0.00051,0.0002,0.00753,0,0,0
PG5719_text.txt,67769,0.7131,18,100,-0.00219,0.00108,-0.00094,0.00753,0,0,0
PG5719_text.txt,67769,0.7131,18,200,0.00325,-0.00326,0.00235,0.00753,0,0,0
PG5719_text.txt,67769,0.7131,18,300,-0.00142,0.00341,-0.00087,0.00753,0,0,0
PG5719_text.txt,67769,0.7131,19,1,0.04018,-0.00306,0.00184,0.00753,1,0,0
PG5719_text.txt,67769,0.7131,19,2,0.01402,-0.0071,-0.00586,0.00753,1,0,0
PG5719_text.txt,67769,0.7131,19,5,0.01225,-0.0087,-0.00689,0.00753,1,1,0
PG5719_text.txt,67769,0.7131,19,10,0.01354,-0.00371,0.00271,0.00753,1,0,0
PG5719_text.txt,67769,0.7131,19,20,0.00571,-0.00113,0.00369,0.00753,0,0,0
PG5719_text.txt,67769,0.7131,19,50,-0.00122,-0.00159,0.00456,0.00753,0,0,0
PG5719_text.txt,67769,0.7131,19,100,0.00167,0.00029,0.00382,0.00753,0,0,0
PG5719_text.txt,67769,0.7131,19,200,0.00588,0.00601,0.0064,0.00753,0,0,0
PG5719_text.txt,67769,0.7131,19,300,0.00772,0.0032,0.00264,0.00753,1,0,0
PG5719_text.txt,67769,0.7131,20,1,0.03897,0.00474,0.00267,0.00753,1,0,0
PG5719_text.txt,67769,0.7131,20,2,0.01345,0.0084,0.00259,0.00753,1,1,0
PG5719_text.txt,67769,0.7131,20,5,0.01254,0.00114,0.00088,0.00753,1,0,0
PG5719_text.txt,67769,0.7131,20,10,0.01279,0.00384,-0.00158,0.00753,1,0,0
PG5719_text.txt,67769,0.7131,20,20,0.00844,0.00264,-0.00292,0.00753,1,0,0
PG5719_text.txt,67769,0.7131,20,50,-0.00039,-9e-05,-0.00346,0.00753,0,0,0
PG5719_text.txt,67769,0.7131,20,100,0.00365,-0.0031,0.00449,0.00753,0,0,0
PG5719_text.txt,67769,0.7131,20,200,0.00391,0.0031,0.00299,0.00753,0,0,0
PG5719_text.txt,67769,0.7131,20,300,-0.0049,0.01029,0.00102,0.00753,0,1,0
PG59981_text.txt,21916,0.6826,1,1,0.15633,-0.00194,6e-05,0.01324,1,0,0
PG59981_text.txt,21916,0.6826,1,2,0.10002,-0.00424,-0.00201,0.01324,1,0,0
PG59981_text.txt,21916,0.6826,1,5,0.05537,0.00414,0.00139,0.01324,1,0,0
PG59981_text.txt,21916,0.6826,1,10,0.04522,0.0145,0.00017,0.01324,1,1,0
PG59981_text.txt,21916,0.6826,1,20,0.03439,-0.00487,0.01702,0.01324,1,0,1
PG59981_text.txt,21916,0.6826,1,50,0.02956,-0.00747,-0.00385,0.01324,1,0,0
PG59981_text.txt,21916,0.6826,1,100,0.01322,0.00916,0.0034,0.01324,0,0,0
PG59981_text.txt,21916,0.6826,1,200,0.00625,0.00706,0.00324,0.01324,0,0,0
PG59981_text.txt,21916,0.6826,1,300,0.01606,0.00681,0.00291,0.01324,1,0,0
PG59981_text.txt,21916,0.6826,2,1,0.26875,0.01346,-0.00012,0.01324,1,1,0
PG59981_text.txt,21916,0.6826,2,2,0.19806,-0.00604,0.00629,0.01324,1,0,0
PG59981_text.txt,21916,0.6826,2,5,0.12892,-0.00525,-0.00979,0.01324,1,0,0
PG59981_text.txt,21916,0.6826,2,10,0.08699,0.01272,0.00773,0.01324,1,0,0
PG59981_text.txt,21916,0.6826,2,20,0.06852,-0.00443,0.00241,0.01324,1,0,0
PG59981_text.txt,21916,0.6826,2,50,0.03738,-0.003,0.00243,0.01324,1,0,0
PG59981_text.txt,21916,0.6826,2,100,0.02451,-0.00471,-0.00491,0.01324,1,0,0
PG59981_text.txt,21916,0.6826,2,200,0.00391,-0.00142,-0.00011,0.01324,0,0,0
PG59981_text.txt,21916,0.6826,2,300,0.01185,-0.0003,0.00452,0.01324,0,0,0
PG59981_text.txt,21916,0.6826,3,1,0.17228,-0.00273,0.00373,0.01324,1,0,0
PG59981_text.txt,21916,0.6826,3,2,0.11524,-0.00969,-0.00774,0.01324,1,0,0
PG59981_text.txt,21916,0.6826,3,5,0.05619,-0.00426,-0.00592,0.01324,1,0,0
PG59981_text.txt,21916,0.6826,3,10,0.04056,-0.0079,-0.00627,0.01324,1,0,0
PG59981_text.txt,21916,0.6826,3,20,0.02814,-0.00533,0.00407,0.01324,1,0,0
PG59981_text.txt,21916,0.6826,3,50,0.01336,0.00227,-0.01193,0.01324,1,0,0
PG59981_text.txt,21916,0.6826,3,100,-0.00801,-0.00233,0.0026,0.01324,0,0,0
PG59981_text.txt,21916,0.6826,3,200,0.01192,0.00436,0.00847,0.01324,0,0,0
PG59981_text.txt,21916,0.6826,3,300,-0.0004,-0.00734,0.00331,0.01324,0,0,0
PG59981_text.txt,21916,0.6826,4,1,0.11166,0.00254,0.00321,0.01324,1,0,0
PG59981_text.txt,21916,0.6826,4,2,0.06736,0.01422,0.00044,0.01324,1,1,0
PG59981_text.txt,21916,0.6826,4,5,0.04201,-0.00558,0.00084,0.01324,1,0,0
PG59981_text.txt,21916,0.6826,4,10,0.02894,-0.00144,-0.00499,0.01324,1,0,0
PG59981_text.txt,21916,0.6826,4,20,0.02641,0.00134,-0.00441,0.01324,1,0,0
PG59981_text.txt,21916,0.6826,4,50,0.02219,-0.00244,-0.00036,0.01324,1,0,0
PG59981_text.txt,21916,0.6826,4,100,0.01839,0.00261,0.00071,0.01324,1,0,0
PG59981_text.txt,21916,0.6826,4,200,0.00411,0.0008,0.00346,0.01324,0,0,0
PG59981_text.txt,21916,0.6826,4,300,0.00137,-0.00766,-0.00128,0.01324,0,0,0
PG59981_text.txt,21916,0.6826,5,1,0.1106,0.00475,-0.00303,0.01324,1,0,0
PG59981_text.txt,21916,0.6826,5,2,0.06432,-0.00133,-0.00588,0.01324,1,0,0
PG59981_text.txt,21916,0.6826,5,5,0.03966,0.00719,-0.00642,0.01324,1,0,0
PG59981_text.txt,21916,0.6826,5,10,0.02502,-0.00706,-0.00475,0.01324,1,0,0
PG59981_text.txt,21916,0.6826,5,20,0.01141,-0.00172,-0.00594,0.01324,0,0,0
PG59981_text.txt,21916,0.6826,5,50,-0.00299,-0.00255,0.00429,0.01324,0,0,0
PG59981_text.txt,21916,0.6826,5,100,0.00801,0.00398,0.00999,0.01324,0,0,0
PG59981_text.txt,21916,0.6826,5,200,0.00849,-0.0003,-0.00072,0.01324,0,0,0
PG59981_text.txt,21916,0.6826,5,300,-0.00633,0.00563,0.00559,0.01324,0,0,0
PG59981_text.txt,21916,0.6826,6,1,0.1217,0.00664,0.005,0.01324,1,0,0
PG59981_text.txt,21916,0.6826,6,2,0.08273,-0.00494,-0.00184,0.01324,1,0,0
PG59981_text.txt,21916,0.6826,6,5,0.0452,-0.00593,0.00116,0.01324,1,0,0
PG59981_text.txt,21916,0.6826,6,10,0.03168,-0.00527,-0.00025,0.01324,1,0,0
PG59981_text.txt,21916,0.6826,6,20,0.01544,-0.00347,-0.01337,0.01324,1,0,1
PG59981_text.txt,21916,0.6826,6,50,-0.00067,0.00803,-0.00721,0.01324,0,0,0
PG59981_text.txt,21916,0.6826,6,100,0.00629,0.00931,0.00459,0.01324,0,0,0
PG59981_text.txt,21916,0.6826,6,200,-0.00412,0.00829,0.00269,0.01324,0,0,0
PG59981_text.txt,21916,0.6826,6,300,0.00848,-0.00784,-0.00356,0.01324,0,0,0
PG59981_text.txt,21916,0.6826,7,1,0.16736,-0.00343,-0.00055,0.01324,1,0,0
PG59981_text.txt,21916,0.6826,7,2,0.0885,0.00876,0.00952,0.01324,1,0,0
PG59981_text.txt,21916,0.6826,7,5,0.03385,0.0038,0.00608,0.01324,1,0,0
PG59981_text.txt,21916,0.6826,7,10,0.0268,-0.00537,-0.00592,0.01324,1,0,0
PG59981_text.txt,21916,0.6826,7,20,0.01977,0.0036,0.00675,0.01324,1,0,0
PG59981_text.txt,21916,0.6826,7,50,0.01692,0.00258,-0.003,0.01324,1,0,0
PG59981_text.txt,21916,0.6826,7,100,-0.0024,-0.01197,-0.00879,0.01324,0,0,0
PG59981_text.txt,21916,0.6826,7,200,0.00991,-0.00939,0.00355,0.01324,0,0,0
PG59981_text.txt,21916,0.6826,7,300,0.00344,0.00637,0.0127,0.01324,0,0,0
PG59981_text.txt,21916,0.6826,8,1,0.14941,-0.00404,0.0003,0.01324,1,0,0
PG59981_text.txt,21916,0.6826,8,2,0.08244,-0.00291,-0.00581,0.01324,1,0,0
PG59981_text.txt,21916,0.6826,8,5,0.05426,-0.00455,-0.0023,0.01324,1,0,0
PG59981_text.txt,21916,0.6826,8,10,0.0412,0.00888,0.00377,0.01324,1,0,0
PG59981_text.txt,21916,0.6826,8,20,0.02173,-0.01778,0.00422,0.01324,1,1,0
PG59981_text.txt,21916,0.6826,8,50,0.01766,-0.00828,0.00852,0.01324,1,0,0
PG59981_text.txt,21916,0.6826,8,100,0.01361,0.00692,-0.00105,0.01324,1,0,0
PG59981_text.txt,21916,0.6826,8,200,-0.0066,-0.0081,-0.00226,0.01324,0,0,0
PG59981_text.txt,21916,0.6826,8,300,0.00582,0.00147,-0.00745,0.01324,0,0,0
PG59981_text.txt,21916,0.6826,9,1,0.10374,0.0111,-0.005,0.01324,1,0,0
PG59981_text.txt,21916,0.6826,9,2,0.04842,0.00432,-0.0003,0.01324,1,0,0
PG59981_text.txt,21916,0.6826,9,5,0.01623,0.00169,-0.00384,0.01324,1,0,0
PG59981_text.txt,21916,0.6826,9,10,0.02402,-0.00355,-0.00152,0.01324,1,0,0
PG59981_text.txt,21916,0.6826,9,20,0.01095,0.00704,0.01219,0.01324,0,0,0
PG59981_text.txt,21916,0.6826,9,50,0.00944,-0.00662,-0.00923,0.01324,0,0,0
PG59981_text.txt,21916,0.6826,9,100,0.00909,-0.00912,0.01025,0.01324,0,0,0
PG59981_text.txt,21916,0.6826,9,200,0.0123,-0.00541,0.00159,0.01324,0,0,0
PG59981_text.txt,21916,0.6826,9,300,0.00894,0.0051,-0.0048,0.01324,0,0,0
PG59981_text.txt,21916,0.6826,10,1,0.09899,0.00862,0.0038,0.01324,1,0,0
PG59981_text.txt,21916,0.6826,10,2,0.06251,0.00755,0.01101,0.01324,1,0,0
PG59981_text.txt,21916,0.6826,10,5,0.03137,-0.00516,0.00236,0.01324,1,0,0
PG59981_text.txt,21916,0.6826,10,10,0.0231,0.00566,0.00253,0.01324,1,0,0
PG59981_text.txt,21916,0.6826,10,20,0.00548,-0.00517,-0.00202,0.01324,0,0,0
PG59981_text.txt,21916,0.6826,10,50,0.00815,-0.00817,-1e-05,0.01324,0,0,0
PG59981_text.txt,21916,0.6826,10,100,0.00105,0.00783,0.00069,0.01324,0,0,0
PG59981_text.txt,21916,0.6826,10,200,-0.00772,0.00546,0.00351,0.01324,0,0,0
PG59981_text.txt,21916,0.6826,10,300,0.02045,-0.01623,0.01799,0.01324,1,1,1
PG59981_text.txt,21916,0.6826,11,1,0.07062,0.01518,0.00141,0.01324,1,1,0
PG59981_text.txt,21916,0.6826,11,2,0.04651,0.01224,0.0033,0.01324,1,0,0
PG59981_text.txt,21916,0.6826,11,5,0.02267,0.01226,-0.0074,0.01324,1,0,0
PG59981_text.txt,21916,0.6826,11,10,0.01287,-0.00413,0.00212,0.01324,0,0,0
PG59981_text.txt,21916,0.6826,11,20,0.00339,-0.00504,0.00476,0.01324,0,0,0
PG59981_text.txt,21916,0.6826,11,50,0.00263,-0.01274,0.00146,0.01324,0,0,0
PG59981_text.txt,21916,0.6826,11,100,-0.01113,-0.00053,-0.00747,0.01324,0,0,0
PG59981_text.txt,21916,0.6826,11,200,0.0111,-0.00472,0.00167,0.01324,0,0,0
PG59981_text.txt,21916,0.6826,11,300,0.00821,0.00196,-0.01945,0.01324,0,0,1
PG59981_text.txt,21916,0.6826,12,1,0.10248,-0.00139,-0.00154,0.01324,1,0,0
PG59981_text.txt,21916,0.6826,12,2,0.07151,-0.0015,-0.0039,0.01324,1,0,0
PG59981_text.txt,21916,0.6826,12,5,0.03371,-0.0005,-0.00023,0.01324,1,0,0
PG59981_text.txt,21916,0.6826,12,10,0.01106,-0.00662,-0.01259,0.01324,0,0,0
PG59981_text.txt,21916,0.6826,12,20,0.00767,-0.0025,0.01338,0.01324,0,0,1
PG59981_text.txt,21916,0.6826,12,50,0.01506,0.00038,-0.00366,0.01324,1,0,0
PG59981_text.txt,21916,0.6826,12,100,0.00463,-0.00463,-0.00357,0.01324,0,0,0
PG59981_text.txt,21916,0.6826,12,200,-0.00142,0.00123,-0.00217,0.01324,0,0,0
PG59981_text.txt,21916,0.6826,12,300,-0.00284,-0.00465,0.00732,0.01324,0,0,0
PG59981_text.txt,21916,0.6826,13,1,0.08647,-0.00456,0.00222,0.01324,1,0,0
PG59981_text.txt,21916,0.6826,13,2,0.05117,0.0004,-0.00663,0.01324,1,0,0
PG59981_text.txt,21916,0.6826,13,5,0.02911,0.00403,0.00636,0.01324,1,0,0
PG59981_text.txt,21916,0.6826,13,10,0.01537,-0.00444,0.00503,0.01324,1,0,0
PG59981_text.txt,21916,0.6826,13,20,0.01443,0.00446,0.00226,0.01324,1,0,0
PG59981_text.txt,21916,0.6826,13,50,0.00655,-0.00221,0.00108,0.01324,0,0,0
PG59981_text.txt,21916,0.6826,13,100,0.00323,9e-05,0.00592,0.01324,0,0,0
PG59981_text.txt,21916,0.6826,13,200,0.01637,0.0039,0.00977,0.01324,1,0,0
PG59981_text.txt,21916,0.6826,13,300,-0.00179,0.00426,0.00056,0.01324,0,0,0
PG59981_text.txt,21916,0.6826,14,1,0.10114,0.00744,0.00757,0.01324,1,0,0
PG59981_text.txt,21916,0.6826,14,2,0.04033,-0.01435,-0.00139,0.01324,1,1,0
PG59981_text.txt,21916,0.6826,14,5,0.02998,0.00548,0.00268,0.01324,1,0,0
PG59981_text.txt,21916,0.6826,14,10,0.01762,-0.00353,-0.00805,0.01324,1,0,0
PG59981_text.txt,21916,0.6826,14,20,0.00495,0.01182,-0.00298,0.01324,0,0,0
PG59981_text.txt,21916,0.6826,14,50,0.00966,0.00778,0.00875,0.01324,0,0,0
PG59981_text.txt,21916,0.6826,14,100,0.01391,-0.00612,-0.00227,0.01324,1,0,0
PG59981_text.txt,21916,0.6826,14,200,-0.00538,0.00154,0.02197,0.01324,0,0,1
PG59981_text.txt,21916,0.6826,14,300,-0.00023,0.00987,-0.00195,0.01324,0,0,0
PG59981_text.txt,21916,0.6826,15,1,0.09879,0.00139,0.0059,0.01324,1,0,0
PG59981_text.txt,21916,0.6826,15,2,0.04945,0.01169,0.01211,0.01324,1,0,0
PG59981_text.txt,21916,0.6826,15,5,0.03929,-0.00969,0.00717,0.01324,1,0,0
PG59981_text.txt,21916,0.6826,15,10,0.00172,-0.00069,0.00745,0.01324,0,0,0
PG59981_text.txt,21916,0.6826,15,20,0.00935,-0.00627,0.00854,0.01324,0,0,0
PG59981_text.txt,21916,0.6826,15,50,0.00295,-0.0025,0.00448,0.01324,0,0,0
PG59981_text.txt,21916,0.6826,15,100,-0.00522,-0.01285,0.0042,0.01324,0,0,0
PG59981_text.txt,21916,0.6826,15,200,-0.00973,-0.00187,0.00778,0.01324,0,0,0
PG59981_text.txt,21916,0.6826,15,300,0.00803,0.00083,-0.00703,0.01324,0,0,0
PG59981_text.txt,21916,0.6826,16,1,0.07692,-0.00754,-0.00087,0.01324,1,0,0
PG59981_text.txt,21916,0.6826,16,2,0.04808,0.00958,-0.00139,0.01324,1,0,0
PG59981_text.txt,21916,0.6826,16,5,0.02396,-0.01273,-0.00557,0.01324,1,0,0
PG59981_text.txt,21916,0.6826,16,10,0.01285,-0.00547,-0.00087,0.01324,0,0,0
PG59981_text.txt,21916,0.6826,16,20,0.01424,0.00689,-0.00291,0.01324,1,0,0
PG59981_text.txt,21916,0.6826,16,50,-0.00075,-0.00208,-0.0051,0.01324,0,0,0
PG59981_text.txt,21916,0.6826,16,100,-0.00091,0.00598,0.00099,0.01324,0,0,0
PG59981_text.txt,21916,0.6826,16,200,0.00283,-0.00394,0.00873,0.01324,0,0,0
PG59981_text.txt,21916,0.6826,16,300,0.00774,0.00356,-0.00051,0.01324,0,0,0
PG59981_text.txt,21916,0.6826,17,1,0.06137,-0.00804,0.01086,0.01324,1,0,0
PG59981_text.txt,21916,0.6826,17,2,0.03377,-0.01033,0.00307,0.01324,1,0,0
PG59981_text.txt,21916,0.6826,17,5,0.01458,0.00064,1e-05,0.01324,1,0,0
PG59981_text.txt,21916,0.6826,17,10,0.00184,0.00312,0.01656,0.01324,0,0,1
PG59981_text.txt,21916,0.6826,17,20,0.00283,-0.00789,-0.01075,0.01324,0,0,0
PG59981_text.txt,21916,0.6826,17,50,-0.01163,0.00242,-0.00265,0.01324,0,0,0
PG59981_text.txt,21916,0.6826,17,100,0.00663,0.00261,0.01393,0.01324,0,0,1
PG59981_text.txt,21916,0.6826,17,200,-0.00879,-0.01056,-0.00601,0.01324,0,0,0
PG59981_text.txt,21916,0.6826,17,300,0.00389,-0.00034,-0.0071,0.01324,0,0,0
PG59981_text.txt,21916,0.6826,18,1,0.08834,-0.0024,0.00035,0.01324,1,0,0
PG59981_text.txt,21916,0.6826,18,2,0.05091,-0.00845,-0.00713,0.01324,1,0,0
PG59981_text.txt,21916,0.6826,18,5,0.03258,-0.02239,0.00616,0.01324,1,1,0
PG59981_text.txt,21916,0.6826,18,10,0.00538,0.02037,-0.0008,0.01324,0,1,0
PG59981_text.txt,21916,0.6826,18,20,0.00918,-0.00345,-0.00614,0.01324,0,0,0
PG59981_text.txt,21916,0.6826,18,50,0.01682,0.00432,0.00402,0.01324,1,0,0
PG59981_text.txt,21916,0.6826,18,100,-0.01058,-0.00649,0.00502,0.01324,0,0,0
PG59981_text.txt,21916,0.6826,18,200,-0.00286,0.00234,-0.00152,0.01324,0,0,0
PG59981_text.txt,21916,0.6826,18,300,0.00041,-0.00753,0.00582,0.01324,0,0,0
PG59981_text.txt,21916,0.6826,19,1,0.06632,0.0026,0.004,0.01324,1,0,0
PG59981_text.txt,21916,0.6826,19,2,0.04317,0.00126,0.00975,0.01324,1,0,0
PG59981_text.txt,21916,0.6826,19,5,0.02107,0.00729,-0.00696,0.01324,1,0,0
PG59981_text.txt,21916,0.6826,19,10,0.00395,-0.0055,-0.00393,0.01324,0,0,0
PG59981_text.txt,21916,0.6826,19,20,0.00265,0.00288,0.00155,0.01324,0,0,0
PG59981_text.txt,21916,0.6826,19,50,-0.00675,-0.00234,-0.00586,0.01324,0,0,0
PG59981_text.txt,21916,0.6826,19,100,-0.00037,0.00617,0.00266,0.01324,0,0,0
PG59981_text.txt,21916,0.6826,19,200,0.01113,0.0021,-0.0008,0.01324,0,0,0
PG59981_text.txt,21916,0.6826,19,300,0.00545,-0.0124,0.00043,0.01324,0,0,0
PG59981_text.txt,21916,0.6826,20,1,0.05692,0.00137,-0.00015,0.01324,1,0,0
PG59981_text.txt,21916,0.6826,20,2,0.03049,-0.01036,-0.00151,0.01324,1,0,0
PG59981_text.txt,21916,0.6826,20,5,0.00455,0.0001,0.00644,0.01324,0,0,0
PG59981_text.txt,21916,0.6826,20,10,0.0044,0.00259,0.00038,0.01324,0,0,0
PG59981_text.txt,21916,0.6826,20,20,0.00089,0.00616,0.00341,0.01324,0,0,0
PG59981_text.txt,21916,0.6826,20,50,-0.00915,0.00472,-0.00298,0.01324,0,0,0
PG59981_text.txt,21916,0.6826,20,100,0.00296,0.00551,-0.00593,0.01324,0,0,0
PG59981_text.txt,21916,0.6826,20,200,-0.00206,0.00222,-0.00138,0.01324,0,0,0
PG59981_text.txt,21916,0.6826,20,300,0.00062,0.0016,-0.00788,0.01324,0,0,0
PG599_text.txt,115961,0.7226,1,1,0.08064,0.01973,0.00161,0.00576,1,1,0
PG599_text.txt,115961,0.7226,1,2,0.03777,0.00799,0.00173,0.00576,1,1,0
PG599_text.txt,115961,0.7226,1,5,0.02229,0.00622,-0.00028,0.00576,1,1,0
PG599_text.txt,115961,0.7226,1,10,0.01805,0.00471,-0.00258,0.00576,1,0,0
PG599_text.txt,115961,0.7226,1,20,0.01253,0.00266,-0.0038,0.00576,1,0,0
PG599_text.txt,115961,0.7226,1,50,0.01076,-0.00184,-0.00071,0.00576,1,0,0
PG599_text.txt,115961,0.7226,1,100,0.0032,0.00418,-0.00075,0.00576,0,0,0
PG599_text.txt,115961,0.7226,1,200,0.00406,0.00449,-0.00366,0.00576,0,0,0
PG599_text.txt,115961,0.7226,1,300,-0.0038,-0.00241,0.00047,0.00576,0,0,0
PG599_text.txt,115961,0.7226,2,1,0.16642,0.00058,-0.0009,0.00576,1,0,0
PG599_text.txt,115961,0.7226,2,2,0.09982,-0.00148,0.00105,0.00576,1,0,0
PG599_text.txt,115961,0.7226,2,5,0.06291,-0.00292,-0.00157,0.00576,1,0,0
PG599_text.txt,115961,0.7226,2,10,0.04879,-0.00168,0.00166,0.00576,1,0,0
PG599_text.txt,115961,0.7226,2,20,0.0344,-0.00305,-0.00157,0.00576,1,0,0
PG599_text.txt,115961,0.7226,2,50,0.02107,0.00042,0.00321,0.00576,1,0,0
PG599_text.txt,115961,0.7226,2,100,0.01264,-0.00337,-0.00443,0.00576,1,0,0
PG599_text.txt,115961,0.7226,2,200,0.00601,-0.00249,-0.00657,0.00576,1,0,1
PG599_text.txt,115961,0.7226,2,300,0.00431,-0.00028,0.00062,0.00576,0,0,0
PG599_text.txt,115961,0.7226,3,1,0.09851,0.00865,-0.00054,0.00576,1,1,0
PG599_text.txt,115961,0.7226,3,2,0.06456,0.00714,-0.00354,0.00576,1,1,0
PG599_text.txt,115961,0.7226,3,5,0.03838,0.00094,0.0025,0.00576,1,0,0
PG599_text.txt,115961,0.7226,3,10,0.02799,0.00149,-0.00198,0.00576,1,0,0
PG599_text.txt,115961,0.7226,3,20,0.02483,0.00151,0.00606,0.00576,1,0,1
PG599_text.txt,115961,0.7226,3,50,0.01907,0.00506,-0.00278,0.00576,1,0,0
PG599_text.txt,115961,0.7226,3,100,0.01197,0.00362,-0.00239,0.00576,1,0,0
PG599_text.txt,115961,0.7226,3,200,0.00353,-0.00405,-0.00531,0.00576,0,0,0
PG599_text.txt,115961,0.7226,3,300,0.0012,-0.00202,0.00152,0.00576,0,0,0
PG599_text.txt,115961,0.7226,4,1,0.19022,0.00209,-0.00209,0.00576,1,0,0
PG599_text.txt,115961,0.7226,4,2,0.13099,0.00186,-0.00485,0.00576,1,0,0
PG599_text.txt,115961,0.7226,4,5,0.08302,0.0064,0.00042,0.00576,1,1,0
PG599_text.txt,115961,0.7226,4,10,0.06294,-0.00188,-0.0017,0.00576,1,0,0
PG599_text.txt,115961,0.7226,4,20,0.04866,-0.00164,0.00086,0.00576,1,0,0
PG599_text.txt,115961,0.7226,4,50,0.03411,-0.00391,-0.00144,0.00576,1,0,0
PG599_text.txt,115961,0.7226,4,100,0.01981,-0.00148,0.0046,0.00576,1,0,0
PG599_text.txt,115961,0.7226,4,200,0.01038,0.00196,-0.00014,0.00576,1,0,0
PG599_text.txt,115961,0.7226,4,300,0.00694,-0.00261,0.00086,0.00576,1,0,0
PG599_text.txt,115961,0.7226,5,1,0.1041,0.00142,0.00086,0.00576,1,0,0
PG599_text.txt,115961,0.7226,5,2,0.05646,-0.00366,-0.00031,0.00576,1,0,0
PG599_text.txt,115961,0.7226,5,5,0.04026,0.00135,0.00485,0.00576,1,0,0
PG599_text.txt,115961,0.7226,5,10,0.03778,0.00421,-0.00417,0.00576,1,0,0
PG599_text.txt,115961,0.7226,5,20,0.02659,-0.00356,-0.00016,0.00576,1,0,0
PG599_text.txt,115961,0.7226,5,50,0.01511,0.00386,-0.00098,0.00576,1,0,0
PG599_text.txt,115961,0.7226,5,100,0.00874,-0.00308,-0.00774,0.00576,1,0,1
PG599_text.txt,115961,0.7226,5,200,0.01188,-0.00198,-0.00205,0.00576,1,0,0
PG599_text.txt,115961,0.7226,5,300,0.00948,0.00253,0.00045,0.00576,1,0,0
PG599_text.txt,115961,0.7226,6,1,0.073,-0.00117,-0.00198,0.00576,1,0,0
PG599_text.txt,115961,0.7226,6,2,0.04438,-0.0027,0.00406,0.00576,1,0,0
PG599_text.txt,115961,0.7226,6,5,0.02436,-0.00134,-0.00416,0.00576,1,0,0
PG599_text.txt,115961,0.7226,6,10,0.01506,-0.00307,0.00073,0.00576,1,0,0
PG599_text.txt,115961,0.7226,6,20,0.01648,-0.0011,-0.00074,0.00576,1,0,0
PG599_text.txt,115961,0.7226,6,50,0.01281,0.00355,-0.00377,0.00576,1,0,0
PG599_text.txt,115961,0.7226,6,100,0.00774,0.00206,-0.00106,0.00576,1,0,0
PG599_text.txt,115961,0.7226,6,200,0.00491,0.00415,-0.00285,0.00576,0,0,0
PG599_text.txt,115961,0.7226,6,300,0.00568,0.00559,-0.00077,0.00576,0,0,0
PG599_text.txt,115961,0.7226,7,1,0.13401,0.00185,-0.0039,0.00576,1,0,0
PG599_text.txt,115961,0.7226,7,2,0.08076,-0.00402,-8e-05,0.00576,1,0,0
PG599_text.txt,115961,0.7226,7,5,0.04171,-0.00061,-2e-05,0.00576,1,0,0
PG599_text.txt,115961,0.7226,7,10,0.02968,0.00211,0.00068,0.00576,1,0,0
PG599_text.txt,115961,0.7226,7,20,0.02036,0.00375,-0.00344,0.00576,1,0,0
PG599_text.txt,115961,0.7226,7,50,0.01027,0.0007,0.00614,0.00576,1,0,1
PG599_text.txt,115961,0.7226,7,100,0.00819,0.00268,-0.00082,0.00576,1,0,0
PG599_text.txt,115961,0.7226,7,200,0.00791,-0.00011,0.00062,0.00576,1,0,0
PG599_text.txt,115961,0.7226,7,300,0.00411,0.00489,0.00202,0.00576,0,0,0
PG599_text.txt,115961,0.7226,8,1,0.11566,-0.00084,-0.00134,0.00576,1,0,0
PG599_text.txt,115961,0.7226,8,2,0.06956,-0.00272,0.00458,0.00576,1,0,0
PG599_text.txt,115961,0.7226,8,5,0.03371,0.00058,0.0026,0.00576,1,0,0
PG599_text.txt,115961,0.7226,8,10,0.0207,-0.00184,0.00035,0.00576,1,0,0
PG599_text.txt,115961,0.7226,8,20,0.01172,-0.00019,0.00513,0.00576,1,0,0
PG599_text.txt,115961,0.7226,8,50,0.00883,0.00011,0.0007,0.00576,1,0,0
PG599_text.txt,115961,0.7226,8,100,0.00012,-0.00049,-0.00172,0.00576,0,0,0
PG599_text.txt,115961,0.7226,8,200,0.00441,0.00061,-0.00487,0.00576,0,0,0
PG599_text.txt,115961,0.7226,8,300,-0.00173,-0.00165,0.00177,0.00576,0,0,0
PG599_text.txt,115961,0.7226,9,1,0.09806,-0.00052,-0.00279,0.00576,1,0,0
PG599_text.txt,115961,0.7226,9,2,0.06547,-0.00259,-0.00172,0.00576,1,0,0
PG599_text.txt,115961,0.7226,9,5,0.03402,0.00278,-0.00485,0.00576,1,0,0
PG599_text.txt,115961,0.7226,9,10,0.02802,0.00329,0.00581,0.00576,1,0,1
PG599_text.txt,115961,0.7226,9,20,0.01714,0.00011,0.00098,0.00576,1,0,0
PG599_text.txt,115961,0.7226,9,50,0.00935,-0.00124,0.00332,0.00576,1,0,0
PG599_text.txt,115961,0.7226,9,100,0.00256,-0.00381,0.00204,0.00576,0,0,0
PG599_text.txt,115961,0.7226,9,200,0.00177,0.00567,0.00361,0.00576,0,0,0
PG599_text.txt,115961,0.7226,9,300,0.00046,0.00406,-0.00716,0.00576,0,0,1
PG599_text.txt,115961,0.7226,10,1,0.06959,0.00395,-0.00204,0.00576,1,0,0
PG599_text.txt,115961,0.7226,10,2,0.0432,-0.00394,-0.00116,0.00576,1,0,0
PG599_text.txt,115961,0.7226,10,5,0.03017,-0.00201,0.00324,0.00576,1,0,0
PG599_text.txt,115961,0.7226,10,10,0.02457,0.00436,-0.00322,0.00576,1,0,0
PG599_text.txt,115961,0.7226,10,20,0.01837,-0.00526,-0.00178,0.00576,1,0,0
PG599_text.txt,115961,0.7226,10,50,0.00569,-0.00143,-0.00075,0.00576,0,0,0
PG599_text.txt,115961,0.7226,10,100,0.00815,-0.00041,0.00527,0.00576,1,0,0
PG599_text.txt,115961,0.7226,10,200,0.00288,-0.00124,-0.00235,0.00576,0,0,0
PG599_text.txt,115961,0.7226,10,300,-0.00096,0.00149,0.00098,0.00576,0,0,0
PG599_text.txt,115961,0.7226,11,1,0.08566,0.00367,-0.00655,0.00576,1,0,1
PG599_text.txt,115961,0.7226,11,2,0.04111,0.00083,-0.00795,0.00576,1,0,1
PG599_text.txt,115961,0.7226,11,5,0.02452,-0.00047,0.00055,0.00576,1,0,0
PG599_text.txt,115961,0.7226,11,10,0.01968,-0.00056,0.00087,0.00576,1,0,0
PG599_text.txt,115961,0.7226,11,20,0.01996,0.00252,-0.00123,0.00576,1,0,0
PG599_text.txt,115961,0.7226,11,50,0.0101,0.00025,-0.00143,0.00576,1,0,0
PG599_text.txt,115961,0.7226,11,100,0.004,0.00132,0.00087,0.00576,0,0,0
PG599_text.txt,115961,0.7226,11,200,0.00332,0.00469,0.00043,0.00576,0,0,0
PG599_text.txt,115961,0.7226,11,300,0.00034,-0.00237,-0.00156,0.00576,0,0,0
PG599_text.txt,115961,0.7226,12,1,0.0948,0.00592,-0.00269,0.00576,1,1,0
PG599_text.txt,115961,0.7226,12,2,0.05266,0.00366,-0.00174,0.00576,1,0,0
PG599_text.txt,115961,0.7226,12,5,0.02685,-0.00167,0.00026,0.00576,1,0,0
PG599_text.txt,115961,0.7226,12,10,0.01253,-0.00231,0.00045,0.00576,1,0,0
PG599_text.txt,115961,0.7226,12,20,0.0075,-0.00466,0.0003,0.00576,1,0,0
PG599_text.txt,115961,0.7226,12,50,0.01064,0.00058,-0.00199,0.00576,1,0,0
PG599_text.txt,115961,0.7226,12,100,0.00339,0.0002,0.00011,0.00576,0,0,0
PG599_text.txt,115961,0.7226,12,200,0.00265,0.00165,4e-05,0.00576,0,0,0
PG599_text.txt,115961,0.7226,12,300,0.00119,-0.00435,-0.00323,0.00576,0,0,0
PG599_text.txt,115961,0.7226,13,1,0.0962,-0.0005,-0.00246,0.00576,1,0,0
PG599_text.txt,115961,0.7226,13,2,0.04705,0.00307,-0.00287,0.00576,1,0,0
PG599_text.txt,115961,0.7226,13,5,0.02759,0.00181,0.00181,0.00576,1,0,0
PG599_text.txt,115961,0.7226,13,10,0.0191,-0.00275,0.00163,0.00576,1,0,0
PG599_text.txt,115961,0.7226,13,20,0.01157,0.00336,-0.0017,0.00576,1,0,0
PG599_text.txt,115961,0.7226,13,50,0.00921,0.00168,0.00037,0.00576,1,0,0
PG599_text.txt,115961,0.7226,13,100,0.00312,-0.00255,-0.00133,0.00576,0,0,0
PG599_text.txt,115961,0.7226,13,200,0.00449,-0.00223,-0.00215,0.00576,0,0,0
PG599_text.txt,115961,0.7226,13,300,-0.0023,0.00736,-0.00297,0.00576,0,1,0
PG599_text.txt,115961,0.7226,14,1,0.07943,-0.00113,0.00232,0.00576,1,0,0
PG599_text.txt,115961,0.7226,14,2,0.04374,0.00349,0.0019,0.00576,1,0,0
PG599_text.txt,115961,0.7226,14,5,0.01955,-0.0029,-0.00519,0.00576,1,0,0
PG599_text.txt,115961,0.7226,14,10,0.01003,0.0023,0.00309,0.00576,1,0,0
PG599_text.txt,115961,0.7226,14,20,0.00814,-0.00319,0.00076,0.00576,1,0,0
PG599_text.txt,115961,0.7226,14,50,0.00399,0.00356,-0.00143,0.00576,0,0,0
PG599_text.txt,115961,0.7226,14,100,-0.00122,-0.00084,-0.00178,0.00576,0,0,0
PG599_text.txt,115961,0.7226,14,200,0.00445,0.00245,0.00192,0.00576,0,0,0
PG599_text.txt,115961,0.7226,14,300,0.00069,0.00159,-0.00241,0.00576,0,0,0
PG599_text.txt,115961,0.7226,15,1,0.07135,0.00524,0.00793,0.00576,1,0,1
PG599_text.txt,115961,0.7226,15,2,0.02693,0.00129,0.00024,0.00576,1,0,0
PG599_text.txt,115961,0.7226,15,5,0.02026,-0.00109,-0.00163,0.00576,1,0,0
PG599_text.txt,115961,0.7226,15,10,0.00823,0.00431,-0.00189,0.00576,1,0,0
PG599_text.txt,115961,0.7226,15,20,0.00769,-0.00607,0.00096,0.00576,1,1,0
PG599_text.txt,115961,0.7226,15,50,0.00415,0.00096,-0.00302,0.00576,0,0,0
PG599_text.txt,115961,0.7226,15,100,-0.00019,0.00128,-0.00094,0.00576,0,0,0
PG599_text.txt,115961,0.7226,15,200,-0.00059,-0.00076,0.00209,0.00576,0,0,0
PG599_text.txt,115961,0.7226,15,300,-0.00045,0.00058,0.00074,0.00576,0,0,0
PG599_text.txt,115961,0.7226,16,1,0.06305,-0.00068,0.006,0.00576,1,0,1
PG599_text.txt,115961,0.7226,16,2,0.04244,0.00246,0.00287,0.00576,1,0,0
PG599_text.txt,115961,0.7226,16,5,0.02607,0.00513,-0.00163,0.00576,1,0,0
PG599_text.txt,115961,0.7226,16,10,0.01931,0.0023,0.00313,0.00576,1,0,0
PG599_text.txt,115961,0.7226,16,20,0.01332,-0.00448,-0.00404,0.00576,1,0,0
PG599_text.txt,115961,0.7226,16,50,0.01256,-0.00163,0.00172,0.00576,1,0,0
PG599_text.txt,115961,0.7226,16,100,0.00675,-0.00504,0.00284,0.00576,1,0,0
PG599_text.txt,115961,0.7226,16,200,0.00397,0.00179,-0.00099,0.00576,0,0,0
PG599_text.txt,115961,0.7226,16,300,0.00531,-0.0013,-7e-05,0.00576,0,0,0
PG599_text.txt,115961,0.7226,17,1,0.07547,-0.00016,-0.00407,0.00576,1,0,0
PG599_text.txt,115961,0.7226,17,2,0.03513,-0.0005,0.0092,0.00576,1,0,1
PG599_text.txt,115961,0.7226,17,5,0.02396,-0.0021,0.00251,0.00576,1,0,0
PG599_text.txt,115961,0.7226,17,10,0.01621,0.00043,0.00491,0.00576,1,0,0
PG599_text.txt,115961,0.7226,17,20,0.0166,-0.00835,-0.00023,0.00576,1,1,0
PG599_text.txt,115961,0.7226,17,50,0.01023,0.00151,-0.00283,0.00576,1,0,0
PG599_text.txt,115961,0.7226,17,100,0.00473,0.00021,-0.00296,0.00576,0,0,0
PG599_text.txt,115961,0.7226,17,200,0.00872,0.00274,-0.0014,0.00576,1,0,0
PG599_text.txt,115961,0.7226,17,300,0.00334,0.00025,0.00345,0.00576,0,0,0
PG599_text.txt,115961,0.7226,18,1,0.06331,-0.00228,-0.0024,0.00576,1,0,0
PG599_text.txt,115961,0.7226,18,2,0.03114,0.00107,0.00086,0.00576,1,0,0
PG599_text.txt,115961,0.7226,18,5,0.01704,0.00374,0.00122,0.00576,1,0,0
PG599_text.txt,115961,0.7226,18,10,0.01154,3e-05,0.00346,0.00576,1,0,0
PG599_text.txt,115961,0.7226,18,20,0.0083,-0.00755,0.00363,0.00576,1,1,0
PG599_text.txt,115961,0.7226,18,50,0.00392,-0.00268,0.00075,0.00576,0,0,0
PG599_text.txt,115961,0.7226,18,100,0.00146,0.00561,-0.00546,0.00576,0,0,0
PG599_text.txt,115961,0.7226,18,200,0.00159,0.00216,0.00242,0.00576,0,0,0
PG599_text.txt,115961,0.7226,18,300,0.00123,0.00013,0.00039,0.00576,0,0,0
PG599_text.txt,115961,0.7226,19,1,0.05571,0.00117,0.0006,0.00576,1,0,0
PG599_text.txt,115961,0.7226,19,2,0.02652,-0.0021,0.00066,0.00576,1,0,0
PG599_text.txt,115961,0.7226,19,5,0.02206,-8e-05,0.00418,0.00576,1,0,0
PG599_text.txt,115961,0.7226,19,10,0.01415,-0.00015,0.00542,0.00576,1,0,0
PG599_text.txt,115961,0.7226,19,20,0.00818,-0.00019,0.00515,0.00576,1,0,0
PG599_text.txt,115961,0.7226,19,50,0.01141,0.00602,-0.0036,0.00576,1,1,0
PG599_text.txt,115961,0.7226,19,100,0.00637,0.00143,-0.00035,0.00576,1,0,0
PG599_text.txt,115961,0.7226,19,200,0.00888,-0.00346,-0.00856,0.00576,1,0,1
PG599_text.txt,115961,0.7226,19,300,0.00056,9e-05,-0.00011,0.00576,0,0,0
PG599_text.txt,115961,0.7226,20,1,0.08453,0.00081,-0.00845,0.00576,1,0,1
PG599_text.txt,115961,0.7226,20,2,0.03567,0.00061,0.00073,0.00576,1,0,0
PG599_text.txt,115961,0.7226,20,5,0.02466,-6e-05,-0.00212,0.00576,1,0,0
PG599_text.txt,115961,0.7226,20,10,0.0122,0.00111,-0.00039,0.00576,1,0,0
PG599_text.txt,115961,0.7226,20,20,0.00924,-0.00254,0.00162,0.00576,1,0,0
PG599_text.txt,115961,0.7226,20,50,0.00718,-0.00154,-0.00281,0.00576,1,0,0
PG599_text.txt,115961,0.7226,20,100,0.00181,0.00107,-0.00581,0.00576,0,0,1
PG599_text.txt,115961,0.7226,20,200,0.00088,-0.00144,0.00393,0.00576,0,0,0
PG599_text.txt,115961,0.7226,20,300,-0.00129,-0.00069,-0.00384,0.00576,0,0,0
PG6485_text.txt,52988,0.7284,1,1,0.09048,0.00853,0.0042,0.00851,1,1,0
PG6485_text.txt,52988,0.7284,1,2,0.04552,0.00845,0.00288,0.00851,1,0,0
PG6485_text.txt,52988,0.7284,1,5,0.03119,-0.00125,0.00022,0.00851,1,0,0
PG6485_text.txt,52988,0.7284,1,10,0.02948,-0.00428,-0.00147,0.00851,1,0,0
PG6485_text.txt,52988,0.7284,1,20,0.02153,-0.00323,0.0014,0.00851,1,0,0
PG6485_text.txt,52988,0.7284,1,50,0.01061,-0.00318,0.00478,0.00851,1,0,0
PG6485_text.txt,52988,0.7284,1,100,0.01042,-0.00588,-0.00275,0.00851,1,0,0
PG6485_text.txt,52988,0.7284,1,200,-0.00209,-0.00447,0.005,0.00851,0,0,0
PG6485_text.txt,52988,0.7284,1,300,0.00402,-0.00447,-4e-05,0.00851,0,0,0
PG6485_text.txt,52988,0.7284,2,1,0.20839,0.0071,-0.00119,0.00851,1,0,0
PG6485_text.txt,52988,0.7284,2,2,0.13412,-0.01041,0.00069,0.00851,1,1,0
PG6485_text.txt,52988,0.7284,2,5,0.09306,0.0041,-0.00406,0.00851,1,0,0
PG6485_text.txt,52988,0.7284,2,10,0.07593,0.00233,-0.00342,0.00851,1,0,0
PG6485_text.txt,52988,0.7284,2,20,0.05592,-0.00119,0.00121,0.00851,1,0,0
PG6485_text.txt,52988,0.7284,2,50,0.03831,0.00088,-0.00143,0.00851,1,0,0
PG6485_text.txt,52988,0.7284,2,100,0.0276,0.00272,0.00015,0.00851,1,0,0
PG6485_text.txt,52988,0.7284,2,200,0.02495,-0.00066,0.00635,0.00851,1,0,0
PG6485_text.txt,52988,0.7284,2,300,0.01194,-0.00731,0.0037,0.00851,1,0,0
PG6485_text.txt,52988,0.7284,3,1,0.12904,0.00067,-0.00016,0.00851,1,0,0
PG6485_text.txt,52988,0.7284,3,2,0.06986,0.00027,-0.00522,0.00851,1,0,0
PG6485_text.txt,52988,0.7284,3,5,0.0511,0.00417,0.00241,0.00851,1,0,0
PG6485_text.txt,52988,0.7284,3,10,0.03664,0.00395,-0.0028,0.00851,1,0,0
PG6485_text.txt,52988,0.7284,3,20,0.02081,0.00081,0.00569,0.00851,1,0,0
PG6485_text.txt,52988,0.7284,3,50,0.01678,-0.00176,0.00157,0.00851,1,0,0
PG6485_text.txt,52988,0.7284,3,100,0.01355,0.00116,0.00917,0.00851,1,0,1
PG6485_text.txt,52988,0.7284,3,200,0.00973,-0.00196,0.00813,0.00851,1,0,0
PG6485_text.txt,52988,0.7284,3,300,0.005,-0.00814,-0.00032,0.00851,0,0,0
PG6485_text.txt,52988,0.7284,4,1,0.17285,0.0017,-0.00135,0.00851,1,0,0
PG6485_text.txt,52988,0.7284,4,2,0.12087,-0.003,0.00393,0.00851,1,0,0
PG6485_text.txt,52988,0.7284,4,5,0.097,0.00674,-0.00224,0.00851,1,0,0
PG6485_text.txt,52988,0.7284,4,10,0.06817,-0.00222,-0.01,0.00851,1,0,1
PG6485_text.txt,52988,0.7284,4,20,0.06011,-0.0009,0.01001,0.00851,1,0,1
PG6485_text.txt,52988,0.7284,4,50,0.04327,0.00303,0.00235,0.00851,1,0,0
PG6485_text.txt,52988,0.7284,4,100,0.02253,-0.00556,-0.00581,0.00851,1,0,0
PG6485_text.txt,52988,0.7284,4,200,0.01357,0.00334,0.00099,0.00851,1,0,0
PG6485_text.txt,52988,0.7284,4,300,0.00849,0.00309,-0.00055,0.00851,0,0,0
PG6485_text.txt,52988,0.7284,5,1,0.09329,0.00357,0.00137,0.00851,1,0,0
PG6485_text.txt,52988,0.7284,5,2,0.04075,0.00447,-0.00572,0.00851,1,0,0
PG6485_text.txt,52988,0.7284,5,5,0.03783,-0.00675,-0.00078,0.00851,1,0,0
PG6485_text.txt,52988,0.7284,5,10,0.02385,0.00574,0.00232,0.00851,1,0,0
PG6485_text.txt,52988,0.7284,5,20,0.02117,-0.00051,-0.00286,0.00851,1,0,0
PG6485_text.txt,52988,0.7284,5,50,0.01966,0.00199,-0.00242,0.00851,1,0,0
PG6485_text.txt,52988,0.7284,5,100,0.01125,0.00118,0.00448,0.00851,1,0,0
PG6485_text.txt,52988,0.7284,5,200,0.01122,-0.00395,-0.00997,0.00851,1,0,1
PG6485_text.txt,52988,0.7284,5,300,0.00658,0.00554,0.00734,0.00851,0,0,0
PG6485_text.txt,52988,0.7284,6,1,0.10963,0.01112,0.00426,0.00851,1,1,0
PG6485_text.txt,52988,0.7284,6,2,0.07246,-0.00094,0.00335,0.00851,1,0,0
PG6485_text.txt,52988,0.7284,6,5,0.03728,0.0029,0.00725,0.00851,1,0,0
PG6485_text.txt,52988,0.7284,6,10,0.03943,0.00354,0.00752,0.00851,1,0,0
PG6485_text.txt,52988,0.7284,6,20,0.03054,0.00463,-0.00079,0.00851,1,0,0
PG6485_text.txt,52988,0.7284,6,50,0.01844,0.00097,-0.0033,0.00851,1,0,0
PG6485_text.txt,52988,0.7284,6,100,0.00632,-0.0038,-0.0025,0.00851,0,0,0
PG6485_text.txt,52988,0.7284,6,200,0.00511,9e-05,0.00073,0.00851,0,0,0
PG6485_text.txt,52988,0.7284,6,300,-0.00153,-0.00752,0.00837,0.00851,0,0,0
PG6485_text.txt,52988,0.7284,7,1,0.07808,0.00706,-0.00328,0.00851,1,0,0
PG6485_text.txt,52988,0.7284,7,2,0.04292,-0.01027,-0.0042,0.00851,1,1,0
PG6485_text.txt,52988,0.7284,7,5,0.03111,0.00417,0.00125,0.00851,1,0,0
PG6485_text.txt,52988,0.7284,7,10,0.01303,-0.0009,0.00319,0.00851,1,0,0
PG6485_text.txt,52988,0.7284,7,20,0.01752,-0.00307,0.00324,0.00851,1,0,0
PG6485_text.txt,52988,0.7284,7,50,-0.00538,-0.00077,-0.00904,0.00851,0,0,1
PG6485_text.txt,52988,0.7284,7,100,-0.00256,0.00082,-0.00449,0.00851,0,0,0
PG6485_text.txt,52988,0.7284,7,200,0.00653,0.00472,-0.00334,0.00851,0,0,0
PG6485_text.txt,52988,0.7284,7,300,0.00934,-0.0084,-0.00515,0.00851,1,0,0
PG6485_text.txt,52988,0.7284,8,1,0.08887,-0.00077,0.00079,0.00851,1,0,0
PG6485_text.txt,52988,0.7284,8,2,0.06038,-0.00052,-0.00025,0.00851,1,0,0
PG6485_text.txt,52988,0.7284,8,5,0.04298,-0.00247,0.00206,0.00851,1,0,0
PG6485_text.txt,52988,0.7284,8,10,0.02742,-0.00101,0.00598,0.00851,1,0,0
PG6485_text.txt,52988,0.7284,8,20,0.01612,-7e-05,-0.00607,0.00851,1,0,0
PG6485_text.txt,52988,0.7284,8,50,0.00233,0.00084,-7e-05,0.00851,0,0,0
PG6485_text.txt,52988,0.7284,8,100,0.01048,0.0054,-0.00566,0.00851,1,0,0
PG6485_text.txt,52988,0.7284,8,200,0.00468,0.00257,0.00359,0.00851,0,0,0
PG6485_text.txt,52988,0.7284,8,300,0.00292,-0.00457,0.00152,0.00851,0,0,0
PG6485_text.txt,52988,0.7284,9,1,0.10011,-0.00439,0.00178,0.00851,1,0,0
PG6485_text.txt,52988,0.7284,9,2,0.05775,0.00052,-0.00302,0.00851,1,0,0
PG6485_text.txt,52988,0.7284,9,5,0.02671,-0.00624,-0.00506,0.00851,1,0,0
PG6485_text.txt,52988,0.7284,9,10,0.01576,0.00369,-6e-05,0.00851,1,0,0
PG6485_text.txt,52988,0.7284,9,20,0.01822,0.00205,0.00364,0.00851,1,0,0
PG6485_text.txt,52988,0.7284,9,50,0.00309,-0.00585,-0.00054,0.00851,0,0,0
PG6485_text.txt,52988,0.7284,9,100,0.00417,-0.004,-0.00242,0.00851,0,0,0
PG6485_text.txt,52988,0.7284,9,200,0.01034,-0.00291,0.00232,0.00851,1,0,0
PG6485_text.txt,52988,0.7284,9,300,0.00015,-0.00099,-2e-05,0.00851,0,0,0
PG6485_text.txt,52988,0.7284,10,1,0.09311,0.00592,-0.01079,0.00851,1,0,1
PG6485_text.txt,52988,0.7284,10,2,0.06037,0.00441,-0.00296,0.00851,1,0,0
PG6485_text.txt,52988,0.7284,10,5,0.03927,1e-05,-0.00556,0.00851,1,0,0
PG6485_text.txt,52988,0.7284,10,10,0.02997,-0.00066,0.00139,0.00851,1,0,0
PG6485_text.txt,52988,0.7284,10,20,0.02428,0.00268,-0.00144,0.00851,1,0,0
PG6485_text.txt,52988,0.7284,10,50,0.01869,-0.00178,-0.00259,0.00851,1,0,0
PG6485_text.txt,52988,0.7284,10,100,0.0025,0.00299,-0.00054,0.00851,0,0,0
PG6485_text.txt,52988,0.7284,10,200,0.00542,0.00312,-0.00904,0.00851,0,0,1
PG6485_text.txt,52988,0.7284,10,300,0.0036,-0.00105,0.00645,0.00851,0,0,0
PG6485_text.txt,52988,0.7284,11,1,0.10246,-0.00063,-0.00385,0.00851,1,0,0
PG6485_text.txt,52988,0.7284,11,2,0.05587,0.00462,0.00398,0.00851,1,0,0
PG6485_text.txt,52988,0.7284,11,5,0.04678,-0.00265,0.00677,0.00851,1,0,0
PG6485_text.txt,52988,0.7284,11,10,0.02757,8e-05,-0.0013,0.00851,1,0,0
PG6485_text.txt,52988,0.7284,11,20,0.01976,0.00041,-0.00755,0.00851,1,0,0
PG6485_text.txt,52988,0.7284,11,50,0.01398,-0.00527,-0.00556,0.00851,1,0,0
PG6485_text.txt,52988,0.7284,11,100,0.01273,0.00069,-0.00794,0.00851,1,0,0
PG6485_text.txt,52988,0.7284,11,200,0.01684,-0.00489,-0.00291,0.00851,1,0,0
PG6485_text.txt,52988,0.7284,11,300,0.01317,-0.00509,0.00664,0.00851,1,0,0
PG6485_text.txt,52988,0.7284,12,1,0.08764,0.00692,0.00532,0.00851,1,0,0
PG6485_text.txt,52988,0.7284,12,2,0.03698,-0.00159,-0.00057,0.00851,1,0,0
PG6485_text.txt,52988,0.7284,12,5,0.02367,0.00279,-0.00102,0.00851,1,0,0
PG6485_text.txt,52988,0.7284,12,10,0.00788,-0.00096,0.00371,0.00851,0,0,0
PG6485_text.txt,52988,0.7284,12,20,0.00616,-0.00311,-0.0003,0.00851,0,0,0
PG6485_text.txt,52988,0.7284,12,50,0.00827,-0.00436,-0.00319,0.00851,0,0,0
PG6485_text.txt,52988,0.7284,12,100,0.00406,-0.00052,0.00283,0.00851,0,0,0
PG6485_text.txt,52988,0.7284,12,200,-0.00253,-0.00385,-0.00506,0.00851,0,0,0
PG6485_text.txt,52988,0.7284,12,300,-0.00317,0.00992,-0.00625,0.00851,0,1,0
PG6485_text.txt,52988,0.7284,13,1,0.06065,-0.00345,-0.00757,0.00851,1,0,0
PG6485_text.txt,52988,0.7284,13,2,0.02979,0.00496,-0.00379,0.00851,1,0,0
PG6485_text.txt,52988,0.7284,13,5,0.0183,0.00704,0.00076,0.00851,1,0,0
PG6485_text.txt,52988,0.7284,13,10,0.01114,-0.00307,0.00199,0.00851,1,0,0
PG6485_text.txt,52988,0.7284,13,20,0.01428,0.00067,0.00268,0.00851,1,0,0
PG6485_text.txt,52988,0.7284,13,50,0.00884,-0.00365,0.00066,0.00851,1,0,0
PG6485_text.txt,52988,0.7284,13,100,0.01082,-0.00303,-0.00441,0.00851,1,0,0
PG6485_text.txt,52988,0.7284,13,200,0.00453,0.00131,0.00059,0.00851,0,0,0
PG6485_text.txt,52988,0.7284,13,300,-0.0023,-0.00129,-0.00333,0.00851,0,0,0
PG6485_text.txt,52988,0.7284,14,1,0.04741,-0.00279,0.00452,0.00851,1,0,0
PG6485_text.txt,52988,0.7284,14,2,0.03236,0.00167,-0.00342,0.00851,1,0,0
PG6485_text.txt,52988,0.7284,14,5,0.02207,0.0014,-0.00374,0.00851,1,0,0
PG6485_text.txt,52988,0.7284,14,10,0.01626,0.00356,-0.00308,0.00851,1,0,0
PG6485_text.txt,52988,0.7284,14,20,0.01047,-0.00206,0.00184,0.00851,1,0,0
PG6485_text.txt,52988,0.7284,14,50,0.00763,0.00109,-0.00617,0.00851,0,0,0
PG6485_text.txt,52988,0.7284,14,100,0.00267,0.00485,0.00214,0.00851,0,0,0
PG6485_text.txt,52988,0.7284,14,200,0.00507,0.00409,-0.00344,0.00851,0,0,0
PG6485_text.txt,52988,0.7284,14,300,0.00361,0.00284,-0.00278,0.00851,0,0,0
PG6485_text.txt,52988,0.7284,15,1,0.05987,-0.00285,-0.00095,0.00851,1,0,0
PG6485_text.txt,52988,0.7284,15,2,0.03702,-0.0097,0.0067,0.00851,1,1,0
PG6485_text.txt,52988,0.7284,15,5,0.02329,0.00496,0.00148,0.00851,1,0,0
PG6485_text.txt,52988,0.7284,15,10,0.01316,0.00358,-0.00145,0.00851,1,0,0
PG6485_text.txt,52988,0.7284,15,20,0.01415,0.00051,-0.00649,0.00851,1,0,0
PG6485_text.txt,52988,0.7284,15,50,0.01042,-0.00209,0.00478,0.00851,1,0,0
PG6485_text.txt,52988,0.7284,15,100,0.00564,0.00044,0.00527,0.00851,0,0,0
PG6485_text.txt,52988,0.7284,15,200,0.00539,0.00274,0.00307,0.00851,0,0,0
PG6485_text.txt,52988,0.7284,15,300,0.00251,-0.0001,-0.00085,0.00851,0,0,0
PG6485_text.txt,52988,0.7284,16,1,0.06246,0.00041,-0.00381,0.00851,1,0,0
PG6485_text.txt,52988,0.7284,16,2,0.03559,0.00065,-0.00074,0.00851,1,0,0
PG6485_text.txt,52988,0.7284,16,5,0.02038,0.00115,0.00141,0.00851,1,0,0
PG6485_text.txt,52988,0.7284,16,10,0.02242,-0.00555,-0.00154,0.00851,1,0,0
PG6485_text.txt,52988,0.7284,16,20,0.00088,-0.00141,-0.00171,0.00851,0,0,0
PG6485_text.txt,52988,0.7284,16,50,0.00676,-0.00066,0.00608,0.00851,0,0,0
PG6485_text.txt,52988,0.7284,16,100,0.00504,0.00386,-0.00339,0.00851,0,0,0
PG6485_text.txt,52988,0.7284,16,200,0.0054,-0.00058,-0.00023,0.00851,0,0,0
PG6485_text.txt,52988,0.7284,16,300,0.00938,-0.0003,0.00624,0.00851,1,0,0
PG6485_text.txt,52988,0.7284,17,1,0.04893,0.00135,-0.00921,0.00851,1,0,1
PG6485_text.txt,52988,0.7284,17,2,0.01833,-0.00067,0.00089,0.00851,1,0,0
PG6485_text.txt,52988,0.7284,17,5,0.01407,0.00176,-0.00038,0.00851,1,0,0
PG6485_text.txt,52988,0.7284,17,10,0.01471,0.00368,-0.00516,0.00851,1,0,0
PG6485_text.txt,52988,0.7284,17,20,0.01231,-0.00515,-0.01052,0.00851,1,0,1
PG6485_text.txt,52988,0.7284,17,50,-0.00224,-0.00799,0.00085,0.00851,0,0,0
PG6485_text.txt,52988,0.7284,17,100,0.01214,0.00069,-0.00272,0.00851,1,0,0
PG6485_text.txt,52988,0.7284,17,200,0.00788,-0.00364,0.00051,0.00851,0,0,0
PG6485_text.txt,52988,0.7284,17,300,-1e-05,0.00034,-0.00149,0.00851,0,0,0
PG6485_text.txt,52988,0.7284,18,1,0.05649,0.0037,-0.0026,0.00851,1,0,0
PG6485_text.txt,52988,0.7284,18,2,0.01939,-0.00096,0.00075,0.00851,1,0,0
PG6485_text.txt,52988,0.7284,18,5,0.01633,0.00342,0.00167,0.00851,1,0,0
PG6485_text.txt,52988,0.7284,18,10,0.01143,-0.00208,-0.005,0.00851,1,0,0
PG6485_text.txt,52988,0.7284,18,20,0.00643,0.00776,-0.00096,0.00851,0,0,0
PG6485_text.txt,52988,0.7284,18,50,0.00087,0.0011,-0.0025,0.00851,0,0,0
PG6485_text.txt,52988,0.7284,18,100,0.00275,-0.00034,0.0024,0.00851,0,0,0
PG6485_text.txt,52988,0.7284,18,200,0.00511,0.00116,0.00532,0.00851,0,0,0
PG6485_text.txt,52988,0.7284,18,300,-0.0049,0.00225,-0.00232,0.00851,0,0,0
PG6485_text.txt,52988,0.7284,19,1,0.07889,0.00285,0.00316,0.00851,1,0,0
PG6485_text.txt,52988,0.7284,19,2,0.03784,0.00387,-0.0025,0.00851,1,0,0
PG6485_text.txt,52988,0.7284,19,5,0.01937,0.0086,0.0012,0.00851,1,1,0
PG6485_text.txt,52988,0.7284,19,10,0.01542,-7e-05,-0.00587,0.00851,1,0,0
PG6485_text.txt,52988,0.7284,19,20,0.00789,0.00621,0.00185,0.00851,0,0,0
PG6485_text.txt,52988,0.7284,19,50,0.01306,-0.00478,0.00227,0.00851,1,0,0
PG6485_text.txt,52988,0.7284,19,100,0.01218,-0.00476,0.00534,0.00851,1,0,0
PG6485_text.txt,52988,0.7284,19,200,0.00675,-0.0019,0.00485,0.00851,0,0,0
PG6485_text.txt,52988,0.7284,19,300,-0.0007,-0.00724,-0.00327,0.00851,0,0,0
PG6485_text.txt,52988,0.7284,20,1,0.08217,0.00315,0.0031,0.00851,1,0,0
PG6485_text.txt,52988,0.7284,20,2,0.03977,0.00105,-0.00244,0.00851,1,0,0
PG6485_text.txt,52988,0.7284,20,5,0.02174,0.00973,0.00407,0.00851,1,1,0
PG6485_text.txt,52988,0.7284,20,10,0.01992,-0.00394,-0.0023,0.00851,1,0,0
PG6485_text.txt,52988,0.7284,20,20,0.0158,0.00445,-0.00589,0.00851,1,0,0
PG6485_text.txt,52988,0.7284,20,50,0.00392,0.00038,0.00623,0.00851,0,0,0
PG6485_text.txt,52988,0.7284,20,100,0.00778,0.00295,-0.00137,0.00851,0,0,0
PG6485_text.txt,52988,0.7284,20,200,0.00475,0.00441,0.00182,0.00851,0,0,0
PG6485_text.txt,52988,0.7284,20,300,0.00434,0.00826,0.00076,0.00851,0,0,0
PG70875_text.txt,58187,0.7136,1,1,0.07306,0.00437,-0.00238,0.00813,1,0,0
PG70875_text.txt,58187,0.7136,1,2,0.03846,0.00502,-0.00103,0.00813,1,0,0
PG70875_text.txt,58187,0.7136,1,5,0.02163,0.00127,-0.00115,0.00813,1,0,0
PG70875_text.txt,58187,0.7136,1,10,0.01204,-0.00134,-0.0092,0.00813,1,0,1
PG70875_text.txt,58187,0.7136,1,20,0.02202,-0.00469,-0.00371,0.00813,1,0,0
PG70875_text.txt,58187,0.7136,1,50,0.00749,-0.00309,-0.00288,0.00813,0,0,0
PG70875_text.txt,58187,0.7136,1,100,0.00865,-0.00168,-0.00179,0.00813,1,0,0
PG70875_text.txt,58187,0.7136,1,200,-0.00574,0.00489,-0.00069,0.00813,0,0,0
PG70875_text.txt,58187,0.7136,1,300,-0.00272,0.00591,-0.00344,0.00813,0,0,0
PG70875_text.txt,58187,0.7136,2,1,0.21257,-0.00011,-0.00409,0.00813,1,0,0
PG70875_text.txt,58187,0.7136,2,2,0.13193,-0.00071,-0.00365,0.00813,1,0,0
PG70875_text.txt,58187,0.7136,2,5,0.08284,0.00644,-0.00901,0.00813,1,0,1
PG70875_text.txt,58187,0.7136,2,10,0.06272,0.00384,0.00317,0.00813,1,0,0
PG70875_text.txt,58187,0.7136,2,20,0.04079,0.00205,-0.0083,0.00813,1,0,1
PG70875_text.txt,58187,0.7136,2,50,0.01821,-0.00852,0.00671,0.00813,1,1,0
PG70875_text.txt,58187,0.7136,2,100,0.02446,0.00101,-0.00458,0.00813,1,0,0
PG70875_text.txt,58187,0.7136,2,200,0.00477,0.00198,-0.0046,0.00813,0,0,0
PG70875_text.txt,58187,0.7136,2,300,0.0104,-0.0033,-0.00078,0.00813,1,0,0
PG70875_text.txt,58187,0.7136,3,1,0.2107,0.0034,0.00585,0.00813,1,0,0
PG70875_text.txt,58187,0.7136,3,2,0.13794,0.00489,-0.00014,0.00813,1,0,0
PG70875_text.txt,58187,0.7136,3,5,0.09207,-3e-05,0.00612,0.00813,1,0,0
PG70875_text.txt,58187,0.7136,3,10,0.07874,0.00017,0.00279,0.00813,1,0,0
PG70875_text.txt,58187,0.7136,3,20,0.05502,-0.00365,-0.00039,0.00813,1,0,0
PG70875_text.txt,58187,0.7136,3,50,0.02531,0.00018,0.00524,0.00813,1,0,0
PG70875_text.txt,58187,0.7136,3,100,0.02568,0.00895,0.00299,0.00813,1,1,0
PG70875_text.txt,58187,0.7136,3,200,0.00662,-0.00522,0.00185,0.00813,0,0,0
PG70875_text.txt,58187,0.7136,3,300,0.02112,0.00744,0.00339,0.00813,1,0,0
PG70875_text.txt,58187,0.7136,4,1,0.18353,-4e-05,0.00016,0.00813,1,0,0
PG70875_text.txt,58187,0.7136,4,2,0.116,-0.00445,0.005,0.00813,1,0,0
PG70875_text.txt,58187,0.7136,4,5,0.06329,-0.00123,-0.00229,0.00813,1,0,0
PG70875_text.txt,58187,0.7136,4,10,0.04304,0.00199,-0.00808,0.00813,1,0,0
PG70875_text.txt,58187,0.7136,4,20,0.03716,-0.00072,0.00628,0.00813,1,0,0
PG70875_text.txt,58187,0.7136,4,50,0.02459,0.00293,0.0041,0.00813,1,0,0
PG70875_text.txt,58187,0.7136,4,100,0.01868,0.00198,-0.00185,0.00813,1,0,0
PG70875_text.txt,58187,0.7136,4,200,0.00785,0.00609,0.00166,0.00813,0,0,0
PG70875_text.txt,58187,0.7136,4,300,0.00556,-0.00385,0.00567,0.00813,0,0,0
PG70875_text.txt,58187,0.7136,5,1,0.08951,0.00349,0.00273,0.00813,1,0,0
PG70875_text.txt,58187,0.7136,5,2,0.05734,0.00319,0.00523,0.00813,1,0,0
PG70875_text.txt,58187,0.7136,5,5,0.03096,0.0018,0.00281,0.00813,1,0,0
PG70875_text.txt,58187,0.7136,5,10,0.02352,0.00446,-0.0031,0.00813,1,0,0
PG70875_text.txt,58187,0.7136,5,20,0.02164,-0.00614,0.00157,0.00813,1,0,0
PG70875_text.txt,58187,0.7136,5,50,0.00971,-0.00884,0.00342,0.00813,1,1,0
PG70875_text.txt,58187,0.7136,5,100,0.00454,0.00241,-0.00122,0.00813,0,0,0
PG70875_text.txt,58187,0.7136,5,200,0.00948,0.00441,0.0065,0.00813,1,0,0
PG70875_text.txt,58187,0.7136,5,300,0.00616,0.00324,-0.00216,0.00813,0,0,0
PG70875_text.txt,58187,0.7136,6,1,0.08408,0.00201,-0.00384,0.00813,1,0,0
PG70875_text.txt,58187,0.7136,6,2,0.04942,0.00322,-0.00246,0.00813,1,0,0
PG70875_text.txt,58187,0.7136,6,5,0.02769,0.00789,-0.00129,0.00813,1,0,0
PG70875_text.txt,58187,0.7136,6,10,0.02097,0.0041,-0.006,0.00813,1,0,0
PG70875_text.txt,58187,0.7136,6,20,0.01483,0.00206,0.00025,0.00813,1,0,0
PG70875_text.txt,58187,0.7136,6,50,0.0118,-0.00488,0.00278,0.00813,1,0,0
PG70875_text.txt,58187,0.7136,6,100,0.01574,0.00196,-0.00272,0.00813,1,0,0
PG70875_text.txt,58187,0.7136,6,200,0.01119,0.00276,0.00109,0.00813,1,0,0
PG70875_text.txt,58187,0.7136,6,300,0.00729,-0.0024,0.0007,0.00813,0,0,0
PG70875_text.txt,58187,0.7136,7,1,0.11023,-0.00164,0.00426,0.00813,1,0,0
PG70875_text.txt,58187,0.7136,7,2,0.07447,-0.00667,-0.00778,0.00813,1,0,0
PG70875_text.txt,58187,0.7136,7,5,0.04497,-0.00088,-0.00041,0.00813,1,0,0
PG70875_text.txt,58187,0.7136,7,10,0.03155,-0.0041,0.0035,0.00813,1,0,0
PG70875_text.txt,58187,0.7136,7,20,0.01272,-0.00286,0.00072,0.00813,1,0,0
PG70875_text.txt,58187,0.7136,7,50,0.01021,0.00108,0.00574,0.00813,1,0,0
PG70875_text.txt,58187,0.7136,7,100,0.00697,0.00641,0.00535,0.00813,0,0,0
PG70875_text.txt,58187,0.7136,7,200,-0.00249,0.00902,-0.00271,0.00813,0,1,0
PG70875_text.txt,58187,0.7136,7,300,0.00168,-0.00037,-0.00356,0.00813,0,0,0
PG70875_text.txt,58187,0.7136,8,1,0.08149,0.00015,-0.00073,0.00813,1,0,0
PG70875_text.txt,58187,0.7136,8,2,0.05845,0.00547,-0.0008,0.00813,1,0,0
PG70875_text.txt,58187,0.7136,8,5,0.02829,-0.00471,0.00802,0.00813,1,0,0
PG70875_text.txt,58187,0.7136,8,10,0.02061,-0.0005,0.00351,0.00813,1,0,0
PG70875_text.txt,58187,0.7136,8,20,0.01709,0.00417,-0.00343,0.00813,1,0,0
PG70875_text.txt,58187,0.7136,8,50,0.00372,-0.00672,-0.00523,0.00813,0,0,0
PG70875_text.txt,58187,0.7136,8,100,0.00894,0.00559,0.00392,0.00813,1,0,0
PG70875_text.txt,58187,0.7136,8,200,-0.00076,0.00224,-0.00354,0.00813,0,0,0
PG70875_text.txt,58187,0.7136,8,300,0.00368,-0.00067,-0.00338,0.00813,0,0,0
PG70875_text.txt,58187,0.7136,9,1,0.11543,0.00284,0.00081,0.00813,1,0,0
PG70875_text.txt,58187,0.7136,9,2,0.07027,-0.00187,-0.00506,0.00813,1,0,0
PG70875_text.txt,58187,0.7136,9,5,0.03257,0.00627,-0.00843,0.00813,1,0,1
PG70875_text.txt,58187,0.7136,9,10,0.0187,0.00331,-0.00481,0.00813,1,0,0
PG70875_text.txt,58187,0.7136,9,20,0.0146,-0.0029,0.00114,0.00813,1,0,0
PG70875_text.txt,58187,0.7136,9,50,0.01723,0.0022,-0.0026,0.00813,1,0,0
PG70875_text.txt,58187,0.7136,9,100,0.00482,0.00371,0.00324,0.00813,0,0,0
PG70875_text.txt,58187,0.7136,9,200,0.00728,0.00502,-0.00163,0.00813,0,0,0
PG70875_text.txt,58187,0.7136,9,300,0.00576,-0.00721,0.00198,0.00813,0,0,0
PG70875_text.txt,58187,0.7136,10,1,0.15212,6e-05,-0.0019,0.00813,1,0,0
PG70875_text.txt,58187,0.7136,10,2,0.10043,0.00562,-0.00277,0.00813,1,0,0
PG70875_text.txt,58187,0.7136,10,5,0.05498,0.00151,-0.00127,0.00813,1,0,0
PG70875_text.txt,58187,0.7136,10,10,0.02864,5e-05,0.00285,0.00813,1,0,0
PG70875_text.txt,58187,0.7136,10,20,0.02865,-0.00386,0.00319,0.00813,1,0,0
PG70875_text.txt,58187,0.7136,10,50,0.00405,0.00131,-0.00023,0.00813,0,0,0
PG70875_text.txt,58187,0.7136,10,100,0.01173,-0.00434,0.00194,0.00813,1,0,0
PG70875_text.txt,58187,0.7136,10,200,0.00362,0.00457,-0.00579,0.00813,0,0,0
PG70875_text.txt,58187,0.7136,10,300,-0.00373,0.00023,0.00225,0.00813,0,0,0
PG70875_text.txt,58187,0.7136,11,1,0.08475,-0.00263,-0.00561,0.00813,1,0,0
PG70875_text.txt,58187,0.7136,11,2,0.04432,0.00174,0.00252,0.00813,1,0,0
PG70875_text.txt,58187,0.7136,11,5,0.02736,-0.00474,-0.00341,0.00813,1,0,0
PG70875_text.txt,58187,0.7136,11,10,0.02333,-0.00236,0.0096,0.00813,1,0,1
PG70875_text.txt,58187,0.7136,11,20,0.00982,0.00162,0.00058,0.00813,1,0,0
PG70875_text.txt,58187,0.7136,11,50,0.01854,0.00452,0.00171,0.00813,1,0,0
PG70875_text.txt,58187,0.7136,11,100,0.01378,0.00049,-0.00196,0.00813,1,0,0
PG70875_text.txt,58187,0.7136,11,200,0.00112,-0.00151,0.00302,0.00813,0,0,0
PG70875_text.txt,58187,0.7136,11,300,0.00395,0.00717,-0.00526,0.00813,0,0,0
PG70875_text.txt,58187,0.7136,12,1,0.10463,-0.00048,-0.0034,0.00813,1,0,0
PG70875_text.txt,58187,0.7136,12,2,0.05188,0.00051,-0.00257,0.00813,1,0,0
PG70875_text.txt,58187,0.7136,12,5,0.02856,0.0044,0.00086,0.00813,1,0,0
PG70875_text.txt,58187,0.7136,12,10,0.02052,-0.0025,0.00147,0.00813,1,0,0
PG70875_text.txt,58187,0.7136,12,20,0.01304,0.00178,0.00314,0.00813,1,0,0
PG70875_text.txt,58187,0.7136,12,50,0.00201,0.00216,0.00613,0.00813,0,0,0
PG70875_text.txt,58187,0.7136,12,100,-0.00122,0.00333,-0.00195,0.00813,0,0,0
PG70875_text.txt,58187,0.7136,12,200,0.00629,-0.00629,-0.00468,0.00813,0,0,0
PG70875_text.txt,58187,0.7136,12,300,-0.00168,0.00232,-0.0027,0.00813,0,0,0
PG70875_text.txt,58187,0.7136,13,1,0.08933,-0.00305,0.00081,0.00813,1,0,0
PG70875_text.txt,58187,0.7136,13,2,0.03838,-0.00077,0.0023,0.00813,1,0,0
PG70875_text.txt,58187,0.7136,13,5,0.01712,-0.00091,-0.00013,0.00813,1,0,0
PG70875_text.txt,58187,0.7136,13,10,0.01787,0.00438,0.00407,0.00813,1,0,0
PG70875_text.txt,58187,0.7136,13,20,0.01601,0.00143,0.0009,0.00813,1,0,0
PG70875_text.txt,58187,0.7136,13,50,0.00408,-0.00204,0.00557,0.00813,0,0,0
PG70875_text.txt,58187,0.7136,13,100,0.0082,-0.00325,0.00727,0.00813,1,0,0
PG70875_text.txt,58187,0.7136,13,200,0.00254,-0.00197,-0.00042,0.00813,0,0,0
PG70875_text.txt,58187,0.7136,13,300,-0.00221,0.0024,0.00151,0.00813,0,0,0
PG70875_text.txt,58187,0.7136,14,1,0.07588,-0.0053,0.00154,0.00813,1,0,0
PG70875_text.txt,58187,0.7136,14,2,0.03204,0.00245,0.00089,0.00813,1,0,0
PG70875_text.txt,58187,0.7136,14,5,0.02261,-0.00739,-0.00407,0.00813,1,0,0
PG70875_text.txt,58187,0.7136,14,10,0.01281,0.00066,0.00294,0.00813,1,0,0
PG70875_text.txt,58187,0.7136,14,20,0.01604,-0.0029,-0.00271,0.00813,1,0,0
PG70875_text.txt,58187,0.7136,14,50,0.00901,-0.00312,0.00416,0.00813,1,0,0
PG70875_text.txt,58187,0.7136,14,100,0.01204,-0.0021,-0.00196,0.00813,1,0,0
PG70875_text.txt,58187,0.7136,14,200,-0.0027,0.00043,-0.00649,0.00813,0,0,0
PG70875_text.txt,58187,0.7136,14,300,0.00096,0.00394,0.00136,0.00813,0,0,0
PG70875_text.txt,58187,0.7136,15,1,0.06583,0.0022,0.00639,0.00813,1,0,0
PG70875_text.txt,58187,0.7136,15,2,0.04687,0.00201,-0.00121,0.00813,1,0,0
PG70875_text.txt,58187,0.7136,15,5,0.02352,1e-05,0.00246,0.00813,1,0,0
PG70875_text.txt,58187,0.7136,15,10,0.01145,0.00635,0.00089,0.00813,1,0,0
PG70875_text.txt,58187,0.7136,15,20,0.00628,-0.00961,-0.00013,0.00813,0,1,0
PG70875_text.txt,58187,0.7136,15,50,0.00212,-0.0016,0.00624,0.00813,0,0,0
PG70875_text.txt,58187,0.7136,15,100,0.00297,-1e-05,-0.00188,0.00813,0,0,0
PG70875_text.txt,58187,0.7136,15,200,0.00172,0.00546,-0.00308,0.00813,0,0,0
PG70875_text.txt,58187,0.7136,15,300,0.00519,0.00127,0.00838,0.00813,0,0,1
PG70875_text.txt,58187,0.7136,16,1,0.0594,-0.00482,-0.0052,0.00813,1,0,0
PG70875_text.txt,58187,0.7136,16,2,0.02002,0.00856,-0.00593,0.00813,1,1,0
PG70875_text.txt,58187,0.7136,16,5,0.00979,-0.0003,-0.00265,0.00813,1,0,0
PG70875_text.txt,58187,0.7136,16,10,0.01371,-0.00271,0.00109,0.00813,1,0,0
PG70875_text.txt,58187,0.7136,16,20,0.01537,0.00613,-0.00821,0.00813,1,0,1
PG70875_text.txt,58187,0.7136,16,50,0.01231,-0.00553,0.00028,0.00813,1,0,0
PG70875_text.txt,58187,0.7136,16,100,0.00208,0.00666,0.00131,0.00813,0,0,0
PG70875_text.txt,58187,0.7136,16,200,-0.00235,0.00228,-0.00346,0.00813,0,0,0
PG70875_text.txt,58187,0.7136,16,300,0.00013,-0.00305,-0.00339,0.00813,0,0,0
PG70875_text.txt,58187,0.7136,17,1,0.07311,-0.00106,0.00613,0.00813,1,0,0
PG70875_text.txt,58187,0.7136,17,2,0.0328,-0.00135,0.00067,0.00813,1,0,0
PG70875_text.txt,58187,0.7136,17,5,0.01546,0.00044,-0.00175,0.00813,1,0,0
PG70875_text.txt,58187,0.7136,17,10,0.0108,0.00221,0.00272,0.00813,1,0,0
PG70875_text.txt,58187,0.7136,17,20,0.01535,0.00538,-0.00772,0.00813,1,0,0
PG70875_text.txt,58187,0.7136,17,50,0.00375,0.00071,0.00099,0.00813,0,0,0
PG70875_text.txt,58187,0.7136,17,100,-0.00113,0.00062,0.00335,0.00813,0,0,0
PG70875_text.txt,58187,0.7136,17,200,0.00642,-0.00034,-0.00106,0.00813,0,0,0
PG70875_text.txt,58187,0.7136,17,300,0.00131,-0.00047,-0.00496,0.00813,0,0,0
PG70875_text.txt,58187,0.7136,18,1,0.05951,0.00075,0.00032,0.00813,1,0,0
PG70875_text.txt,58187,0.7136,18,2,0.03265,-0.0047,-0.00227,0.00813,1,0,0
PG70875_text.txt,58187,0.7136,18,5,0.01607,-0.00521,0.00265,0.00813,1,0,0
PG70875_text.txt,58187,0.7136,18,10,0.01402,0.00294,-0.00529,0.00813,1,0,0
PG70875_text.txt,58187,0.7136,18,20,0.00379,0.00066,-0.00051,0.00813,0,0,0
PG70875_text.txt,58187,0.7136,18,50,-0.00035,-0.00094,0.00185,0.00813,0,0,0
PG70875_text.txt,58187,0.7136,18,100,0.00016,-0.00208,-0.005,0.00813,0,0,0
PG70875_text.txt,58187,0.7136,18,200,0.00726,-0.0001,-0.00142,0.00813,0,0,0
PG70875_text.txt,58187,0.7136,18,300,0.00105,0.00106,0.00317,0.00813,0,0,0
PG70875_text.txt,58187,0.7136,19,1,0.05003,-0.0077,0.00438,0.00813,1,0,0
PG70875_text.txt,58187,0.7136,19,2,0.03096,0.00544,-0.00126,0.00813,1,0,0
PG70875_text.txt,58187,0.7136,19,5,0.00758,0.00454,-0.00107,0.00813,0,0,0
PG70875_text.txt,58187,0.7136,19,10,0.00971,0.01339,0.0008,0.00813,1,1,0
PG70875_text.txt,58187,0.7136,19,20,0.00397,0.00043,0.0031,0.00813,0,0,0
PG70875_text.txt,58187,0.7136,19,50,0.00542,0.00254,0.01001,0.00813,0,0,1
PG70875_text.txt,58187,0.7136,19,100,0.00261,0.00659,-0.00781,0.00813,0,0,0
PG70875_text.txt,58187,0.7136,19,200,0.00232,0.00206,0.0014,0.00813,0,0,0
PG70875_text.txt,58187,0.7136,19,300,-0.00332,-0.00423,-0.00083,0.00813,0,0,0
PG70875_text.txt,58187,0.7136,20,1,0.06631,-0.00429,-0.00373,0.00813,1,0,0
PG70875_text.txt,58187,0.7136,20,2,0.02786,0.00051,0.00161,0.00813,1,0,0
PG70875_text.txt,58187,0.7136,20,5,0.01568,0.0037,5e-05,0.00813,1,0,0
PG70875_text.txt,58187,0.7136,20,10,0.01275,0.00294,-0.00084,0.00813,1,0,0
PG70875_text.txt,58187,0.7136,20,20,0.01187,0.0023,-0.00283,0.00813,1,0,0
PG70875_text.txt,58187,0.7136,20,50,0.01014,-0.0013,0.00639,0.00813,1,0,0
PG70875_text.txt,58187,0.7136,20,100,-0.00145,-0.00193,0.00169,0.00813,0,0,0
PG70875_text.txt,58187,0.7136,20,200,-0.00119,-0.00825,0.00213,0.00813,0,1,0
PG70875_text.txt,58187,0.7136,20,300,0.00272,-0.00176,1e-05,0.00813,0,0,0
PG8387_text.txt,19988,0.7524,1,1,0.08171,0.00517,0.00459,0.01386,1,0,0
PG8387_text.txt,19988,0.7524,1,2,0.04513,0.00364,0.00635,0.01386,1,0,0
PG8387_text.txt,19988,0.7524,1,5,0.0297,0.00058,-0.00564,0.01386,1,0,0
PG8387_text.txt,19988,0.7524,1,10,0.01955,0.0144,0.00442,0.01386,1,1,0
PG8387_text.txt,19988,0.7524,1,20,0.01436,0.00841,0.00561,0.01386,1,0,0
PG8387_text.txt,19988,0.7524,1,50,0.00553,-0.00281,-0.00965,0.01386,0,0,0
PG8387_text.txt,19988,0.7524,1,100,0.00931,-0.00922,-0.00146,0.01386,0,0,0
PG8387_text.txt,19988,0.7524,1,200,0.01404,0.00361,-0.00404,0.01386,1,0,0
PG8387_text.txt,19988,0.7524,1,300,0.01851,0.00788,0.00265,0.01386,1,0,0
PG8387_text.txt,19988,0.7524,2,1,0.18799,-0.00159,-0.01374,0.01386,1,0,0
PG8387_text.txt,19988,0.7524,2,2,0.11321,0.00188,-0.01374,0.01386,1,0,0
PG8387_text.txt,19988,0.7524,2,5,0.06492,-0.00491,0.00431,0.01386,1,0,0
PG8387_text.txt,19988,0.7524,2,10,0.04913,-0.00315,0.0024,0.01386,1,0,0
PG8387_text.txt,19988,0.7524,2,20,0.03295,0.0009,-0.01144,0.01386,1,0,0
PG8387_text.txt,19988,0.7524,2,50,0.02385,-0.00249,-0.00052,0.01386,1,0,0
PG8387_text.txt,19988,0.7524,2,100,0.02425,-0.02007,0.01032,0.01386,1,1,0
PG8387_text.txt,19988,0.7524,2,200,0.00195,0.0049,-0.01233,0.01386,0,0,0
PG8387_text.txt,19988,0.7524,2,300,0.0127,-0.00553,0.00567,0.01386,0,0,0
PG8387_text.txt,19988,0.7524,3,1,0.12568,-0.00055,-0.00813,0.01386,1,0,0
PG8387_text.txt,19988,0.7524,3,2,0.08972,0.00505,7e-05,0.01386,1,0,0
PG8387_text.txt,19988,0.7524,3,5,0.0421,-0.00466,0.00731,0.01386,1,0,0
PG8387_text.txt,19988,0.7524,3,10,0.02682,0.00376,0.00899,0.01386,1,0,0
PG8387_text.txt,19988,0.7524,3,20,0.01026,-0.00325,-0.00067,0.01386,0,0,0
PG8387_text.txt,19988,0.7524,3,50,0.00991,-0.00179,0.00049,0.01386,0,0,0
PG8387_text.txt,19988,0.7524,3,100,0.0104,-0.00461,-0.01747,0.01386,0,0,1
PG8387_text.txt,19988,0.7524,3,200,0.00977,0.01046,0.00814,0.01386,0,0,0
PG8387_text.txt,19988,0.7524,3,300,0.00073,0.00173,0.00939,0.01386,0,0,0
PG8387_text.txt,19988,0.7524,4,1,0.07527,-0.00276,-0.00361,0.01386,1,0,0
PG8387_text.txt,19988,0.7524,4,2,0.05765,-0.00435,-0.00097,0.01386,1,0,0
PG8387_text.txt,19988,0.7524,4,5,0.02891,0.00577,0.00841,0.01386,1,0,0
PG8387_text.txt,19988,0.7524,4,10,0.03135,-0.01208,-0.00021,0.01386,1,0,0
PG8387_text.txt,19988,0.7524,4,20,0.03364,-0.01033,-0.00074,0.01386,1,0,0
PG8387_text.txt,19988,0.7524,4,50,-0.00532,0.00376,-0.00695,0.01386,0,0,0
PG8387_text.txt,19988,0.7524,4,100,0.00244,0.01079,0.00405,0.01386,0,0,0
PG8387_text.txt,19988,0.7524,4,200,0.00176,-0.00202,0.00648,0.01386,0,0,0
PG8387_text.txt,19988,0.7524,4,300,0.01182,0.00281,0.0045,0.01386,0,0,0
PG8387_text.txt,19988,0.7524,5,1,0.13606,-0.00054,-0.00022,0.01386,1,0,0
PG8387_text.txt,19988,0.7524,5,2,0.07748,-0.00256,-0.00705,0.01386,1,0,0
PG8387_text.txt,19988,0.7524,5,5,0.03012,0.00647,0.01478,0.01386,1,0,1
PG8387_text.txt,19988,0.7524,5,10,0.02194,0.00134,-0.00963,0.01386,1,0,0
PG8387_text.txt,19988,0.7524,5,20,0.00506,-0.00442,0.01462,0.01386,0,0,1
PG8387_text.txt,19988,0.7524,5,50,0.01349,-0.00391,-0.00672,0.01386,0,0,0
PG8387_text.txt,19988,0.7524,5,100,0.00594,0.00809,-0.00497,0.01386,0,0,0
PG8387_text.txt,19988,0.7524,5,200,0.00267,0.00178,-0.01022,0.01386,0,0,0
PG8387_text.txt,19988,0.7524,5,300,0.00577,0.00467,-0.00158,0.01386,0,0,0
PG8387_text.txt,19988,0.7524,6,1,0.09691,0.00177,0.00337,0.01386,1,0,0
PG8387_text.txt,19988,0.7524,6,2,0.04655,-0.0091,0.00027,0.01386,1,0,0
PG8387_text.txt,19988,0.7524,6,5,0.03424,0.00012,0.00181,0.01386,1,0,0
PG8387_text.txt,19988,0.7524,6,10,0.02516,-0.00406,0.00504,0.01386,1,0,0
PG8387_text.txt,19988,0.7524,6,20,0.02843,-0.0022,-0.01076,0.01386,1,0,0
PG8387_text.txt,19988,0.7524,6,50,0.00052,-0.01062,-0.00637,0.01386,0,0,0
PG8387_text.txt,19988,0.7524,6,100,0.01393,-0.00388,0.00062,0.01386,1,0,0
PG8387_text.txt,19988,0.7524,6,200,0.00337,-0.00692,0.01487,0.01386,0,0,1
PG8387_text.txt,19988,0.7524,6,300,-0.0047,0.00851,0.00022,0.01386,0,0,0
PG8387_text.txt,19988,0.7524,7,1,0.09842,0.00044,0.00239,0.01386,1,0,0
PG8387_text.txt,19988,0.7524,7,2,0.06585,-0.00372,0.00134,0.01386,1,0,0
PG8387_text.txt,19988,0.7524,7,5,0.03752,-0.00534,-0.00783,0.01386,1,0,0
PG8387_text.txt,19988,0.7524,7,10,0.01446,0.00409,0.02641,0.01386,1,0,1
PG8387_text.txt,19988,0.7524,7,20,0.00509,0.00367,0.00801,0.01386,0,0,0
PG8387_text.txt,19988,0.7524,7,50,-0.0021,0.01465,0.00854,0.01386,0,1,0
PG8387_text.txt,19988,0.7524,7,100,0.00485,-0.0056,0.00304,0.01386,0,0,0
PG8387_text.txt,19988,0.7524,7,200,-0.00592,-0.01046,-0.00524,0.01386,0,0,0
PG8387_text.txt,19988,0.7524,7,300,0.0093,0.00653,-0.00246,0.01386,0,0,0
PG8387_text.txt,19988,0.7524,8,1,0.0839,-0.0003,0.00971,0.01386,1,0,0
PG8387_text.txt,19988,0.7524,8,2,0.07945,0.0068,-0.00589,0.01386,1,0,0
PG8387_text.txt,19988,0.7524,8,5,0.03653,0.00628,0.01621,0.01386,1,0,1
PG8387_text.txt,19988,0.7524,8,10,0.03759,-0.00132,-8e-05,0.01386,1,0,0
PG8387_text.txt,19988,0.7524,8,20,0.01547,0.00121,-0.00493,0.01386,1,0,0
PG8387_text.txt,19988,0.7524,8,50,0.01926,0.00571,0.00079,0.01386,1,0,0
PG8387_text.txt,19988,0.7524,8,100,-0.00165,-0.0074,0.00948,0.01386,0,0,0
PG8387_text.txt,19988,0.7524,8,200,0.00737,-0.00671,-0.00421,0.01386,0,0,0
PG8387_text.txt,19988,0.7524,8,300,0.01183,0.01036,0.00342,0.01386,0,0,0
PG8387_text.txt,19988,0.7524,9,1,0.1126,-0.01136,0.00525,0.01386,1,0,0
PG8387_text.txt,19988,0.7524,9,2,0.07122,-0.00815,0.0157,0.01386,1,0,1
PG8387_text.txt,19988,0.7524,9,5,0.03528,0.00724,0.00308,0.01386,1,0,0
PG8387_text.txt,19988,0.7524,9,10,0.03023,0.01425,-0.00881,0.01386,1,1,0
PG8387_text.txt,19988,0.7524,9,20,0.00771,-0.00554,0.00678,0.01386,0,0,0
PG8387_text.txt,19988,0.7524,9,50,0.0103,0.00669,-0.00428,0.01386,0,0,0
PG8387_text.txt,19988,0.7524,9,100,0.00636,-0.00639,-0.0049,0.01386,0,0,0
PG8387_text.txt,19988,0.7524,9,200,0.00108,0.00016,-0.00598,0.01386,0,0,0
PG8387_text.txt,19988,0.7524,9,300,-0.00243,-0.00737,-0.00524,0.01386,0,0,0
PG8387_text.txt,19988,0.7524,10,1,0.08485,0.00624,0.00423,0.01386,1,0,0
PG8387_text.txt,19988,0.7524,10,2,0.04838,-0.00777,0.00667,0.01386,1,0,0
PG8387_text.txt,19988,0.7524,10,5,0.01993,-0.00368,-0.00222,0.01386,1,0,0
PG8387_text.txt,19988,0.7524,10,10,0.01529,0.00535,-0.00035,0.01386,1,0,0
PG8387_text.txt,19988,0.7524,10,20,0.00655,0.00173,0.00254,0.01386,0,0,0
PG8387_text.txt,19988,0.7524,10,50,0.00643,0.00877,-0.00753,0.01386,0,0,0
PG8387_text.txt,19988,0.7524,10,100,0.002,-0.0117,-0.00107,0.01386,0,0,0
PG8387_text.txt,19988,0.7524,10,200,0.00587,-4e-05,0.01193,0.01386,0,0,0
PG8387_text.txt,19988,0.7524,10,300,0.00597,0.01208,-0.01451,0.01386,0,0,1
PG8387_text.txt,19988,0.7524,11,1,0.10564,0.00374,-0.00371,0.01386,1,0,0
PG8387_text.txt,19988,0.7524,11,2,0.04431,-0.00439,0.01729,0.01386,1,0,1
PG8387_text.txt,19988,0.7524,11,5,0.03409,0.00483,0.00441,0.01386,1,0,0
PG8387_text.txt,19988,0.7524,11,10,0.01275,-0.00315,0.00431,0.01386,0,0,0
PG8387_text.txt,19988,0.7524,11,20,-0.00607,0.00598,0.00096,0.01386,0,0,0
PG8387_text.txt,19988,0.7524,11,50,0.00183,0.0027,-0.01739,0.01386,0,0,1
PG8387_text.txt,19988,0.7524,11,100,0.00375,0.005,0.00725,0.01386,0,0,0
PG8387_text.txt,19988,0.7524,11,200,-0.00948,0.00337,0.01467,0.01386,0,0,1
PG8387_text.txt,19988,0.7524,11,300,0.01209,0.00207,-0.00799,0.01386,0,0,0
PG8387_text.txt,19988,0.7524,12,1,0.0681,0.01225,-0.00731,0.01386,1,0,0
PG8387_text.txt,19988,0.7524,12,2,0.0411,-0.00563,-0.00443,0.01386,1,0,0
PG8387_text.txt,19988,0.7524,12,5,0.01989,-0.01032,0.01126,0.01386,1,0,0
PG8387_text.txt,19988,0.7524,12,10,0.00637,-0.01331,0.01017,0.01386,0,0,0
PG8387_text.txt,19988,0.7524,12,20,-0.00544,0.01385,0.00826,0.01386,0,0,0
PG8387_text.txt,19988,0.7524,12,50,-0.00059,-0.0006,0.00322,0.01386,0,0,0
PG8387_text.txt,19988,0.7524,12,100,0.01769,-0.00542,0.0026,0.01386,1,0,0
PG8387_text.txt,19988,0.7524,12,200,-0.01553,0.00875,-0.00093,0.01386,1,0,0
PG8387_text.txt,19988,0.7524,12,300,0.00091,-0.00258,0.01059,0.01386,0,0,0
PG8387_text.txt,19988,0.7524,13,1,0.07838,0.00373,0.00484,0.01386,1,0,0
PG8387_text.txt,19988,0.7524,13,2,0.038,-0.0006,-0.01371,0.01386,1,0,0
PG8387_text.txt,19988,0.7524,13,5,0.01653,0.00293,-0.00851,0.01386,1,0,0
PG8387_text.txt,19988,0.7524,13,10,0.00819,0.00776,-0.00614,0.01386,0,0,0
PG8387_text.txt,19988,0.7524,13,20,0.017,-0.00606,0.01141,0.01386,1,0,0
PG8387_text.txt,19988,0.7524,13,50,0.00601,-0.01752,-0.00912,0.01386,0,1,0
PG8387_text.txt,19988,0.7524,13,100,-0.00123,0.0043,-0.01083,0.01386,0,0,0
PG8387_text.txt,19988,0.7524,13,200,-0.00063,-0.00879,-0.00045,0.01386,0,0,0
PG8387_text.txt,19988,0.7524,13,300,-0.00668,-0.00515,0.00986,0.01386,0,0,0
PG8387_text.txt,19988,0.7524,14,1,0.07546,-0.00303,-0.00585,0.01386,1,0,0
PG8387_text.txt,19988,0.7524,14,2,0.0329,0.0062,0.00797,0.01386,1,0,0
PG8387_text.txt,19988,0.7524,14,5,0.01014,-0.00466,0.00846,0.01386,0,0,0
PG8387_text.txt,19988,0.7524,14,10,0.01824,0.00707,-0.00438,0.01386,1,0,0
PG8387_text.txt,19988,0.7524,14,20,-0.00262,-0.00091,0.00546,0.01386,0,0,0
PG8387_text.txt,19988,0.7524,14,50,0.02355,0.00221,-0.00087,0.01386,1,0,0
PG8387_text.txt,19988,0.7524,14,100,-0.00359,0.00326,0.01654,0.01386,0,0,1
PG8387_text.txt,19988,0.7524,14,200,-0.00051,-0.01051,-0.00817,0.01386,0,0,0
PG8387_text.txt,19988,0.7524,14,300,-0.00082,-0.01111,-0.00039,0.01386,0,0,0
PG8387_text.txt,19988,0.7524,15,1,0.03256,0.00154,0.00248,0.01386,1,0,0
PG8387_text.txt,19988,0.7524,15,2,0.02083,-0.00876,0.01026,0.01386,1,0,0
PG8387_text.txt,19988,0.7524,15,5,0.01106,0.00439,0.00778,0.01386,0,0,0
PG8387_text.txt,19988,0.7524,15,10,0.01268,-0.0041,0.01092,0.01386,0,0,0
PG8387_text.txt,19988,0.7524,15,20,0.00835,0.01448,0.00092,0.01386,0,1,0
PG8387_text.txt,19988,0.7524,15,50,0.00831,0.00242,0.0003,0.01386,0,0,0
PG8387_text.txt,19988,0.7524,15,100,0.00868,-0.01118,-0.00621,0.01386,0,0,0
PG8387_text.txt,19988,0.7524,15,200,0.00674,0.00536,0.00554,0.01386,0,0,0
PG8387_text.txt,19988,0.7524,15,300,0.01903,-0.00074,0.00611,0.01386,1,0,0
PG8387_text.txt,19988,0.7524,16,1,0.06421,0.002,-0.00051,0.01386,1,0,0
PG8387_text.txt,19988,0.7524,16,2,0.03555,0.00393,0.00321,0.01386,1,0,0
PG8387_text.txt,19988,0.7524,16,5,0.02174,0.00191,-0.0014,0.01386,1,0,0
PG8387_text.txt,19988,0.7524,16,10,0.00407,-0.00649,-0.00984,0.01386,0,0,0
PG8387_text.txt,19988,0.7524,16,20,0.01537,-0.00152,0.01798,0.01386,1,0,1
PG8387_text.txt,19988,0.7524,16,50,0.00591,-0.00048,-0.00098,0.01386,0,0,0
PG8387_text.txt,19988,0.7524,16,100,0.00475,-0.00706,0.00598,0.01386,0,0,0
PG8387_text.txt,19988,0.7524,16,200,0.00206,-0.00727,0.00978,0.01386,0,0,0
PG8387_text.txt,19988,0.7524,16,300,-0.00829,0.01064,-0.00067,0.01386,0,0,0
PG8387_text.txt,19988,0.7524,17,1,0.05657,-0.00113,0.00612,0.01386,1,0,0
PG8387_text.txt,19988,0.7524,17,2,0.02973,-0.0058,0.00779,0.01386,1,0,0
PG8387_text.txt,19988,0.7524,17,5,0.01734,0.00943,-0.00591,0.01386,1,0,0
PG8387_text.txt,19988,0.7524,17,10,0.00945,0.00316,-0.0033,0.01386,0,0,0
PG8387_text.txt,19988,0.7524,17,20,0.00109,-0.01593,0.0083,0.01386,0,1,0
PG8387_text.txt,19988,0.7524,17,50,0.00585,0.00763,-0.00681,0.01386,0,0,0
PG8387_text.txt,19988,0.7524,17,100,-0.00081,-0.01461,0.00035,0.01386,0,1,0
PG8387_text.txt,19988,0.7524,17,200,-0.00088,-0.00961,-0.00164,0.01386,0,0,0
PG8387_text.txt,19988,0.7524,17,300,0.0086,0.00066,0.00462,0.01386,0,0,0
PG8387_text.txt,19988,0.7524,18,1,0.05557,-0.00475,-0.00938,0.01386,1,0,0
PG8387_text.txt,19988,0.7524,18,2,0.0254,0.00267,-0.00976,0.01386,1,0,0
PG8387_text.txt,19988,0.7524,18,5,0.01964,0.00378,-0.00585,0.01386,1,0,0
PG8387_text.txt,19988,0.7524,18,10,0.0152,-0.01636,-0.00565,0.01386,1,1,0
PG8387_text.txt,19988,0.7524,18,20,-0.00336,-0.00204,-0.00652,0.01386,0,0,0
PG8387_text.txt,19988,0.7524,18,50,-0.00281,0.00385,0.01879,0.01386,0,0,1
PG8387_text.txt,19988,0.7524,18,100,-0.00833,-0.00243,0.00647,0.01386,0,0,0
PG8387_text.txt,19988,0.7524,18,200,-0.00319,-0.00075,0.00376,0.01386,0,0,0
PG8387_text.txt,19988,0.7524,18,300,0.00652,0.00301,0.00552,0.01386,0,0,0
PG8387_text.txt,19988,0.7524,19,1,0.05725,-0.01412,-0.00089,0.01386,1,1,0
PG8387_text.txt,19988,0.7524,19,2,0.01281,-0.01137,0.00385,0.01386,0,0,0
PG8387_text.txt,19988,0.7524,19,5,0.0132,0.00573,-0.00063,0.01386,0,0,0
PG8387_text.txt,19988,0.7524,19,10,0.00946,-0.0073,-0.0016,0.01386,0,0,0
PG8387_text.txt,19988,0.7524,19,20,0.00499,-0.00665,0.00549,0.01386,0,0,0
PG8387_text.txt,19988,0.7524,19,50,-0.00528,0.01446,-0.00193,0.01386,0,1,0
PG8387_text.txt,19988,0.7524,19,100,0.00365,-0.01189,0.00582,0.01386,0,0,0
PG8387_text.txt,19988,0.7524,19,200,0.00095,-0.01166,0.00176,0.01386,0,0,0
PG8387_text.txt,19988,0.7524,19,300,-0.00811,0.00371,0.0021,0.01386,0,0,0
PG8387_text.txt,19988,0.7524,20,1,0.04654,0.00111,0.0031,0.01386,1,0,0
PG8387_text.txt,19988,0.7524,20,2,0.02285,0.00198,0.00775,0.01386,1,0,0
PG8387_text.txt,19988,0.7524,20,5,0.00938,0.00403,-0.00565,0.01386,0,0,0
PG8387_text.txt,19988,0.7524,20,10,0.01499,-0.01162,0.0082,0.01386,1,0,0
PG8387_text.txt,19988,0.7524,20,20,0.01498,0.00106,0.00133,0.01386,1,0,0
PG8387_text.txt,19988,0.7524,20,50,-0.00159,0.00786,0.00621,0.01386,0,0,0
PG8387_text.txt,19988,0.7524,20,100,0.00993,0.00544,0.00654,0.01386,0,0,0
PG8387_text.txt,19988,0.7524,20,200,0.01196,0.01066,-0.00237,0.01386,0,0,0
PG8387_text.txt,19988,0.7524,20,300,-0.01265,0.00014,0.00138,0.01386,0,0,0
PG9879_text.txt,66089,0.7561,1,1,0.09681,0.01435,0.00737,0.00762,1,1,0
PG9879_text.txt,66089,0.7561,1,2,0.04992,0.00984,0.00552,0.00762,1,1,0
PG9879_text.txt,66089,0.7561,1,5,0.02891,0.00913,-0.00234,0.00762,1,1,0
PG9879_text.txt,66089,0.7561,1,10,0.01982,0.00463,0.00299,0.00762,1,0,0
PG9879_text.txt,66089,0.7561,1,20,0.01527,0.00076,0.00119,0.00762,1,0,0
PG9879_text.txt,66089,0.7561,1,50,0.00588,0.00628,-0.00025,0.00762,0,0,0
PG9879_text.txt,66089,0.7561,1,100,0.00717,0.00189,0.0081,0.00762,0,0,1
PG9879_text.txt,66089,0.7561,1,200,0.00602,0.00629,-0.00327,0.00762,0,0,0
PG9879_text.txt,66089,0.7561,1,300,0.00651,0.00085,-0.00175,0.00762,0,0,0
PG9879_text.txt,66089,0.7561,2,1,0.18924,-0.00125,0.00313,0.00762,1,0,0
PG9879_text.txt,66089,0.7561,2,2,0.12547,0.00298,-0.00041,0.00762,1,0,0
PG9879_text.txt,66089,0.7561,2,5,0.07559,-0.00607,-0.0086,0.00762,1,0,1
PG9879_text.txt,66089,0.7561,2,10,0.04891,-0.00408,0.0067,0.00762,1,0,0
PG9879_text.txt,66089,0.7561,2,20,0.03923,-0.00201,-0.00795,0.00762,1,0,1
PG9879_text.txt,66089,0.7561,2,50,0.02397,-0.006,0.00216,0.00762,1,0,0
PG9879_text.txt,66089,0.7561,2,100,0.01872,0.00125,-0.00364,0.00762,1,0,0
PG9879_text.txt,66089,0.7561,2,200,0.00606,-0.00184,-0.00565,0.00762,0,0,0
PG9879_text.txt,66089,0.7561,2,300,0.00438,-0.00065,-0.00843,0.00762,0,0,1
PG9879_text.txt,66089,0.7561,3,1,0.18571,0.00199,0.00238,0.00762,1,0,0
PG9879_text.txt,66089,0.7561,3,2,0.1151,-0.00571,5e-05,0.00762,1,0,0
PG9879_text.txt,66089,0.7561,3,5,0.08314,-0.0035,0.00562,0.00762,1,0,0
PG9879_text.txt,66089,0.7561,3,10,0.06662,-0.00753,0.00523,0.00762,1,0,0
PG9879_text.txt,66089,0.7561,3,20,0.05684,-0.00705,-0.00029,0.00762,1,0,0
PG9879_text.txt,66089,0.7561,3,50,0.0328,-0.00259,-0.00062,0.00762,1,0,0
PG9879_text.txt,66089,0.7561,3,100,0.02277,0.00401,-0.00405,0.00762,1,0,0
PG9879_text.txt,66089,0.7561,3,200,0.02049,0.00892,0.00491,0.00762,1,1,0
PG9879_text.txt,66089,0.7561,3,300,0.00853,0.00174,0.00816,0.00762,1,0,1
PG9879_text.txt,66089,0.7561,4,1,0.06422,0.01469,0.00403,0.00762,1,1,0
PG9879_text.txt,66089,0.7561,4,2,0.04279,0.00581,0.00023,0.00762,1,0,0
PG9879_text.txt,66089,0.7561,4,5,0.0367,0.00309,-0.00149,0.00762,1,0,0
PG9879_text.txt,66089,0.7561,4,10,0.02608,0.00555,-0.00994,0.00762,1,0,1
PG9879_text.txt,66089,0.7561,4,20,0.01911,-0.0083,0.00128,0.00762,1,1,0
PG9879_text.txt,66089,0.7561,4,50,0.02206,-0.00047,0.00324,0.00762,1,0,0
PG9879_text.txt,66089,0.7561,4,100,0.01157,0.00348,-0.00244,0.00762,1,0,0
PG9879_text.txt,66089,0.7561,4,200,0.00128,0.00535,-0.00092,0.00762,0,0,0
PG9879_text.txt,66089,0.7561,4,300,0.00659,0.00259,0.00207,0.00762,0,0,0
PG9879_text.txt,66089,0.7561,5,1,0.09237,0.00109,-0.00283,0.00762,1,0,0
PG9879_text.txt,66089,0.7561,5,2,0.05624,-0.0067,-0.00065,0.00762,1,0,0
PG9879_text.txt,66089,0.7561,5,5,0.03618,0.00893,-0.00371,0.00762,1,1,0
PG9879_text.txt,66089,0.7561,5,10,0.02506,-0.00017,-0.00715,0.00762,1,0,0
PG9879_text.txt,66089,0.7561,5,20,0.01977,-0.00141,0.00642,0.00762,1,0,0
PG9879_text.txt,66089,0.7561,5,50,0.01675,0.00477,0.00661,0.00762,1,0,0
PG9879_text.txt,66089,0.7561,5,100,0.00831,0.00189,0.00156,0.00762,1,0,0
PG9879_text.txt,66089,0.7561,5,200,0.00774,-0.00168,0.00245,0.00762,1,0,0
PG9879_text.txt,66089,0.7561,5,300,0.00687,-0.00614,0.00487,0.00762,0,0,0
PG9879_text.txt,66089,0.7561,6,1,0.13683,-0.0057,-0.00157,0.00762,1,0,0
PG9879_text.txt,66089,0.7561,6,2,0.07801,-0.00142,-0.0057,0.00762,1,0,0
PG9879_text.txt,66089,0.7561,6,5,0.04623,-0.00413,0.00349,0.00762,1,0,0
PG9879_text.txt,66089,0.7561,6,10,0.03275,-0.00332,-0.00209,0.00762,1,0,0
PG9879_text.txt,66089,0.7561,6,20,0.02058,0.00105,0.00335,0.00762,1,0,0
PG9879_text.txt,66089,0.7561,6,50,0.01881,-0.00051,0.00207,0.00762,1,0,0
PG9879_text.txt,66089,0.7561,6,100,0.00736,0.00209,0.00862,0.00762,0,0,1
PG9879_text.txt,66089,0.7561,6,200,0.00246,0.00315,-0.00388,0.00762,0,0,0
PG9879_text.txt,66089,0.7561,6,300,0.00158,0.00416,-0.00384,0.00762,0,0,0
PG9879_text.txt,66089,0.7561,7,1,0.07866,0.00193,-0.00326,0.00762,1,0,0
PG9879_text.txt,66089,0.7561,7,2,0.06195,0.0054,0.00136,0.00762,1,0,0
PG9879_text.txt,66089,0.7561,7,5,0.04006,-0.0053,0.00177,0.00762,1,0,0
PG9879_text.txt,66089,0.7561,7,10,0.02897,0.00016,-0.00016,0.00762,1,0,0
PG9879_text.txt,66089,0.7561,7,20,0.03105,0.00058,-0.00128,0.00762,1,0,0
PG9879_text.txt,66089,0.7561,7,50,0.01922,-0.00607,0.00411,0.00762,1,0,0
PG9879_text.txt,66089,0.7561,7,100,0.00878,0.0029,0.00239,0.00762,1,0,0
PG9879_text.txt,66089,0.7561,7,200,0.00492,0.00267,-0.00044,0.00762,0,0,0
PG9879_text.txt,66089,0.7561,7,300,0.00207,0.00234,0.00355,0.00762,0,0,0
PG9879_text.txt,66089,0.7561,8,1,0.09188,0.00268,0.00141,0.00762,1,0,0
PG9879_text.txt,66089,0.7561,8,2,0.06219,0.0,0.00343,0.00762,1,0,0
PG9879_text.txt,66089,0.7561,8,5,0.04642,0.00234,-1e-05,0.00762,1,0,0
PG9879_text.txt,66089,0.7561,8,10,0.0244,-0.00181,-0.0081,0.00762,1,0,1
PG9879_text.txt,66089,0.7561,8,20,0.02692,-0.00238,-0.00039,0.00762,1,0,0
PG9879_text.txt,66089,0.7561,8,50,0.01623,0.00269,-0.00865,0.00762,1,0,1
PG9879_text.txt,66089,0.7561,8,100,0.00469,0.00458,-0.01076,0.00762,0,0,1
PG9879_text.txt,66089,0.7561,8,200,0.00556,-0.00089,0.00233,0.00762,0,0,0
PG9879_text.txt,66089,0.7561,8,300,0.00238,-0.00479,0.00238,0.00762,0,0,0
PG9879_text.txt,66089,0.7561,9,1,0.06163,0.00132,-0.0068,0.00762,1,0,0
PG9879_text.txt,66089,0.7561,9,2,0.04943,0.00417,-0.00398,0.00762,1,0,0
PG9879_text.txt,66089,0.7561,9,5,0.03029,0.00155,-0.00147,0.00762,1,0,0
PG9879_text.txt,66089,0.7561,9,10,0.0217,-0.00264,-0.00537,0.00762,1,0,0
PG9879_text.txt,66089,0.7561,9,20,0.01893,0.00307,0.00287,0.00762,1,0,0
PG9879_text.txt,66089,0.7561,9,50,0.01574,-0.00211,0.00084,0.00762,1,0,0
PG9879_text.txt,66089,0.7561,9,100,0.01432,0.00018,0.00748,0.00762,1,0,0
PG9879_text.txt,66089,0.7561,9,200,0.0094,-0.0086,0.00226,0.00762,1,1,0
PG9879_text.txt,66089,0.7561,9,300,0.00167,-0.00043,0.00275,0.00762,0,0,0
PG9879_text.txt,66089,0.7561,10,1,0.10195,0.00334,-0.00208,0.00762,1,0,0
PG9879_text.txt,66089,0.7561,10,2,0.05976,-0.00031,0.0037,0.00762,1,0,0
PG9879_text.txt,66089,0.7561,10,5,0.0372,-0.00533,-0.00506,0.00762,1,0,0
PG9879_text.txt,66089,0.7561,10,10,0.02412,-0.00098,0.00034,0.00762,1,0,0
PG9879_text.txt,66089,0.7561,10,20,0.01449,-0.00043,0.00537,0.00762,1,0,0
PG9879_text.txt,66089,0.7561,10,50,0.01125,0.00325,-0.00602,0.00762,1,0,0
PG9879_text.txt,66089,0.7561,10,100,0.00522,0.0006,0.00543,0.00762,0,0,0
PG9879_text.txt,66089,0.7561,10,200,-4e-05,-0.00386,0.0056,0.00762,0,0,0
PG9879_text.txt,66089,0.7561,10,300,-0.00038,-0.00057,0.00159,0.00762,0,0,0
PG9879_text.txt,66089,0.7561,11,1,0.07861,0.00446,-0.00382,0.00762,1,0,0
PG9879_text.txt,66089,0.7561,11,2,0.05207,0.00716,-0.00314,0.00762,1,0,0
PG9879_text.txt,66089,0.7561,11,5,0.03342,-0.00185,-0.00445,0.00762,1,0,0
PG9879_text.txt,66089,0.7561,11,10,0.03048,-0.00044,0.00011,0.00762,1,0,0
PG9879_text.txt,66089,0.7561,11,20,0.0183,-0.0014,0.00322,0.00762,1,0,0
PG9879_text.txt,66089,0.7561,11,50,0.01897,0.00642,-0.00787,0.00762,1,0,1
PG9879_text.txt,66089,0.7561,11,100,0.0059,-0.00295,-0.00596,0.00762,0,0,0
PG9879_text.txt,66089,0.7561,11,200,0.00198,0.00327,-0.00395,0.00762,0,0,0
PG9879_text.txt,66089,0.7561,11,300,0.00354,0.00292,5e-05,0.00762,0,0,0
PG9879_text.txt,66089,0.7561,12,1,0.10837,-0.00276,-0.00328,0.00762,1,0,0
PG9879_text.txt,66089,0.7561,12,2,0.06391,0.00011,-0.00083,0.00762,1,0,0
PG9879_text.txt,66089,0.7561,12,5,0.03591,5e-05,-0.00233,0.00762,1,0,0
PG9879_text.txt,66089,0.7561,12,10,0.02394,-0.00793,0.00363,0.00762,1,1,0
PG9879_text.txt,66089,0.7561,12,20,0.02583,0.00282,-0.00035,0.00762,1,0,0
PG9879_text.txt,66089,0.7561,12,50,0.00532,0.00095,-0.00768,0.00762,0,0,1
PG9879_text.txt,66089,0.7561,12,100,0.01329,-0.00087,0.0086,0.00762,1,0,1
PG9879_text.txt,66089,0.7561,12,200,0.00161,0.00738,-0.00163,0.00762,0,0,0
PG9879_text.txt,66089,0.7561,12,300,0.00292,-0.00314,-0.00178,0.00762,0,0,0
PG9879_text.txt,66089,0.7561,13,1,0.07278,0.00456,-0.00538,0.00762,1,0,0
PG9879_text.txt,66089,0.7561,13,2,0.04576,-0.00109,-0.00121,0.00762,1,0,0
PG9879_text.txt,66089,0.7561,13,5,0.02196,0.00477,0.00421,0.00762,1,0,0
PG9879_text.txt,66089,0.7561,13,10,0.0162,-0.00027,0.00192,0.00762,1,0,0
PG9879_text.txt,66089,0.7561,13,20,0.01545,-0.00544,0.00602,0.00762,1,0,0
PG9879_text.txt,66089,0.7561,13,50,0.00822,0.00381,0.0009,0.00762,1,0,0
PG9879_text.txt,66089,0.7561,13,100,0.0076,-0.0066,0.0016,0.00762,0,0,0
PG9879_text.txt,66089,0.7561,13,200,0.01115,0.0001,0.00316,0.00762,1,0,0
PG9879_text.txt,66089,0.7561,13,300,0.00095,-0.00083,0.00092,0.00762,0,0,0
PG9879_text.txt,66089,0.7561,14,1,0.08856,-0.00531,0.00826,0.00762,1,0,1
PG9879_text.txt,66089,0.7561,14,2,0.04401,0.00168,-0.00076,0.00762,1,0,0
PG9879_text.txt,66089,0.7561,14,5,0.03552,-0.00344,-0.00394,0.00762,1,0,0
PG9879_text.txt,66089,0.7561,14,10,0.01632,-0.00268,-0.00054,0.00762,1,0,0
PG9879_text.txt,66089,0.7561,14,20,0.02017,0.00118,0.00287,0.00762,1,0,0
PG9879_text.txt,66089,0.7561,14,50,0.01464,-0.0,0.00187,0.00762,1,0,0
PG9879_text.txt,66089,0.7561,14,100,0.01013,-0.00188,0.00197,0.00762,1,0,0
PG9879_text.txt,66089,0.7561,14,200,0.00243,0.00293,-0.00183,0.00762,0,0,0
PG9879_text.txt,66089,0.7561,14,300,0.00567,-0.0028,0.00252,0.00762,0,0,0
PG9879_text.txt,66089,0.7561,15,1,0.05398,-0.00322,0.00566,0.00762,1,0,0
PG9879_text.txt,66089,0.7561,15,2,0.03485,-0.00197,0.00041,0.00762,1,0,0
PG9879_text.txt,66089,0.7561,15,5,0.01759,0.00284,0.00172,0.00762,1,0,0
PG9879_text.txt,66089,0.7561,15,10,0.01079,0.0015,-0.0003,0.00762,1,0,0
PG9879_text.txt,66089,0.7561,15,20,0.01404,-0.00215,-0.00353,0.00762,1,0,0
PG9879_text.txt,66089,0.7561,15,50,0.01505,-0.00149,0.00098,0.00762,1,0,0
PG9879_text.txt,66089,0.7561,15,100,0.00324,-0.00409,0.00192,0.00762,0,0,0
PG9879_text.txt,66089,0.7561,15,200,0.00428,0.00097,-0.00202,0.00762,0,0,0
PG9879_text.txt,66089,0.7561,15,300,0.00628,0.00213,-0.00138,0.00762,0,0,0
PG9879_text.txt,66089,0.7561,16,1,0.05283,-0.0013,0.00129,0.00762,1,0,0
PG9879_text.txt,66089,0.7561,16,2,0.02713,0.00163,-0.00208,0.00762,1,0,0
PG9879_text.txt,66089,0.7561,16,5,0.01868,-0.00475,0.00157,0.00762,1,0,0
PG9879_text.txt,66089,0.7561,16,10,0.00278,0.00067,-0.00376,0.00762,0,0,0
PG9879_text.txt,66089,0.7561,16,20,0.00569,0.00075,7e-05,0.00762,0,0,0
PG9879_text.txt,66089,0.7561,16,50,0.00795,-0.00667,-0.00753,0.00762,1,0,0
PG9879_text.txt,66089,0.7561,16,100,1e-05,-0.00031,0.00013,0.00762,0,0,0
PG9879_text.txt,66089,0.7561,16,200,0.00148,0.00285,0.00372,0.00762,0,0,0
PG9879_text.txt,66089,0.7561,16,300,0.00454,-0.00273,0.00332,0.00762,0,0,0
PG9879_text.txt,66089,0.7561,17,1,0.06601,-0.00093,0.00506,0.00762,1,0,0
PG9879_text.txt,66089,0.7561,17,2,0.04774,0.00302,3e-05,0.00762,1,0,0
PG9879_text.txt,66089,0.7561,17,5,0.0203,-0.00031,-0.00052,0.00762,1,0,0
PG9879_text.txt,66089,0.7561,17,10,0.01103,-0.00026,0.00044,0.00762,1,0,0
PG9879_text.txt,66089,0.7561,17,20,0.01707,0.00645,4e-05,0.00762,1,0,0
PG9879_text.txt,66089,0.7561,17,50,0.00553,0.00502,-0.00713,0.00762,0,0,0
PG9879_text.txt,66089,0.7561,17,100,0.01068,-0.00517,0.00245,0.00762,1,0,0
PG9879_text.txt,66089,0.7561,17,200,0.00556,0.00157,0.00656,0.00762,0,0,0
PG9879_text.txt,66089,0.7561,17,300,0.00093,-0.00333,0.00281,0.00762,0,0,0
PG9879_text.txt,66089,0.7561,18,1,0.06813,-0.00027,0.00069,0.00762,1,0,0
PG9879_text.txt,66089,0.7561,18,2,0.03476,0.00255,-0.00346,0.00762,1,0,0
PG9879_text.txt,66089,0.7561,18,5,0.01474,0.00285,0.00032,0.00762,1,0,0
PG9879_text.txt,66089,0.7561,18,10,0.0102,-0.006,-0.00511,0.00762,1,0,0
PG9879_text.txt,66089,0.7561,18,20,0.00576,0.00337,-0.00823,0.00762,0,0,1
PG9879_text.txt,66089,0.7561,18,50,0.00069,0.00273,0.00287,0.00762,0,0,0
PG9879_text.txt,66089,0.7561,18,100,0.00349,-0.0025,-0.00245,0.00762,0,0,0
PG9879_text.txt,66089,0.7561,18,200,-0.00303,0.00155,-0.00228,0.00762,0,0,0
PG9879_text.txt,66089,0.7561,18,300,-0.00156,0.00169,0.00665,0.00762,0,0,0
PG9879_text.txt,66089,0.7561,19,1,0.05738,0.00568,-0.00452,0.00762,1,0,0
PG9879_text.txt,66089,0.7561,19,2,0.03696,0.00265,-0.00164,0.00762,1,0,0
PG9879_text.txt,66089,0.7561,19,5,0.02264,-0.00156,-0.00081,0.00762,1,0,0
PG9879_text.txt,66089,0.7561,19,10,0.01286,-0.00201,-7e-05,0.00762,1,0,0
PG9879_text.txt,66089,0.7561,19,20,0.01076,-0.00284,-0.00385,0.00762,1,0,0
PG9879_text.txt,66089,0.7561,19,50,0.012,0.00459,-0.00876,0.00762,1,0,1
PG9879_text.txt,66089,0.7561,19,100,-0.00079,2e-05,0.00329,0.00762,0,0,0
PG9879_text.txt,66089,0.7561,19,200,0.01073,0.0055,-0.00816,0.00762,1,0,1
PG9879_text.txt,66089,0.7561,19,300,0.00098,-0.00263,0.00409,0.00762,0,0,0
PG9879_text.txt,66089,0.7561,20,1,0.05709,-0.00465,0.00174,0.00762,1,0,0
PG9879_text.txt,66089,0.7561,20,2,0.0326,0.0055,0.00421,0.00762,1,0,0
PG9879_text.txt,66089,0.7561,20,5,0.01803,-0.00169,-0.00578,0.00762,1,0,0
PG9879_text.txt,66089,0.7561,20,10,0.01,0.00332,-0.00041,0.00762,1,0,0
PG9879_text.txt,66089,0.7561,20,20,0.01625,0.00066,-0.00613,0.00762,1,0,0
PG9879_text.txt,66089,0.7561,20,50,0.00829,0.00292,-0.00073,0.00762,1,0,0
PG9879_text.txt,66089,0.7561,20,100,0.00211,0.00425,-0.00145,0.00762,0,0,0
PG9879_text.txt,66089,0.7561,20,200,0.00032,-0.00737,0.00657,0.00762,0,0,0
PG9879_text.txt,66089,0.7561,20,300,0.00178,0.00601,-0.00659,0.00762,0,0,0
