file,N_all,N_filt,M_filtered,alpha,alpha0,q,k,B_orig,B_surr_mean,B_surr_std,B_fgn,orig_surr,orig_fgn
PG27942_text.txt,403954,155771,155035,0.7791,0.8275,0.6,1,0.871,0.7747,0.0028,0.7904,1.1243,1.1019
PG27942_text.txt,403954,155771,155035,0.7791,0.8275,0.6,2,0.9301,0.775,0.0036,0.7755,1.2001,1.1993
PG27942_text.txt,403954,155771,155035,0.7791,0.8275,0.6,3,0.8662,0.7749,0.0033,0.7971,1.1177,1.0866
PG27942_text.txt,403954,155771,155035,0.7791,0.8275,0.6,4,0.8714,0.7741,0.0032,0.7781,1.1257,1.1199
PG27942_text.txt,403954,155771,155035,0.7791,0.8275,0.6,5,0.9061,0.7748,0.0032,0.7813,1.1695,1.1597
PG27942_text.txt,403954,155771,155035,0.7791,0.8275,0.6,6,0.8823,0.7739,0.0027,0.778,1.14,1.134
PG27942_text.txt,403954,155771,155035,0.7791,0.8275,0.6,7,0.8803,0.7741,0.0025,0.7727,1.1372,1.1392
PG27942_text.txt,403954,155771,155035,0.7791,0.8275,0.6,8,0.8834,0.7752,0.004,0.7779,1.1395,1.1356
PG27942_text.txt,403954,155771,155035,0.7791,0.8275,0.6,9,0.8617,0.7767,0.0032,0.7759,1.1095,1.1106
PG27942_text.txt,403954,155771,155035,0.7791,0.8275,0.6,10,0.8659,0.7741,0.0028,0.7763,1.1187,1.1155
PG27942_text.txt,403954,155771,155035,0.7791,0.8275,0.6,11,0.8597,0.7747,0.0034,0.7752,1.1098,1.109
PG27942_text.txt,403954,155771,155035,0.7791,0.8275,0.6,12,0.8582,0.775,0.0031,0.7728,1.1074,1.1105
PG27942_text.txt,403954,155771,155035,0.7791,0.8275,0.6,13,0.8672,0.7737,0.0028,0.7773,1.1209,1.1156
PG27942_text.txt,403954,155771,155035,0.7791,0.8275,0.6,14,0.8336,0.7738,0.0038,0.7784,1.0772,1.0709
PG27942_text.txt,403954,155771,155035,0.7791,0.8275,0.6,15,0.8556,0.7736,0.0035,0.7703,1.106,1.1108
PG27942_text.txt,403954,155771,155035,0.7791,0.8275,0.6,16,0.8468,0.7747,0.0032,0.7738,1.0931,1.0943
PG27942_text.txt,403954,155771,155035,0.7791,0.8275,0.6,17,0.8502,0.775,0.0028,0.7754,1.097,1.0965
PG27942_text.txt,403954,155771,155035,0.7791,0.8275,0.6,18,0.8773,0.7755,0.0029,0.7763,1.1312,1.1301
PG27942_text.txt,403954,155771,155035,0.7791,0.8275,0.6,19,0.8559,0.7743,0.0033,0.7765,1.1053,1.1022
PG27942_text.txt,403954,155771,155035,0.7791,0.8275,0.6,20,0.8314,0.7759,0.0025,0.7729,1.0715,1.0757
PG27942_text.txt,403954,155771,155035,0.7791,0.8275,0.7,1,0.9512,0.8361,0.0035,0.8587,1.1376,1.1077
PG27942_text.txt,403954,155771,155035,0.7791,0.8275,0.7,2,1.0215,0.8371,0.0039,0.8368,1.2203,1.2207
PG27942_text.txt,403954,155771,155035,0.7791,0.8275,0.7,3,0.9652,0.8369,0.0053,0.8693,1.1533,1.1102
PG27942_text.txt,403954,155771,155035,0.7791,0.8275,0.7,4,1.0001,0.8358,0.0033,0.8412,1.1966,1.189
PG27942_text.txt,403954,155771,155035,0.7791,0.8275,0.7,5,0.9956,0.8373,0.0028,0.842,1.1891,1.1824
PG27942_text.txt,403954,155771,155035,0.7791,0.8275,0.7,6,0.9756,0.8366,0.0035,0.8426,1.1661,1.1577
PG27942_text.txt,403954,155771,155035,0.7791,0.8275,0.7,7,0.9785,0.8361,0.0039,0.8364,1.1702,1.1698
PG27942_text.txt,403954,155771,155035,0.7791,0.8275,0.7,8,0.9732,0.8372,0.0043,0.8386,1.1624,1.1605
PG27942_text.txt,403954,155771,155035,0.7791,0.8275,0.7,9,0.9491,0.8386,0.0045,0.8283,1.1318,1.1458
PG27942_text.txt,403954,155771,155035,0.7791,0.8275,0.7,10,0.945,0.8366,0.004,0.84,1.1295,1.1249
PG27942_text.txt,403954,155771,155035,0.7791,0.8275,0.7,11,0.9476,0.8359,0.0041,0.8339,1.1336,1.1364
PG27942_text.txt,403954,155771,155035,0.7791,0.8275,0.7,12,0.9371,0.8379,0.0048,0.8353,1.1183,1.1219
PG27942_text.txt,403954,155771,155035,0.7791,0.8275,0.7,13,0.9574,0.8369,0.0036,0.8351,1.144,1.1464
PG27942_text.txt,403954,155771,155035,0.7791,0.8275,0.7,14,0.9152,0.8355,0.0043,0.838,1.0954,1.0921
PG27942_text.txt,403954,155771,155035,0.7791,0.8275,0.7,15,0.9342,0.8369,0.0033,0.841,1.1163,1.1108
PG27942_text.txt,403954,155771,155035,0.7791,0.8275,0.7,16,0.9303,0.8369,0.0033,0.8367,1.1116,1.1119
PG27942_text.txt,403954,155771,155035,0.7791,0.8275,0.7,17,0.9261,0.838,0.0038,0.8344,1.1051,1.1099
PG27942_text.txt,403954,155771,155035,0.7791,0.8275,0.7,18,0.953,0.8375,0.0038,0.8363,1.1378,1.1396
PG27942_text.txt,403954,155771,155035,0.7791,0.8275,0.7,19,0.932,0.8364,0.0045,0.8382,1.1143,1.112
PG27942_text.txt,403954,155771,155035,0.7791,0.8275,0.7,20,0.923,0.8377,0.0041,0.8358,1.1019,1.1044
PG27942_text.txt,403954,155771,155035,0.7791,0.8275,0.8,1,1.0381,0.893,0.005,0.9191,1.1625,1.1295
PG27942_text.txt,403954,155771,155035,0.7791,0.8275,0.8,2,1.1308,0.8956,0.005,0.9011,1.2627,1.2549
PG27942_text.txt,403954,155771,155035,0.7791,0.8275,0.8,3,1.0721,0.8942,0.0053,0.9313,1.1989,1.1513
PG27942_text.txt,403954,155771,155035,0.7791,0.8275,0.8,4,1.1018,0.8941,0.0067,0.8944,1.2323,1.2319
PG27942_text.txt,403954,155771,155035,0.7791,0.8275,0.8,5,1.0919,0.894,0.0051,0.9051,1.2213,1.2064
PG27942_text.txt,403954,155771,155035,0.7791,0.8275,0.8,6,1.0712,0.8953,0.0044,0.8989,1.1964,1.1917
PG27942_text.txt,403954,155771,155035,0.7791,0.8275,0.8,7,1.1193,0.8938,0.005,0.9021,1.2523,1.2408
PG27942_text.txt,403954,155771,155035,0.7791,0.8275,0.8,8,1.053,0.8944,0.0042,0.8884,1.1773,1.1852
PG27942_text.txt,403954,155771,155035,0.7791,0.8275,0.8,9,1.0591,0.8955,0.0046,0.889,1.1827,1.1913
PG27942_text.txt,403954,155771,155035,0.7791,0.8275,0.8,10,1.0462,0.8946,0.0047,0.8982,1.1695,1.1647
PG27942_text.txt,403954,155771,155035,0.7791,0.8275,0.8,11,1.0381,0.8959,0.0048,0.8911,1.1587,1.1649
PG27942_text.txt,403954,155771,155035,0.7791,0.8275,0.8,12,1.0218,0.8955,0.0045,0.8942,1.141,1.1427
PG27942_text.txt,403954,155771,155035,0.7791,0.8275,0.8,13,1.0492,0.8935,0.0056,0.8951,1.1743,1.1722
PG27942_text.txt,403954,155771,155035,0.7791,0.8275,0.8,14,1.0026,0.8942,0.005,0.8955,1.1212,1.1196
PG27942_text.txt,403954,155771,155035,0.7791,0.8275,0.8,15,1.0019,0.8933,0.0053,0.8919,1.1215,1.1234
PG27942_text.txt,403954,155771,155035,0.7791,0.8275,0.8,16,1.0227,0.8948,0.0045,0.8948,1.143,1.143
PG27942_text.txt,403954,155771,155035,0.7791,0.8275,0.8,17,0.9987,0.8949,0.0046,0.8986,1.116,1.1114
PG27942_text.txt,403954,155771,155035,0.7791,0.8275,0.8,18,1.0461,0.8938,0.0039,0.8931,1.1704,1.1713
PG27942_text.txt,403954,155771,155035,0.7791,0.8275,0.8,19,1.0123,0.8947,0.0062,0.8945,1.1314,1.1317
PG27942_text.txt,403954,155771,155035,0.7791,0.8275,0.8,20,1.016,0.8937,0.0058,0.8961,1.1368,1.1338
PG27942_text.txt,403954,155771,155035,0.7791,0.8275,0.9,1,1.1637,0.9459,0.0072,0.9823,1.2303,1.1847
PG27942_text.txt,403954,155771,155035,0.7791,0.8275,0.9,2,1.3221,0.9486,0.0095,0.9599,1.3937,1.3772
PG27942_text.txt,403954,155771,155035,0.7791,0.8275,0.9,3,1.2447,0.949,0.007,0.995,1.3116,1.2509
PG27942_text.txt,403954,155771,155035,0.7791,0.8275,0.9,4,1.2332,0.9457,0.0089,0.94,1.304,1.3118
PG27942_text.txt,403954,155771,155035,0.7791,0.8275,0.9,5,1.2711,0.9497,0.0071,0.9756,1.3383,1.3028
PG27942_text.txt,403954,155771,155035,0.7791,0.8275,0.9,6,1.2756,0.9512,0.0071,0.9498,1.3411,1.343
PG27942_text.txt,403954,155771,155035,0.7791,0.8275,0.9,7,1.3363,0.9473,0.0055,0.9467,1.4106,1.4115
PG27942_text.txt,403954,155771,155035,0.7791,0.8275,0.9,8,1.2094,0.9463,0.0072,0.9646,1.278,1.2537
PG27942_text.txt,403954,155771,155035,0.7791,0.8275,0.9,9,1.156,0.9492,0.007,0.9421,1.2179,1.2271
PG27942_text.txt,403954,155771,155035,0.7791,0.8275,0.9,10,1.1342,0.9495,0.0071,0.9546,1.1946,1.1882
PG27942_text.txt,403954,155771,155035,0.7791,0.8275,0.9,11,1.1383,0.9488,0.0067,0.9705,1.1998,1.1729
PG27942_text.txt,403954,155771,155035,0.7791,0.8275,0.9,12,1.1028,0.9499,0.0064,0.9418,1.161,1.171
PG27942_text.txt,403954,155771,155035,0.7791,0.8275,0.9,13,1.1457,0.9497,0.0087,0.9471,1.2064,1.2097
PG27942_text.txt,403954,155771,155035,0.7791,0.8275,0.9,14,1.1401,0.9472,0.0078,0.9506,1.2037,1.1994
PG27942_text.txt,403954,155771,155035,0.7791,0.8275,0.9,15,1.1269,0.9492,0.0064,0.9545,1.1872,1.1806
PG27942_text.txt,403954,155771,155035,0.7791,0.8275,0.9,16,1.1433,0.9516,0.0074,0.9426,1.2014,1.2129
PG27942_text.txt,403954,155771,155035,0.7791,0.8275,0.9,17,1.1162,0.9484,0.0064,0.9427,1.1769,1.184
PG27942_text.txt,403954,155771,155035,0.7791,0.8275,0.9,18,1.2261,0.948,0.0079,0.9427,1.2934,1.3006
PG27942_text.txt,403954,155771,155035,0.7791,0.8275,0.9,19,1.1591,0.9514,0.0072,0.9552,1.2183,1.2135
PG27942_text.txt,403954,155771,155035,0.7791,0.8275,0.9,20,1.1582,0.9507,0.007,0.9586,1.2182,1.2082
PG27942_text.txt,403954,155771,155035,0.7791,0.8275,0.95,1,1.2684,0.9739,0.0087,0.9869,1.3023,1.2853
PG27942_text.txt,403954,155771,155035,0.7791,0.8275,0.95,2,1.4897,0.9752,0.0131,0.9809,1.5276,1.5187
PG27942_text.txt,403954,155771,155035,0.7791,0.8275,0.95,3,1.3975,0.9729,0.0082,1.0113,1.4363,1.3818
PG27942_text.txt,403954,155771,155035,0.7791,0.8275,0.95,4,1.3571,0.9738,0.0136,0.9561,1.3936,1.4195
PG27942_text.txt,403954,155771,155035,0.7791,0.8275,0.95,5,1.4065,0.9723,0.0082,0.989,1.4466,1.4221
PG27942_text.txt,403954,155771,155035,0.7791,0.8275,0.95,6,1.4245,0.9738,0.0112,0.9813,1.4629,1.4516
PG27942_text.txt,403954,155771,155035,0.7791,0.8275,0.95,7,1.4198,0.9754,0.0088,0.9864,1.4556,1.4393
PG27942_text.txt,403954,155771,155035,0.7791,0.8275,0.95,8,1.4411,0.9727,0.009,0.9774,1.4815,1.4744
PG27942_text.txt,403954,155771,155035,0.7791,0.8275,0.95,9,1.2721,0.9732,0.0107,0.9699,1.3071,1.3116
PG27942_text.txt,403954,155771,155035,0.7791,0.8275,0.95,10,1.2711,0.9744,0.0091,0.9724,1.3046,1.3071
PG27942_text.txt,403954,155771,155035,0.7791,0.8275,0.95,11,1.2174,0.975,0.0085,0.9796,1.2486,1.2428
PG27942_text.txt,403954,155771,155035,0.7791,0.8275,0.95,12,1.1785,0.9742,0.0091,0.9845,1.2097,1.197
PG27942_text.txt,403954,155771,155035,0.7791,0.8275,0.95,13,1.2504,0.9768,0.0115,0.9679,1.2801,1.2919
PG27942_text.txt,403954,155771,155035,0.7791,0.8275,0.95,14,1.2801,0.9737,0.0092,0.9646,1.3147,1.3272
PG27942_text.txt,403954,155771,155035,0.7791,0.8275,0.95,15,1.2186,0.9735,0.0091,0.9992,1.2517,1.2196
PG27942_text.txt,403954,155771,155035,0.7791,0.8275,0.95,16,1.2872,0.9734,0.0098,0.9634,1.3223,1.3361
PG27942_text.txt,403954,155771,155035,0.7791,0.8275,0.95,17,1.2697,0.9769,0.0146,0.984,1.2997,1.2903
PG27942_text.txt,403954,155771,155035,0.7791,0.8275,0.95,18,1.3174,0.9725,0.0151,0.9688,1.3547,1.3599
PG27942_text.txt,403954,155771,155035,0.7791,0.8275,0.95,19,1.3313,0.9738,0.012,0.9716,1.3671,1.3701
PG27942_text.txt,403954,155771,155035,0.7791,0.8275,0.95,20,1.2894,0.9741,0.0115,0.9757,1.3238,1.3215
PG27942_text.txt,403954,155771,155035,0.7791,0.8275,0.99,1,1.6824,1.0006,0.0217,1.0123,1.6815,1.662
PG27942_text.txt,403954,155771,155035,0.7791,0.8275,0.99,2,1.7618,0.9967,0.025,1.0067,1.7676,1.75
PG27942_text.txt,403954,155771,155035,0.7791,0.8275,0.99,3,1.8652,0.9971,0.029,1.0099,1.8706,1.8469
PG27942_text.txt,403954,155771,155035,0.7791,0.8275,0.99,4,1.4146,0.9926,0.0226,0.9852,1.4252,1.4358
PG27942_text.txt,403954,155771,155035,0.7791,0.8275,0.99,5,1.7494,0.9947,0.0246,0.9987,1.7588,1.7517
PG27942_text.txt,403954,155771,155035,0.7791,0.8275,0.99,6,2.1509,1.0042,0.0282,1.0101,2.142,2.1294
PG27942_text.txt,403954,155771,155035,0.7791,0.8275,0.99,7,1.6028,0.9855,0.0235,0.9824,1.6263,1.6315
PG27942_text.txt,403954,155771,155035,0.7791,0.8275,0.99,8,2.3877,0.9896,0.0241,1.0344,2.4127,2.3082
PG27942_text.txt,403954,155771,155035,0.7791,0.8275,0.99,9,1.3975,0.9953,0.0306,0.9764,1.4041,1.4313
PG27942_text.txt,403954,155771,155035,0.7791,0.8275,0.99,10,1.4607,0.9818,0.0203,1.07,1.4878,1.3652
PG27942_text.txt,403954,155771,155035,0.7791,0.8275,0.99,11,1.1705,1.0007,0.0256,1.0135,1.1696,1.1549
PG27942_text.txt,403954,155771,155035,0.7791,0.8275,0.99,12,1.3375,0.9956,0.0282,0.9517,1.3434,1.4054
PG27942_text.txt,403954,155771,155035,0.7791,0.8275,0.99,13,1.6492,0.9845,0.0301,1.0417,1.6751,1.5831
PG27942_text.txt,403954,155771,155035,0.7791,0.8275,0.99,14,1.4167,0.988,0.0224,1.0196,1.434,1.3895
PG27942_text.txt,403954,155771,155035,0.7791,0.8275,0.99,15,1.3521,0.9807,0.0267,0.9994,1.3787,1.3529
PG27942_text.txt,403954,155771,155035,0.7791,0.8275,0.99,16,1.8684,0.9871,0.0208,0.9864,1.8928,1.8941
PG27942_text.txt,403954,155771,155035,0.7791,0.8275,0.99,17,1.5749,1.0028,0.0259,0.98,1.5706,1.607
PG27942_text.txt,403954,155771,155035,0.7791,0.8275,0.99,18,1.4707,0.9971,0.0245,1.0199,1.4749,1.442
PG27942_text.txt,403954,155771,155035,0.7791,0.8275,0.99,19,1.5462,0.9885,0.0276,0.9591,1.5642,1.6122
PG27942_text.txt,403954,155771,155035,0.7791,0.8275,0.99,20,1.8236,0.9979,0.0266,0.9982,1.8275,1.8268
PG32021_text.txt,153199,59945,59577,0.8425,0.9084,0.6,1,0.8909,0.7758,0.0041,0.7974,1.1483,1.1172
PG32021_text.txt,153199,59945,59577,0.8425,0.9084,0.6,2,0.9879,0.7754,0.0065,0.7789,1.274,1.2682
PG32021_text.txt,153199,59945,59577,0.8425,0.9084,0.6,3,0.9537,0.7762,0.005,0.7826,1.2286,1.2185
PG32021_text.txt,153199,59945,59577,0.8425,0.9084,0.6,4,0.9991,0.7733,0.0044,0.774,1.2921,1.2908
PG32021_text.txt,153199,59945,59577,0.8425,0.9084,0.6,5,0.9716,0.7774,0.0058,0.7711,1.2499,1.2601
PG32021_text.txt,153199,59945,59577,0.8425,0.9084,0.6,6,0.9431,0.7738,0.0039,0.7752,1.2188,1.2165
PG32021_text.txt,153199,59945,59577,0.8425,0.9084,0.6,7,0.9719,0.7728,0.0048,0.7861,1.2576,1.2364
PG32021_text.txt,153199,59945,59577,0.8425,0.9084,0.6,8,0.9654,0.7745,0.0062,0.7846,1.2465,1.2305
PG32021_text.txt,153199,59945,59577,0.8425,0.9084,0.6,9,0.9486,0.7757,0.0036,0.7693,1.2229,1.2331
PG32021_text.txt,153199,59945,59577,0.8425,0.9084,0.6,10,0.8688,0.7751,0.0049,0.7741,1.1208,1.1224
PG32021_text.txt,153199,59945,59577,0.8425,0.9084,0.6,11,0.8859,0.7733,0.0053,0.7736,1.1455,1.1451
PG32021_text.txt,153199,59945,59577,0.8425,0.9084,0.6,12,0.8519,0.7743,0.0048,0.7724,1.1003,1.1029
PG32021_text.txt,153199,59945,59577,0.8425,0.9084,0.6,13,0.8676,0.7767,0.0058,0.7716,1.1171,1.1244
PG32021_text.txt,153199,59945,59577,0.8425,0.9084,0.6,14,0.8789,0.7754,0.004,0.7756,1.1334,1.1331
PG32021_text.txt,153199,59945,59577,0.8425,0.9084,0.6,15,0.8859,0.777,0.0052,0.7732,1.1401,1.1457
PG32021_text.txt,153199,59945,59577,0.8425,0.9084,0.6,16,0.866,0.7757,0.0061,0.7752,1.1164,1.1172
PG32021_text.txt,153199,59945,59577,0.8425,0.9084,0.6,17,0.8571,0.7726,0.0043,0.7752,1.1094,1.1056
PG32021_text.txt,153199,59945,59577,0.8425,0.9084,0.6,18,0.8786,0.7755,0.0044,0.7729,1.1329,1.1368
PG32021_text.txt,153199,59945,59577,0.8425,0.9084,0.6,19,0.8318,0.7754,0.0048,0.7844,1.0728,1.0604
PG32021_text.txt,153199,59945,59577,0.8425,0.9084,0.6,20,0.8613,0.7751,0.0047,0.7768,1.1113,1.1089
PG32021_text.txt,153199,59945,59577,0.8425,0.9084,0.7,1,1.0024,0.8369,0.0061,0.8566,1.1977,1.1701
PG32021_text.txt,153199,59945,59577,0.8425,0.9084,0.7,2,1.1189,0.8374,0.0081,0.8418,1.3362,1.3293
PG32021_text.txt,153199,59945,59577,0.8425,0.9084,0.7,3,1.0617,0.8382,0.0054,0.8478,1.2667,1.2523
PG32021_text.txt,153199,59945,59577,0.8425,0.9084,0.7,4,1.042,0.835,0.0087,0.8438,1.248,1.2349
PG32021_text.txt,153199,59945,59577,0.8425,0.9084,0.7,5,1.1325,0.837,0.0059,0.8336,1.3529,1.3584
PG32021_text.txt,153199,59945,59577,0.8425,0.9084,0.7,6,1.0174,0.8368,0.005,0.8344,1.2157,1.2194
PG32021_text.txt,153199,59945,59577,0.8425,0.9084,0.7,7,1.0476,0.8344,0.0072,0.8423,1.2555,1.2437
PG32021_text.txt,153199,59945,59577,0.8425,0.9084,0.7,8,1.0376,0.8391,0.0051,0.8511,1.2366,1.2191
PG32021_text.txt,153199,59945,59577,0.8425,0.9084,0.7,9,1.056,0.8365,0.0039,0.8345,1.2624,1.2655
PG32021_text.txt,153199,59945,59577,0.8425,0.9084,0.7,10,1.0095,0.8394,0.0044,0.8485,1.2027,1.1897
PG32021_text.txt,153199,59945,59577,0.8425,0.9084,0.7,11,0.9891,0.8335,0.0047,0.841,1.1867,1.1761
PG32021_text.txt,153199,59945,59577,0.8425,0.9084,0.7,12,0.9211,0.8347,0.0042,0.8415,1.1034,1.0946
PG32021_text.txt,153199,59945,59577,0.8425,0.9084,0.7,13,0.9457,0.839,0.0082,0.8319,1.1272,1.1368
PG32021_text.txt,153199,59945,59577,0.8425,0.9084,0.7,14,0.9438,0.8377,0.0046,0.8442,1.1266,1.1179
PG32021_text.txt,153199,59945,59577,0.8425,0.9084,0.7,15,0.957,0.8384,0.006,0.841,1.1415,1.1379
PG32021_text.txt,153199,59945,59577,0.8425,0.9084,0.7,16,0.9381,0.8382,0.0057,0.8398,1.1192,1.1171
PG32021_text.txt,153199,59945,59577,0.8425,0.9084,0.7,17,1.0106,0.8345,0.0054,0.8313,1.211,1.2157
PG32021_text.txt,153199,59945,59577,0.8425,0.9084,0.7,18,0.9797,0.8358,0.0061,0.8391,1.1722,1.1675
PG32021_text.txt,153199,59945,59577,0.8425,0.9084,0.7,19,0.9171,0.8382,0.0068,0.8379,1.0942,1.0945
PG32021_text.txt,153199,59945,59577,0.8425,0.9084,0.7,20,0.9373,0.8372,0.004,0.8287,1.1195,1.1311
PG32021_text.txt,153199,59945,59577,0.8425,0.9084,0.8,1,1.139,0.8937,0.0083,0.9275,1.2744,1.2281
PG32021_text.txt,153199,59945,59577,0.8425,0.9084,0.8,2,1.2812,0.8916,0.0081,0.9022,1.437,1.4201
PG32021_text.txt,153199,59945,59577,0.8425,0.9084,0.8,3,1.2946,0.8942,0.0071,0.891,1.4477,1.4529
PG32021_text.txt,153199,59945,59577,0.8425,0.9084,0.8,4,1.0765,0.895,0.0084,0.9,1.2028,1.1961
PG32021_text.txt,153199,59945,59577,0.8425,0.9084,0.8,5,1.3216,0.8972,0.0088,0.8973,1.473,1.4728
PG32021_text.txt,153199,59945,59577,0.8425,0.9084,0.8,6,1.0916,0.895,0.0067,0.8925,1.2196,1.223
PG32021_text.txt,153199,59945,59577,0.8425,0.9084,0.8,7,1.1605,0.8904,0.008,0.9017,1.3033,1.2869
PG32021_text.txt,153199,59945,59577,0.8425,0.9084,0.8,8,1.1126,0.8975,0.006,0.9067,1.2396,1.2271
PG32021_text.txt,153199,59945,59577,0.8425,0.9084,0.8,9,1.1136,0.8982,0.0063,0.8967,1.2398,1.2418
PG32021_text.txt,153199,59945,59577,0.8425,0.9084,0.8,10,1.084,0.8968,0.0066,0.899,1.2087,1.2057
PG32021_text.txt,153199,59945,59577,0.8425,0.9084,0.8,11,1.0687,0.8936,0.0068,0.8981,1.196,1.19
PG32021_text.txt,153199,59945,59577,0.8425,0.9084,0.8,12,1.0008,0.8928,0.008,0.8903,1.121,1.1241
PG32021_text.txt,153199,59945,59577,0.8425,0.9084,0.8,13,1.0197,0.8935,0.0108,0.8964,1.1412,1.1376
PG32021_text.txt,153199,59945,59577,0.8425,0.9084,0.8,14,1.0448,0.8943,0.0067,0.8917,1.1683,1.1717
PG32021_text.txt,153199,59945,59577,0.8425,0.9084,0.8,15,1.0406,0.8981,0.0083,0.8989,1.1587,1.1577
PG32021_text.txt,153199,59945,59577,0.8425,0.9084,0.8,16,1.0185,0.8962,0.0084,0.9005,1.1364,1.1311
PG32021_text.txt,153199,59945,59577,0.8425,0.9084,0.8,17,1.0832,0.8924,0.0084,0.8991,1.2138,1.2047
PG32021_text.txt,153199,59945,59577,0.8425,0.9084,0.8,18,1.0694,0.8949,0.0061,0.8994,1.195,1.189
PG32021_text.txt,153199,59945,59577,0.8425,0.9084,0.8,19,1.0181,0.8965,0.0085,0.9039,1.1356,1.1263
PG32021_text.txt,153199,59945,59577,0.8425,0.9084,0.8,20,1.0316,0.894,0.0099,0.8779,1.154,1.175
PG32021_text.txt,153199,59945,59577,0.8425,0.9084,0.9,1,1.2712,0.9472,0.0098,0.9603,1.3421,1.3238
PG32021_text.txt,153199,59945,59577,0.8425,0.9084,0.9,2,1.561,0.9441,0.0121,0.9746,1.6534,1.6017
PG32021_text.txt,153199,59945,59577,0.8425,0.9084,0.9,3,1.604,0.9428,0.011,0.9554,1.7014,1.6789
PG32021_text.txt,153199,59945,59577,0.8425,0.9084,0.9,4,1.1853,0.9511,0.011,0.9483,1.2462,1.2499
PG32021_text.txt,153199,59945,59577,0.8425,0.9084,0.9,5,1.4724,0.9494,0.0121,0.9452,1.5508,1.5578
PG32021_text.txt,153199,59945,59577,0.8425,0.9084,0.9,6,1.2723,0.9546,0.0139,0.9534,1.3329,1.3345
PG32021_text.txt,153199,59945,59577,0.8425,0.9084,0.9,7,1.3998,0.9482,0.0107,0.9476,1.4762,1.4772
PG32021_text.txt,153199,59945,59577,0.8425,0.9084,0.9,8,1.1809,0.9457,0.008,0.9761,1.2488,1.2099
PG32021_text.txt,153199,59945,59577,0.8425,0.9084,0.9,9,1.1968,0.951,0.012,0.9576,1.2585,1.2498
PG32021_text.txt,153199,59945,59577,0.8425,0.9084,0.9,10,1.1509,0.9488,0.0126,0.945,1.213,1.2179
PG32021_text.txt,153199,59945,59577,0.8425,0.9084,0.9,11,1.203,0.9495,0.0114,0.9515,1.267,1.2643
PG32021_text.txt,153199,59945,59577,0.8425,0.9084,0.9,12,1.0969,0.9496,0.011,0.9508,1.1551,1.1536
PG32021_text.txt,153199,59945,59577,0.8425,0.9084,0.9,13,1.1437,0.949,0.0102,0.9676,1.2051,1.182
PG32021_text.txt,153199,59945,59577,0.8425,0.9084,0.9,14,1.1624,0.9484,0.0147,0.9449,1.2256,1.2302
PG32021_text.txt,153199,59945,59577,0.8425,0.9084,0.9,15,1.1327,0.953,0.0118,0.9441,1.1886,1.1998
PG32021_text.txt,153199,59945,59577,0.8425,0.9084,0.9,16,1.1042,0.9514,0.0099,0.9501,1.1605,1.1621
PG32021_text.txt,153199,59945,59577,0.8425,0.9084,0.9,17,1.1714,0.9484,0.0122,0.945,1.2352,1.2396
PG32021_text.txt,153199,59945,59577,0.8425,0.9084,0.9,18,1.2096,0.9456,0.0124,0.9491,1.2793,1.2744
PG32021_text.txt,153199,59945,59577,0.8425,0.9084,0.9,19,1.1263,0.9506,0.0128,0.9607,1.1848,1.1724
PG32021_text.txt,153199,59945,59577,0.8425,0.9084,0.9,20,1.2263,0.9558,0.0151,0.9488,1.283,1.2925
PG32021_text.txt,153199,59945,59577,0.8425,0.9084,0.95,1,1.5802,0.9748,0.0196,1.0016,1.6209,1.5776
PG32021_text.txt,153199,59945,59577,0.8425,0.9084,0.95,2,1.7008,0.9646,0.0166,0.9978,1.7632,1.7045
PG32021_text.txt,153199,59945,59577,0.8425,0.9084,0.95,3,1.9903,0.9745,0.0189,0.9459,2.0423,2.1041
PG32021_text.txt,153199,59945,59577,0.8425,0.9084,0.95,4,1.2148,0.9796,0.0201,1.003,1.2401,1.2112
PG32021_text.txt,153199,59945,59577,0.8425,0.9084,0.95,5,1.8558,0.9782,0.0183,0.9783,1.8972,1.8971
PG32021_text.txt,153199,59945,59577,0.8425,0.9084,0.95,6,1.5807,0.9736,0.0165,0.9876,1.6236,1.6006
PG32021_text.txt,153199,59945,59577,0.8425,0.9084,0.95,7,1.5093,0.9744,0.0189,0.9549,1.549,1.5806
PG32021_text.txt,153199,59945,59577,0.8425,0.9084,0.95,8,1.2964,0.9729,0.0159,1.0106,1.3324,1.2827
PG32021_text.txt,153199,59945,59577,0.8425,0.9084,0.95,9,1.3285,0.9703,0.017,1.0318,1.3691,1.2876
PG32021_text.txt,153199,59945,59577,0.8425,0.9084,0.95,10,1.1864,0.9714,0.0236,0.9714,1.2213,1.2213
PG32021_text.txt,153199,59945,59577,0.8425,0.9084,0.95,11,1.4071,0.9756,0.0172,0.9808,1.4422,1.4346
PG32021_text.txt,153199,59945,59577,0.8425,0.9084,0.95,12,1.2249,0.969,0.0169,0.9802,1.2641,1.2496
PG32021_text.txt,153199,59945,59577,0.8425,0.9084,0.95,13,1.1947,0.9704,0.0179,1.003,1.2312,1.1911
PG32021_text.txt,153199,59945,59577,0.8425,0.9084,0.95,14,1.2411,0.9727,0.0123,0.9607,1.276,1.2919
PG32021_text.txt,153199,59945,59577,0.8425,0.9084,0.95,15,1.369,0.9761,0.0104,0.9459,1.4024,1.4473
PG32021_text.txt,153199,59945,59577,0.8425,0.9084,0.95,16,1.2451,0.9785,0.0168,0.9883,1.2724,1.2599
PG32021_text.txt,153199,59945,59577,0.8425,0.9084,0.95,17,1.419,0.9778,0.0117,0.9537,1.4511,1.4878
PG32021_text.txt,153199,59945,59577,0.8425,0.9084,0.95,18,1.2351,0.972,0.0181,1.0052,1.2706,1.2287
PG32021_text.txt,153199,59945,59577,0.8425,0.9084,0.95,19,1.2283,0.9789,0.0162,0.9802,1.2548,1.2531
PG32021_text.txt,153199,59945,59577,0.8425,0.9084,0.95,20,1.5056,0.9718,0.0162,0.9696,1.5493,1.5529
PG32021_text.txt,153199,59945,59577,0.8425,0.9084,0.99,1,2.3831,1.0039,0.0542,1.0023,2.3739,2.3776
PG32021_text.txt,153199,59945,59577,0.8425,0.9084,0.99,2,1.5586,0.9886,0.0369,1.0509,1.5766,1.4831
PG32021_text.txt,153199,59945,59577,0.8425,0.9084,0.99,3,1.5749,0.9866,0.0304,1.0858,1.5963,1.4505
PG32021_text.txt,153199,59945,59577,0.8425,0.9084,0.99,4,1.8157,0.9942,0.0388,0.9921,1.8263,1.8302
PG32021_text.txt,153199,59945,59577,0.8425,0.9084,0.99,5,2.0239,0.9916,0.0378,0.9875,2.0411,2.0495
PG32021_text.txt,153199,59945,59577,0.8425,0.9084,0.99,6,1.9314,0.9945,0.0442,1.0458,1.942,1.8468
PG32021_text.txt,153199,59945,59577,0.8425,0.9084,0.99,7,2.6907,0.9876,0.0316,0.9571,2.7245,2.8114
PG32021_text.txt,153199,59945,59577,0.8425,0.9084,0.99,8,1.839,1.011,0.0491,0.9938,1.819,1.8504
PG32021_text.txt,153199,59945,59577,0.8425,0.9084,0.99,9,1.9136,0.9887,0.0483,0.9298,1.9354,2.0579
PG32021_text.txt,153199,59945,59577,0.8425,0.9084,0.99,10,1.3537,0.9959,0.0361,0.939,1.3593,1.4416
PG32021_text.txt,153199,59945,59577,0.8425,0.9084,0.99,11,1.4408,0.9913,0.0429,0.9861,1.4534,1.4611
PG32021_text.txt,153199,59945,59577,0.8425,0.9084,0.99,12,1.6798,0.9958,0.0509,1.0327,1.6868,1.6266
PG32021_text.txt,153199,59945,59577,0.8425,0.9084,0.99,13,1.669,0.9879,0.0384,0.9605,1.6894,1.7377
PG32021_text.txt,153199,59945,59577,0.8425,0.9084,0.99,14,1.9804,0.9931,0.0301,0.9439,1.9942,2.0982
PG32021_text.txt,153199,59945,59577,0.8425,0.9084,0.99,15,2.6069,0.9907,0.0451,0.9754,2.6312,2.6727
PG32021_text.txt,153199,59945,59577,0.8425,0.9084,0.99,16,1.733,1.0141,0.0382,1.026,1.7089,1.689
PG32021_text.txt,153199,59945,59577,0.8425,0.9084,0.99,17,1.6252,1.0065,0.0536,0.9199,1.6148,1.7667
PG32021_text.txt,153199,59945,59577,0.8425,0.9084,0.99,18,1.3294,0.9882,0.0332,0.9566,1.3454,1.3897
PG32021_text.txt,153199,59945,59577,0.8425,0.9084,0.99,19,1.4864,0.9967,0.0463,0.9183,1.4913,1.6187
PG32021_text.txt,153199,59945,59577,0.8425,0.9084,0.99,20,1.8372,0.9874,0.0431,1.0212,1.8606,1.799
PG33224_text.txt,412287,178029,176352,0.766,0.8044,0.6,1,0.878,0.775,0.0034,0.788,1.133,1.1142
PG33224_text.txt,412287,178029,176352,0.766,0.8044,0.6,2,1.083,0.7757,0.0028,0.782,1.3961,1.3849
PG33224_text.txt,412287,178029,176352,0.766,0.8044,0.6,3,0.9586,0.7748,0.002,0.7887,1.2372,1.2155
PG33224_text.txt,412287,178029,176352,0.766,0.8044,0.6,4,0.9458,0.7749,0.0021,0.7807,1.2205,1.2115
PG33224_text.txt,412287,178029,176352,0.766,0.8044,0.6,5,0.9403,0.7745,0.0032,0.7743,1.214,1.2144
PG33224_text.txt,412287,178029,176352,0.766,0.8044,0.6,6,0.9011,0.775,0.0029,0.7735,1.1627,1.1649
PG33224_text.txt,412287,178029,176352,0.766,0.8044,0.6,7,0.8978,0.7752,0.0027,0.7712,1.1581,1.1642
PG33224_text.txt,412287,178029,176352,0.766,0.8044,0.6,8,0.8654,0.7739,0.0021,0.7809,1.1182,1.1081
PG33224_text.txt,412287,178029,176352,0.766,0.8044,0.6,9,0.9355,0.7742,0.0027,0.7738,1.2082,1.2089
PG33224_text.txt,412287,178029,176352,0.766,0.8044,0.6,10,0.9248,0.7747,0.0022,0.7751,1.1937,1.1931
PG33224_text.txt,412287,178029,176352,0.766,0.8044,0.6,11,0.8468,0.7749,0.003,0.7769,1.0928,1.09
PG33224_text.txt,412287,178029,176352,0.766,0.8044,0.6,12,0.8875,0.7745,0.0025,0.7754,1.1459,1.1447
PG33224_text.txt,412287,178029,176352,0.766,0.8044,0.6,13,0.8589,0.7752,0.0031,0.7742,1.1079,1.1093
PG33224_text.txt,412287,178029,176352,0.766,0.8044,0.6,14,0.8529,0.7749,0.0019,0.7773,1.1005,1.0972
PG33224_text.txt,412287,178029,176352,0.766,0.8044,0.6,15,0.8236,0.7751,0.0023,0.7756,1.0626,1.0619
PG33224_text.txt,412287,178029,176352,0.766,0.8044,0.6,16,0.8672,0.7754,0.0029,0.7732,1.1183,1.1215
PG33224_text.txt,412287,178029,176352,0.766,0.8044,0.6,17,0.8541,0.7749,0.0033,0.7735,1.1023,1.1042
PG33224_text.txt,412287,178029,176352,0.766,0.8044,0.6,18,0.8609,0.7742,0.0031,0.7769,1.1119,1.1081
PG33224_text.txt,412287,178029,176352,0.766,0.8044,0.6,19,0.8405,0.7752,0.0026,0.7778,1.0842,1.0806
PG33224_text.txt,412287,178029,176352,0.766,0.8044,0.6,20,0.8608,0.7744,0.0018,0.7702,1.1117,1.1177
PG33224_text.txt,412287,178029,176352,0.766,0.8044,0.7,1,0.963,0.837,0.0046,0.8588,1.1506,1.1214
PG33224_text.txt,412287,178029,176352,0.766,0.8044,0.7,2,1.2783,0.8359,0.0038,0.8503,1.5292,1.5033
PG33224_text.txt,412287,178029,176352,0.766,0.8044,0.7,3,1.1039,0.8362,0.0028,0.8532,1.3201,1.2938
PG33224_text.txt,412287,178029,176352,0.766,0.8044,0.7,4,1.0626,0.8364,0.0032,0.8439,1.2705,1.2592
PG33224_text.txt,412287,178029,176352,0.766,0.8044,0.7,5,1.0646,0.8383,0.0037,0.8359,1.27,1.2736
PG33224_text.txt,412287,178029,176352,0.766,0.8044,0.7,6,1.0041,0.837,0.0041,0.8346,1.1996,1.2032
PG33224_text.txt,412287,178029,176352,0.766,0.8044,0.7,7,0.9983,0.8376,0.0043,0.8305,1.1919,1.202
PG33224_text.txt,412287,178029,176352,0.766,0.8044,0.7,8,0.9575,0.8357,0.0029,0.8391,1.1458,1.1411
PG33224_text.txt,412287,178029,176352,0.766,0.8044,0.7,9,1.0459,0.8362,0.0035,0.8379,1.2509,1.2483
PG33224_text.txt,412287,178029,176352,0.766,0.8044,0.7,10,1.0294,0.8373,0.0032,0.8371,1.2295,1.2298
PG33224_text.txt,412287,178029,176352,0.766,0.8044,0.7,11,0.9469,0.8376,0.0049,0.8399,1.1305,1.1273
PG33224_text.txt,412287,178029,176352,0.766,0.8044,0.7,12,0.9772,0.8353,0.0039,0.8412,1.1698,1.1616
PG33224_text.txt,412287,178029,176352,0.766,0.8044,0.7,13,0.9582,0.8375,0.0033,0.8373,1.1441,1.1444
PG33224_text.txt,412287,178029,176352,0.766,0.8044,0.7,14,0.924,0.8372,0.0032,0.8384,1.1037,1.1021
PG33224_text.txt,412287,178029,176352,0.766,0.8044,0.7,15,0.9061,0.8374,0.003,0.8423,1.082,1.0757
PG33224_text.txt,412287,178029,176352,0.766,0.8044,0.7,16,0.9477,0.8378,0.0042,0.8324,1.1312,1.1385
PG33224_text.txt,412287,178029,176352,0.766,0.8044,0.7,17,0.9321,0.8384,0.0043,0.8313,1.1117,1.1212
PG33224_text.txt,412287,178029,176352,0.766,0.8044,0.7,18,0.9329,0.836,0.0034,0.8367,1.116,1.115
PG33224_text.txt,412287,178029,176352,0.766,0.8044,0.7,19,0.92,0.8377,0.0041,0.8364,1.0983,1.0999
PG33224_text.txt,412287,178029,176352,0.766,0.8044,0.7,20,0.9539,0.8363,0.0023,0.83,1.1406,1.1493
PG33224_text.txt,412287,178029,176352,0.766,0.8044,0.8,1,1.0892,0.894,0.0054,0.9095,1.2183,1.1976
PG33224_text.txt,412287,178029,176352,0.766,0.8044,0.8,2,1.5995,0.8956,0.0048,0.8989,1.786,1.7794
PG33224_text.txt,412287,178029,176352,0.766,0.8044,0.8,3,1.2999,0.8924,0.0044,0.9078,1.4567,1.4319
PG33224_text.txt,412287,178029,176352,0.766,0.8044,0.8,4,1.1611,0.8944,0.0046,0.9053,1.2983,1.2826
PG33224_text.txt,412287,178029,176352,0.766,0.8044,0.8,5,1.185,0.8954,0.0045,0.8967,1.3235,1.3214
PG33224_text.txt,412287,178029,176352,0.766,0.8044,0.8,6,1.1174,0.8945,0.0062,0.8881,1.2492,1.2582
PG33224_text.txt,412287,178029,176352,0.766,0.8044,0.8,7,1.1014,0.8951,0.006,0.8969,1.2304,1.228
PG33224_text.txt,412287,178029,176352,0.766,0.8044,0.8,8,1.0474,0.8949,0.0048,0.8965,1.1704,1.1683
PG33224_text.txt,412287,178029,176352,0.766,0.8044,0.8,9,1.1985,0.8945,0.0029,0.8972,1.3399,1.3358
PG33224_text.txt,412287,178029,176352,0.766,0.8044,0.8,10,1.1595,0.8959,0.0045,0.8969,1.2941,1.2928
PG33224_text.txt,412287,178029,176352,0.766,0.8044,0.8,11,1.0603,0.8962,0.0049,0.8998,1.1831,1.1784
PG33224_text.txt,412287,178029,176352,0.766,0.8044,0.8,12,1.0627,0.894,0.0056,0.9037,1.1887,1.176
PG33224_text.txt,412287,178029,176352,0.766,0.8044,0.8,13,1.0344,0.8962,0.0048,0.8859,1.1542,1.1676
PG33224_text.txt,412287,178029,176352,0.766,0.8044,0.8,14,1.0032,0.8945,0.0051,0.8973,1.1216,1.118
PG33224_text.txt,412287,178029,176352,0.766,0.8044,0.8,15,0.9944,0.8949,0.0041,0.9003,1.1112,1.1045
PG33224_text.txt,412287,178029,176352,0.766,0.8044,0.8,16,1.044,0.8946,0.0046,0.8884,1.1671,1.1752
PG33224_text.txt,412287,178029,176352,0.766,0.8044,0.8,17,1.0081,0.8944,0.005,0.8927,1.1272,1.1293
PG33224_text.txt,412287,178029,176352,0.766,0.8044,0.8,18,1.0286,0.8951,0.0042,0.888,1.1492,1.1584
PG33224_text.txt,412287,178029,176352,0.766,0.8044,0.8,19,1.0006,0.8964,0.0041,0.894,1.1163,1.1192
PG33224_text.txt,412287,178029,176352,0.766,0.8044,0.8,20,1.0404,0.8934,0.0037,0.8993,1.1646,1.157
PG33224_text.txt,412287,178029,176352,0.766,0.8044,0.9,1,1.2244,0.9484,0.0055,0.9675,1.2909,1.2654
PG33224_text.txt,412287,178029,176352,0.766,0.8044,0.9,2,1.9635,0.9502,0.0056,0.9585,2.0664,2.0485
PG33224_text.txt,412287,178029,176352,0.766,0.8044,0.9,3,1.5886,0.9456,0.0053,0.9671,1.6799,1.6425
PG33224_text.txt,412287,178029,176352,0.766,0.8044,0.9,4,1.3236,0.9493,0.0086,0.9427,1.3943,1.4041
PG33224_text.txt,412287,178029,176352,0.766,0.8044,0.9,5,1.3371,0.9519,0.0066,0.956,1.4047,1.3987
PG33224_text.txt,412287,178029,176352,0.766,0.8044,0.9,6,1.2634,0.9488,0.009,0.9522,1.3316,1.3269
PG33224_text.txt,412287,178029,176352,0.766,0.8044,0.9,7,1.2674,0.9525,0.0076,0.9411,1.3305,1.3467
PG33224_text.txt,412287,178029,176352,0.766,0.8044,0.9,8,1.1451,0.9507,0.0055,0.9498,1.2045,1.2056
PG33224_text.txt,412287,178029,176352,0.766,0.8044,0.9,9,1.321,0.947,0.0074,0.9566,1.3949,1.3809
PG33224_text.txt,412287,178029,176352,0.766,0.8044,0.9,10,1.3695,0.9514,0.007,0.9545,1.4395,1.4348
PG33224_text.txt,412287,178029,176352,0.766,0.8044,0.9,11,1.2448,0.9524,0.0093,0.9628,1.3069,1.2928
PG33224_text.txt,412287,178029,176352,0.766,0.8044,0.9,12,1.2019,0.95,0.0079,0.9625,1.2652,1.2487
PG33224_text.txt,412287,178029,176352,0.766,0.8044,0.9,13,1.1376,0.9503,0.006,0.9377,1.197,1.2131
PG33224_text.txt,412287,178029,176352,0.766,0.8044,0.9,14,1.1237,0.9486,0.0088,0.9473,1.1846,1.1863
PG33224_text.txt,412287,178029,176352,0.766,0.8044,0.9,15,1.0987,0.947,0.005,0.9448,1.1602,1.1629
PG33224_text.txt,412287,178029,176352,0.766,0.8044,0.9,16,1.2333,0.9493,0.0068,0.944,1.2992,1.3065
PG33224_text.txt,412287,178029,176352,0.766,0.8044,0.9,17,1.0968,0.9488,0.0065,0.9456,1.156,1.1599
PG33224_text.txt,412287,178029,176352,0.766,0.8044,0.9,18,1.1296,0.9486,0.0054,0.9526,1.1909,1.1858
PG33224_text.txt,412287,178029,176352,0.766,0.8044,0.9,19,1.0977,0.9467,0.0091,0.9504,1.1595,1.155
PG33224_text.txt,412287,178029,176352,0.766,0.8044,0.9,20,1.2281,0.9468,0.0076,0.9554,1.2971,1.2854
PG33224_text.txt,412287,178029,176352,0.766,0.8044,0.95,1,1.5205,0.9777,0.0082,0.9838,1.5552,1.5456
PG33224_text.txt,412287,178029,176352,0.766,0.8044,0.95,2,2.5882,0.974,0.0115,0.9784,2.6572,2.6454
PG33224_text.txt,412287,178029,176352,0.766,0.8044,0.95,3,1.8352,0.9749,0.0117,0.9847,1.8825,1.8637
PG33224_text.txt,412287,178029,176352,0.766,0.8044,0.95,4,1.3833,0.9756,0.0106,0.9631,1.418,1.4363
PG33224_text.txt,412287,178029,176352,0.766,0.8044,0.95,5,1.4637,0.9757,0.01,0.9817,1.5001,1.4909
PG33224_text.txt,412287,178029,176352,0.766,0.8044,0.95,6,1.4096,0.9766,0.0092,0.9716,1.4435,1.4508
PG33224_text.txt,412287,178029,176352,0.766,0.8044,0.95,7,1.4522,0.9781,0.0092,0.9774,1.4846,1.4857
PG33224_text.txt,412287,178029,176352,0.766,0.8044,0.95,8,1.2214,0.976,0.0123,0.9718,1.2514,1.2568
PG33224_text.txt,412287,178029,176352,0.766,0.8044,0.95,9,1.3225,0.9744,0.0127,0.9955,1.3572,1.3284
PG33224_text.txt,412287,178029,176352,0.766,0.8044,0.95,10,1.6813,0.9751,0.0082,0.9825,1.7242,1.7112
PG33224_text.txt,412287,178029,176352,0.766,0.8044,0.95,11,1.3415,0.9775,0.0118,0.9775,1.3723,1.3724
PG33224_text.txt,412287,178029,176352,0.766,0.8044,0.95,12,1.3384,0.975,0.0093,0.9803,1.3726,1.3652
PG33224_text.txt,412287,178029,176352,0.766,0.8044,0.95,13,1.2317,0.9724,0.0111,0.9569,1.2666,1.2871
PG33224_text.txt,412287,178029,176352,0.766,0.8044,0.95,14,1.256,0.9751,0.0105,0.958,1.2881,1.311
PG33224_text.txt,412287,178029,176352,0.766,0.8044,0.95,15,1.2422,0.9753,0.0139,0.9607,1.2737,1.2929
PG33224_text.txt,412287,178029,176352,0.766,0.8044,0.95,16,1.36,0.9746,0.0112,0.9747,1.3955,1.3953
PG33224_text.txt,412287,178029,176352,0.766,0.8044,0.95,17,1.1532,0.976,0.0073,0.9874,1.1815,1.1679
PG33224_text.txt,412287,178029,176352,0.766,0.8044,0.95,18,1.1568,0.9767,0.0102,0.9822,1.1844,1.1777
PG33224_text.txt,412287,178029,176352,0.766,0.8044,0.95,19,1.1228,0.9734,0.0115,0.9806,1.1535,1.145
PG33224_text.txt,412287,178029,176352,0.766,0.8044,0.95,20,1.2982,0.9721,0.0085,0.9845,1.3354,1.3186
PG33224_text.txt,412287,178029,176352,0.766,0.8044,0.99,1,2.6501,0.9928,0.0253,0.9922,2.6692,2.6709
PG33224_text.txt,412287,178029,176352,0.766,0.8044,0.99,2,2.0151,1.0081,0.0209,1.007,1.9989,2.0011
PG33224_text.txt,412287,178029,176352,0.766,0.8044,0.99,3,1.7884,0.9873,0.0207,1.0128,1.8114,1.7657
PG33224_text.txt,412287,178029,176352,0.766,0.8044,0.99,4,1.7311,0.9904,0.0261,1.0244,1.7479,1.6899
PG33224_text.txt,412287,178029,176352,0.766,0.8044,0.99,5,1.7496,0.989,0.0254,0.9632,1.769,1.8164
PG33224_text.txt,412287,178029,176352,0.766,0.8044,0.99,6,1.629,0.9998,0.033,0.996,1.6293,1.6355
PG33224_text.txt,412287,178029,176352,0.766,0.8044,0.99,7,1.8609,0.993,0.0273,0.9929,1.8741,1.8742
PG33224_text.txt,412287,178029,176352,0.766,0.8044,0.99,8,1.4555,0.9904,0.0251,1.0109,1.4696,1.4398
PG33224_text.txt,412287,178029,176352,0.766,0.8044,0.99,9,1.5419,0.988,0.0205,1.0312,1.5606,1.4953
PG33224_text.txt,412287,178029,176352,0.766,0.8044,0.99,10,2.739,0.9962,0.0221,0.9756,2.7496,2.8076
PG33224_text.txt,412287,178029,176352,0.766,0.8044,0.99,11,1.7968,0.9951,0.0243,0.9876,1.8056,1.8194
PG33224_text.txt,412287,178029,176352,0.766,0.8044,0.99,12,1.549,1.0012,0.0198,0.9976,1.5471,1.5527
PG33224_text.txt,412287,178029,176352,0.766,0.8044,0.99,13,1.6754,0.9792,0.0173,0.9962,1.711,1.6819
PG33224_text.txt,412287,178029,176352,0.766,0.8044,0.99,14,1.8167,0.988,0.0244,0.9677,1.8388,1.8774
PG33224_text.txt,412287,178029,176352,0.766,0.8044,0.99,15,1.6051,0.9947,0.0226,0.9687,1.6136,1.6568
PG33224_text.txt,412287,178029,176352,0.766,0.8044,0.99,16,2.0012,0.9942,0.0222,0.982,2.0129,2.0379
PG33224_text.txt,412287,178029,176352,0.766,0.8044,0.99,17,1.3364,0.998,0.0205,0.9832,1.3391,1.3592
PG33224_text.txt,412287,178029,176352,0.766,0.8044,0.99,18,1.3416,0.9951,0.0301,1.0088,1.3482,1.3299
PG33224_text.txt,412287,178029,176352,0.766,0.8044,0.99,19,1.2849,0.9975,0.0215,1.0619,1.2881,1.21
PG33224_text.txt,412287,178029,176352,0.766,0.8044,0.99,20,1.7828,0.9866,0.0335,1.0208,1.8071,1.7464
PG52293_text.txt,54048,16322,16206,0.7596,0.735,0.6,1,1.08,0.7726,0.0093,0.7844,1.3978,1.3768
PG52293_text.txt,54048,16322,16206,0.7596,0.735,0.6,2,1.2233,0.7737,0.0096,0.7646,1.581,1.6
PG52293_text.txt,54048,16322,16206,0.7596,0.735,0.6,3,0.9057,0.7764,0.009,0.7804,1.1665,1.1605
PG52293_text.txt,54048,16322,16206,0.7596,0.735,0.6,4,0.9904,0.7752,0.0091,0.7711,1.2775,1.2844
PG52293_text.txt,54048,16322,16206,0.7596,0.735,0.6,5,0.8932,0.7758,0.0099,0.7801,1.1514,1.145
PG52293_text.txt,54048,16322,16206,0.7596,0.735,0.6,6,0.8657,0.7769,0.0097,0.766,1.1143,1.1302
PG52293_text.txt,54048,16322,16206,0.7596,0.735,0.6,7,0.8402,0.7722,0.0084,0.7734,1.0881,1.0864
PG52293_text.txt,54048,16322,16206,0.7596,0.735,0.6,8,0.8548,0.7735,0.0095,0.7858,1.1051,1.0877
PG52293_text.txt,54048,16322,16206,0.7596,0.735,0.6,9,0.8452,0.7776,0.0119,0.7802,1.0869,1.0833
PG52293_text.txt,54048,16322,16206,0.7596,0.735,0.6,10,0.852,0.7771,0.0105,0.7743,1.0964,1.1003
PG52293_text.txt,54048,16322,16206,0.7596,0.735,0.6,11,0.8444,0.7757,0.0128,0.7707,1.0885,1.0955
PG52293_text.txt,54048,16322,16206,0.7596,0.735,0.6,12,0.8462,0.7795,0.0085,0.7781,1.0856,1.0876
PG52293_text.txt,54048,16322,16206,0.7596,0.735,0.6,13,0.8319,0.7752,0.0082,0.8046,1.0731,1.0339
PG52293_text.txt,54048,16322,16206,0.7596,0.735,0.6,14,0.8395,0.7752,0.0091,0.7918,1.0829,1.0603
PG52293_text.txt,54048,16322,16206,0.7596,0.735,0.6,15,0.8358,0.7757,0.0089,0.7577,1.0775,1.1032
PG52293_text.txt,54048,16322,16206,0.7596,0.735,0.6,16,0.8457,0.776,0.0102,0.7719,1.0898,1.0955
PG52293_text.txt,54048,16322,16206,0.7596,0.735,0.6,17,0.8366,0.7768,0.0092,0.7696,1.077,1.087
PG52293_text.txt,54048,16322,16206,0.7596,0.735,0.6,18,0.8302,0.7766,0.0091,0.7677,1.069,1.0815
PG52293_text.txt,54048,16322,16206,0.7596,0.735,0.6,19,0.8514,0.7789,0.0096,0.7733,1.0931,1.1009
PG52293_text.txt,54048,16322,16206,0.7596,0.735,0.6,20,0.8583,0.78,0.0095,0.7834,1.1004,1.0957
PG52293_text.txt,54048,16322,16206,0.7596,0.735,0.7,1,1.2496,0.8363,0.0139,0.8328,1.4942,1.5004
PG52293_text.txt,54048,16322,16206,0.7596,0.735,0.7,2,1.4226,0.8343,0.0098,0.8302,1.7052,1.7137
PG52293_text.txt,54048,16322,16206,0.7596,0.735,0.7,3,0.9828,0.8379,0.0107,0.8397,1.1729,1.1703
PG52293_text.txt,54048,16322,16206,0.7596,0.735,0.7,4,1.0721,0.8366,0.0112,0.844,1.2815,1.2702
PG52293_text.txt,54048,16322,16206,0.7596,0.735,0.7,5,1.0009,0.8373,0.0134,0.8356,1.1955,1.1978
PG52293_text.txt,54048,16322,16206,0.7596,0.735,0.7,6,0.9437,0.839,0.0125,0.8417,1.1248,1.1212
PG52293_text.txt,54048,16322,16206,0.7596,0.735,0.7,7,0.9046,0.8321,0.0096,0.8462,1.0871,1.069
PG52293_text.txt,54048,16322,16206,0.7596,0.735,0.7,8,0.9471,0.8373,0.0093,0.846,1.1311,1.1195
PG52293_text.txt,54048,16322,16206,0.7596,0.735,0.7,9,0.934,0.838,0.0127,0.8216,1.1146,1.1368
PG52293_text.txt,54048,16322,16206,0.7596,0.735,0.7,10,0.9076,0.8361,0.0149,0.816,1.0855,1.1123
PG52293_text.txt,54048,16322,16206,0.7596,0.735,0.7,11,0.9206,0.8428,0.0132,0.8368,1.0923,1.1002
PG52293_text.txt,54048,16322,16206,0.7596,0.735,0.7,12,0.9448,0.8339,0.011,0.8452,1.133,1.1179
PG52293_text.txt,54048,16322,16206,0.7596,0.735,0.7,13,0.9086,0.8365,0.0104,0.8693,1.0862,1.0452
PG52293_text.txt,54048,16322,16206,0.7596,0.735,0.7,14,0.9236,0.8392,0.0137,0.8401,1.1005,1.0994
PG52293_text.txt,54048,16322,16206,0.7596,0.735,0.7,15,0.9116,0.8354,0.0102,0.8192,1.0912,1.1128
PG52293_text.txt,54048,16322,16206,0.7596,0.735,0.7,16,0.9164,0.8443,0.0106,0.8227,1.0855,1.1139
PG52293_text.txt,54048,16322,16206,0.7596,0.735,0.7,17,0.9286,0.8352,0.0113,0.848,1.1119,1.0951
PG52293_text.txt,54048,16322,16206,0.7596,0.735,0.7,18,0.8921,0.8385,0.0099,0.8388,1.064,1.0635
PG52293_text.txt,54048,16322,16206,0.7596,0.735,0.7,19,0.9081,0.8389,0.0107,0.8397,1.0825,1.0814
PG52293_text.txt,54048,16322,16206,0.7596,0.735,0.7,20,0.9457,0.8412,0.013,0.8564,1.1242,1.1043
PG52293_text.txt,54048,16322,16206,0.7596,0.735,0.8,1,1.3818,0.8929,0.0125,0.8912,1.5474,1.5505
PG52293_text.txt,54048,16322,16206,0.7596,0.735,0.8,2,1.6823,0.8935,0.0138,0.8873,1.8828,1.8961
PG52293_text.txt,54048,16322,16206,0.7596,0.735,0.8,3,1.0363,0.8972,0.0143,0.8985,1.155,1.1534
PG52293_text.txt,54048,16322,16206,0.7596,0.735,0.8,4,1.2228,0.8909,0.0111,0.9044,1.3725,1.352
PG52293_text.txt,54048,16322,16206,0.7596,0.735,0.8,5,1.1672,0.8932,0.0153,0.9098,1.3068,1.283
PG52293_text.txt,54048,16322,16206,0.7596,0.735,0.8,6,1.0523,0.8935,0.0147,0.9042,1.1778,1.1638
PG52293_text.txt,54048,16322,16206,0.7596,0.735,0.8,7,0.9835,0.8908,0.0187,0.8933,1.1041,1.101
PG52293_text.txt,54048,16322,16206,0.7596,0.735,0.8,8,1.0437,0.8993,0.0106,0.9166,1.1606,1.1387
PG52293_text.txt,54048,16322,16206,0.7596,0.735,0.8,9,0.9987,0.8997,0.016,0.8729,1.11,1.1442
PG52293_text.txt,54048,16322,16206,0.7596,0.735,0.8,10,0.9954,0.8944,0.0128,0.8753,1.1129,1.1371
PG52293_text.txt,54048,16322,16206,0.7596,0.735,0.8,11,1.0249,0.8975,0.0151,0.8973,1.142,1.1422
PG52293_text.txt,54048,16322,16206,0.7596,0.735,0.8,12,1.0427,0.8892,0.0151,0.9002,1.1726,1.1583
PG52293_text.txt,54048,16322,16206,0.7596,0.735,0.8,13,1.0072,0.8962,0.0134,0.9123,1.1239,1.104
PG52293_text.txt,54048,16322,16206,0.7596,0.735,0.8,14,1.0542,0.8949,0.0186,0.8943,1.178,1.1788
PG52293_text.txt,54048,16322,16206,0.7596,0.735,0.8,15,1.0307,0.8932,0.0187,0.8646,1.1539,1.1922
PG52293_text.txt,54048,16322,16206,0.7596,0.735,0.8,16,1.0471,0.9015,0.01,0.8789,1.1615,1.1914
PG52293_text.txt,54048,16322,16206,0.7596,0.735,0.8,17,1.0371,0.8899,0.015,0.8987,1.1654,1.154
PG52293_text.txt,54048,16322,16206,0.7596,0.735,0.8,18,0.9838,0.901,0.0147,0.9131,1.0919,1.0775
PG52293_text.txt,54048,16322,16206,0.7596,0.735,0.8,19,0.9989,0.8932,0.0155,0.8828,1.1183,1.1315
PG52293_text.txt,54048,16322,16206,0.7596,0.735,0.8,20,1.0817,0.899,0.0151,0.9413,1.2033,1.1491
PG52293_text.txt,54048,16322,16206,0.7596,0.735,0.9,1,1.5929,0.9575,0.022,0.9739,1.6635,1.6356
PG52293_text.txt,54048,16322,16206,0.7596,0.735,0.9,2,2.0514,0.9486,0.0217,0.9215,2.1627,2.2261
PG52293_text.txt,54048,16322,16206,0.7596,0.735,0.9,3,1.0861,0.9532,0.0237,0.9487,1.1394,1.1448
PG52293_text.txt,54048,16322,16206,0.7596,0.735,0.9,4,1.2733,0.953,0.026,0.9008,1.3361,1.4135
PG52293_text.txt,54048,16322,16206,0.7596,0.735,0.9,5,1.5879,0.95,0.0181,0.954,1.6715,1.6646
PG52293_text.txt,54048,16322,16206,0.7596,0.735,0.9,6,1.33,0.9628,0.0206,0.9012,1.3814,1.4759
PG52293_text.txt,54048,16322,16206,0.7596,0.735,0.9,7,1.1629,0.9481,0.0178,0.9998,1.2266,1.1632
PG52293_text.txt,54048,16322,16206,0.7596,0.735,0.9,8,1.2183,0.951,0.0245,0.928,1.2812,1.3128
PG52293_text.txt,54048,16322,16206,0.7596,0.735,0.9,9,1.1535,0.9601,0.0271,0.9336,1.2014,1.2354
PG52293_text.txt,54048,16322,16206,0.7596,0.735,0.9,10,1.386,0.9464,0.0199,0.9217,1.4645,1.5036
PG52293_text.txt,54048,16322,16206,0.7596,0.735,0.9,11,1.1416,0.9629,0.02,0.9842,1.1856,1.1599
PG52293_text.txt,54048,16322,16206,0.7596,0.735,0.9,12,1.1135,0.9455,0.0185,0.956,1.1776,1.1647
PG52293_text.txt,54048,16322,16206,0.7596,0.735,0.9,13,1.2278,0.9487,0.0237,0.9337,1.2942,1.3149
PG52293_text.txt,54048,16322,16206,0.7596,0.735,0.9,14,1.199,0.9449,0.0219,0.9334,1.269,1.2846
PG52293_text.txt,54048,16322,16206,0.7596,0.735,0.9,15,1.2723,0.9556,0.031,0.9712,1.3315,1.31
PG52293_text.txt,54048,16322,16206,0.7596,0.735,0.9,16,1.2268,0.9497,0.0209,0.9391,1.2917,1.3063
PG52293_text.txt,54048,16322,16206,0.7596,0.735,0.9,17,1.206,0.9515,0.0202,0.9467,1.2674,1.2738
PG52293_text.txt,54048,16322,16206,0.7596,0.735,0.9,18,1.1202,0.9499,0.0232,0.9678,1.1792,1.1574
PG52293_text.txt,54048,16322,16206,0.7596,0.735,0.9,19,1.1055,0.947,0.0169,0.8998,1.1674,1.2286
PG52293_text.txt,54048,16322,16206,0.7596,0.735,0.9,20,1.3606,0.9472,0.0215,0.9576,1.4365,1.4208
PG52293_text.txt,54048,16322,16206,0.7596,0.735,0.95,1,1.7062,0.9805,0.0302,0.9705,1.7402,1.7581
PG52293_text.txt,54048,16322,16206,0.7596,0.735,0.95,2,3.5798,0.9663,0.0328,0.9844,3.7045,3.6364
PG52293_text.txt,54048,16322,16206,0.7596,0.735,0.95,3,1.1304,0.9869,0.0321,0.9341,1.1454,1.2102
PG52293_text.txt,54048,16322,16206,0.7596,0.735,0.95,4,1.4261,0.9716,0.0256,0.9628,1.4677,1.4812
PG52293_text.txt,54048,16322,16206,0.7596,0.735,0.95,5,1.7907,0.9773,0.0223,0.9706,1.8323,1.8449
PG52293_text.txt,54048,16322,16206,0.7596,0.735,0.95,6,1.4715,0.9904,0.0335,0.9858,1.4858,1.4927
PG52293_text.txt,54048,16322,16206,0.7596,0.735,0.95,7,1.2149,0.9727,0.0329,1.0452,1.2491,1.1624
PG52293_text.txt,54048,16322,16206,0.7596,0.735,0.95,8,1.2725,0.9729,0.0276,0.9547,1.3079,1.3329
PG52293_text.txt,54048,16322,16206,0.7596,0.735,0.95,9,1.3128,0.9814,0.033,0.9623,1.3377,1.3643
PG52293_text.txt,54048,16322,16206,0.7596,0.735,0.95,10,1.8608,0.9768,0.0311,0.96,1.905,1.9384
PG52293_text.txt,54048,16322,16206,0.7596,0.735,0.95,11,1.3146,0.9694,0.03,0.9703,1.3561,1.3548
PG52293_text.txt,54048,16322,16206,0.7596,0.735,0.95,12,1.342,0.9668,0.0397,0.9454,1.3881,1.4195
PG52293_text.txt,54048,16322,16206,0.7596,0.735,0.95,13,1.3881,0.9794,0.0413,1.0085,1.4174,1.3764
PG52293_text.txt,54048,16322,16206,0.7596,0.735,0.95,14,1.3979,0.9671,0.0354,1.026,1.4454,1.3624
PG52293_text.txt,54048,16322,16206,0.7596,0.735,0.95,15,1.4656,0.9604,0.0355,0.9896,1.5261,1.4811
PG52293_text.txt,54048,16322,16206,0.7596,0.735,0.95,16,1.2911,0.9718,0.0299,0.9291,1.3285,1.3896
PG52293_text.txt,54048,16322,16206,0.7596,0.735,0.95,17,1.383,0.9892,0.0421,1.0003,1.3981,1.3826
PG52293_text.txt,54048,16322,16206,0.7596,0.735,0.95,18,1.1351,0.9702,0.0463,0.9915,1.17,1.1448
PG52293_text.txt,54048,16322,16206,0.7596,0.735,0.95,19,1.3472,0.9733,0.0299,0.9782,1.3842,1.3772
PG52293_text.txt,54048,16322,16206,0.7596,0.735,0.95,20,1.3416,0.9628,0.0306,0.9116,1.3935,1.4718
PG52293_text.txt,54048,16322,16206,0.7596,0.735,0.99,1,2.652,0.986,0.0729,0.9471,2.6898,2.8002
PG52293_text.txt,54048,16322,16206,0.7596,0.735,0.99,2,2.3481,0.958,0.081,0.9778,2.451,2.4015
PG52293_text.txt,54048,16322,16206,0.7596,0.735,0.99,3,1.4916,0.9649,0.0572,1.0446,1.5459,1.4279
PG52293_text.txt,54048,16322,16206,0.7596,0.735,0.99,4,1.888,0.9594,0.0911,0.9309,1.9679,2.0281
PG52293_text.txt,54048,16322,16206,0.7596,0.735,0.99,5,1.632,0.9726,0.0844,1.0017,1.678,1.6292
PG52293_text.txt,54048,16322,16206,0.7596,0.735,0.99,6,1.6668,0.9711,0.0647,0.9706,1.7164,1.7174
PG52293_text.txt,54048,16322,16206,0.7596,0.735,0.99,7,1.6024,0.9685,0.0897,1.0158,1.6546,1.5775
PG52293_text.txt,54048,16322,16206,0.7596,0.735,0.99,8,1.9373,0.972,0.0761,0.8991,1.9931,2.1547
PG52293_text.txt,54048,16322,16206,0.7596,0.735,0.99,9,1.574,0.987,0.0594,1.0868,1.5947,1.4483
PG52293_text.txt,54048,16322,16206,0.7596,0.735,0.99,10,2.5859,0.9972,0.0921,0.9428,2.5931,2.7429
PG52293_text.txt,54048,16322,16206,0.7596,0.735,0.99,11,2.1009,0.985,0.0672,1.0023,2.133,2.0961
PG52293_text.txt,54048,16322,16206,0.7596,0.735,0.99,12,2.1459,0.966,0.0812,0.9424,2.2213,2.277
PG52293_text.txt,54048,16322,16206,0.7596,0.735,0.99,13,3.1052,1.0195,0.079,0.8561,3.0459,3.627
PG52293_text.txt,54048,16322,16206,0.7596,0.735,0.99,14,3.9427,0.9975,0.0777,0.9596,3.9524,4.1087
PG52293_text.txt,54048,16322,16206,0.7596,0.735,0.99,15,2.1882,0.9822,0.0673,0.9438,2.2277,2.3185
PG52293_text.txt,54048,16322,16206,0.7596,0.735,0.99,16,1.8164,1.0023,0.075,0.8911,1.8122,2.0384
PG52293_text.txt,54048,16322,16206,0.7596,0.735,0.99,17,1.9538,1.0296,0.0701,0.9984,1.8975,1.9569
PG52293_text.txt,54048,16322,16206,0.7596,0.735,0.99,18,1.5312,1.0192,0.0892,1.037,1.5024,1.4766
PG52293_text.txt,54048,16322,16206,0.7596,0.735,0.99,19,1.8052,1.0256,0.091,0.92,1.7602,1.9622
PG52293_text.txt,54048,16322,16206,0.7596,0.735,0.99,20,1.928,0.9492,0.0594,0.9349,2.0311,2.0624
PG55262_text.txt,152281,56125,55990,0.6902,0.7234,0.6,1,0.923,0.7755,0.0045,0.7812,1.1902,1.1815
PG55262_text.txt,152281,56125,55990,0.6902,0.7234,0.6,2,0.9138,0.7743,0.0052,0.7745,1.1801,1.1798
PG55262_text.txt,152281,56125,55990,0.6902,0.7234,0.6,3,0.9448,0.774,0.0064,0.7729,1.2207,1.2225
PG55262_text.txt,152281,56125,55990,0.6902,0.7234,0.6,4,0.8705,0.7744,0.0049,0.775,1.1241,1.1232
PG55262_text.txt,152281,56125,55990,0.6902,0.7234,0.6,5,0.8431,0.7739,0.0043,0.7819,1.0894,1.0783
PG55262_text.txt,152281,56125,55990,0.6902,0.7234,0.6,6,0.863,0.7752,0.0061,0.7739,1.1134,1.1152
PG55262_text.txt,152281,56125,55990,0.6902,0.7234,0.6,7,0.8602,0.7753,0.0053,0.781,1.1095,1.1013
PG55262_text.txt,152281,56125,55990,0.6902,0.7234,0.6,8,0.8596,0.7749,0.0055,0.7826,1.1092,1.0984
PG55262_text.txt,152281,56125,55990,0.6902,0.7234,0.6,9,0.8577,0.7763,0.0039,0.7764,1.1048,1.1047
PG55262_text.txt,152281,56125,55990,0.6902,0.7234,0.6,10,0.8398,0.7746,0.0053,0.7773,1.0841,1.0803
PG55262_text.txt,152281,56125,55990,0.6902,0.7234,0.6,11,0.8542,0.7761,0.0034,0.773,1.1006,1.1051
PG55262_text.txt,152281,56125,55990,0.6902,0.7234,0.6,12,0.8393,0.7757,0.0048,0.7692,1.082,1.0912
PG55262_text.txt,152281,56125,55990,0.6902,0.7234,0.6,13,0.8402,0.7763,0.0051,0.7779,1.0822,1.08
PG55262_text.txt,152281,56125,55990,0.6902,0.7234,0.6,14,0.8354,0.7741,0.0054,0.7689,1.0792,1.0865
PG55262_text.txt,152281,56125,55990,0.6902,0.7234,0.6,15,0.8293,0.7737,0.0049,0.785,1.0718,1.0563
PG55262_text.txt,152281,56125,55990,0.6902,0.7234,0.6,16,0.8457,0.7735,0.0064,0.7796,1.0934,1.0849
PG55262_text.txt,152281,56125,55990,0.6902,0.7234,0.6,17,0.8371,0.7754,0.0062,0.7712,1.0796,1.0854
PG55262_text.txt,152281,56125,55990,0.6902,0.7234,0.6,18,0.8516,0.7761,0.0043,0.7712,1.0973,1.1042
PG55262_text.txt,152281,56125,55990,0.6902,0.7234,0.6,19,0.8387,0.772,0.0053,0.7732,1.0864,1.0848
PG55262_text.txt,152281,56125,55990,0.6902,0.7234,0.6,20,0.8317,0.7771,0.0044,0.7841,1.0702,1.0607
PG55262_text.txt,152281,56125,55990,0.6902,0.7234,0.7,1,1.0402,0.8328,0.0074,0.8435,1.249,1.2332
PG55262_text.txt,152281,56125,55990,0.6902,0.7234,0.7,2,1.0092,0.8352,0.0083,0.834,1.2083,1.2101
PG55262_text.txt,152281,56125,55990,0.6902,0.7234,0.7,3,1.0596,0.8361,0.0066,0.8394,1.2673,1.2624
PG55262_text.txt,152281,56125,55990,0.6902,0.7234,0.7,4,0.966,0.836,0.0059,0.8314,1.1555,1.1618
PG55262_text.txt,152281,56125,55990,0.6902,0.7234,0.7,5,0.9347,0.8353,0.0063,0.8411,1.119,1.1113
PG55262_text.txt,152281,56125,55990,0.6902,0.7234,0.7,6,0.9302,0.8369,0.0071,0.8439,1.1114,1.1022
PG55262_text.txt,152281,56125,55990,0.6902,0.7234,0.7,7,0.9353,0.8358,0.0056,0.8377,1.119,1.1165
PG55262_text.txt,152281,56125,55990,0.6902,0.7234,0.7,8,0.9475,0.8392,0.0077,0.8449,1.1291,1.1214
PG55262_text.txt,152281,56125,55990,0.6902,0.7234,0.7,9,0.951,0.8385,0.0051,0.8468,1.1342,1.1231
PG55262_text.txt,152281,56125,55990,0.6902,0.7234,0.7,10,0.9319,0.8344,0.0067,0.8405,1.1168,1.1088
PG55262_text.txt,152281,56125,55990,0.6902,0.7234,0.7,11,0.9241,0.8367,0.0053,0.8308,1.1045,1.1124
PG55262_text.txt,152281,56125,55990,0.6902,0.7234,0.7,12,0.9372,0.8373,0.0056,0.831,1.1194,1.1278
PG55262_text.txt,152281,56125,55990,0.6902,0.7234,0.7,13,0.9228,0.8386,0.0064,0.8435,1.1004,1.094
PG55262_text.txt,152281,56125,55990,0.6902,0.7234,0.7,14,0.9114,0.8393,0.0057,0.8368,1.0859,1.0891
PG55262_text.txt,152281,56125,55990,0.6902,0.7234,0.7,15,0.9265,0.8365,0.0076,0.8417,1.1075,1.1007
PG55262_text.txt,152281,56125,55990,0.6902,0.7234,0.7,16,0.9305,0.836,0.0066,0.8484,1.1131,1.0968
PG55262_text.txt,152281,56125,55990,0.6902,0.7234,0.7,17,0.9101,0.8363,0.0062,0.8327,1.0883,1.093
PG55262_text.txt,152281,56125,55990,0.6902,0.7234,0.7,18,0.9407,0.8359,0.0059,0.8282,1.1253,1.1358
PG55262_text.txt,152281,56125,55990,0.6902,0.7234,0.7,19,0.918,0.8345,0.0073,0.8244,1.1001,1.1136
PG55262_text.txt,152281,56125,55990,0.6902,0.7234,0.7,20,0.9083,0.8397,0.0051,0.8436,1.0817,1.0767
PG55262_text.txt,152281,56125,55990,0.6902,0.7234,0.8,1,1.1596,0.8894,0.0084,0.9008,1.3038,1.2872
PG55262_text.txt,152281,56125,55990,0.6902,0.7234,0.8,2,1.1276,0.8917,0.0109,0.8986,1.2646,1.2549
PG55262_text.txt,152281,56125,55990,0.6902,0.7234,0.8,3,1.2589,0.8936,0.0073,0.8954,1.4088,1.406
PG55262_text.txt,152281,56125,55990,0.6902,0.7234,0.8,4,1.096,0.8974,0.0092,0.8925,1.2212,1.2279
PG55262_text.txt,152281,56125,55990,0.6902,0.7234,0.8,5,1.0341,0.8971,0.0072,0.8888,1.1527,1.1634
PG55262_text.txt,152281,56125,55990,0.6902,0.7234,0.8,6,1.0296,0.8938,0.0073,0.8857,1.1519,1.1625
PG55262_text.txt,152281,56125,55990,0.6902,0.7234,0.8,7,0.9965,0.895,0.0077,0.8853,1.1133,1.1256
PG55262_text.txt,152281,56125,55990,0.6902,0.7234,0.8,8,1.0266,0.8949,0.0085,0.9131,1.1471,1.1243
PG55262_text.txt,152281,56125,55990,0.6902,0.7234,0.8,9,1.0312,0.8939,0.0082,0.8997,1.1536,1.1462
PG55262_text.txt,152281,56125,55990,0.6902,0.7234,0.8,10,1.008,0.8945,0.0067,0.9004,1.1269,1.1194
PG55262_text.txt,152281,56125,55990,0.6902,0.7234,0.8,11,0.9933,0.8962,0.0083,0.895,1.1084,1.1098
PG55262_text.txt,152281,56125,55990,0.6902,0.7234,0.8,12,0.9979,0.8936,0.008,0.889,1.1167,1.1225
PG55262_text.txt,152281,56125,55990,0.6902,0.7234,0.8,13,0.9785,0.8954,0.0078,0.9011,1.0928,1.0858
PG55262_text.txt,152281,56125,55990,0.6902,0.7234,0.8,14,0.9664,0.8925,0.0071,0.8897,1.0827,1.0862
PG55262_text.txt,152281,56125,55990,0.6902,0.7234,0.8,15,1.0219,0.8949,0.0108,0.8978,1.1419,1.1382
PG55262_text.txt,152281,56125,55990,0.6902,0.7234,0.8,16,1.0127,0.8954,0.0092,0.8935,1.131,1.1334
PG55262_text.txt,152281,56125,55990,0.6902,0.7234,0.8,17,0.999,0.8942,0.008,0.8776,1.1172,1.1384
PG55262_text.txt,152281,56125,55990,0.6902,0.7234,0.8,18,1.0126,0.894,0.0061,0.8882,1.1327,1.14
PG55262_text.txt,152281,56125,55990,0.6902,0.7234,0.8,19,0.9967,0.8948,0.009,0.8861,1.1139,1.1248
PG55262_text.txt,152281,56125,55990,0.6902,0.7234,0.8,20,0.9914,0.8972,0.0072,0.8961,1.105,1.1063
PG55262_text.txt,152281,56125,55990,0.6902,0.7234,0.9,1,1.3244,0.9458,0.0097,0.9552,1.4004,1.3866
PG55262_text.txt,152281,56125,55990,0.6902,0.7234,0.9,2,1.2216,0.9514,0.0121,0.9539,1.284,1.2807
PG55262_text.txt,152281,56125,55990,0.6902,0.7234,0.9,3,1.5027,0.9567,0.0096,0.9365,1.5707,1.6046
PG55262_text.txt,152281,56125,55990,0.6902,0.7234,0.9,4,1.1954,0.9532,0.0164,0.942,1.254,1.269
PG55262_text.txt,152281,56125,55990,0.6902,0.7234,0.9,5,1.119,0.9509,0.0108,0.9691,1.1768,1.1547
PG55262_text.txt,152281,56125,55990,0.6902,0.7234,0.9,6,1.233,0.9445,0.0119,0.9377,1.3054,1.315
PG55262_text.txt,152281,56125,55990,0.6902,0.7234,0.9,7,1.1139,0.9494,0.0135,0.9477,1.1732,1.1753
PG55262_text.txt,152281,56125,55990,0.6902,0.7234,0.9,8,1.0941,0.9515,0.0131,0.9723,1.1498,1.1252
PG55262_text.txt,152281,56125,55990,0.6902,0.7234,0.9,9,1.1435,0.9509,0.0105,0.9671,1.2026,1.1824
PG55262_text.txt,152281,56125,55990,0.6902,0.7234,0.9,10,1.1183,0.9448,0.0101,0.9534,1.1836,1.173
PG55262_text.txt,152281,56125,55990,0.6902,0.7234,0.9,11,1.0868,0.9494,0.0129,0.9574,1.1448,1.1352
PG55262_text.txt,152281,56125,55990,0.6902,0.7234,0.9,12,1.1197,0.949,0.0112,0.9433,1.1799,1.187
PG55262_text.txt,152281,56125,55990,0.6902,0.7234,0.9,13,1.0776,0.9513,0.0161,0.9617,1.1327,1.1205
PG55262_text.txt,152281,56125,55990,0.6902,0.7234,0.9,14,1.1161,0.9535,0.0082,0.9556,1.1706,1.168
PG55262_text.txt,152281,56125,55990,0.6902,0.7234,0.9,15,1.1082,0.9498,0.0109,0.9525,1.1668,1.1635
PG55262_text.txt,152281,56125,55990,0.6902,0.7234,0.9,16,1.0847,0.9476,0.0106,0.9388,1.1447,1.1554
PG55262_text.txt,152281,56125,55990,0.6902,0.7234,0.9,17,1.0618,0.9457,0.0113,0.9336,1.1227,1.1373
PG55262_text.txt,152281,56125,55990,0.6902,0.7234,0.9,18,1.1124,0.9474,0.0116,0.9369,1.1741,1.1874
PG55262_text.txt,152281,56125,55990,0.6902,0.7234,0.9,19,1.0923,0.9464,0.0112,0.9457,1.1541,1.1549
PG55262_text.txt,152281,56125,55990,0.6902,0.7234,0.9,20,1.1348,0.9527,0.0082,0.9578,1.1912,1.1848
PG55262_text.txt,152281,56125,55990,0.6902,0.7234,0.95,1,1.5423,0.9729,0.0149,1.0064,1.5852,1.5325
PG55262_text.txt,152281,56125,55990,0.6902,0.7234,0.95,2,1.3481,0.9855,0.0211,0.9746,1.3679,1.3833
PG55262_text.txt,152281,56125,55990,0.6902,0.7234,0.95,3,1.7518,0.9795,0.0126,0.9704,1.7883,1.8053
PG55262_text.txt,152281,56125,55990,0.6902,0.7234,0.95,4,1.3009,0.9667,0.0218,1.0029,1.3457,1.2972
PG55262_text.txt,152281,56125,55990,0.6902,0.7234,0.95,5,1.2506,0.9793,0.0191,0.9914,1.277,1.2614
PG55262_text.txt,152281,56125,55990,0.6902,0.7234,0.95,6,1.3644,0.975,0.0179,0.9771,1.3994,1.3964
PG55262_text.txt,152281,56125,55990,0.6902,0.7234,0.95,7,1.2539,0.9796,0.0155,0.975,1.2801,1.2861
PG55262_text.txt,152281,56125,55990,0.6902,0.7234,0.95,8,1.1136,0.9775,0.0185,0.9827,1.1392,1.1332
PG55262_text.txt,152281,56125,55990,0.6902,0.7234,0.95,9,1.3315,0.975,0.0169,1.0143,1.3657,1.3128
PG55262_text.txt,152281,56125,55990,0.6902,0.7234,0.95,10,1.181,0.9667,0.0127,1.0009,1.2216,1.1799
PG55262_text.txt,152281,56125,55990,0.6902,0.7234,0.95,11,1.0884,0.9816,0.0157,0.9632,1.1088,1.1299
PG55262_text.txt,152281,56125,55990,0.6902,0.7234,0.95,12,1.2258,0.9805,0.0246,0.9726,1.2502,1.2604
PG55262_text.txt,152281,56125,55990,0.6902,0.7234,0.95,13,1.1058,0.9774,0.0266,0.9886,1.1314,1.1186
PG55262_text.txt,152281,56125,55990,0.6902,0.7234,0.95,14,1.1922,0.9796,0.0176,0.9765,1.217,1.2209
PG55262_text.txt,152281,56125,55990,0.6902,0.7234,0.95,15,1.228,0.973,0.014,0.9822,1.262,1.2503
PG55262_text.txt,152281,56125,55990,0.6902,0.7234,0.95,16,1.1453,0.977,0.0186,0.9465,1.1723,1.21
PG55262_text.txt,152281,56125,55990,0.6902,0.7234,0.95,17,1.1402,0.9728,0.0211,0.9627,1.1721,1.1844
PG55262_text.txt,152281,56125,55990,0.6902,0.7234,0.95,18,1.2018,0.9678,0.0204,0.9376,1.2417,1.2818
PG55262_text.txt,152281,56125,55990,0.6902,0.7234,0.95,19,1.1803,0.9694,0.0184,0.9828,1.2175,1.201
PG55262_text.txt,152281,56125,55990,0.6902,0.7234,0.95,20,1.2367,0.9777,0.0171,0.9451,1.2649,1.3086
PG55262_text.txt,152281,56125,55990,0.6902,0.7234,0.99,1,2.0181,0.9944,0.0428,1.0627,2.0295,1.899
PG55262_text.txt,152281,56125,55990,0.6902,0.7234,0.99,2,1.5462,0.9854,0.0232,0.9998,1.5691,1.5464
PG55262_text.txt,152281,56125,55990,0.6902,0.7234,0.99,3,1.7216,0.9751,0.0353,0.9656,1.7655,1.7829
PG55262_text.txt,152281,56125,55990,0.6902,0.7234,0.99,4,1.7382,0.9988,0.0358,0.9634,1.7402,1.8043
PG55262_text.txt,152281,56125,55990,0.6902,0.7234,0.99,5,1.383,0.9876,0.031,1.0105,1.4003,1.3686
PG55262_text.txt,152281,56125,55990,0.6902,0.7234,0.99,6,1.459,0.9858,0.0297,1.0066,1.48,1.4495
PG55262_text.txt,152281,56125,55990,0.6902,0.7234,0.99,7,1.3326,1.0008,0.035,1.022,1.3316,1.304
PG55262_text.txt,152281,56125,55990,0.6902,0.7234,0.99,8,1.1204,0.998,0.0442,1.0859,1.1227,1.0318
PG55262_text.txt,152281,56125,55990,0.6902,0.7234,0.99,9,1.2007,0.995,0.0688,1.1203,1.2068,1.0718
PG55262_text.txt,152281,56125,55990,0.6902,0.7234,0.99,10,1.2757,0.9967,0.0417,1.0073,1.28,1.2665
PG55262_text.txt,152281,56125,55990,0.6902,0.7234,0.99,11,1.2207,0.9899,0.0395,1.0514,1.2331,1.1611
PG55262_text.txt,152281,56125,55990,0.6902,0.7234,0.99,12,1.2382,0.9988,0.0306,1.0249,1.2398,1.2081
PG55262_text.txt,152281,56125,55990,0.6902,0.7234,0.99,13,1.0841,1.0075,0.0399,1.0254,1.076,1.0573
PG55262_text.txt,152281,56125,55990,0.6902,0.7234,0.99,14,1.4533,1.0146,0.038,0.956,1.4324,1.5203
PG55262_text.txt,152281,56125,55990,0.6902,0.7234,0.99,15,1.4139,0.998,0.0385,0.9972,1.4168,1.4179
PG55262_text.txt,152281,56125,55990,0.6902,0.7234,0.99,16,1.4943,0.9895,0.0424,0.9983,1.5101,1.4969
PG55262_text.txt,152281,56125,55990,0.6902,0.7234,0.99,17,1.5162,0.9943,0.0506,0.9679,1.5249,1.5665
PG55262_text.txt,152281,56125,55990,0.6902,0.7234,0.99,18,1.555,0.9872,0.0381,1.0062,1.5752,1.5455
PG55262_text.txt,152281,56125,55990,0.6902,0.7234,0.99,19,1.732,1.0009,0.0456,1.0726,1.7305,1.6148
PG55262_text.txt,152281,56125,55990,0.6902,0.7234,0.99,20,1.3047,1.0,0.0405,0.9825,1.3046,1.3279
PG56852_text.txt,64665,21850,21666,0.87,0.8969,0.6,1,0.9106,0.7736,0.0076,0.7995,1.177,1.139
PG56852_text.txt,64665,21850,21666,0.87,0.8969,0.6,2,0.903,0.7754,0.0065,0.771,1.1645,1.1711
PG56852_text.txt,64665,21850,21666,0.87,0.8969,0.6,3,0.9064,0.7803,0.0077,0.7711,1.1616,1.1754
PG56852_text.txt,64665,21850,21666,0.87,0.8969,0.6,4,1.0262,0.7785,0.0057,0.7713,1.3181,1.3304
PG56852_text.txt,64665,21850,21666,0.87,0.8969,0.6,5,0.8412,0.7749,0.0098,0.7789,1.0855,1.08
PG56852_text.txt,64665,21850,21666,0.87,0.8969,0.6,6,0.8424,0.7761,0.0094,0.7693,1.0854,1.0951
PG56852_text.txt,64665,21850,21666,0.87,0.8969,0.6,7,0.8737,0.7771,0.0098,0.7636,1.1243,1.1442
PG56852_text.txt,64665,21850,21666,0.87,0.8969,0.6,8,0.9063,0.7772,0.0074,0.7724,1.1661,1.1734
PG56852_text.txt,64665,21850,21666,0.87,0.8969,0.6,9,0.8442,0.7734,0.0087,0.7767,1.0916,1.087
PG56852_text.txt,64665,21850,21666,0.87,0.8969,0.6,10,0.8877,0.7749,0.0083,0.758,1.1455,1.171
PG56852_text.txt,64665,21850,21666,0.87,0.8969,0.6,11,0.8373,0.7733,0.0103,0.7758,1.0827,1.0793
PG56852_text.txt,64665,21850,21666,0.87,0.8969,0.6,12,0.8711,0.7779,0.0066,0.7742,1.1198,1.1252
PG56852_text.txt,64665,21850,21666,0.87,0.8969,0.6,13,0.8366,0.7729,0.0065,0.7836,1.0824,1.0677
PG56852_text.txt,64665,21850,21666,0.87,0.8969,0.6,14,0.831,0.7764,0.0064,0.7695,1.0702,1.0799
PG56852_text.txt,64665,21850,21666,0.87,0.8969,0.6,15,0.8381,0.7707,0.0083,0.7925,1.0875,1.0575
PG56852_text.txt,64665,21850,21666,0.87,0.8969,0.6,16,0.8174,0.7762,0.0096,0.7661,1.053,1.0669
PG56852_text.txt,64665,21850,21666,0.87,0.8969,0.6,17,0.8119,0.7758,0.009,0.78,1.0465,1.0409
PG56852_text.txt,64665,21850,21666,0.87,0.8969,0.6,18,0.8292,0.7759,0.0085,0.7663,1.0687,1.0821
PG56852_text.txt,64665,21850,21666,0.87,0.8969,0.6,19,0.8407,0.7752,0.0063,0.7847,1.0846,1.0715
PG56852_text.txt,64665,21850,21666,0.87,0.8969,0.6,20,0.8171,0.7739,0.0074,0.7751,1.0558,1.0542
PG56852_text.txt,64665,21850,21666,0.87,0.8969,0.7,1,1.0039,0.8377,0.0094,0.8571,1.1983,1.1713
PG56852_text.txt,64665,21850,21666,0.87,0.8969,0.7,2,1.0201,0.8335,0.007,0.8275,1.2239,1.2327
PG56852_text.txt,64665,21850,21666,0.87,0.8969,0.7,3,0.9897,0.8407,0.0097,0.8401,1.1773,1.1781
PG56852_text.txt,64665,21850,21666,0.87,0.8969,0.7,4,1.2736,0.8364,0.0099,0.8237,1.5228,1.5462
PG56852_text.txt,64665,21850,21666,0.87,0.8969,0.7,5,0.9263,0.832,0.015,0.8568,1.1134,1.0812
PG56852_text.txt,64665,21850,21666,0.87,0.8969,0.7,6,0.9366,0.8384,0.0112,0.8322,1.1171,1.1254
PG56852_text.txt,64665,21850,21666,0.87,0.8969,0.7,7,0.9275,0.8382,0.0099,0.8393,1.1066,1.1052
PG56852_text.txt,64665,21850,21666,0.87,0.8969,0.7,8,0.9888,0.8398,0.0069,0.825,1.1774,1.1984
PG56852_text.txt,64665,21850,21666,0.87,0.8969,0.7,9,0.9519,0.8363,0.012,0.8249,1.1382,1.1539
PG56852_text.txt,64665,21850,21666,0.87,0.8969,0.7,10,0.9698,0.8367,0.0093,0.8269,1.1591,1.1728
PG56852_text.txt,64665,21850,21666,0.87,0.8969,0.7,11,0.917,0.8368,0.0086,0.8313,1.0959,1.1031
PG56852_text.txt,64665,21850,21666,0.87,0.8969,0.7,12,0.951,0.8392,0.0085,0.8504,1.1332,1.1183
PG56852_text.txt,64665,21850,21666,0.87,0.8969,0.7,13,0.933,0.8345,0.0102,0.8307,1.118,1.1231
PG56852_text.txt,64665,21850,21666,0.87,0.8969,0.7,14,0.9335,0.8359,0.0096,0.8466,1.1168,1.1027
PG56852_text.txt,64665,21850,21666,0.87,0.8969,0.7,15,0.9036,0.8361,0.0114,0.8506,1.0808,1.0624
PG56852_text.txt,64665,21850,21666,0.87,0.8969,0.7,16,0.9034,0.8399,0.0099,0.839,1.0756,1.0768
PG56852_text.txt,64665,21850,21666,0.87,0.8969,0.7,17,0.9012,0.8357,0.0121,0.8375,1.0784,1.0761
PG56852_text.txt,64665,21850,21666,0.87,0.8969,0.7,18,0.8728,0.8382,0.0095,0.8375,1.0413,1.0421
PG56852_text.txt,64665,21850,21666,0.87,0.8969,0.7,19,0.9162,0.8382,0.0115,0.8491,1.0931,1.079
PG56852_text.txt,64665,21850,21666,0.87,0.8969,0.7,20,0.8946,0.834,0.0082,0.8255,1.0727,1.0837
PG56852_text.txt,64665,21850,21666,0.87,0.8969,0.8,1,1.0987,0.8963,0.0077,0.8875,1.2257,1.238
PG56852_text.txt,64665,21850,21666,0.87,0.8969,0.8,2,1.1713,0.8911,0.0139,0.8874,1.3144,1.3199
PG56852_text.txt,64665,21850,21666,0.87,0.8969,0.8,3,1.1235,0.8973,0.0126,0.8999,1.2521,1.2485
PG56852_text.txt,64665,21850,21666,0.87,0.8969,0.8,4,1.4729,0.8934,0.0167,0.8772,1.6486,1.679
PG56852_text.txt,64665,21850,21666,0.87,0.8969,0.8,5,1.0029,0.8902,0.0153,0.9147,1.1266,1.0965
PG56852_text.txt,64665,21850,21666,0.87,0.8969,0.8,6,1.0307,0.8922,0.0141,0.8916,1.1551,1.1559
PG56852_text.txt,64665,21850,21666,0.87,0.8969,0.8,7,0.9991,0.8958,0.011,0.8947,1.1153,1.1166
PG56852_text.txt,64665,21850,21666,0.87,0.8969,0.8,8,1.1753,0.8924,0.0107,0.8937,1.3171,1.3151
PG56852_text.txt,64665,21850,21666,0.87,0.8969,0.8,9,1.0712,0.8939,0.0128,0.9099,1.1984,1.1772
PG56852_text.txt,64665,21850,21666,0.87,0.8969,0.8,10,1.0295,0.8951,0.0119,0.8875,1.1502,1.16
PG56852_text.txt,64665,21850,21666,0.87,0.8969,0.8,11,1.0125,0.8904,0.0104,0.9014,1.137,1.1232
PG56852_text.txt,64665,21850,21666,0.87,0.8969,0.8,12,1.0691,0.8913,0.0143,0.8867,1.1995,1.2056
PG56852_text.txt,64665,21850,21666,0.87,0.8969,0.8,13,1.0139,0.8847,0.0115,0.8807,1.1461,1.1512
PG56852_text.txt,64665,21850,21666,0.87,0.8969,0.8,14,1.0129,0.8904,0.011,0.8867,1.1376,1.1424
PG56852_text.txt,64665,21850,21666,0.87,0.8969,0.8,15,0.9622,0.8921,0.0143,0.883,1.0786,1.0898
PG56852_text.txt,64665,21850,21666,0.87,0.8969,0.8,16,1.074,0.8986,0.0163,0.8851,1.1952,1.2134
PG56852_text.txt,64665,21850,21666,0.87,0.8969,0.8,17,1.0258,0.8921,0.0129,0.8775,1.1498,1.169
PG56852_text.txt,64665,21850,21666,0.87,0.8969,0.8,18,0.977,0.8946,0.013,0.8933,1.092,1.0937
PG56852_text.txt,64665,21850,21666,0.87,0.8969,0.8,19,0.9932,0.8957,0.0169,0.9125,1.1088,1.0884
PG56852_text.txt,64665,21850,21666,0.87,0.8969,0.8,20,0.9719,0.8909,0.0153,0.8958,1.091,1.0849
PG56852_text.txt,64665,21850,21666,0.87,0.8969,0.9,1,1.3105,0.9451,0.0209,0.9495,1.3866,1.3802
PG56852_text.txt,64665,21850,21666,0.87,0.8969,0.9,2,1.4893,0.9512,0.0193,0.9384,1.5658,1.5871
PG56852_text.txt,64665,21850,21666,0.87,0.8969,0.9,3,1.5361,0.9476,0.0184,0.9232,1.621,1.6639
PG56852_text.txt,64665,21850,21666,0.87,0.8969,0.9,4,1.5326,0.946,0.0298,0.9534,1.6201,1.6075
PG56852_text.txt,64665,21850,21666,0.87,0.8969,0.9,5,1.0652,0.948,0.0254,0.9628,1.1236,1.1063
PG56852_text.txt,64665,21850,21666,0.87,0.8969,0.9,6,1.5641,0.9533,0.0195,0.96,1.6408,1.6293
PG56852_text.txt,64665,21850,21666,0.87,0.8969,0.9,7,1.2972,0.9511,0.0129,0.9552,1.3639,1.3581
PG56852_text.txt,64665,21850,21666,0.87,0.8969,0.9,8,1.2234,0.9443,0.0167,0.9212,1.2955,1.328
PG56852_text.txt,64665,21850,21666,0.87,0.8969,0.9,9,1.2667,0.9465,0.0242,0.9342,1.3382,1.3559
PG56852_text.txt,64665,21850,21666,0.87,0.8969,0.9,10,1.2606,0.9498,0.0223,0.9444,1.3272,1.3347
PG56852_text.txt,64665,21850,21666,0.87,0.8969,0.9,11,1.146,0.9491,0.0181,0.9607,1.2075,1.1928
PG56852_text.txt,64665,21850,21666,0.87,0.8969,0.9,12,1.2664,0.9513,0.0254,0.9549,1.3312,1.3262
PG56852_text.txt,64665,21850,21666,0.87,0.8969,0.9,13,1.0729,0.9506,0.0187,0.9727,1.1286,1.103
PG56852_text.txt,64665,21850,21666,0.87,0.8969,0.9,14,1.152,0.9488,0.019,0.9438,1.2142,1.2206
PG56852_text.txt,64665,21850,21666,0.87,0.8969,0.9,15,1.08,0.9521,0.0154,0.9397,1.1343,1.1493
PG56852_text.txt,64665,21850,21666,0.87,0.8969,0.9,16,1.2437,0.9464,0.0148,0.9669,1.3142,1.2864
PG56852_text.txt,64665,21850,21666,0.87,0.8969,0.9,17,1.6055,0.9484,0.0103,0.9172,1.6928,1.7504
PG56852_text.txt,64665,21850,21666,0.87,0.8969,0.9,18,1.0775,0.9524,0.0176,0.9111,1.1314,1.1827
PG56852_text.txt,64665,21850,21666,0.87,0.8969,0.9,19,1.1161,0.9485,0.0141,0.9575,1.1767,1.1656
PG56852_text.txt,64665,21850,21666,0.87,0.8969,0.9,20,1.078,0.9564,0.0193,0.9463,1.1272,1.1392
PG56852_text.txt,64665,21850,21666,0.87,0.8969,0.95,1,1.4035,0.971,0.0272,0.9711,1.4454,1.4452
PG56852_text.txt,64665,21850,21666,0.87,0.8969,0.95,2,2.0314,0.9741,0.0301,0.9885,2.0853,2.0551
PG56852_text.txt,64665,21850,21666,0.87,0.8969,0.95,3,2.8361,0.9713,0.0299,0.9204,2.9198,3.0813
PG56852_text.txt,64665,21850,21666,0.87,0.8969,0.95,4,1.6554,0.97,0.0304,0.9908,1.7065,1.6708
PG56852_text.txt,64665,21850,21666,0.87,0.8969,0.95,5,1.2745,0.9801,0.0339,1.0243,1.3004,1.2443
PG56852_text.txt,64665,21850,21666,0.87,0.8969,0.95,6,1.9119,0.9699,0.0229,0.9799,1.9712,1.9512
PG56852_text.txt,64665,21850,21666,0.87,0.8969,0.95,7,1.8017,0.9749,0.0222,1.0062,1.8482,1.7906
PG56852_text.txt,64665,21850,21666,0.87,0.8969,0.95,8,1.3096,0.9729,0.0257,0.909,1.3461,1.4407
PG56852_text.txt,64665,21850,21666,0.87,0.8969,0.95,9,1.5631,0.9809,0.0329,0.9408,1.5936,1.6614
PG56852_text.txt,64665,21850,21666,0.87,0.8969,0.95,10,1.5235,0.9764,0.0318,0.9691,1.5603,1.5721
PG56852_text.txt,64665,21850,21666,0.87,0.8969,0.95,11,1.6658,0.9774,0.0319,1.0033,1.7044,1.6604
PG56852_text.txt,64665,21850,21666,0.87,0.8969,0.95,12,1.4972,0.9844,0.0278,0.9482,1.5209,1.579
PG56852_text.txt,64665,21850,21666,0.87,0.8969,0.95,13,1.2579,0.974,0.0264,0.9973,1.2915,1.2613
PG56852_text.txt,64665,21850,21666,0.87,0.8969,0.95,14,1.2044,0.9748,0.0232,0.9549,1.2356,1.2613
PG56852_text.txt,64665,21850,21666,0.87,0.8969,0.95,15,1.1575,0.977,0.0238,0.946,1.1847,1.2235
PG56852_text.txt,64665,21850,21666,0.87,0.8969,0.95,16,1.2101,0.9743,0.0281,0.9975,1.242,1.2131
PG56852_text.txt,64665,21850,21666,0.87,0.8969,0.95,17,1.6784,0.9719,0.0222,0.9598,1.7269,1.7486
PG56852_text.txt,64665,21850,21666,0.87,0.8969,0.95,18,1.2175,0.9759,0.0299,0.9667,1.2476,1.2595
PG56852_text.txt,64665,21850,21666,0.87,0.8969,0.95,19,1.0847,0.9789,0.0339,0.9986,1.1081,1.0863
PG56852_text.txt,64665,21850,21666,0.87,0.8969,0.95,20,1.1313,0.9837,0.0321,0.9901,1.1501,1.1426
PG56852_text.txt,64665,21850,21666,0.87,0.8969,0.99,1,2.3775,0.9803,0.0656,0.9513,2.4254,2.4991
PG56852_text.txt,64665,21850,21666,0.87,0.8969,0.99,2,7.0797,0.9824,0.0623,0.9897,7.2063,7.1536
PG56852_text.txt,64665,21850,21666,0.87,0.8969,0.99,3,12.5865,1.0015,0.0713,0.9333,12.5672,13.486
PG56852_text.txt,64665,21850,21666,0.87,0.8969,0.99,4,2.2697,0.9865,0.0629,0.9983,2.3008,2.2737
PG56852_text.txt,64665,21850,21666,0.87,0.8969,0.99,5,1.9071,1.0125,0.0726,0.9659,1.8835,1.9744
PG56852_text.txt,64665,21850,21666,0.87,0.8969,0.99,6,2.4275,0.989,0.0625,1.0561,2.4544,2.2985
PG56852_text.txt,64665,21850,21666,0.87,0.8969,0.99,7,2.1077,0.9936,0.0711,1.1199,2.1212,1.8821
PG56852_text.txt,64665,21850,21666,0.87,0.8969,0.99,8,1.2765,1.0058,0.0689,0.9372,1.2692,1.362
PG56852_text.txt,64665,21850,21666,0.87,0.8969,0.99,9,2.4737,1.0003,0.0552,1.0548,2.4729,2.3451
PG56852_text.txt,64665,21850,21666,0.87,0.8969,0.99,10,7.6522,1.0059,0.0638,0.9667,7.6074,7.9162
PG56852_text.txt,64665,21850,21666,0.87,0.8969,0.99,11,2.1192,0.9899,0.0632,1.0641,2.1409,1.9916
PG56852_text.txt,64665,21850,21666,0.87,0.8969,0.99,12,1.4299,0.9721,0.0635,0.9616,1.471,1.4871
PG56852_text.txt,64665,21850,21666,0.87,0.8969,0.99,13,1.6793,0.9976,0.0762,1.1116,1.6834,1.5108
PG56852_text.txt,64665,21850,21666,0.87,0.8969,0.99,14,1.4416,0.9535,0.0515,0.9867,1.5119,1.461
PG56852_text.txt,64665,21850,21666,0.87,0.8969,0.99,15,1.1682,0.9924,0.0906,0.9152,1.1772,1.2765
PG56852_text.txt,64665,21850,21666,0.87,0.8969,0.99,16,1.2983,0.9516,0.0523,0.9706,1.3644,1.3377
PG56852_text.txt,64665,21850,21666,0.87,0.8969,0.99,17,1.2858,0.9669,0.0578,1.0398,1.3299,1.2366
PG56852_text.txt,64665,21850,21666,0.87,0.8969,0.99,18,2.1255,0.9973,0.074,1.0607,2.1312,2.0039
PG56852_text.txt,64665,21850,21666,0.87,0.8969,0.99,19,1.4018,0.9908,0.07,1.0376,1.4149,1.351
PG56852_text.txt,64665,21850,21666,0.87,0.8969,0.99,20,1.4871,0.9914,0.0528,1.005,1.5,1.4797
PG58881_text.txt,51593,15461,15418,0.8452,0.8738,0.6,1,0.9427,0.7776,0.0101,0.776,1.2123,1.2148
PG58881_text.txt,51593,15461,15418,0.8452,0.8738,0.6,2,1.0035,0.7765,0.0103,0.7928,1.2923,1.2658
PG58881_text.txt,51593,15461,15418,0.8452,0.8738,0.6,3,0.8752,0.7722,0.0064,0.784,1.1334,1.1164
PG58881_text.txt,51593,15461,15418,0.8452,0.8738,0.6,4,0.8415,0.7735,0.0047,0.7814,1.0879,1.077
PG58881_text.txt,51593,15461,15418,0.8452,0.8738,0.6,5,0.9359,0.7771,0.0071,0.7585,1.2044,1.2339
PG58881_text.txt,51593,15461,15418,0.8452,0.8738,0.6,6,0.9129,0.7765,0.0092,0.7691,1.1757,1.1869
PG58881_text.txt,51593,15461,15418,0.8452,0.8738,0.6,7,0.842,0.775,0.0103,0.7756,1.0865,1.0856
PG58881_text.txt,51593,15461,15418,0.8452,0.8738,0.6,8,0.9024,0.777,0.0086,0.7722,1.1614,1.1687
PG58881_text.txt,51593,15461,15418,0.8452,0.8738,0.6,9,0.8432,0.7752,0.0111,0.7809,1.0877,1.0797
PG58881_text.txt,51593,15461,15418,0.8452,0.8738,0.6,10,0.8418,0.7742,0.0083,0.7702,1.0874,1.0929
PG58881_text.txt,51593,15461,15418,0.8452,0.8738,0.6,11,0.8659,0.7719,0.0093,0.7691,1.1218,1.1258
PG58881_text.txt,51593,15461,15418,0.8452,0.8738,0.6,12,0.8779,0.7727,0.0114,0.7843,1.1361,1.1193
PG58881_text.txt,51593,15461,15418,0.8452,0.8738,0.6,13,0.8309,0.7734,0.0112,0.7693,1.0744,1.0801
PG58881_text.txt,51593,15461,15418,0.8452,0.8738,0.6,14,0.8821,0.7736,0.0082,0.7631,1.1402,1.156
PG58881_text.txt,51593,15461,15418,0.8452,0.8738,0.6,15,0.8409,0.7743,0.0091,0.781,1.086,1.0767
PG58881_text.txt,51593,15461,15418,0.8452,0.8738,0.6,16,0.8207,0.7707,0.0096,0.788,1.065,1.0415
PG58881_text.txt,51593,15461,15418,0.8452,0.8738,0.6,17,0.7723,0.7697,0.0092,0.805,1.0034,0.9594
PG58881_text.txt,51593,15461,15418,0.8452,0.8738,0.6,18,0.8423,0.7756,0.0072,0.766,1.086,1.0996
PG58881_text.txt,51593,15461,15418,0.8452,0.8738,0.6,19,0.829,0.7768,0.0124,0.7586,1.0672,1.0928
PG58881_text.txt,51593,15461,15418,0.8452,0.8738,0.6,20,0.8203,0.7724,0.0084,0.7769,1.0621,1.0559
PG58881_text.txt,51593,15461,15418,0.8452,0.8738,0.7,1,1.0377,0.8389,0.0139,0.828,1.237,1.2533
PG58881_text.txt,51593,15461,15418,0.8452,0.8738,0.7,2,1.089,0.8354,0.0122,0.8408,1.3037,1.2952
PG58881_text.txt,51593,15461,15418,0.8452,0.8738,0.7,3,0.9818,0.8331,0.0085,0.8396,1.1784,1.1693
PG58881_text.txt,51593,15461,15418,0.8452,0.8738,0.7,4,0.9179,0.8323,0.0087,0.8478,1.1029,1.0827
PG58881_text.txt,51593,15461,15418,0.8452,0.8738,0.7,5,1.0627,0.8356,0.0115,0.8197,1.2717,1.2964
PG58881_text.txt,51593,15461,15418,0.8452,0.8738,0.7,6,0.9953,0.836,0.0145,0.8177,1.1905,1.2172
PG58881_text.txt,51593,15461,15418,0.8452,0.8738,0.7,7,0.9106,0.8329,0.0098,0.8469,1.0934,1.0753
PG58881_text.txt,51593,15461,15418,0.8452,0.8738,0.7,8,0.9837,0.8413,0.0146,0.8395,1.1692,1.1718
PG58881_text.txt,51593,15461,15418,0.8452,0.8738,0.7,9,0.9195,0.8378,0.0134,0.8461,1.0975,1.0868
PG58881_text.txt,51593,15461,15418,0.8452,0.8738,0.7,10,0.9331,0.8383,0.0088,0.8333,1.1131,1.1198
PG58881_text.txt,51593,15461,15418,0.8452,0.8738,0.7,11,0.981,0.8339,0.0155,0.8365,1.1764,1.1728
PG58881_text.txt,51593,15461,15418,0.8452,0.8738,0.7,12,0.9214,0.8364,0.0137,0.8301,1.1016,1.11
PG58881_text.txt,51593,15461,15418,0.8452,0.8738,0.7,13,0.9083,0.8339,0.0125,0.8439,1.0893,1.0764
PG58881_text.txt,51593,15461,15418,0.8452,0.8738,0.7,14,0.948,0.8325,0.0109,0.82,1.1388,1.1561
PG58881_text.txt,51593,15461,15418,0.8452,0.8738,0.7,15,0.9118,0.8394,0.0094,0.8634,1.0862,1.056
PG58881_text.txt,51593,15461,15418,0.8452,0.8738,0.7,16,0.9168,0.8325,0.0118,0.8379,1.1013,1.0943
PG58881_text.txt,51593,15461,15418,0.8452,0.8738,0.7,17,0.8676,0.8309,0.0111,0.8714,1.0442,0.9957
PG58881_text.txt,51593,15461,15418,0.8452,0.8738,0.7,18,0.912,0.8376,0.0134,0.8294,1.0889,1.0996
PG58881_text.txt,51593,15461,15418,0.8452,0.8738,0.7,19,0.9015,0.8349,0.0088,0.8349,1.0797,1.0798
PG58881_text.txt,51593,15461,15418,0.8452,0.8738,0.7,20,0.9066,0.8347,0.0147,0.8347,1.086,1.0861
PG58881_text.txt,51593,15461,15418,0.8452,0.8738,0.8,1,1.1372,0.899,0.0131,0.8775,1.2649,1.2959
PG58881_text.txt,51593,15461,15418,0.8452,0.8738,0.8,2,1.178,0.8989,0.0142,0.889,1.3105,1.325
PG58881_text.txt,51593,15461,15418,0.8452,0.8738,0.8,3,1.0537,0.8959,0.0158,0.9017,1.1761,1.1686
PG58881_text.txt,51593,15461,15418,0.8452,0.8738,0.8,4,1.0303,0.8897,0.0164,0.8931,1.158,1.1536
PG58881_text.txt,51593,15461,15418,0.8452,0.8738,0.8,5,1.2157,0.8897,0.0117,0.8855,1.3664,1.3729
PG58881_text.txt,51593,15461,15418,0.8452,0.8738,0.8,6,1.1096,0.8903,0.0168,0.8837,1.2463,1.2556
PG58881_text.txt,51593,15461,15418,0.8452,0.8738,0.8,7,0.9918,0.8876,0.0132,0.9026,1.1173,1.0989
PG58881_text.txt,51593,15461,15418,0.8452,0.8738,0.8,8,1.1397,0.8936,0.0185,0.8705,1.2754,1.3093
PG58881_text.txt,51593,15461,15418,0.8452,0.8738,0.8,9,1.0057,0.8964,0.0197,0.8935,1.122,1.1256
PG58881_text.txt,51593,15461,15418,0.8452,0.8738,0.8,10,1.0127,0.8975,0.0156,0.9052,1.1284,1.1188
PG58881_text.txt,51593,15461,15418,0.8452,0.8738,0.8,11,1.0431,0.8907,0.0152,0.9177,1.1711,1.1367
PG58881_text.txt,51593,15461,15418,0.8452,0.8738,0.8,12,0.9892,0.8929,0.0158,0.8898,1.1078,1.1117
PG58881_text.txt,51593,15461,15418,0.8452,0.8738,0.8,13,0.9656,0.884,0.0176,0.9066,1.0923,1.0651
PG58881_text.txt,51593,15461,15418,0.8452,0.8738,0.8,14,1.0141,0.8896,0.0129,0.8851,1.14,1.1457
PG58881_text.txt,51593,15461,15418,0.8452,0.8738,0.8,15,0.986,0.8901,0.0127,0.9107,1.1078,1.0828
PG58881_text.txt,51593,15461,15418,0.8452,0.8738,0.8,16,1.05,0.8952,0.014,0.8893,1.1729,1.1807
PG58881_text.txt,51593,15461,15418,0.8452,0.8738,0.8,17,0.9145,0.892,0.0235,0.9151,1.0251,0.9993
PG58881_text.txt,51593,15461,15418,0.8452,0.8738,0.8,18,1.0086,0.8947,0.0176,0.8945,1.1273,1.1275
PG58881_text.txt,51593,15461,15418,0.8452,0.8738,0.8,19,1.0305,0.8907,0.0163,0.8881,1.157,1.1603
PG58881_text.txt,51593,15461,15418,0.8452,0.8738,0.8,20,0.9588,0.8941,0.0193,0.8904,1.0723,1.0768
PG58881_text.txt,51593,15461,15418,0.8452,0.8738,0.9,1,1.5035,0.9449,0.0307,0.9544,1.5912,1.5753
PG58881_text.txt,51593,15461,15418,0.8452,0.8738,0.9,2,1.2474,0.954,0.0267,0.9697,1.3076,1.2864
PG58881_text.txt,51593,15461,15418,0.8452,0.8738,0.9,3,1.2678,0.9403,0.0191,0.9349,1.3483,1.3561
PG58881_text.txt,51593,15461,15418,0.8452,0.8738,0.9,4,1.1925,0.9464,0.0195,0.9818,1.2601,1.2146
PG58881_text.txt,51593,15461,15418,0.8452,0.8738,0.9,5,1.3166,0.9462,0.0211,0.9176,1.3914,1.4348
PG58881_text.txt,51593,15461,15418,0.8452,0.8738,0.9,6,1.2979,0.9528,0.0241,0.9459,1.3622,1.3722
PG58881_text.txt,51593,15461,15418,0.8452,0.8738,0.9,7,1.106,0.9481,0.0171,0.9521,1.1665,1.1617
PG58881_text.txt,51593,15461,15418,0.8452,0.8738,0.9,8,1.2373,0.939,0.0247,0.9056,1.3177,1.3663
PG58881_text.txt,51593,15461,15418,0.8452,0.8738,0.9,9,1.2082,0.9426,0.0231,0.9147,1.2817,1.3208
PG58881_text.txt,51593,15461,15418,0.8452,0.8738,0.9,10,1.1736,0.9474,0.0261,0.979,1.2387,1.1988
PG58881_text.txt,51593,15461,15418,0.8452,0.8738,0.9,11,1.3489,0.953,0.0256,0.971,1.4154,1.3892
PG58881_text.txt,51593,15461,15418,0.8452,0.8738,0.9,12,1.1347,0.9389,0.0278,0.9319,1.2085,1.2176
PG58881_text.txt,51593,15461,15418,0.8452,0.8738,0.9,13,1.115,0.9379,0.0195,0.9373,1.1887,1.1895
PG58881_text.txt,51593,15461,15418,0.8452,0.8738,0.9,14,1.1703,0.9427,0.0224,0.9764,1.2415,1.1985
PG58881_text.txt,51593,15461,15418,0.8452,0.8738,0.9,15,1.1527,0.9436,0.0251,0.9616,1.2215,1.1987
PG58881_text.txt,51593,15461,15418,0.8452,0.8738,0.9,16,1.1005,0.9552,0.0213,0.9291,1.1522,1.1844
PG58881_text.txt,51593,15461,15418,0.8452,0.8738,0.9,17,1.0995,0.9389,0.0238,0.9507,1.171,1.1565
PG58881_text.txt,51593,15461,15418,0.8452,0.8738,0.9,18,1.0159,0.9477,0.03,0.9709,1.072,1.0463
PG58881_text.txt,51593,15461,15418,0.8452,0.8738,0.9,19,1.1871,0.9416,0.0214,0.9325,1.2607,1.273
PG58881_text.txt,51593,15461,15418,0.8452,0.8738,0.9,20,1.0418,0.9524,0.0275,0.969,1.0938,1.0752
PG58881_text.txt,51593,15461,15418,0.8452,0.8738,0.95,1,1.7217,0.9628,0.0429,0.9223,1.7882,1.8668
PG58881_text.txt,51593,15461,15418,0.8452,0.8738,0.95,2,1.6509,0.9768,0.0255,0.9733,1.6902,1.6961
PG58881_text.txt,51593,15461,15418,0.8452,0.8738,0.95,3,1.6896,0.9631,0.0333,0.9938,1.7543,1.7002
PG58881_text.txt,51593,15461,15418,0.8452,0.8738,0.95,4,1.4006,0.9772,0.0249,0.9494,1.4332,1.4753
PG58881_text.txt,51593,15461,15418,0.8452,0.8738,0.95,5,1.6529,0.9695,0.0269,0.9511,1.7049,1.7378
PG58881_text.txt,51593,15461,15418,0.8452,0.8738,0.95,6,1.2528,0.9762,0.0388,0.983,1.2834,1.2745
PG58881_text.txt,51593,15461,15418,0.8452,0.8738,0.95,7,1.1975,0.9703,0.0287,0.9996,1.2342,1.198
PG58881_text.txt,51593,15461,15418,0.8452,0.8738,0.95,8,1.9824,0.9781,0.0441,0.9566,2.0268,2.0722
PG58881_text.txt,51593,15461,15418,0.8452,0.8738,0.95,9,1.3586,0.9699,0.032,0.9442,1.4007,1.4389
PG58881_text.txt,51593,15461,15418,0.8452,0.8738,0.95,10,1.3223,0.9734,0.0381,0.9752,1.3585,1.3559
PG58881_text.txt,51593,15461,15418,0.8452,0.8738,0.95,11,1.4699,0.9802,0.05,0.9801,1.4996,1.4998
PG58881_text.txt,51593,15461,15418,0.8452,0.8738,0.95,12,1.2547,0.9688,0.0464,0.9607,1.2951,1.3061
PG58881_text.txt,51593,15461,15418,0.8452,0.8738,0.95,13,1.2585,0.9645,0.0325,0.9501,1.3048,1.3245
PG58881_text.txt,51593,15461,15418,0.8452,0.8738,0.95,14,1.3039,0.9691,0.0264,1.0095,1.3455,1.2916
PG58881_text.txt,51593,15461,15418,0.8452,0.8738,0.95,15,1.4827,0.9678,0.038,0.932,1.5319,1.5908
PG58881_text.txt,51593,15461,15418,0.8452,0.8738,0.95,16,1.0764,0.9746,0.0297,0.9627,1.1044,1.1181
PG58881_text.txt,51593,15461,15418,0.8452,0.8738,0.95,17,1.2175,0.9626,0.0346,0.9351,1.2648,1.302
PG58881_text.txt,51593,15461,15418,0.8452,0.8738,0.95,18,1.1907,0.961,0.0316,1.0201,1.239,1.1672
PG58881_text.txt,51593,15461,15418,0.8452,0.8738,0.95,19,1.4961,0.9766,0.0349,0.9962,1.532,1.5018
PG58881_text.txt,51593,15461,15418,0.8452,0.8738,0.95,20,1.2263,0.9651,0.0257,1.0346,1.2706,1.1852
PG58881_text.txt,51593,15461,15418,0.8452,0.8738,0.99,1,5.1988,0.9487,0.0873,0.9482,5.4802,5.483
PG58881_text.txt,51593,15461,15418,0.8452,0.8738,0.99,2,1.456,1.0006,0.0884,1.0923,1.4551,1.333
PG58881_text.txt,51593,15461,15418,0.8452,0.8738,0.99,3,1.763,0.9674,0.0703,0.9732,1.8224,1.8116
PG58881_text.txt,51593,15461,15418,0.8452,0.8738,0.99,4,3.3246,0.953,0.0774,0.9029,3.4885,3.6823
PG58881_text.txt,51593,15461,15418,0.8452,0.8738,0.99,5,2.1777,1.0167,0.0658,0.9617,2.1421,2.2645
PG58881_text.txt,51593,15461,15418,0.8452,0.8738,0.99,6,1.7009,0.9693,0.0801,1.0358,1.7548,1.6421
PG58881_text.txt,51593,15461,15418,0.8452,0.8738,0.99,7,1.2985,1.0035,0.0788,1.1224,1.2939,1.1569
PG58881_text.txt,51593,15461,15418,0.8452,0.8738,0.99,8,3.1234,0.9507,0.0615,0.9248,3.2853,3.3773
PG58881_text.txt,51593,15461,15418,0.8452,0.8738,0.99,9,1.7579,1.0006,0.1062,1.0229,1.7569,1.7185
PG58881_text.txt,51593,15461,15418,0.8452,0.8738,0.99,10,1.8033,0.9608,0.0659,0.918,1.8769,1.9644
PG58881_text.txt,51593,15461,15418,0.8452,0.8738,0.99,11,1.755,0.9854,0.0596,0.9058,1.7809,1.9375
PG58881_text.txt,51593,15461,15418,0.8452,0.8738,0.99,12,1.3142,1.0002,0.0706,0.9563,1.314,1.3742
PG58881_text.txt,51593,15461,15418,0.8452,0.8738,0.99,13,2.0879,0.9976,0.0784,0.9142,2.0929,2.2838
PG58881_text.txt,51593,15461,15418,0.8452,0.8738,0.99,14,1.6669,0.9815,0.0889,0.9275,1.6984,1.7972
PG58881_text.txt,51593,15461,15418,0.8452,0.8738,0.99,15,1.3953,1.01,0.0912,0.9082,1.3816,1.5364
PG58881_text.txt,51593,15461,15418,0.8452,0.8738,0.99,16,1.2497,0.9723,0.0762,0.9741,1.2853,1.2829
PG58881_text.txt,51593,15461,15418,0.8452,0.8738,0.99,17,1.2606,0.9993,0.0884,1.0631,1.2614,1.1857
PG58881_text.txt,51593,15461,15418,0.8452,0.8738,0.99,18,1.8161,0.9833,0.0829,0.9049,1.847,2.0069
PG58881_text.txt,51593,15461,15418,0.8452,0.8738,0.99,19,1.796,0.982,0.0958,0.8741,1.829,2.0546
PG58881_text.txt,51593,15461,15418,0.8452,0.8738,0.99,20,1.4016,0.9738,0.0535,1.2035,1.4393,1.1647
PG67363_text.txt,116733,39779,39628,0.705,0.735,0.6,1,0.8592,0.774,0.0067,0.7833,1.1101,1.0969
PG67363_text.txt,116733,39779,39628,0.705,0.735,0.6,2,0.9232,0.7738,0.0061,0.7778,1.193,1.1869
PG67363_text.txt,116733,39779,39628,0.705,0.735,0.6,3,0.878,0.7759,0.0062,0.7702,1.1317,1.14
PG67363_text.txt,116733,39779,39628,0.705,0.735,0.6,4,0.9121,0.7751,0.0055,0.7815,1.1767,1.167
PG67363_text.txt,116733,39779,39628,0.705,0.735,0.6,5,0.8545,0.7763,0.0055,0.7931,1.1007,1.0773
PG67363_text.txt,116733,39779,39628,0.705,0.735,0.6,6,0.8826,0.7755,0.0057,0.7829,1.1382,1.1274
PG67363_text.txt,116733,39779,39628,0.705,0.735,0.6,7,0.8406,0.7747,0.0051,0.7684,1.0851,1.0939
PG67363_text.txt,116733,39779,39628,0.705,0.735,0.6,8,0.8373,0.777,0.0048,0.7757,1.0776,1.0794
PG67363_text.txt,116733,39779,39628,0.705,0.735,0.6,9,0.8352,0.7768,0.0066,0.777,1.0751,1.0748
PG67363_text.txt,116733,39779,39628,0.705,0.735,0.6,10,0.8622,0.777,0.0062,0.7697,1.1095,1.12
PG67363_text.txt,116733,39779,39628,0.705,0.735,0.6,11,0.8398,0.7737,0.0063,0.7804,1.0855,1.0762
PG67363_text.txt,116733,39779,39628,0.705,0.735,0.6,12,0.8173,0.7768,0.0058,0.768,1.0521,1.0642
PG67363_text.txt,116733,39779,39628,0.705,0.735,0.6,13,0.8298,0.7747,0.0061,0.7754,1.0711,1.0701
PG67363_text.txt,116733,39779,39628,0.705,0.735,0.6,14,0.8247,0.7752,0.0058,0.7717,1.0639,1.0687
PG67363_text.txt,116733,39779,39628,0.705,0.735,0.6,15,0.8177,0.7764,0.0053,0.7729,1.0533,1.058
PG67363_text.txt,116733,39779,39628,0.705,0.735,0.6,16,0.8292,0.7751,0.0057,0.7774,1.0698,1.0666
PG67363_text.txt,116733,39779,39628,0.705,0.735,0.6,17,0.8228,0.7744,0.0065,0.7717,1.0625,1.0662
PG67363_text.txt,116733,39779,39628,0.705,0.735,0.6,18,0.8257,0.7733,0.005,0.7709,1.0677,1.0711
PG67363_text.txt,116733,39779,39628,0.705,0.735,0.6,19,0.8197,0.7737,0.0059,0.7703,1.0594,1.0641
PG67363_text.txt,116733,39779,39628,0.705,0.735,0.6,20,0.8351,0.7705,0.0053,0.7719,1.0837,1.0819
PG67363_text.txt,116733,39779,39628,0.705,0.735,0.7,1,0.9561,0.8332,0.0082,0.8496,1.1475,1.1253
PG67363_text.txt,116733,39779,39628,0.705,0.735,0.7,2,1.0367,0.8367,0.0072,0.8511,1.239,1.218
PG67363_text.txt,116733,39779,39628,0.705,0.735,0.7,3,0.97,0.8367,0.0066,0.8399,1.1592,1.1549
PG67363_text.txt,116733,39779,39628,0.705,0.735,0.7,4,0.983,0.8368,0.0077,0.8395,1.1748,1.1709
PG67363_text.txt,116733,39779,39628,0.705,0.735,0.7,5,0.9359,0.8358,0.0088,0.8451,1.1199,1.1074
PG67363_text.txt,116733,39779,39628,0.705,0.735,0.7,6,0.9857,0.8376,0.0079,0.8451,1.1768,1.1664
PG67363_text.txt,116733,39779,39628,0.705,0.735,0.7,7,0.9269,0.8398,0.0077,0.834,1.1036,1.1113
PG67363_text.txt,116733,39779,39628,0.705,0.735,0.7,8,0.9148,0.8362,0.0056,0.8295,1.094,1.1029
PG67363_text.txt,116733,39779,39628,0.705,0.735,0.7,9,0.8989,0.8352,0.0075,0.849,1.0762,1.0588
PG67363_text.txt,116733,39779,39628,0.705,0.735,0.7,10,0.9565,0.8378,0.0078,0.835,1.1417,1.1455
PG67363_text.txt,116733,39779,39628,0.705,0.735,0.7,11,0.8996,0.8342,0.0083,0.8374,1.0784,1.0742
PG67363_text.txt,116733,39779,39628,0.705,0.735,0.7,12,0.9081,0.8372,0.0088,0.8206,1.0847,1.1067
PG67363_text.txt,116733,39779,39628,0.705,0.735,0.7,13,0.899,0.8355,0.006,0.8376,1.076,1.0734
PG67363_text.txt,116733,39779,39628,0.705,0.735,0.7,14,0.9126,0.8376,0.0082,0.8373,1.0895,1.0899
PG67363_text.txt,116733,39779,39628,0.705,0.735,0.7,15,0.8984,0.8366,0.0064,0.8364,1.0739,1.0741
PG67363_text.txt,116733,39779,39628,0.705,0.735,0.7,16,0.8976,0.8397,0.0061,0.8341,1.069,1.0761
PG67363_text.txt,116733,39779,39628,0.705,0.735,0.7,17,0.8928,0.8366,0.0067,0.8428,1.0672,1.0594
PG67363_text.txt,116733,39779,39628,0.705,0.735,0.7,18,0.8896,0.8354,0.0092,0.8368,1.0649,1.0631
PG67363_text.txt,116733,39779,39628,0.705,0.735,0.7,19,0.8849,0.8339,0.0084,0.8256,1.0612,1.0717
PG67363_text.txt,116733,39779,39628,0.705,0.735,0.7,20,0.919,0.8346,0.0056,0.839,1.1012,1.0954
PG67363_text.txt,116733,39779,39628,0.705,0.735,0.8,1,1.0587,0.8923,0.0076,0.9093,1.1865,1.1643
PG67363_text.txt,116733,39779,39628,0.705,0.735,0.8,2,1.1496,0.8956,0.0109,0.9062,1.2836,1.2686
PG67363_text.txt,116733,39779,39628,0.705,0.735,0.8,3,1.0714,0.8957,0.008,0.9,1.1961,1.1905
PG67363_text.txt,116733,39779,39628,0.705,0.735,0.8,4,1.13,0.8981,0.0107,0.8959,1.2582,1.2614
PG67363_text.txt,116733,39779,39628,0.705,0.735,0.8,5,1.0376,0.8965,0.0106,0.9107,1.1573,1.1393
PG67363_text.txt,116733,39779,39628,0.705,0.735,0.8,6,1.1173,0.8955,0.0113,0.8872,1.2477,1.2593
PG67363_text.txt,116733,39779,39628,0.705,0.735,0.8,7,1.0496,0.901,0.0108,0.8919,1.1648,1.1767
PG67363_text.txt,116733,39779,39628,0.705,0.735,0.8,8,1.0189,0.8931,0.007,0.8921,1.1409,1.1421
PG67363_text.txt,116733,39779,39628,0.705,0.735,0.8,9,0.9786,0.8948,0.0101,0.8943,1.0937,1.0943
PG67363_text.txt,116733,39779,39628,0.705,0.735,0.8,10,1.0715,0.895,0.0103,0.9034,1.1972,1.1861
PG67363_text.txt,116733,39779,39628,0.705,0.735,0.8,11,0.973,0.8933,0.0088,0.8912,1.0892,1.0919
PG67363_text.txt,116733,39779,39628,0.705,0.735,0.8,12,0.9891,0.898,0.0084,0.8759,1.1015,1.1293
PG67363_text.txt,116733,39779,39628,0.705,0.735,0.8,13,0.9793,0.898,0.0083,0.8981,1.0905,1.0903
PG67363_text.txt,116733,39779,39628,0.705,0.735,0.8,14,0.9985,0.8938,0.0106,0.9061,1.1171,1.1021
PG67363_text.txt,116733,39779,39628,0.705,0.735,0.8,15,0.9923,0.8942,0.0068,0.9103,1.1096,1.09
PG67363_text.txt,116733,39779,39628,0.705,0.735,0.8,16,0.9684,0.8962,0.0083,0.8916,1.0806,1.0861
PG67363_text.txt,116733,39779,39628,0.705,0.735,0.8,17,0.9773,0.895,0.0117,0.898,1.0919,1.0883
PG67363_text.txt,116733,39779,39628,0.705,0.735,0.8,18,0.97,0.8933,0.0104,0.8793,1.0858,1.1032
PG67363_text.txt,116733,39779,39628,0.705,0.735,0.8,19,0.9711,0.8917,0.0122,0.8853,1.089,1.0969
PG67363_text.txt,116733,39779,39628,0.705,0.735,0.8,20,0.9904,0.8929,0.008,0.9003,1.1092,1.1001
PG67363_text.txt,116733,39779,39628,0.705,0.735,0.9,1,1.1493,0.9479,0.0116,0.962,1.2125,1.1947
PG67363_text.txt,116733,39779,39628,0.705,0.735,0.9,2,1.2893,0.9531,0.0184,0.9362,1.3528,1.3771
PG67363_text.txt,116733,39779,39628,0.705,0.735,0.9,3,1.227,0.9453,0.0124,0.9556,1.298,1.2841
PG67363_text.txt,116733,39779,39628,0.705,0.735,0.9,4,1.225,0.9526,0.0117,0.9388,1.286,1.3048
PG67363_text.txt,116733,39779,39628,0.705,0.735,0.9,5,1.1566,0.9483,0.0151,0.9707,1.2196,1.1915
PG67363_text.txt,116733,39779,39628,0.705,0.735,0.9,6,1.2553,0.951,0.0173,0.9396,1.32,1.336
PG67363_text.txt,116733,39779,39628,0.705,0.735,0.9,7,1.1987,0.9531,0.0154,0.9352,1.2576,1.2818
PG67363_text.txt,116733,39779,39628,0.705,0.735,0.9,8,1.0958,0.9456,0.0162,0.9492,1.1588,1.1544
PG67363_text.txt,116733,39779,39628,0.705,0.735,0.9,9,1.0283,0.9539,0.0195,0.9434,1.078,1.09
PG67363_text.txt,116733,39779,39628,0.705,0.735,0.9,10,1.3341,0.9463,0.0157,0.9443,1.4097,1.4127
PG67363_text.txt,116733,39779,39628,0.705,0.735,0.9,11,1.1145,0.9517,0.0173,0.9774,1.1711,1.1403
PG67363_text.txt,116733,39779,39628,0.705,0.735,0.9,12,1.098,0.9497,0.0101,0.9337,1.1561,1.1759
PG67363_text.txt,116733,39779,39628,0.705,0.735,0.9,13,1.085,0.9485,0.0183,0.9558,1.1439,1.1352
PG67363_text.txt,116733,39779,39628,0.705,0.735,0.9,14,1.0993,0.9473,0.016,0.9452,1.1604,1.163
PG67363_text.txt,116733,39779,39628,0.705,0.735,0.9,15,1.0849,0.9508,0.0136,0.9768,1.1411,1.1106
PG67363_text.txt,116733,39779,39628,0.705,0.735,0.9,16,1.0401,0.9569,0.0152,0.9361,1.0869,1.1112
PG67363_text.txt,116733,39779,39628,0.705,0.735,0.9,17,1.0858,0.9556,0.0164,0.9485,1.1362,1.1447
PG67363_text.txt,116733,39779,39628,0.705,0.735,0.9,18,1.0864,0.9511,0.0135,0.9444,1.1423,1.1504
PG67363_text.txt,116733,39779,39628,0.705,0.735,0.9,19,1.0726,0.9463,0.0129,0.9252,1.1334,1.1593
PG67363_text.txt,116733,39779,39628,0.705,0.735,0.9,20,1.0633,0.9457,0.0163,0.9538,1.1244,1.1149
PG67363_text.txt,116733,39779,39628,0.705,0.735,0.95,1,1.2075,0.9745,0.0244,1.0009,1.2391,1.2063
PG67363_text.txt,116733,39779,39628,0.705,0.735,0.95,2,1.3958,0.9789,0.0168,0.9875,1.4259,1.4135
PG67363_text.txt,116733,39779,39628,0.705,0.735,0.95,3,1.3268,0.9758,0.0253,0.9392,1.3597,1.4127
PG67363_text.txt,116733,39779,39628,0.705,0.735,0.95,4,1.3596,0.9822,0.0206,0.96,1.3842,1.4162
PG67363_text.txt,116733,39779,39628,0.705,0.735,0.95,5,1.264,0.9733,0.025,0.9783,1.2987,1.2921
PG67363_text.txt,116733,39779,39628,0.705,0.735,0.95,6,1.4317,0.9777,0.021,0.9833,1.4643,1.456
PG67363_text.txt,116733,39779,39628,0.705,0.735,0.95,7,1.3654,0.9749,0.0197,0.9617,1.4005,1.4197
PG67363_text.txt,116733,39779,39628,0.705,0.735,0.95,8,1.1586,0.9775,0.0223,0.9948,1.1853,1.1646
PG67363_text.txt,116733,39779,39628,0.705,0.735,0.95,9,1.1302,0.9801,0.0214,0.9557,1.1531,1.1826
PG67363_text.txt,116733,39779,39628,0.705,0.735,0.95,10,1.7108,0.9657,0.0218,0.9996,1.7715,1.7114
PG67363_text.txt,116733,39779,39628,0.705,0.735,0.95,11,1.1434,0.9686,0.0235,1.0176,1.1804,1.1235
PG67363_text.txt,116733,39779,39628,0.705,0.735,0.95,12,1.12,0.971,0.0185,0.9697,1.1535,1.155
PG67363_text.txt,116733,39779,39628,0.705,0.735,0.95,13,1.1404,0.9681,0.0234,0.9739,1.1779,1.1709
PG67363_text.txt,116733,39779,39628,0.705,0.735,0.95,14,1.1295,0.9692,0.0259,0.9738,1.1654,1.1599
PG67363_text.txt,116733,39779,39628,0.705,0.735,0.95,15,1.0812,0.9728,0.0255,0.9829,1.1114,1.1
PG67363_text.txt,116733,39779,39628,0.705,0.735,0.95,16,1.1192,0.9802,0.0233,0.9728,1.1419,1.1505
PG67363_text.txt,116733,39779,39628,0.705,0.735,0.95,17,1.2433,0.9716,0.0243,1.0139,1.2797,1.2263
PG67363_text.txt,116733,39779,39628,0.705,0.735,0.95,18,1.1622,0.9774,0.0263,0.943,1.189,1.2323
PG67363_text.txt,116733,39779,39628,0.705,0.735,0.95,19,1.2002,0.9708,0.0198,0.9637,1.2363,1.2454
PG67363_text.txt,116733,39779,39628,0.705,0.735,0.95,20,1.1612,0.9699,0.0198,0.9766,1.1973,1.1891
PG67363_text.txt,116733,39779,39628,0.705,0.735,0.99,1,1.2642,0.9799,0.059,1.0341,1.2901,1.2225
PG67363_text.txt,116733,39779,39628,0.705,0.735,0.99,2,1.9637,0.9895,0.0484,0.9674,1.9845,2.0298
PG67363_text.txt,116733,39779,39628,0.705,0.735,0.99,3,1.6557,1.0116,0.0548,0.9566,1.6367,1.7307
PG67363_text.txt,116733,39779,39628,0.705,0.735,0.99,4,2.1057,0.977,0.0416,0.9779,2.1552,2.1532
PG67363_text.txt,116733,39779,39628,0.705,0.735,0.99,5,1.4861,0.9771,0.0593,1.0235,1.521,1.4519
PG67363_text.txt,116733,39779,39628,0.705,0.735,0.99,6,1.4145,1.0086,0.0522,0.9824,1.4024,1.4398
PG67363_text.txt,116733,39779,39628,0.705,0.735,0.99,7,1.9364,0.9791,0.0551,1.1238,1.9777,1.7232
PG67363_text.txt,116733,39779,39628,0.705,0.735,0.99,8,1.2044,0.9647,0.0498,1.0193,1.2485,1.1815
PG67363_text.txt,116733,39779,39628,0.705,0.735,0.99,9,1.1175,1.0009,0.0564,0.919,1.1164,1.2159
PG67363_text.txt,116733,39779,39628,0.705,0.735,0.99,10,5.9347,0.9768,0.0383,1.002,6.0755,5.9229
PG67363_text.txt,116733,39779,39628,0.705,0.735,0.99,11,1.402,0.9884,0.0511,0.9525,1.4184,1.4719
PG67363_text.txt,116733,39779,39628,0.705,0.735,0.99,12,1.2462,1.0028,0.0655,0.9284,1.2426,1.3422
PG67363_text.txt,116733,39779,39628,0.705,0.735,0.99,13,1.1926,0.9987,0.0364,0.9238,1.1941,1.291
PG67363_text.txt,116733,39779,39628,0.705,0.735,0.99,14,1.5162,1.0049,0.0472,0.9625,1.5088,1.5752
PG67363_text.txt,116733,39779,39628,0.705,0.735,0.99,15,1.2949,1.0159,0.0555,0.9205,1.2746,1.4067
PG67363_text.txt,116733,39779,39628,0.705,0.735,0.99,16,1.2557,0.9835,0.0528,1.0345,1.2767,1.2138
PG67363_text.txt,116733,39779,39628,0.705,0.735,0.99,17,1.3032,0.9827,0.047,0.9572,1.3261,1.3615
PG67363_text.txt,116733,39779,39628,0.705,0.735,0.99,18,1.3725,0.979,0.0664,1.0557,1.4019,1.3001
PG67363_text.txt,116733,39779,39628,0.705,0.735,0.99,19,1.3325,0.9845,0.0521,1.0668,1.3534,1.249
PG67363_text.txt,116733,39779,39628,0.705,0.735,0.99,20,1.1622,0.9809,0.0541,1.0118,1.1849,1.1487
PG9662_text.txt,56660,17873,17858,0.8043,0.8044,0.6,1,0.8161,0.773,0.0086,0.7879,1.0558,1.0357
PG9662_text.txt,56660,17873,17858,0.8043,0.8044,0.6,2,0.8354,0.77,0.0057,0.7718,1.0849,1.0824
PG9662_text.txt,56660,17873,17858,0.8043,0.8044,0.6,3,0.8247,0.7735,0.0063,0.7798,1.0662,1.0575
PG9662_text.txt,56660,17873,17858,0.8043,0.8044,0.6,4,0.8227,0.7741,0.0079,0.7664,1.0627,1.0734
PG9662_text.txt,56660,17873,17858,0.8043,0.8044,0.6,5,0.866,0.7748,0.0074,0.7745,1.1178,1.1182
PG9662_text.txt,56660,17873,17858,0.8043,0.8044,0.6,6,0.8396,0.7755,0.0069,0.7802,1.0827,1.0762
PG9662_text.txt,56660,17873,17858,0.8043,0.8044,0.6,7,0.8289,0.7776,0.0091,0.7711,1.066,1.075
PG9662_text.txt,56660,17873,17858,0.8043,0.8044,0.6,8,0.8589,0.7752,0.0133,0.7763,1.1079,1.1064
PG9662_text.txt,56660,17873,17858,0.8043,0.8044,0.6,9,0.8182,0.7728,0.0104,0.7589,1.0588,1.0782
PG9662_text.txt,56660,17873,17858,0.8043,0.8044,0.6,10,0.8253,0.7746,0.0069,0.7724,1.0654,1.0684
PG9662_text.txt,56660,17873,17858,0.8043,0.8044,0.6,11,0.8379,0.7737,0.0084,0.7821,1.083,1.0713
PG9662_text.txt,56660,17873,17858,0.8043,0.8044,0.6,12,0.8475,0.7756,0.0061,0.7751,1.0927,1.0933
PG9662_text.txt,56660,17873,17858,0.8043,0.8044,0.6,13,0.8304,0.775,0.009,0.7776,1.0714,1.0679
PG9662_text.txt,56660,17873,17858,0.8043,0.8044,0.6,14,0.8329,0.7798,0.0084,0.7771,1.0681,1.0719
PG9662_text.txt,56660,17873,17858,0.8043,0.8044,0.6,15,0.814,0.7766,0.0075,0.7577,1.0482,1.0743
PG9662_text.txt,56660,17873,17858,0.8043,0.8044,0.6,16,0.8208,0.7724,0.008,0.7774,1.0627,1.0558
PG9662_text.txt,56660,17873,17858,0.8043,0.8044,0.6,17,0.8288,0.7728,0.0068,0.7824,1.0725,1.0592
PG9662_text.txt,56660,17873,17858,0.8043,0.8044,0.6,18,0.8096,0.7741,0.0085,0.7875,1.0458,1.0281
PG9662_text.txt,56660,17873,17858,0.8043,0.8044,0.6,19,0.8467,0.7746,0.0089,0.7677,1.0931,1.1029
PG9662_text.txt,56660,17873,17858,0.8043,0.8044,0.6,20,0.8316,0.7702,0.0096,0.7853,1.0797,1.059
PG9662_text.txt,56660,17873,17858,0.8043,0.8044,0.7,1,0.9052,0.8343,0.0128,0.8653,1.0849,1.0461
PG9662_text.txt,56660,17873,17858,0.8043,0.8044,0.7,2,0.9207,0.8312,0.0088,0.8333,1.1076,1.1048
PG9662_text.txt,56660,17873,17858,0.8043,0.8044,0.7,3,0.9305,0.8374,0.0129,0.8525,1.1112,1.0915
PG9662_text.txt,56660,17873,17858,0.8043,0.8044,0.7,4,0.9227,0.8354,0.0131,0.8274,1.1045,1.1151
PG9662_text.txt,56660,17873,17858,0.8043,0.8044,0.7,5,0.9457,0.8381,0.0137,0.8317,1.1284,1.1371
PG9662_text.txt,56660,17873,17858,0.8043,0.8044,0.7,6,0.9306,0.8376,0.0133,0.8453,1.111,1.1009
PG9662_text.txt,56660,17873,17858,0.8043,0.8044,0.7,7,0.886,0.8405,0.0141,0.8184,1.0541,1.0826
PG9662_text.txt,56660,17873,17858,0.8043,0.8044,0.7,8,0.9396,0.8383,0.0164,0.8399,1.1208,1.1188
PG9662_text.txt,56660,17873,17858,0.8043,0.8044,0.7,9,0.8951,0.8377,0.0118,0.8368,1.0686,1.0696
PG9662_text.txt,56660,17873,17858,0.8043,0.8044,0.7,10,0.9015,0.8382,0.0114,0.844,1.0755,1.0681
PG9662_text.txt,56660,17873,17858,0.8043,0.8044,0.7,11,0.9269,0.8374,0.0111,0.8433,1.1068,1.0991
PG9662_text.txt,56660,17873,17858,0.8043,0.8044,0.7,12,0.9254,0.8397,0.0106,0.835,1.1022,1.1083
PG9662_text.txt,56660,17873,17858,0.8043,0.8044,0.7,13,0.9129,0.8369,0.0112,0.8441,1.0908,1.0815
PG9662_text.txt,56660,17873,17858,0.8043,0.8044,0.7,14,0.924,0.8398,0.0113,0.822,1.1002,1.1241
PG9662_text.txt,56660,17873,17858,0.8043,0.8044,0.7,15,0.88,0.8365,0.0106,0.8295,1.052,1.0609
PG9662_text.txt,56660,17873,17858,0.8043,0.8044,0.7,16,0.8879,0.8328,0.0117,0.8569,1.0661,1.0361
PG9662_text.txt,56660,17873,17858,0.8043,0.8044,0.7,17,0.9028,0.8356,0.0089,0.8457,1.0805,1.0676
PG9662_text.txt,56660,17873,17858,0.8043,0.8044,0.7,18,0.8871,0.8363,0.0095,0.8624,1.0607,1.0286
PG9662_text.txt,56660,17873,17858,0.8043,0.8044,0.7,19,0.8937,0.8365,0.0083,0.8345,1.0684,1.0709
PG9662_text.txt,56660,17873,17858,0.8043,0.8044,0.7,20,0.8957,0.8306,0.0089,0.8376,1.0784,1.0694
PG9662_text.txt,56660,17873,17858,0.8043,0.8044,0.8,1,0.9497,0.8897,0.0173,0.8959,1.0675,1.0601
PG9662_text.txt,56660,17873,17858,0.8043,0.8044,0.8,2,1.0014,0.8912,0.013,0.8655,1.1237,1.157
PG9662_text.txt,56660,17873,17858,0.8043,0.8044,0.8,3,1.0552,0.8987,0.018,0.9079,1.174,1.1622
PG9662_text.txt,56660,17873,17858,0.8043,0.8044,0.8,4,1.0108,0.893,0.0167,0.902,1.132,1.1207
PG9662_text.txt,56660,17873,17858,0.8043,0.8044,0.8,5,1.0587,0.8955,0.0166,0.8836,1.1822,1.1981
PG9662_text.txt,56660,17873,17858,0.8043,0.8044,0.8,6,0.9986,0.8939,0.0167,0.8982,1.1171,1.1118
PG9662_text.txt,56660,17873,17858,0.8043,0.8044,0.8,7,0.9808,0.9021,0.018,0.8662,1.0872,1.1324
PG9662_text.txt,56660,17873,17858,0.8043,0.8044,0.8,8,1.0226,0.8968,0.0188,0.9062,1.1403,1.1285
PG9662_text.txt,56660,17873,17858,0.8043,0.8044,0.8,9,1.0195,0.8933,0.0174,0.8686,1.1412,1.1737
PG9662_text.txt,56660,17873,17858,0.8043,0.8044,0.8,10,0.968,0.8976,0.0168,0.907,1.0785,1.0673
PG9662_text.txt,56660,17873,17858,0.8043,0.8044,0.8,11,1.0081,0.8958,0.0193,0.9004,1.1253,1.1197
PG9662_text.txt,56660,17873,17858,0.8043,0.8044,0.8,12,0.9744,0.8963,0.018,0.8852,1.0872,1.1007
PG9662_text.txt,56660,17873,17858,0.8043,0.8044,0.8,13,1.0115,0.893,0.0142,0.881,1.1327,1.1481
PG9662_text.txt,56660,17873,17858,0.8043,0.8044,0.8,14,0.9952,0.8941,0.0124,0.9024,1.113,1.1028
PG9662_text.txt,56660,17873,17858,0.8043,0.8044,0.8,15,0.9771,0.8951,0.0096,0.9289,1.0916,1.0519
PG9662_text.txt,56660,17873,17858,0.8043,0.8044,0.8,16,0.9636,0.8894,0.0152,0.8909,1.0835,1.0816
PG9662_text.txt,56660,17873,17858,0.8043,0.8044,0.8,17,0.9603,0.8928,0.0154,0.9082,1.0756,1.0574
PG9662_text.txt,56660,17873,17858,0.8043,0.8044,0.8,18,0.9674,0.8952,0.013,0.8923,1.0807,1.0842
PG9662_text.txt,56660,17873,17858,0.8043,0.8044,0.8,19,0.9346,0.8928,0.0122,0.8998,1.0468,1.0386
PG9662_text.txt,56660,17873,17858,0.8043,0.8044,0.8,20,0.9502,0.8932,0.0158,0.8973,1.0638,1.0589
PG9662_text.txt,56660,17873,17858,0.8043,0.8044,0.9,1,1.041,0.9405,0.0279,0.9591,1.1069,1.0855
PG9662_text.txt,56660,17873,17858,0.8043,0.8044,0.9,2,1.1275,0.952,0.0208,0.9308,1.1843,1.2113
PG9662_text.txt,56660,17873,17858,0.8043,0.8044,0.9,3,1.1046,0.9527,0.0232,0.9495,1.1594,1.1634
PG9662_text.txt,56660,17873,17858,0.8043,0.8044,0.9,4,1.0579,0.9508,0.022,0.9506,1.1126,1.1129
PG9662_text.txt,56660,17873,17858,0.8043,0.8044,0.9,5,1.2536,0.9525,0.0214,0.9313,1.3162,1.3461
PG9662_text.txt,56660,17873,17858,0.8043,0.8044,0.9,6,1.0886,0.9462,0.0247,0.9495,1.1505,1.1465
PG9662_text.txt,56660,17873,17858,0.8043,0.8044,0.9,7,1.1185,0.9533,0.0201,0.951,1.1733,1.1762
PG9662_text.txt,56660,17873,17858,0.8043,0.8044,0.9,8,1.0969,0.9433,0.0281,0.965,1.1629,1.1367
PG9662_text.txt,56660,17873,17858,0.8043,0.8044,0.9,9,1.1266,0.9421,0.0267,0.935,1.1958,1.2049
PG9662_text.txt,56660,17873,17858,0.8043,0.8044,0.9,10,1.1118,0.9446,0.0214,0.9543,1.177,1.1651
PG9662_text.txt,56660,17873,17858,0.8043,0.8044,0.9,11,1.0659,0.9412,0.0287,0.958,1.1326,1.1126
PG9662_text.txt,56660,17873,17858,0.8043,0.8044,0.9,12,1.0842,0.9505,0.0199,0.9243,1.1407,1.173
PG9662_text.txt,56660,17873,17858,0.8043,0.8044,0.9,13,1.1565,0.9433,0.0208,0.9424,1.226,1.2272
PG9662_text.txt,56660,17873,17858,0.8043,0.8044,0.9,14,1.0286,0.9485,0.0213,0.9348,1.0845,1.1004
PG9662_text.txt,56660,17873,17858,0.8043,0.8044,0.9,15,1.1211,0.9575,0.0155,0.9396,1.1708,1.1931
PG9662_text.txt,56660,17873,17858,0.8043,0.8044,0.9,16,1.0284,0.9455,0.0211,0.9738,1.0877,1.0561
PG9662_text.txt,56660,17873,17858,0.8043,0.8044,0.9,17,1.0517,0.9567,0.0235,0.9664,1.0992,1.0883
PG9662_text.txt,56660,17873,17858,0.8043,0.8044,0.9,18,1.0506,0.9463,0.0201,0.9528,1.1102,1.1027
PG9662_text.txt,56660,17873,17858,0.8043,0.8044,0.9,19,1.0517,0.9475,0.0191,0.9505,1.11,1.1065
PG9662_text.txt,56660,17873,17858,0.8043,0.8044,0.9,20,0.9808,0.9439,0.0281,0.9698,1.039,1.0113
PG9662_text.txt,56660,17873,17858,0.8043,0.8044,0.95,1,1.1974,0.9669,0.0352,0.9796,1.2384,1.2224
PG9662_text.txt,56660,17873,17858,0.8043,0.8044,0.95,2,1.2338,0.965,0.0227,0.9839,1.2785,1.254
PG9662_text.txt,56660,17873,17858,0.8043,0.8044,0.95,3,1.223,0.9685,0.0328,0.929,1.2628,1.3166
PG9662_text.txt,56660,17873,17858,0.8043,0.8044,0.95,4,1.19,0.9658,0.031,0.9462,1.2322,1.2577
PG9662_text.txt,56660,17873,17858,0.8043,0.8044,0.95,5,1.342,0.9759,0.0304,0.95,1.3751,1.4126
PG9662_text.txt,56660,17873,17858,0.8043,0.8044,0.95,6,1.1821,0.9756,0.0351,0.9972,1.2116,1.1854
PG9662_text.txt,56660,17873,17858,0.8043,0.8044,0.95,7,1.2461,0.9783,0.0269,0.9776,1.2738,1.2747
PG9662_text.txt,56660,17873,17858,0.8043,0.8044,0.95,8,1.2048,0.9737,0.0392,0.9827,1.2374,1.2261
PG9662_text.txt,56660,17873,17858,0.8043,0.8044,0.95,9,1.3333,0.9863,0.0309,0.9682,1.3518,1.377
PG9662_text.txt,56660,17873,17858,0.8043,0.8044,0.95,10,1.2131,0.9733,0.0278,0.966,1.2463,1.2558
PG9662_text.txt,56660,17873,17858,0.8043,0.8044,0.95,11,1.113,0.9627,0.0359,0.9294,1.1561,1.1976
PG9662_text.txt,56660,17873,17858,0.8043,0.8044,0.95,12,1.2261,0.9722,0.0297,0.9483,1.2612,1.293
PG9662_text.txt,56660,17873,17858,0.8043,0.8044,0.95,13,1.2007,0.9758,0.0314,0.9502,1.2305,1.2636
PG9662_text.txt,56660,17873,17858,0.8043,0.8044,0.95,14,1.1374,0.974,0.0335,0.9666,1.1678,1.1768
PG9662_text.txt,56660,17873,17858,0.8043,0.8044,0.95,15,1.1352,0.9836,0.0236,0.9315,1.154,1.2186
PG9662_text.txt,56660,17873,17858,0.8043,0.8044,0.95,16,1.0932,0.9717,0.0341,0.9709,1.125,1.126
PG9662_text.txt,56660,17873,17858,0.8043,0.8044,0.95,17,1.1829,0.9785,0.0334,1.0039,1.2088,1.1783
PG9662_text.txt,56660,17873,17858,0.8043,0.8044,0.95,18,1.1342,0.972,0.0267,0.9404,1.1669,1.2061
PG9662_text.txt,56660,17873,17858,0.8043,0.8044,0.95,19,1.1566,0.9639,0.0347,0.9044,1.1999,1.2789
PG9662_text.txt,56660,17873,17858,0.8043,0.8044,0.95,20,1.0985,0.9627,0.0332,1.001,1.1411,1.0975
PG9662_text.txt,56660,17873,17858,0.8043,0.8044,0.99,1,1.6329,0.9695,0.0699,0.9479,1.6843,1.7226
PG9662_text.txt,56660,17873,17858,0.8043,0.8044,0.99,2,1.2465,0.9414,0.0753,1.0845,1.3241,1.1493
PG9662_text.txt,56660,17873,17858,0.8043,0.8044,0.99,3,1.8607,1.0034,0.0806,0.9333,1.8544,1.9936
PG9662_text.txt,56660,17873,17858,0.8043,0.8044,0.99,4,1.0866,0.9509,0.0789,1.0451,1.1427,1.0397
PG9662_text.txt,56660,17873,17858,0.8043,0.8044,0.99,5,1.482,1.0123,0.0734,0.9543,1.464,1.553
PG9662_text.txt,56660,17873,17858,0.8043,0.8044,0.99,6,1.1374,1.0034,0.0718,0.9031,1.1335,1.2594
PG9662_text.txt,56660,17873,17858,0.8043,0.8044,0.99,7,1.6264,1.0,0.086,1.0735,1.6265,1.515
PG9662_text.txt,56660,17873,17858,0.8043,0.8044,0.99,8,1.6835,0.9996,0.065,1.141,1.6841,1.4755
PG9662_text.txt,56660,17873,17858,0.8043,0.8044,0.99,9,2.2603,0.9632,0.0395,0.8773,2.3467,2.5764
PG9662_text.txt,56660,17873,17858,0.8043,0.8044,0.99,10,1.7775,0.9763,0.0706,0.8615,1.8206,2.0633
PG9662_text.txt,56660,17873,17858,0.8043,0.8044,0.99,11,1.2918,1.0064,0.0773,0.8985,1.2836,1.4377
PG9662_text.txt,56660,17873,17858,0.8043,0.8044,0.99,12,1.5287,0.986,0.0788,0.8793,1.5503,1.7385
PG9662_text.txt,56660,17873,17858,0.8043,0.8044,0.99,13,1.1567,0.9835,0.0794,1.0079,1.1761,1.1477
PG9662_text.txt,56660,17873,17858,0.8043,0.8044,0.99,14,1.0562,1.007,0.0615,0.9238,1.0489,1.1434
PG9662_text.txt,56660,17873,17858,0.8043,0.8044,0.99,15,1.1646,0.96,0.0715,0.9418,1.2131,1.2365
PG9662_text.txt,56660,17873,17858,0.8043,0.8044,0.99,16,1.1846,0.9669,0.071,0.9329,1.2251,1.2697
PG9662_text.txt,56660,17873,17858,0.8043,0.8044,0.99,17,1.0948,0.9663,0.0685,0.9357,1.1329,1.17
PG9662_text.txt,56660,17873,17858,0.8043,0.8044,0.99,18,1.3178,0.9954,0.0617,0.9608,1.3239,1.3717
PG9662_text.txt,56660,17873,17858,0.8043,0.8044,0.99,19,1.1663,0.9764,0.052,0.991,1.1944,1.1768
PG9662_text.txt,56660,17873,17858,0.8043,0.8044,0.99,20,1.4012,0.992,0.061,1.0439,1.4125,1.3422
