file,M_filtered,alpha,k,lag,rho_orig,rho_fgn,rho_surr,ci_95,orig_sig,fgn_sig,surr_sig
PG27942_text.txt,155035,0.7791,1,1,0.06887,0.01686,-0.00159,0.00498,1,1,0
PG27942_text.txt,155035,0.7791,1,2,0.0425,0.00988,0.0027,0.00498,1,1,0
PG27942_text.txt,155035,0.7791,1,5,0.03494,0.0032,-0.00138,0.00498,1,0,0
PG27942_text.txt,155035,0.7791,1,10,0.02666,0.00169,0.00097,0.00498,1,0,0
PG27942_text.txt,155035,0.7791,1,20,0.01989,0.00353,0.00425,0.00498,1,0,0
PG27942_text.txt,155035,0.7791,1,50,0.01425,-0.00074,2e-05,0.00498,1,0,0
PG27942_text.txt,155035,0.7791,1,100,0.01429,-0.00116,0.00109,0.00498,1,0,0
PG27942_text.txt,155035,0.7791,1,200,0.00709,0.00263,0.00451,0.00498,1,0,0
PG27942_text.txt,155035,0.7791,1,300,0.00289,0.00541,0.00232,0.00498,0,1,0
PG27942_text.txt,155035,0.7791,2,1,0.14612,0.00299,0.00319,0.00498,1,0,0
PG27942_text.txt,155035,0.7791,2,2,0.09825,0.00197,-0.00194,0.00498,1,0,0
PG27942_text.txt,155035,0.7791,2,5,0.07972,0.00088,3e-05,0.00498,1,0,0
PG27942_text.txt,155035,0.7791,2,10,0.07135,0.00056,-0.00043,0.00498,1,0,0
PG27942_text.txt,155035,0.7791,2,20,0.05946,-0.00011,0.00327,0.00498,1,0,0
PG27942_text.txt,155035,0.7791,2,50,0.03988,-0.00038,0.00079,0.00498,1,0,0
PG27942_text.txt,155035,0.7791,2,100,0.03343,0.00288,-0.00594,0.00498,1,0,1
PG27942_text.txt,155035,0.7791,2,200,0.02587,0.00097,-0.00413,0.00498,1,0,0
PG27942_text.txt,155035,0.7791,2,300,0.02282,-0.0009,0.00417,0.00498,1,0,0
PG27942_text.txt,155035,0.7791,3,1,0.12539,0.02454,-0.00253,0.00498,1,1,0
PG27942_text.txt,155035,0.7791,3,2,0.08108,0.01584,-0.00282,0.00498,1,1,0
PG27942_text.txt,155035,0.7791,3,5,0.06147,0.0089,-0.0014,0.00498,1,1,0
PG27942_text.txt,155035,0.7791,3,10,0.05455,0.00405,0.00358,0.00498,1,0,0
PG27942_text.txt,155035,0.7791,3,20,0.04059,0.00326,-0.00483,0.00498,1,0,0
PG27942_text.txt,155035,0.7791,3,50,0.02743,0.00461,0.00106,0.00498,1,0,0
PG27942_text.txt,155035,0.7791,3,100,0.02298,0.00476,-0.00087,0.00498,1,0,0
PG27942_text.txt,155035,0.7791,3,200,0.01346,0.00036,-0.00506,0.00498,1,0,1
PG27942_text.txt,155035,0.7791,3,300,0.01149,0.00046,-0.00093,0.00498,1,0,0
PG27942_text.txt,155035,0.7791,4,1,0.07793,0.00355,-0.0017,0.00498,1,0,0
PG27942_text.txt,155035,0.7791,4,2,0.06467,0.00261,-0.0012,0.00498,1,0,0
PG27942_text.txt,155035,0.7791,4,5,0.05487,-0.00188,0.00053,0.00498,1,0,0
PG27942_text.txt,155035,0.7791,4,10,0.04447,-0.00365,-0.00165,0.00498,1,0,0
PG27942_text.txt,155035,0.7791,4,20,0.03843,0.0009,0.00061,0.00498,1,0,0
PG27942_text.txt,155035,0.7791,4,50,0.03087,-0.00315,0.00162,0.00498,1,0,0
PG27942_text.txt,155035,0.7791,4,100,0.02311,0.00203,-0.00429,0.00498,1,0,0
PG27942_text.txt,155035,0.7791,4,200,0.01885,-0.00305,-0.00073,0.00498,1,0,0
PG27942_text.txt,155035,0.7791,4,300,0.01558,-0.00267,0.00232,0.00498,1,0,0
PG27942_text.txt,155035,0.7791,5,1,0.13825,0.00313,-0.00152,0.00498,1,0,0
PG27942_text.txt,155035,0.7791,5,2,0.10069,0.00521,0.00013,0.00498,1,1,0
PG27942_text.txt,155035,0.7791,5,5,0.08518,0.00301,0.00287,0.00498,1,0,0
PG27942_text.txt,155035,0.7791,5,10,0.07012,0.00223,0.00049,0.00498,1,0,0
PG27942_text.txt,155035,0.7791,5,20,0.05815,-0.00266,0.00195,0.00498,1,0,0
PG27942_text.txt,155035,0.7791,5,50,0.04456,-0.0007,0.00236,0.00498,1,0,0
PG27942_text.txt,155035,0.7791,5,100,0.03959,0.00141,-0.00358,0.00498,1,0,0
PG27942_text.txt,155035,0.7791,5,200,0.03565,0.00206,-0.0021,0.00498,1,0,0
PG27942_text.txt,155035,0.7791,5,300,0.03092,-0.0036,-0.00242,0.00498,1,0,0
PG27942_text.txt,155035,0.7791,6,1,0.13594,0.00325,0.0014,0.00498,1,0,0
PG27942_text.txt,155035,0.7791,6,2,0.08225,-0.00278,-0.00747,0.00498,1,0,1
PG27942_text.txt,155035,0.7791,6,5,0.06411,0.00046,0.00029,0.00498,1,0,0
PG27942_text.txt,155035,0.7791,6,10,0.05394,0.00082,0.002,0.00498,1,0,0
PG27942_text.txt,155035,0.7791,6,20,0.04337,0.0025,0.00152,0.00498,1,0,0
PG27942_text.txt,155035,0.7791,6,50,0.02665,0.00107,0.00368,0.00498,1,0,0
PG27942_text.txt,155035,0.7791,6,100,0.02436,0.00237,0.0027,0.00498,1,0,0
PG27942_text.txt,155035,0.7791,6,200,0.01385,-0.00281,-0.00404,0.00498,1,0,0
PG27942_text.txt,155035,0.7791,6,300,0.01382,0.00616,-0.00071,0.00498,1,1,0
PG27942_text.txt,155035,0.7791,7,1,0.07602,0.0,-0.00359,0.00498,1,0,0
PG27942_text.txt,155035,0.7791,7,2,0.05167,0.00416,-0.00132,0.00498,1,0,0
PG27942_text.txt,155035,0.7791,7,5,0.04084,0.0033,0.00147,0.00498,1,0,0
PG27942_text.txt,155035,0.7791,7,10,0.04417,-9e-05,-0.00355,0.00498,1,0,0
PG27942_text.txt,155035,0.7791,7,20,0.03566,-0.00011,0.00795,0.00498,1,0,1
PG27942_text.txt,155035,0.7791,7,50,0.02755,0.00181,-0.00116,0.00498,1,0,0
PG27942_text.txt,155035,0.7791,7,100,0.0246,-0.00056,0.00442,0.00498,1,0,0
PG27942_text.txt,155035,0.7791,7,200,0.02082,-0.00062,0.00099,0.00498,1,0,0
PG27942_text.txt,155035,0.7791,7,300,0.02168,-0.00022,-0.00228,0.00498,1,0,0
PG27942_text.txt,155035,0.7791,8,1,0.1211,0.00053,0.00287,0.00498,1,0,0
PG27942_text.txt,155035,0.7791,8,2,0.08629,0.00137,0.00137,0.00498,1,0,0
PG27942_text.txt,155035,0.7791,8,5,0.07626,-0.00234,-0.00198,0.00498,1,0,0
PG27942_text.txt,155035,0.7791,8,10,0.069,0.00361,0.0011,0.00498,1,0,0
PG27942_text.txt,155035,0.7791,8,20,0.05984,0.00179,-0.00037,0.00498,1,0,0
PG27942_text.txt,155035,0.7791,8,50,0.04779,-0.00264,-0.0027,0.00498,1,0,0
PG27942_text.txt,155035,0.7791,8,100,0.03877,0.00294,-0.00168,0.00498,1,0,0
PG27942_text.txt,155035,0.7791,8,200,0.04064,0.00315,0.00059,0.00498,1,0,0
PG27942_text.txt,155035,0.7791,8,300,0.03913,-0.0017,0.00012,0.00498,1,0,0
PG27942_text.txt,155035,0.7791,9,1,0.09108,-0.00358,0.00165,0.00498,1,0,0
PG27942_text.txt,155035,0.7791,9,2,0.05015,-0.00034,-0.00076,0.00498,1,0,0
PG27942_text.txt,155035,0.7791,9,5,0.03943,-0.00063,0.00406,0.00498,1,0,0
PG27942_text.txt,155035,0.7791,9,10,0.03624,8e-05,0.00316,0.00498,1,0,0
PG27942_text.txt,155035,0.7791,9,20,0.03002,0.00206,-0.00081,0.00498,1,0,0
PG27942_text.txt,155035,0.7791,9,50,0.00676,-0.00468,0.0031,0.00498,1,0,0
PG27942_text.txt,155035,0.7791,9,100,0.01023,0.00403,-0.00108,0.00498,1,0,0
PG27942_text.txt,155035,0.7791,9,200,0.01078,0.00301,-0.00282,0.00498,1,0,0
PG27942_text.txt,155035,0.7791,9,300,0.01268,0.00168,0.00383,0.00498,1,0,0
PG27942_text.txt,155035,0.7791,10,1,0.09978,0.00427,0.00052,0.00498,1,0,0
PG27942_text.txt,155035,0.7791,10,2,0.06439,-0.00266,-0.00351,0.00498,1,0,0
PG27942_text.txt,155035,0.7791,10,5,0.04583,0.00091,-0.00025,0.00498,1,0,0
PG27942_text.txt,155035,0.7791,10,10,0.04003,0.0002,-0.00442,0.00498,1,0,0
PG27942_text.txt,155035,0.7791,10,20,0.02946,0.00528,0.00268,0.00498,1,1,0
PG27942_text.txt,155035,0.7791,10,50,0.01488,0.00101,-0.00494,0.00498,1,0,0
PG27942_text.txt,155035,0.7791,10,100,0.02014,-0.00359,0.00055,0.00498,1,0,0
PG27942_text.txt,155035,0.7791,10,200,0.01116,-0.00199,0.00217,0.00498,1,0,0
PG27942_text.txt,155035,0.7791,10,300,0.00999,-0.00453,-0.00515,0.00498,1,0,1
PG27942_text.txt,155035,0.7791,11,1,0.08338,0.00266,-0.0008,0.00498,1,0,0
PG27942_text.txt,155035,0.7791,11,2,0.05183,0.00116,-0.00541,0.00498,1,0,1
PG27942_text.txt,155035,0.7791,11,5,0.04379,0.0016,0.00227,0.00498,1,0,0
PG27942_text.txt,155035,0.7791,11,10,0.03435,-0.00297,-0.00404,0.00498,1,0,0
PG27942_text.txt,155035,0.7791,11,20,0.02726,-0.00096,0.00241,0.00498,1,0,0
PG27942_text.txt,155035,0.7791,11,50,0.02602,-0.00315,-0.00308,0.00498,1,0,0
PG27942_text.txt,155035,0.7791,11,100,0.01525,-0.00358,-0.00208,0.00498,1,0,0
PG27942_text.txt,155035,0.7791,11,200,0.01747,-0.00044,-0.00182,0.00498,1,0,0
PG27942_text.txt,155035,0.7791,11,300,0.01218,-0.00319,-0.00021,0.00498,1,0,0
PG27942_text.txt,155035,0.7791,12,1,0.07099,-0.00209,-0.00121,0.00498,1,0,0
PG27942_text.txt,155035,0.7791,12,2,0.04167,-0.00132,0.00275,0.00498,1,0,0
PG27942_text.txt,155035,0.7791,12,5,0.02805,0.00124,0.00318,0.00498,1,0,0
PG27942_text.txt,155035,0.7791,12,10,0.02257,-0.00037,-0.00075,0.00498,1,0,0
PG27942_text.txt,155035,0.7791,12,20,0.02055,0.00205,0.00183,0.00498,1,0,0
PG27942_text.txt,155035,0.7791,12,50,0.0094,0.00124,0.00155,0.00498,1,0,0
PG27942_text.txt,155035,0.7791,12,100,0.00808,-0.00147,2e-05,0.00498,1,0,0
PG27942_text.txt,155035,0.7791,12,200,0.00371,-0.00042,-0.00153,0.00498,0,0,0
PG27942_text.txt,155035,0.7791,12,300,0.00815,-0.00204,0.00362,0.00498,1,0,0
PG27942_text.txt,155035,0.7791,13,1,0.0893,0.00042,0.0002,0.00498,1,0,0
PG27942_text.txt,155035,0.7791,13,2,0.06118,1e-05,-0.00026,0.00498,1,0,0
PG27942_text.txt,155035,0.7791,13,5,0.04795,-0.00071,0.00209,0.00498,1,0,0
PG27942_text.txt,155035,0.7791,13,10,0.04029,0.00155,0.00178,0.00498,1,0,0
PG27942_text.txt,155035,0.7791,13,20,0.03235,-0.00173,-6e-05,0.00498,1,0,0
PG27942_text.txt,155035,0.7791,13,50,0.02033,0.00116,-0.00047,0.00498,1,0,0
PG27942_text.txt,155035,0.7791,13,100,0.01167,0.00109,-0.00268,0.00498,1,0,0
PG27942_text.txt,155035,0.7791,13,200,0.00818,-0.00095,0.00588,0.00498,1,0,1
PG27942_text.txt,155035,0.7791,13,300,0.00852,0.00216,-0.00018,0.00498,1,0,0
PG27942_text.txt,155035,0.7791,14,1,0.05703,0.00703,0.00385,0.00498,1,1,0
PG27942_text.txt,155035,0.7791,14,2,0.04998,0.00295,0.00155,0.00498,1,0,0
PG27942_text.txt,155035,0.7791,14,5,0.04134,0.0036,-0.00125,0.00498,1,0,0
PG27942_text.txt,155035,0.7791,14,10,0.02953,0.00267,-0.00536,0.00498,1,0,1
PG27942_text.txt,155035,0.7791,14,20,0.02446,-0.00069,0.00177,0.00498,1,0,0
PG27942_text.txt,155035,0.7791,14,50,0.01554,-0.00284,0.00147,0.00498,1,0,0
PG27942_text.txt,155035,0.7791,14,100,0.00873,0.0021,0.00354,0.00498,1,0,0
PG27942_text.txt,155035,0.7791,14,200,0.00474,-0.00054,-0.00137,0.00498,0,0,0
PG27942_text.txt,155035,0.7791,14,300,0.00048,-0.0003,-0.00153,0.00498,0,0,0
PG27942_text.txt,155035,0.7791,15,1,0.0685,0.00124,-0.00501,0.00498,1,0,1
PG27942_text.txt,155035,0.7791,15,2,0.0434,-0.00317,-0.00068,0.00498,1,0,0
PG27942_text.txt,155035,0.7791,15,5,0.03036,-0.00249,0.00244,0.00498,1,0,0
PG27942_text.txt,155035,0.7791,15,10,0.01847,-0.00138,-0.00097,0.00498,1,0,0
PG27942_text.txt,155035,0.7791,15,20,0.01677,0.00431,-0.00175,0.00498,1,0,0
PG27942_text.txt,155035,0.7791,15,50,0.01348,-0.00215,-0.00056,0.00498,1,0,0
PG27942_text.txt,155035,0.7791,15,100,0.00948,-0.00395,-0.00065,0.00498,1,0,0
PG27942_text.txt,155035,0.7791,15,200,0.00697,0.00075,-0.00273,0.00498,1,0,0
PG27942_text.txt,155035,0.7791,15,300,0.00905,0.00038,0.0013,0.00498,1,0,0
PG27942_text.txt,155035,0.7791,16,1,0.07142,-0.00016,-0.00354,0.00498,1,0,0
PG27942_text.txt,155035,0.7791,16,2,0.04366,-0.0001,0.00056,0.00498,1,0,0
PG27942_text.txt,155035,0.7791,16,5,0.03425,-0.00145,0.00396,0.00498,1,0,0
PG27942_text.txt,155035,0.7791,16,10,0.0315,0.00121,-0.00277,0.00498,1,0,0
PG27942_text.txt,155035,0.7791,16,20,0.02611,-0.00071,-0.00596,0.00498,1,0,1
PG27942_text.txt,155035,0.7791,16,50,0.01065,0.00071,-0.00525,0.00498,1,0,1
PG27942_text.txt,155035,0.7791,16,100,0.00919,0.00155,0.00101,0.00498,1,0,0
PG27942_text.txt,155035,0.7791,16,200,0.01084,0.0006,0.00084,0.00498,1,0,0
PG27942_text.txt,155035,0.7791,16,300,0.00564,-0.00133,0.00505,0.00498,1,0,1
PG27942_text.txt,155035,0.7791,17,1,0.06894,0.00315,-0.00074,0.00498,1,0,0
PG27942_text.txt,155035,0.7791,17,2,0.03736,0.00285,0.00414,0.00498,1,0,0
PG27942_text.txt,155035,0.7791,17,5,0.02814,-0.00147,0.0016,0.00498,1,0,0
PG27942_text.txt,155035,0.7791,17,10,0.02433,0.00593,0.00264,0.00498,1,1,0
PG27942_text.txt,155035,0.7791,17,20,0.01939,0.00114,0.00093,0.00498,1,0,0
PG27942_text.txt,155035,0.7791,17,50,0.01534,-0.00268,0.00048,0.00498,1,0,0
PG27942_text.txt,155035,0.7791,17,100,0.00897,-0.00194,-0.00046,0.00498,1,0,0
PG27942_text.txt,155035,0.7791,17,200,0.0078,-0.00074,0.0028,0.00498,1,0,0
PG27942_text.txt,155035,0.7791,17,300,0.00458,-0.00248,-0.00072,0.00498,0,0,0
PG27942_text.txt,155035,0.7791,18,1,0.10709,-0.00272,-0.00315,0.00498,1,0,0
PG27942_text.txt,155035,0.7791,18,2,0.07401,0.00295,0.00488,0.00498,1,0,0
PG27942_text.txt,155035,0.7791,18,5,0.053,-0.00259,-0.00116,0.00498,1,0,0
PG27942_text.txt,155035,0.7791,18,10,0.04121,-0.00118,0.00136,0.00498,1,0,0
PG27942_text.txt,155035,0.7791,18,20,0.03475,-0.00262,-0.00153,0.00498,1,0,0
PG27942_text.txt,155035,0.7791,18,50,0.02614,-0.00017,-0.00191,0.00498,1,0,0
PG27942_text.txt,155035,0.7791,18,100,0.0195,0.00096,-0.00079,0.00498,1,0,0
PG27942_text.txt,155035,0.7791,18,200,0.01866,0.00068,0.00093,0.00498,1,0,0
PG27942_text.txt,155035,0.7791,18,300,0.00866,0.00206,0.00033,0.00498,1,0,0
PG27942_text.txt,155035,0.7791,19,1,0.07479,-0.00162,-0.00071,0.00498,1,0,0
PG27942_text.txt,155035,0.7791,19,2,0.04343,-0.00014,0.00255,0.00498,1,0,0
PG27942_text.txt,155035,0.7791,19,5,0.03566,-0.00117,7e-05,0.00498,1,0,0
PG27942_text.txt,155035,0.7791,19,10,0.03117,0.00449,-0.00039,0.00498,1,0,0
PG27942_text.txt,155035,0.7791,19,20,0.02767,-0.00044,0.00466,0.00498,1,0,0
PG27942_text.txt,155035,0.7791,19,50,0.01579,-0.00378,-0.00301,0.00498,1,0,0
PG27942_text.txt,155035,0.7791,19,100,0.01144,-0.00139,-0.00012,0.00498,1,0,0
PG27942_text.txt,155035,0.7791,19,200,0.01143,-0.00157,0.00091,0.00498,1,0,0
PG27942_text.txt,155035,0.7791,19,300,0.00461,-0.00036,-0.00139,0.00498,0,0,0
PG27942_text.txt,155035,0.7791,20,1,0.06566,-0.0005,0.00213,0.00498,1,0,0
PG27942_text.txt,155035,0.7791,20,2,0.04672,-0.00424,0.00337,0.00498,1,0,0
PG27942_text.txt,155035,0.7791,20,5,0.03017,0.00131,-0.00317,0.00498,1,0,0
PG27942_text.txt,155035,0.7791,20,10,0.02479,-0.00203,0.00245,0.00498,1,0,0
PG27942_text.txt,155035,0.7791,20,20,0.01963,0.00146,0.00126,0.00498,1,0,0
PG27942_text.txt,155035,0.7791,20,50,0.01868,0.001,-0.00136,0.00498,1,0,0
PG27942_text.txt,155035,0.7791,20,100,0.01131,-0.00383,0.00242,0.00498,1,0,0
PG27942_text.txt,155035,0.7791,20,200,0.00766,0.00333,-0.00317,0.00498,1,0,0
PG27942_text.txt,155035,0.7791,20,300,0.00645,0.00182,-0.00164,0.00498,1,0,0
PG32021_text.txt,59577,0.8425,1,1,0.13517,0.01456,-5e-05,0.00803,1,1,0
PG32021_text.txt,59577,0.8425,1,2,0.08422,0.01664,-0.00295,0.00803,1,1,0
PG32021_text.txt,59577,0.8425,1,5,0.0713,0.00091,-0.00205,0.00803,1,0,0
PG32021_text.txt,59577,0.8425,1,10,0.06253,0.00387,0.00295,0.00803,1,0,0
PG32021_text.txt,59577,0.8425,1,20,0.05382,0.00467,0.00204,0.00803,1,0,0
PG32021_text.txt,59577,0.8425,1,50,0.03632,0.00055,0.00299,0.00803,1,0,0
PG32021_text.txt,59577,0.8425,1,100,0.03125,-0.00139,-0.00258,0.00803,1,0,0
PG32021_text.txt,59577,0.8425,1,200,0.02338,0.00503,0.00397,0.00803,1,0,0
PG32021_text.txt,59577,0.8425,1,300,0.01456,-0.00125,-0.0015,0.00803,1,0,0
PG32021_text.txt,59577,0.8425,2,1,0.23237,0.00549,0.00257,0.00803,1,0,0
PG32021_text.txt,59577,0.8425,2,2,0.136,0.00521,0.00124,0.00803,1,0,0
PG32021_text.txt,59577,0.8425,2,5,0.08487,0.0116,0.00567,0.00803,1,1,0
PG32021_text.txt,59577,0.8425,2,10,0.06428,0.00176,-0.0008,0.00803,1,0,0
PG32021_text.txt,59577,0.8425,2,20,0.05797,0.0054,-0.00292,0.00803,1,0,0
PG32021_text.txt,59577,0.8425,2,50,0.0325,0.00243,-0.00517,0.00803,1,0,0
PG32021_text.txt,59577,0.8425,2,100,0.01251,0.00645,0.00475,0.00803,1,0,0
PG32021_text.txt,59577,0.8425,2,200,0.00537,0.00039,-0.00377,0.00803,0,0,0
PG32021_text.txt,59577,0.8425,2,300,0.01168,-0.00398,-0.00038,0.00803,1,0,0
PG32021_text.txt,59577,0.8425,3,1,0.19769,0.00915,-0.00035,0.00803,1,1,0
PG32021_text.txt,59577,0.8425,3,2,0.13906,0.00785,-0.0024,0.00803,1,0,0
PG32021_text.txt,59577,0.8425,3,5,0.10233,0.00243,0.00264,0.00803,1,0,0
PG32021_text.txt,59577,0.8425,3,10,0.08604,0.00241,0.0041,0.00803,1,0,0
PG32021_text.txt,59577,0.8425,3,20,0.06513,-0.0032,-0.00274,0.00803,1,0,0
PG32021_text.txt,59577,0.8425,3,50,0.0435,0.00036,-0.00565,0.00803,1,0,0
PG32021_text.txt,59577,0.8425,3,100,0.03311,-0.00306,0.00258,0.00803,1,0,0
PG32021_text.txt,59577,0.8425,3,200,0.02329,-0.00323,0.00686,0.00803,1,0,0
PG32021_text.txt,59577,0.8425,3,300,0.01523,0.00443,-0.00264,0.00803,1,0,0
PG32021_text.txt,59577,0.8425,4,1,0.14207,0.00031,0.00403,0.00803,1,0,0
PG32021_text.txt,59577,0.8425,4,2,0.07606,-0.00242,-0.00035,0.00803,1,0,0
PG32021_text.txt,59577,0.8425,4,5,0.05548,-0.00289,0.0064,0.00803,1,0,0
PG32021_text.txt,59577,0.8425,4,10,0.05008,-0.00088,0.00392,0.00803,1,0,0
PG32021_text.txt,59577,0.8425,4,20,0.03682,-0.00038,-0.00076,0.00803,1,0,0
PG32021_text.txt,59577,0.8425,4,50,0.02446,0.00408,-0.00036,0.00803,1,0,0
PG32021_text.txt,59577,0.8425,4,100,0.02139,-0.00245,0.0057,0.00803,1,0,0
PG32021_text.txt,59577,0.8425,4,200,0.01549,-0.00284,0.00415,0.00803,1,0,0
PG32021_text.txt,59577,0.8425,4,300,0.01384,-0.00305,-0.0047,0.00803,1,0,0
PG32021_text.txt,59577,0.8425,5,1,0.20499,0.00174,0.01176,0.00803,1,0,1
PG32021_text.txt,59577,0.8425,5,2,0.13318,0.00029,-0.00235,0.00803,1,0,0
PG32021_text.txt,59577,0.8425,5,5,0.10087,0.00125,0.00083,0.00803,1,0,0
PG32021_text.txt,59577,0.8425,5,10,0.08369,0.00208,-0.00464,0.00803,1,0,0
PG32021_text.txt,59577,0.8425,5,20,0.07256,-0.00128,-0.00298,0.00803,1,0,0
PG32021_text.txt,59577,0.8425,5,50,0.06304,0.00068,-0.00855,0.00803,1,0,1
PG32021_text.txt,59577,0.8425,5,100,0.04943,0.00111,0.00037,0.00803,1,0,0
PG32021_text.txt,59577,0.8425,5,200,0.03408,0.00112,0.00213,0.00803,1,0,0
PG32021_text.txt,59577,0.8425,5,300,0.02908,-0.00563,0.00646,0.00803,1,0,0
PG32021_text.txt,59577,0.8425,6,1,0.16713,0.00162,0.00275,0.00803,1,0,0
PG32021_text.txt,59577,0.8425,6,2,0.10651,-0.00019,0.0009,0.00803,1,0,0
PG32021_text.txt,59577,0.8425,6,5,0.07459,0.00158,0.00907,0.00803,1,0,1
PG32021_text.txt,59577,0.8425,6,10,0.06167,0.00535,0.00022,0.00803,1,0,0
PG32021_text.txt,59577,0.8425,6,20,0.0481,-0.00472,-0.0012,0.00803,1,0,0
PG32021_text.txt,59577,0.8425,6,50,0.03252,-0.00043,-0.00331,0.00803,1,0,0
PG32021_text.txt,59577,0.8425,6,100,0.02217,0.00065,-0.00567,0.00803,1,0,0
PG32021_text.txt,59577,0.8425,6,200,0.01766,0.00112,-0.00528,0.00803,1,0,0
PG32021_text.txt,59577,0.8425,6,300,0.01084,0.00289,0.00426,0.00803,1,0,0
PG32021_text.txt,59577,0.8425,7,1,0.13462,0.00734,0.00403,0.00803,1,0,0
PG32021_text.txt,59577,0.8425,7,2,0.09458,-0.00043,-0.0068,0.00803,1,0,0
PG32021_text.txt,59577,0.8425,7,5,0.06822,0.0049,0.00393,0.00803,1,0,0
PG32021_text.txt,59577,0.8425,7,10,0.05775,-0.00354,-0.00663,0.00803,1,0,0
PG32021_text.txt,59577,0.8425,7,20,0.05693,-0.00218,0.00038,0.00803,1,0,0
PG32021_text.txt,59577,0.8425,7,50,0.03768,0.00255,0.00065,0.00803,1,0,0
PG32021_text.txt,59577,0.8425,7,100,0.03211,0.0038,-0.00584,0.00803,1,0,0
PG32021_text.txt,59577,0.8425,7,200,0.02652,0.00301,0.01197,0.00803,1,0,1
PG32021_text.txt,59577,0.8425,7,300,0.03267,0.00512,0.00114,0.00803,1,0,0
PG32021_text.txt,59577,0.8425,8,1,0.13593,0.01385,-0.00406,0.00803,1,1,0
PG32021_text.txt,59577,0.8425,8,2,0.07901,0.00169,0.00069,0.00803,1,0,0
PG32021_text.txt,59577,0.8425,8,5,0.05305,-0.00033,-0.00327,0.00803,1,0,0
PG32021_text.txt,59577,0.8425,8,10,0.04254,4e-05,-0.00112,0.00803,1,0,0
PG32021_text.txt,59577,0.8425,8,20,0.03374,-0.00724,-3e-05,0.00803,1,0,0
PG32021_text.txt,59577,0.8425,8,50,0.01975,-0.00336,-0.00243,0.00803,1,0,0
PG32021_text.txt,59577,0.8425,8,100,0.01266,0.0046,-0.00032,0.00803,1,0,0
PG32021_text.txt,59577,0.8425,8,200,0.01296,-0.00157,-0.00048,0.00803,1,0,0
PG32021_text.txt,59577,0.8425,8,300,0.00966,0.00086,-0.00039,0.00803,1,0,0
PG32021_text.txt,59577,0.8425,9,1,0.14232,-0.0022,-0.00431,0.00803,1,0,0
PG32021_text.txt,59577,0.8425,9,2,0.08904,0.00188,0.00183,0.00803,1,0,0
PG32021_text.txt,59577,0.8425,9,5,0.05722,0.00195,-0.00124,0.00803,1,0,0
PG32021_text.txt,59577,0.8425,9,10,0.04374,0.00387,-0.00203,0.00803,1,0,0
PG32021_text.txt,59577,0.8425,9,20,0.03138,0.00445,-0.00153,0.00803,1,0,0
PG32021_text.txt,59577,0.8425,9,50,0.03651,-0.00208,0.00223,0.00803,1,0,0
PG32021_text.txt,59577,0.8425,9,100,0.02482,0.00571,0.00205,0.00803,1,0,0
PG32021_text.txt,59577,0.8425,9,200,0.01389,0.00751,0.00119,0.00803,1,0,0
PG32021_text.txt,59577,0.8425,9,300,0.01791,0.00981,-0.00555,0.00803,1,1,0
PG32021_text.txt,59577,0.8425,10,1,0.10368,-0.00778,0.00363,0.00803,1,0,0
PG32021_text.txt,59577,0.8425,10,2,0.06504,-0.00087,-0.00285,0.00803,1,0,0
PG32021_text.txt,59577,0.8425,10,5,0.03635,0.00247,-0.00408,0.00803,1,0,0
PG32021_text.txt,59577,0.8425,10,10,0.03914,-0.00269,-0.00202,0.00803,1,0,0
PG32021_text.txt,59577,0.8425,10,20,0.02752,-0.00505,0.00984,0.00803,1,0,1
PG32021_text.txt,59577,0.8425,10,50,0.02689,-0.00512,-0.00151,0.00803,1,0,0
PG32021_text.txt,59577,0.8425,10,100,0.01712,0.00632,0.00206,0.00803,1,0,0
PG32021_text.txt,59577,0.8425,10,200,0.01703,0.00135,-0.00286,0.00803,1,0,0
PG32021_text.txt,59577,0.8425,10,300,0.01129,0.00309,0.00285,0.00803,1,0,0
PG32021_text.txt,59577,0.8425,11,1,0.12335,0.00441,-0.00686,0.00803,1,0,0
PG32021_text.txt,59577,0.8425,11,2,0.08611,0.00429,0.00037,0.00803,1,0,0
PG32021_text.txt,59577,0.8425,11,5,0.05661,0.00131,0.00628,0.00803,1,0,0
PG32021_text.txt,59577,0.8425,11,10,0.0466,-0.00742,0.00178,0.00803,1,0,0
PG32021_text.txt,59577,0.8425,11,20,0.03665,-0.00079,-0.00099,0.00803,1,0,0
PG32021_text.txt,59577,0.8425,11,50,0.03332,-0.01198,-0.00263,0.00803,1,1,0
PG32021_text.txt,59577,0.8425,11,100,0.02156,0.00159,0.00164,0.00803,1,0,0
PG32021_text.txt,59577,0.8425,11,200,0.01219,-0.00285,-0.00468,0.00803,1,0,0
PG32021_text.txt,59577,0.8425,11,300,0.00873,-0.00206,-0.00458,0.00803,1,0,0
PG32021_text.txt,59577,0.8425,12,1,0.0788,0.00099,0.00237,0.00803,1,0,0
PG32021_text.txt,59577,0.8425,12,2,0.03406,0.00376,0.00094,0.00803,1,0,0
PG32021_text.txt,59577,0.8425,12,5,0.02395,0.00732,4e-05,0.00803,1,0,0
PG32021_text.txt,59577,0.8425,12,10,0.01535,7e-05,0.00312,0.00803,1,0,0
PG32021_text.txt,59577,0.8425,12,20,0.01892,0.00673,-0.00251,0.00803,1,0,0
PG32021_text.txt,59577,0.8425,12,50,0.00869,-0.0003,-0.00806,0.00803,1,0,1
PG32021_text.txt,59577,0.8425,12,100,0.0034,0.00243,0.00381,0.00803,0,0,0
PG32021_text.txt,59577,0.8425,12,200,0.00431,0.00311,0.00057,0.00803,0,0,0
PG32021_text.txt,59577,0.8425,12,300,0.00329,0.00273,0.00542,0.00803,0,0,0
PG32021_text.txt,59577,0.8425,13,1,0.08692,-0.00178,-0.00462,0.00803,1,0,0
PG32021_text.txt,59577,0.8425,13,2,0.05425,-0.00124,0.00094,0.00803,1,0,0
PG32021_text.txt,59577,0.8425,13,5,0.0386,-0.00043,-0.00608,0.00803,1,0,0
PG32021_text.txt,59577,0.8425,13,10,0.02649,0.00201,0.00204,0.00803,1,0,0
PG32021_text.txt,59577,0.8425,13,20,0.03171,0.00368,0.00456,0.00803,1,0,0
PG32021_text.txt,59577,0.8425,13,50,0.01075,0.00291,0.00241,0.00803,1,0,0
PG32021_text.txt,59577,0.8425,13,100,4e-05,0.00521,-0.00263,0.00803,0,0,0
PG32021_text.txt,59577,0.8425,13,200,-0.00025,0.00405,0.00237,0.00803,0,0,0
PG32021_text.txt,59577,0.8425,13,300,0.0,0.00359,0.00159,0.00803,0,0,0
PG32021_text.txt,59577,0.8425,14,1,0.09929,0.00253,0.00602,0.00803,1,0,0
PG32021_text.txt,59577,0.8425,14,2,0.06402,0.00401,-0.00054,0.00803,1,0,0
PG32021_text.txt,59577,0.8425,14,5,0.03807,0.00744,0.00011,0.00803,1,0,0
PG32021_text.txt,59577,0.8425,14,10,0.04214,0.00467,-0.00119,0.00803,1,0,0
PG32021_text.txt,59577,0.8425,14,20,0.03204,-0.00141,-0.0068,0.00803,1,0,0
PG32021_text.txt,59577,0.8425,14,50,0.02434,0.00709,-0.00394,0.00803,1,0,0
PG32021_text.txt,59577,0.8425,14,100,0.01558,-8e-05,0.00457,0.00803,1,0,0
PG32021_text.txt,59577,0.8425,14,200,0.01427,-0.00647,-0.00546,0.00803,1,0,0
PG32021_text.txt,59577,0.8425,14,300,0.00753,-0.00324,-0.00119,0.00803,0,0,0
PG32021_text.txt,59577,0.8425,15,1,0.11662,-0.00302,0.0002,0.00803,1,0,0
PG32021_text.txt,59577,0.8425,15,2,0.082,0.00073,-0.00018,0.00803,1,0,0
PG32021_text.txt,59577,0.8425,15,5,0.06137,0.00668,0.00159,0.00803,1,0,0
PG32021_text.txt,59577,0.8425,15,10,0.0543,-0.00109,-0.00444,0.00803,1,0,0
PG32021_text.txt,59577,0.8425,15,20,0.04951,0.00357,0.00378,0.00803,1,0,0
PG32021_text.txt,59577,0.8425,15,50,0.03291,0.00589,0.0005,0.00803,1,0,0
PG32021_text.txt,59577,0.8425,15,100,0.01836,0.00016,0.00391,0.00803,1,0,0
PG32021_text.txt,59577,0.8425,15,200,0.01833,0.0007,0.00643,0.00803,1,0,0
PG32021_text.txt,59577,0.8425,15,300,0.02124,-0.00127,-0.00057,0.00803,1,0,0
PG32021_text.txt,59577,0.8425,16,1,0.08644,-0.0054,0.00147,0.00803,1,0,0
PG32021_text.txt,59577,0.8425,16,2,0.0443,-0.00241,0.00208,0.00803,1,0,0
PG32021_text.txt,59577,0.8425,16,5,0.03278,-0.00075,-0.0038,0.00803,1,0,0
PG32021_text.txt,59577,0.8425,16,10,0.02908,0.00293,0.00291,0.00803,1,0,0
PG32021_text.txt,59577,0.8425,16,20,0.02536,-0.00721,-0.00023,0.00803,1,0,0
PG32021_text.txt,59577,0.8425,16,50,0.01487,-0.00104,0.00256,0.00803,1,0,0
PG32021_text.txt,59577,0.8425,16,100,0.00848,0.00396,-0.0045,0.00803,1,0,0
PG32021_text.txt,59577,0.8425,16,200,0.00384,-0.00377,-0.00425,0.00803,0,0,0
PG32021_text.txt,59577,0.8425,16,300,0.00321,-0.00023,0.00157,0.00803,0,0,0
PG32021_text.txt,59577,0.8425,17,1,0.1023,-0.00056,0.00389,0.00803,1,0,0
PG32021_text.txt,59577,0.8425,17,2,0.06549,-0.00348,-0.00331,0.00803,1,0,0
PG32021_text.txt,59577,0.8425,17,5,0.04885,0.0001,-0.00013,0.00803,1,0,0
PG32021_text.txt,59577,0.8425,17,10,0.04335,0.00509,-0.01197,0.00803,1,0,1
PG32021_text.txt,59577,0.8425,17,20,0.04018,0.0019,-0.00215,0.00803,1,0,0
PG32021_text.txt,59577,0.8425,17,50,0.0254,0.00214,0.00169,0.00803,1,0,0
PG32021_text.txt,59577,0.8425,17,100,0.01107,0.00226,-0.00415,0.00803,1,0,0
PG32021_text.txt,59577,0.8425,17,200,0.00634,-0.00153,-0.00324,0.00803,0,0,0
PG32021_text.txt,59577,0.8425,17,300,0.01682,-0.00013,0.01043,0.00803,1,0,1
PG32021_text.txt,59577,0.8425,18,1,0.10033,-0.00782,0.00137,0.00803,1,0,0
PG32021_text.txt,59577,0.8425,18,2,0.04315,-0.00057,-0.00223,0.00803,1,0,0
PG32021_text.txt,59577,0.8425,18,5,0.04426,0.00082,0.0005,0.00803,1,0,0
PG32021_text.txt,59577,0.8425,18,10,0.04268,-0.00727,-0.00631,0.00803,1,0,0
PG32021_text.txt,59577,0.8425,18,20,0.02489,0.00253,-0.00142,0.00803,1,0,0
PG32021_text.txt,59577,0.8425,18,50,0.01663,0.00251,-0.00612,0.00803,1,0,0
PG32021_text.txt,59577,0.8425,18,100,0.0151,0.00049,0.00041,0.00803,1,0,0
PG32021_text.txt,59577,0.8425,18,200,0.01279,0.00051,-2e-05,0.00803,1,0,0
PG32021_text.txt,59577,0.8425,18,300,0.0142,0.00459,0.00174,0.00803,1,0,0
PG32021_text.txt,59577,0.8425,19,1,0.07012,-0.00013,0.00144,0.00803,1,0,0
PG32021_text.txt,59577,0.8425,19,2,0.04207,0.00382,0.00168,0.00803,1,0,0
PG32021_text.txt,59577,0.8425,19,5,0.03788,0.00797,0.00537,0.00803,1,0,0
PG32021_text.txt,59577,0.8425,19,10,0.02972,-0.00179,0.00627,0.00803,1,0,0
PG32021_text.txt,59577,0.8425,19,20,0.03039,-0.00135,0.0028,0.00803,1,0,0
PG32021_text.txt,59577,0.8425,19,50,0.02275,-0.00471,-0.00175,0.00803,1,0,0
PG32021_text.txt,59577,0.8425,19,100,0.00597,0.00609,0.00095,0.00803,0,0,0
PG32021_text.txt,59577,0.8425,19,200,0.01572,0.00421,0.00032,0.00803,1,0,0
PG32021_text.txt,59577,0.8425,19,300,0.00218,-0.00625,-0.01081,0.00803,0,0,1
PG32021_text.txt,59577,0.8425,20,1,0.1085,-0.00224,0.00215,0.00803,1,0,0
PG32021_text.txt,59577,0.8425,20,2,0.05536,-0.00277,-0.00328,0.00803,1,0,0
PG32021_text.txt,59577,0.8425,20,5,0.04353,0.00319,-0.004,0.00803,1,0,0
PG32021_text.txt,59577,0.8425,20,10,0.03689,0.00601,-0.00282,0.00803,1,0,0
PG32021_text.txt,59577,0.8425,20,20,0.03088,-0.00225,4e-05,0.00803,1,0,0
PG32021_text.txt,59577,0.8425,20,50,0.01671,0.0028,0.00228,0.00803,1,0,0
PG32021_text.txt,59577,0.8425,20,100,0.0099,0.00426,-0.00148,0.00803,1,0,0
PG32021_text.txt,59577,0.8425,20,200,0.00823,0.00117,-0.00239,0.00803,1,0,0
PG32021_text.txt,59577,0.8425,20,300,0.00083,0.00372,0.00274,0.00803,0,0,0
PG33224_text.txt,176352,0.766,1,1,0.10321,0.01115,0.00164,0.00467,1,1,0
PG33224_text.txt,176352,0.766,1,2,0.0632,0.01041,0.00013,0.00467,1,1,0
PG33224_text.txt,176352,0.766,1,5,0.05396,0.00342,0.00121,0.00467,1,0,0
PG33224_text.txt,176352,0.766,1,10,0.05029,-0.00137,-0.0038,0.00467,1,0,0
PG33224_text.txt,176352,0.766,1,20,0.03824,0.00177,0.00079,0.00467,1,0,0
PG33224_text.txt,176352,0.766,1,50,0.03431,0.00404,0.00195,0.00467,1,0,0
PG33224_text.txt,176352,0.766,1,100,0.03185,0.00628,-0.00364,0.00467,1,1,0
PG33224_text.txt,176352,0.766,1,200,0.02716,0.00365,8e-05,0.00467,1,0,0
PG33224_text.txt,176352,0.766,1,300,0.02763,0.00068,-0.00082,0.00467,1,0,0
PG33224_text.txt,176352,0.766,2,1,0.24072,0.00989,0.00071,0.00467,1,1,0
PG33224_text.txt,176352,0.766,2,2,0.1655,0.00265,-3e-05,0.00467,1,0,0
PG33224_text.txt,176352,0.766,2,5,0.12225,0.00565,-0.00065,0.00467,1,1,0
PG33224_text.txt,176352,0.766,2,10,0.11011,0.00442,-0.00202,0.00467,1,0,0
PG33224_text.txt,176352,0.766,2,20,0.09727,0.00055,-0.00089,0.00467,1,0,0
PG33224_text.txt,176352,0.766,2,50,0.07805,0.00406,-0.00023,0.00467,1,0,0
PG33224_text.txt,176352,0.766,2,100,0.07134,0.00301,0.00026,0.00467,1,0,0
PG33224_text.txt,176352,0.766,2,200,0.06478,0.00187,3e-05,0.00467,1,0,0
PG33224_text.txt,176352,0.766,2,300,0.06102,0.00428,0.00394,0.00467,1,0,0
PG33224_text.txt,176352,0.766,3,1,0.23087,0.0122,0.00069,0.00467,1,1,0
PG33224_text.txt,176352,0.766,3,2,0.15953,0.00641,-0.00319,0.00467,1,1,0
PG33224_text.txt,176352,0.766,3,5,0.11609,0.00285,-0.00204,0.00467,1,0,0
PG33224_text.txt,176352,0.766,3,10,0.10145,0.00331,-0.00046,0.00467,1,0,0
PG33224_text.txt,176352,0.766,3,20,0.09467,-0.00015,-0.00458,0.00467,1,0,0
PG33224_text.txt,176352,0.766,3,50,0.07595,1e-05,-0.00448,0.00467,1,0,0
PG33224_text.txt,176352,0.766,3,100,0.0747,0.00123,-0.00046,0.00467,1,0,0
PG33224_text.txt,176352,0.766,3,200,0.06594,0.0005,-0.00204,0.00467,1,0,0
PG33224_text.txt,176352,0.766,3,300,0.06046,0.00096,-0.00074,0.00467,1,0,0
PG33224_text.txt,176352,0.766,4,1,0.1685,0.0038,0.00024,0.00467,1,0,0
PG33224_text.txt,176352,0.766,4,2,0.10807,-0.00038,0.00019,0.00467,1,0,0
PG33224_text.txt,176352,0.766,4,5,0.07803,0.00024,0.00374,0.00467,1,0,0
PG33224_text.txt,176352,0.766,4,10,0.0697,-6e-05,-0.00124,0.00467,1,0,0
PG33224_text.txt,176352,0.766,4,20,0.05909,-0.00166,0.00404,0.00467,1,0,0
PG33224_text.txt,176352,0.766,4,50,0.05095,-0.00107,-0.00296,0.00467,1,0,0
PG33224_text.txt,176352,0.766,4,100,0.04354,-0.00072,-6e-05,0.00467,1,0,0
PG33224_text.txt,176352,0.766,4,200,0.0323,-0.00046,-0.00261,0.00467,1,0,0
PG33224_text.txt,176352,0.766,4,300,0.03118,0.00133,-0.00193,0.00467,1,0,0
PG33224_text.txt,176352,0.766,5,1,0.18944,-0.00222,0.00207,0.00467,1,0,0
PG33224_text.txt,176352,0.766,5,2,0.12018,0.00015,-0.00027,0.00467,1,0,0
PG33224_text.txt,176352,0.766,5,5,0.07324,-0.00418,-0.00303,0.00467,1,0,0
PG33224_text.txt,176352,0.766,5,10,0.06824,-0.00415,-0.00011,0.00467,1,0,0
PG33224_text.txt,176352,0.766,5,20,0.0603,-0.00023,0.00188,0.00467,1,0,0
PG33224_text.txt,176352,0.766,5,50,0.04621,-0.00031,0.00091,0.00467,1,0,0
PG33224_text.txt,176352,0.766,5,100,0.04132,-0.00137,0.00123,0.00467,1,0,0
PG33224_text.txt,176352,0.766,5,200,0.03541,-0.0026,-0.0028,0.00467,1,0,0
PG33224_text.txt,176352,0.766,5,300,0.03159,-0.00063,0.00452,0.00467,1,0,0
PG33224_text.txt,176352,0.766,6,1,0.1593,-0.00025,-0.00239,0.00467,1,0,0
PG33224_text.txt,176352,0.766,6,2,0.08678,-0.00182,0.00245,0.00467,1,0,0
PG33224_text.txt,176352,0.766,6,5,0.05789,0.00022,0.00392,0.00467,1,0,0
PG33224_text.txt,176352,0.766,6,10,0.05646,0.00024,0.00136,0.00467,1,0,0
PG33224_text.txt,176352,0.766,6,20,0.04211,0.00404,0.00533,0.00467,1,0,1
PG33224_text.txt,176352,0.766,6,50,0.03356,-0.00044,-0.00324,0.00467,1,0,0
PG33224_text.txt,176352,0.766,6,100,0.02686,-0.001,-0.00366,0.00467,1,0,0
PG33224_text.txt,176352,0.766,6,200,0.02328,-0.00428,-8e-05,0.00467,1,0,0
PG33224_text.txt,176352,0.766,6,300,0.01694,-0.00097,-0.00126,0.00467,1,0,0
PG33224_text.txt,176352,0.766,7,1,0.15865,0.00225,0.00476,0.00467,1,0,1
PG33224_text.txt,176352,0.766,7,2,0.08764,0.00066,0.00392,0.00467,1,0,0
PG33224_text.txt,176352,0.766,7,5,0.05052,-0.00083,-0.0019,0.00467,1,0,0
PG33224_text.txt,176352,0.766,7,10,0.04596,1e-05,-0.00058,0.00467,1,0,0
PG33224_text.txt,176352,0.766,7,20,0.03931,-0.0015,0.0046,0.00467,1,0,0
PG33224_text.txt,176352,0.766,7,50,0.03207,0.00521,0.00138,0.00467,1,1,0
PG33224_text.txt,176352,0.766,7,100,0.02502,0.00155,0.00431,0.00467,1,0,0
PG33224_text.txt,176352,0.766,7,200,0.00951,-0.00093,0.00178,0.00467,1,0,0
PG33224_text.txt,176352,0.766,7,300,0.01716,0.0016,0.00357,0.00467,1,0,0
PG33224_text.txt,176352,0.766,8,1,0.09373,0.00337,0.00185,0.00467,1,0,0
PG33224_text.txt,176352,0.766,8,2,0.06391,0.00437,-8e-05,0.00467,1,0,0
PG33224_text.txt,176352,0.766,8,5,0.04056,0.00052,-0.00256,0.00467,1,0,0
PG33224_text.txt,176352,0.766,8,10,0.03416,0.00065,-0.00052,0.00467,1,0,0
PG33224_text.txt,176352,0.766,8,20,0.03338,-0.00075,-0.00043,0.00467,1,0,0
PG33224_text.txt,176352,0.766,8,50,0.02189,-0.00532,0.00094,0.00467,1,1,0
PG33224_text.txt,176352,0.766,8,100,0.02198,0.00402,0.00656,0.00467,1,0,1
PG33224_text.txt,176352,0.766,8,200,0.01443,-0.00037,0.00067,0.00467,1,0,0
PG33224_text.txt,176352,0.766,8,300,0.021,-0.00061,0.00081,0.00467,1,0,0
PG33224_text.txt,176352,0.766,9,1,0.17504,0.00165,7e-05,0.00467,1,0,0
PG33224_text.txt,176352,0.766,9,2,0.09815,-0.00138,-0.00123,0.00467,1,0,0
PG33224_text.txt,176352,0.766,9,5,0.0659,-0.00228,0.00329,0.00467,1,0,0
PG33224_text.txt,176352,0.766,9,10,0.0574,9e-05,-0.0007,0.00467,1,0,0
PG33224_text.txt,176352,0.766,9,20,0.05259,0.00267,0.00262,0.00467,1,0,0
PG33224_text.txt,176352,0.766,9,50,0.04021,-0.00354,-0.00067,0.00467,1,0,0
PG33224_text.txt,176352,0.766,9,100,0.03658,0.0011,0.00193,0.00467,1,0,0
PG33224_text.txt,176352,0.766,9,200,0.03588,-0.00321,-0.00078,0.00467,1,0,0
PG33224_text.txt,176352,0.766,9,300,0.03483,-0.00196,-0.00131,0.00467,1,0,0
PG33224_text.txt,176352,0.766,10,1,0.1584,0.00131,0.00063,0.00467,1,0,0
PG33224_text.txt,176352,0.766,10,2,0.11052,0.00616,8e-05,0.00467,1,1,0
PG33224_text.txt,176352,0.766,10,5,0.08867,-0.00295,0.00048,0.00467,1,0,0
PG33224_text.txt,176352,0.766,10,10,0.08005,-0.00308,-0.00043,0.00467,1,0,0
PG33224_text.txt,176352,0.766,10,20,0.07414,0.00119,0.00341,0.00467,1,0,0
PG33224_text.txt,176352,0.766,10,50,0.06558,-0.00119,-0.00098,0.00467,1,0,0
PG33224_text.txt,176352,0.766,10,100,0.05568,0.00169,-0.0018,0.00467,1,0,0
PG33224_text.txt,176352,0.766,10,200,0.05458,0.00113,-0.004,0.00467,1,0,0
PG33224_text.txt,176352,0.766,10,300,0.0506,0.0005,0.00017,0.00467,1,0,0
PG33224_text.txt,176352,0.766,11,1,0.08335,0.00025,0.00027,0.00467,1,0,0
PG33224_text.txt,176352,0.766,11,2,0.05072,0.00357,-0.00323,0.00467,1,0,0
PG33224_text.txt,176352,0.766,11,5,0.03182,-0.00185,-0.00027,0.00467,1,0,0
PG33224_text.txt,176352,0.766,11,10,0.02768,0.00175,-0.00035,0.00467,1,0,0
PG33224_text.txt,176352,0.766,11,20,0.02362,-0.0036,-0.0006,0.00467,1,0,0
PG33224_text.txt,176352,0.766,11,50,0.02042,-0.00285,-0.00076,0.00467,1,0,0
PG33224_text.txt,176352,0.766,11,100,0.01638,0.00074,-0.00205,0.00467,1,0,0
PG33224_text.txt,176352,0.766,11,200,0.01541,-0.00489,-0.00068,0.00467,1,1,0
PG33224_text.txt,176352,0.766,11,300,0.00961,0.00209,0.00258,0.00467,1,0,0
PG33224_text.txt,176352,0.766,12,1,0.10714,0.00348,0.00124,0.00467,1,0,0
PG33224_text.txt,176352,0.766,12,2,0.06349,0.00046,-0.00229,0.00467,1,0,0
PG33224_text.txt,176352,0.766,12,5,0.0388,0.00122,0.00229,0.00467,1,0,0
PG33224_text.txt,176352,0.766,12,10,0.03336,-0.00241,0.00085,0.00467,1,0,0
PG33224_text.txt,176352,0.766,12,20,0.0249,0.00236,-0.00098,0.00467,1,0,0
PG33224_text.txt,176352,0.766,12,50,0.02277,-0.00069,-0.00105,0.00467,1,0,0
PG33224_text.txt,176352,0.766,12,100,0.01561,0.00392,0.00138,0.00467,1,0,0
PG33224_text.txt,176352,0.766,12,200,0.012,0.00382,0.00038,0.00467,1,0,0
PG33224_text.txt,176352,0.766,12,300,0.01664,0.00276,-0.00082,0.00467,1,0,0
PG33224_text.txt,176352,0.766,13,1,0.11264,0.00061,-0.00014,0.00467,1,0,0
PG33224_text.txt,176352,0.766,13,2,0.06569,0.00069,0.00148,0.00467,1,0,0
PG33224_text.txt,176352,0.766,13,5,0.04598,0.0016,-0.00051,0.00467,1,0,0
PG33224_text.txt,176352,0.766,13,10,0.03612,0.0028,-0.00052,0.00467,1,0,0
PG33224_text.txt,176352,0.766,13,20,0.02886,0.00079,-0.00062,0.00467,1,0,0
PG33224_text.txt,176352,0.766,13,50,0.02578,-0.00155,0.00112,0.00467,1,0,0
PG33224_text.txt,176352,0.766,13,100,0.02129,-0.0021,0.00094,0.00467,1,0,0
PG33224_text.txt,176352,0.766,13,200,0.01533,-0.00049,0.00268,0.00467,1,0,0
PG33224_text.txt,176352,0.766,13,300,0.02101,0.00519,0.00439,0.00467,1,1,0
PG33224_text.txt,176352,0.766,14,1,0.09638,0.00113,-0.00289,0.00467,1,0,0
PG33224_text.txt,176352,0.766,14,2,0.05126,0.00021,-0.00017,0.00467,1,0,0
PG33224_text.txt,176352,0.766,14,5,0.03601,-0.00218,-0.0031,0.00467,1,0,0
PG33224_text.txt,176352,0.766,14,10,0.02874,-0.00461,0.00188,0.00467,1,0,0
PG33224_text.txt,176352,0.766,14,20,0.02382,0.00119,0.00092,0.00467,1,0,0
PG33224_text.txt,176352,0.766,14,50,0.02493,0.0012,-0.00198,0.00467,1,0,0
PG33224_text.txt,176352,0.766,14,100,0.01777,0.00034,-0.00063,0.00467,1,0,0
PG33224_text.txt,176352,0.766,14,200,0.00654,0.00058,-0.00219,0.00467,1,0,0
PG33224_text.txt,176352,0.766,14,300,0.01568,-0.00138,-0.00397,0.00467,1,0,0
PG33224_text.txt,176352,0.766,15,1,0.07317,0.00412,-0.00167,0.00467,1,0,0
PG33224_text.txt,176352,0.766,15,2,0.03318,-0.00056,-0.00121,0.00467,1,0,0
PG33224_text.txt,176352,0.766,15,5,0.02477,0.00096,0.00266,0.00467,1,0,0
PG33224_text.txt,176352,0.766,15,10,0.01852,0.00394,0.00177,0.00467,1,0,0
PG33224_text.txt,176352,0.766,15,20,0.02145,0.00566,-0.00119,0.00467,1,1,0
PG33224_text.txt,176352,0.766,15,50,0.0148,-0.00096,-0.00034,0.00467,1,0,0
PG33224_text.txt,176352,0.766,15,100,0.01823,8e-05,0.00125,0.00467,1,0,0
PG33224_text.txt,176352,0.766,15,200,0.00621,0.00375,-0.00434,0.00467,1,0,0
PG33224_text.txt,176352,0.766,15,300,0.00989,0.00294,0.00067,0.00467,1,0,0
PG33224_text.txt,176352,0.766,16,1,0.11751,-0.00183,-0.00014,0.00467,1,0,0
PG33224_text.txt,176352,0.766,16,2,0.06239,-0.00248,0.00712,0.00467,1,0,1
PG33224_text.txt,176352,0.766,16,5,0.047,-0.00088,0.00227,0.00467,1,0,0
PG33224_text.txt,176352,0.766,16,10,0.04296,-0.00109,0.00067,0.00467,1,0,0
PG33224_text.txt,176352,0.766,16,20,0.03911,0.00071,-8e-05,0.00467,1,0,0
PG33224_text.txt,176352,0.766,16,50,0.02944,-0.00216,-0.0023,0.00467,1,0,0
PG33224_text.txt,176352,0.766,16,100,0.02958,0.00306,-0.00508,0.00467,1,0,1
PG33224_text.txt,176352,0.766,16,200,0.02409,9e-05,-0.00285,0.00467,1,0,0
PG33224_text.txt,176352,0.766,16,300,0.01902,0.00204,0.0006,0.00467,1,0,0
PG33224_text.txt,176352,0.766,17,1,0.10281,-0.00094,8e-05,0.00467,1,0,0
PG33224_text.txt,176352,0.766,17,2,0.05285,7e-05,0.00131,0.00467,1,0,0
PG33224_text.txt,176352,0.766,17,5,0.03427,0.00206,-0.0009,0.00467,1,0,0
PG33224_text.txt,176352,0.766,17,10,0.02634,-0.00017,-0.0046,0.00467,1,0,0
PG33224_text.txt,176352,0.766,17,20,0.02232,0.00078,-0.00206,0.00467,1,0,0
PG33224_text.txt,176352,0.766,17,50,0.01666,-0.00023,-0.00234,0.00467,1,0,0
PG33224_text.txt,176352,0.766,17,100,0.01648,-0.00046,-0.00337,0.00467,1,0,0
PG33224_text.txt,176352,0.766,17,200,0.01594,0.00303,0.00084,0.00467,1,0,0
PG33224_text.txt,176352,0.766,17,300,0.01158,-0.00124,-0.00273,0.00467,1,0,0
PG33224_text.txt,176352,0.766,18,1,0.09224,0.00279,0.00138,0.00467,1,0,0
PG33224_text.txt,176352,0.766,18,2,0.05428,-0.00195,0.00225,0.00467,1,0,0
PG33224_text.txt,176352,0.766,18,5,0.03494,-0.00083,-0.00223,0.00467,1,0,0
PG33224_text.txt,176352,0.766,18,10,0.03169,0.00239,0.00425,0.00467,1,0,0
PG33224_text.txt,176352,0.766,18,20,0.02858,3e-05,-0.00162,0.00467,1,0,0
PG33224_text.txt,176352,0.766,18,50,0.01977,0.00282,0.00467,0.00467,1,0,1
PG33224_text.txt,176352,0.766,18,100,0.01609,0.0023,0.00237,0.00467,1,0,0
PG33224_text.txt,176352,0.766,18,200,0.00799,-0.00367,-0.00397,0.00467,1,0,0
PG33224_text.txt,176352,0.766,18,300,0.0064,-0.00068,-0.00252,0.00467,1,0,0
PG33224_text.txt,176352,0.766,19,1,0.07576,0.00058,-0.00453,0.00467,1,0,0
PG33224_text.txt,176352,0.766,19,2,0.03981,0.0003,-0.00366,0.00467,1,0,0
PG33224_text.txt,176352,0.766,19,5,0.01786,0.00259,7e-05,0.00467,1,0,0
PG33224_text.txt,176352,0.766,19,10,0.01859,-0.00186,0.00146,0.00467,1,0,0
PG33224_text.txt,176352,0.766,19,20,0.01184,0.00228,0.00647,0.00467,1,0,1
PG33224_text.txt,176352,0.766,19,50,0.01145,-0.00077,-0.00073,0.00467,1,0,0
PG33224_text.txt,176352,0.766,19,100,0.00874,-0.00088,-0.00242,0.00467,1,0,0
PG33224_text.txt,176352,0.766,19,200,0.00876,0.00322,0.00167,0.00467,1,0,0
PG33224_text.txt,176352,0.766,19,300,0.00387,0.00028,0.00226,0.00467,0,0,0
PG33224_text.txt,176352,0.766,20,1,0.10349,-0.00231,-0.00233,0.00467,1,0,0
PG33224_text.txt,176352,0.766,20,2,0.05196,0.0003,-0.00169,0.00467,1,0,0
PG33224_text.txt,176352,0.766,20,5,0.03334,-0.00333,0.00168,0.00467,1,0,0
PG33224_text.txt,176352,0.766,20,10,0.02869,0.00523,-0.0018,0.00467,1,1,0
PG33224_text.txt,176352,0.766,20,20,0.02553,0.00115,-0.00104,0.00467,1,0,0
PG33224_text.txt,176352,0.766,20,50,0.02023,0.00022,-0.00024,0.00467,1,0,0
PG33224_text.txt,176352,0.766,20,100,0.01616,0.00168,0.0001,0.00467,1,0,0
PG33224_text.txt,176352,0.766,20,200,0.01528,0.00138,0.00366,0.00467,1,0,0
PG33224_text.txt,176352,0.766,20,300,0.01277,0.00254,-0.00105,0.00467,1,0,0
PG52293_text.txt,16206,0.7596,1,1,0.21087,0.01561,0.00237,0.0154,1,1,0
PG52293_text.txt,16206,0.7596,1,2,0.1704,0.00587,-0.00612,0.0154,1,0,0
PG52293_text.txt,16206,0.7596,1,5,0.14712,-0.0058,-0.00035,0.0154,1,0,0
PG52293_text.txt,16206,0.7596,1,10,0.14652,-0.00262,0.00865,0.0154,1,0,0
PG52293_text.txt,16206,0.7596,1,20,0.14109,0.01859,-0.00923,0.0154,1,1,0
PG52293_text.txt,16206,0.7596,1,50,0.13082,0.0014,-0.0057,0.0154,1,0,0
PG52293_text.txt,16206,0.7596,1,100,0.12165,-0.01061,-0.01589,0.0154,1,0,1
PG52293_text.txt,16206,0.7596,1,200,0.11451,0.00049,-0.00626,0.0154,1,0,0
PG52293_text.txt,16206,0.7596,1,300,0.11011,0.00346,-0.00598,0.0154,1,0,0
PG52293_text.txt,16206,0.7596,2,1,0.38555,0.00322,-0.00327,0.0154,1,0,0
PG52293_text.txt,16206,0.7596,2,2,0.32839,-0.01364,-0.00441,0.0154,1,0,0
PG52293_text.txt,16206,0.7596,2,5,0.32428,-0.00287,-0.0018,0.0154,1,0,0
PG52293_text.txt,16206,0.7596,2,10,0.31771,-0.00534,0.00739,0.0154,1,0,0
PG52293_text.txt,16206,0.7596,2,20,0.3072,-0.00523,0.00226,0.0154,1,0,0
PG52293_text.txt,16206,0.7596,2,50,0.28798,0.00025,-0.01266,0.0154,1,0,0
PG52293_text.txt,16206,0.7596,2,100,0.29621,0.00222,0.00039,0.0154,1,0,0
PG52293_text.txt,16206,0.7596,2,200,0.27749,0.00287,-0.01068,0.0154,1,0,0
PG52293_text.txt,16206,0.7596,2,300,0.2714,0.0007,0.01489,0.0154,1,0,0
PG52293_text.txt,16206,0.7596,3,1,0.12535,-0.00313,0.0014,0.0154,1,0,0
PG52293_text.txt,16206,0.7596,3,2,0.08274,0.0066,0.00367,0.0154,1,0,0
PG52293_text.txt,16206,0.7596,3,5,0.04649,0.00095,0.00038,0.0154,1,0,0
PG52293_text.txt,16206,0.7596,3,10,0.04208,-4e-05,0.00177,0.0154,1,0,0
PG52293_text.txt,16206,0.7596,3,20,0.02371,0.00474,-0.00182,0.0154,1,0,0
PG52293_text.txt,16206,0.7596,3,50,0.00858,-0.00217,0.00656,0.0154,0,0,0
PG52293_text.txt,16206,0.7596,3,100,0.00653,0.01732,-0.00284,0.0154,0,1,0
PG52293_text.txt,16206,0.7596,3,200,0.00969,-0.00832,0.00946,0.0154,0,0,0
PG52293_text.txt,16206,0.7596,3,300,0.01298,-0.00309,-0.01392,0.0154,0,0,0
PG52293_text.txt,16206,0.7596,4,1,0.19002,0.00938,0.00396,0.0154,1,0,0
PG52293_text.txt,16206,0.7596,4,2,0.10555,-0.00324,-0.00335,0.0154,1,0,0
PG52293_text.txt,16206,0.7596,4,5,0.09058,-0.00087,-0.0239,0.0154,1,0,1
PG52293_text.txt,16206,0.7596,4,10,0.07394,0.00342,0.00219,0.0154,1,0,0
PG52293_text.txt,16206,0.7596,4,20,0.05522,0.00555,-0.01167,0.0154,1,0,0
PG52293_text.txt,16206,0.7596,4,50,0.03614,0.01004,0.00297,0.0154,1,0,0
PG52293_text.txt,16206,0.7596,4,100,0.03859,-0.00857,-0.01231,0.0154,1,0,0
PG52293_text.txt,16206,0.7596,4,200,0.03807,-0.0067,-0.01066,0.0154,1,0,0
PG52293_text.txt,16206,0.7596,4,300,0.01286,0.00516,-0.00467,0.0154,0,0,0
PG52293_text.txt,16206,0.7596,5,1,0.10851,0.00116,0.01298,0.0154,1,0,0
PG52293_text.txt,16206,0.7596,5,2,0.05207,0.00831,-0.01463,0.0154,1,0,0
PG52293_text.txt,16206,0.7596,5,5,0.05048,-0.01819,0.00479,0.0154,1,1,0
PG52293_text.txt,16206,0.7596,5,10,0.04051,-0.00607,-0.00926,0.0154,1,0,0
PG52293_text.txt,16206,0.7596,5,20,0.01875,0.00471,-0.00742,0.0154,1,0,0
PG52293_text.txt,16206,0.7596,5,50,0.0241,-0.00153,-0.00531,0.0154,1,0,0
PG52293_text.txt,16206,0.7596,5,100,0.02065,0.00153,0.01556,0.0154,1,0,1
PG52293_text.txt,16206,0.7596,5,200,0.0281,0.00243,0.01943,0.0154,1,0,1
PG52293_text.txt,16206,0.7596,5,300,0.01439,-0.0083,0.00469,0.0154,0,0,0
PG52293_text.txt,16206,0.7596,6,1,0.1284,-0.00729,-0.0141,0.0154,1,0,0
PG52293_text.txt,16206,0.7596,6,2,0.08536,0.0112,0.00933,0.0154,1,0,0
PG52293_text.txt,16206,0.7596,6,5,0.07605,-0.00433,0.00202,0.0154,1,0,0
PG52293_text.txt,16206,0.7596,6,10,0.05628,-0.01028,-0.00468,0.0154,1,0,0
PG52293_text.txt,16206,0.7596,6,20,0.04933,0.01406,-0.00044,0.0154,1,0,0
PG52293_text.txt,16206,0.7596,6,50,0.01962,0.01351,-0.01032,0.0154,1,0,0
PG52293_text.txt,16206,0.7596,6,100,0.01939,0.01189,0.0046,0.0154,1,0,0
PG52293_text.txt,16206,0.7596,6,200,0.02322,0.0004,-0.00437,0.0154,1,0,0
PG52293_text.txt,16206,0.7596,6,300,0.01546,0.01464,-0.00389,0.0154,1,0,0
PG52293_text.txt,16206,0.7596,7,1,0.07399,-0.00322,-0.0009,0.0154,1,0,0
PG52293_text.txt,16206,0.7596,7,2,0.03744,-0.01024,-0.00871,0.0154,1,0,0
PG52293_text.txt,16206,0.7596,7,5,0.02985,0.00304,-0.00077,0.0154,1,0,0
PG52293_text.txt,16206,0.7596,7,10,0.0436,-0.00255,-0.00198,0.0154,1,0,0
PG52293_text.txt,16206,0.7596,7,20,0.01447,0.00713,-0.01474,0.0154,0,0,0
PG52293_text.txt,16206,0.7596,7,50,0.02261,0.00614,0.00013,0.0154,1,0,0
PG52293_text.txt,16206,0.7596,7,100,0.0177,-0.00211,0.01325,0.0154,1,0,0
PG52293_text.txt,16206,0.7596,7,200,0.01325,-0.00059,0.00315,0.0154,0,0,0
PG52293_text.txt,16206,0.7596,7,300,-0.00957,0.01266,0.00827,0.0154,0,0,0
PG52293_text.txt,16206,0.7596,8,1,0.07929,0.00418,0.01191,0.0154,1,0,0
PG52293_text.txt,16206,0.7596,8,2,0.0428,0.01133,0.00516,0.0154,1,0,0
PG52293_text.txt,16206,0.7596,8,5,0.04579,-0.0008,-0.00923,0.0154,1,0,0
PG52293_text.txt,16206,0.7596,8,10,0.02468,-0.00205,0.00544,0.0154,1,0,0
PG52293_text.txt,16206,0.7596,8,20,0.01647,0.00288,0.01045,0.0154,1,0,0
PG52293_text.txt,16206,0.7596,8,50,0.00431,0.00129,-0.00272,0.0154,0,0,0
PG52293_text.txt,16206,0.7596,8,100,0.0015,0.00364,-0.00011,0.0154,0,0,0
PG52293_text.txt,16206,0.7596,8,200,0.00971,-0.00063,-0.00967,0.0154,0,0,0
PG52293_text.txt,16206,0.7596,8,300,-0.00229,-0.00217,-0.00315,0.0154,0,0,0
PG52293_text.txt,16206,0.7596,9,1,0.085,0.0049,-0.01009,0.0154,1,0,0
PG52293_text.txt,16206,0.7596,9,2,0.06017,0.01792,0.01065,0.0154,1,1,0
PG52293_text.txt,16206,0.7596,9,5,0.06712,0.00189,-0.00284,0.0154,1,0,0
PG52293_text.txt,16206,0.7596,9,10,0.03543,0.00521,0.00623,0.0154,1,0,0
PG52293_text.txt,16206,0.7596,9,20,0.02077,-0.00126,-0.01091,0.0154,1,0,0
PG52293_text.txt,16206,0.7596,9,50,0.02378,-0.00463,0.01003,0.0154,1,0,0
PG52293_text.txt,16206,0.7596,9,100,0.01765,-0.00309,0.00272,0.0154,1,0,0
PG52293_text.txt,16206,0.7596,9,200,0.01425,-0.00259,-0.00344,0.0154,0,0,0
PG52293_text.txt,16206,0.7596,9,300,0.00692,-0.01052,0.00658,0.0154,0,0,0
PG52293_text.txt,16206,0.7596,10,1,0.09996,-0.00351,0.00112,0.0154,1,0,0
PG52293_text.txt,16206,0.7596,10,2,0.05388,0.00316,0.01307,0.0154,1,0,0
PG52293_text.txt,16206,0.7596,10,5,0.04875,-0.01434,-0.00267,0.0154,1,0,0
PG52293_text.txt,16206,0.7596,10,10,0.03098,0.00185,-0.00246,0.0154,1,0,0
PG52293_text.txt,16206,0.7596,10,20,0.03493,0.00255,0.00878,0.0154,1,0,0
PG52293_text.txt,16206,0.7596,10,50,0.02257,-0.00243,-0.00317,0.0154,1,0,0
PG52293_text.txt,16206,0.7596,10,100,0.02063,0.00551,-0.00025,0.0154,1,0,0
PG52293_text.txt,16206,0.7596,10,200,0.00426,-0.00238,-0.00081,0.0154,0,0,0
PG52293_text.txt,16206,0.7596,10,300,0.01857,-0.00182,-0.01013,0.0154,1,0,0
PG52293_text.txt,16206,0.7596,11,1,0.08271,0.00372,0.00076,0.0154,1,0,0
PG52293_text.txt,16206,0.7596,11,2,0.04181,-0.00726,0.00803,0.0154,1,0,0
PG52293_text.txt,16206,0.7596,11,5,0.04062,0.00594,0.00094,0.0154,1,0,0
PG52293_text.txt,16206,0.7596,11,10,0.01816,0.00075,-0.00994,0.0154,1,0,0
PG52293_text.txt,16206,0.7596,11,20,0.01349,-0.00981,-0.00884,0.0154,0,0,0
PG52293_text.txt,16206,0.7596,11,50,0.01469,-0.00424,0.00828,0.0154,0,0,0
PG52293_text.txt,16206,0.7596,11,100,0.01999,0.00108,-0.0047,0.0154,1,0,0
PG52293_text.txt,16206,0.7596,11,200,-0.00416,-0.00084,-0.00734,0.0154,0,0,0
PG52293_text.txt,16206,0.7596,11,300,0.00348,0.00797,-0.01902,0.0154,0,0,1
PG52293_text.txt,16206,0.7596,12,1,0.05346,0.00852,-0.00237,0.0154,1,0,0
PG52293_text.txt,16206,0.7596,12,2,0.04094,0.00053,0.00552,0.0154,1,0,0
PG52293_text.txt,16206,0.7596,12,5,0.04326,0.00392,0.0087,0.0154,1,0,0
PG52293_text.txt,16206,0.7596,12,10,0.02352,0.00362,-0.00174,0.0154,1,0,0
PG52293_text.txt,16206,0.7596,12,20,0.02483,-0.00634,-0.01307,0.0154,1,0,0
PG52293_text.txt,16206,0.7596,12,50,0.00201,0.0041,0.00625,0.0154,0,0,0
PG52293_text.txt,16206,0.7596,12,100,0.00759,-0.00846,0.00076,0.0154,0,0,0
PG52293_text.txt,16206,0.7596,12,200,0.02702,0.00386,0.00501,0.0154,1,0,0
PG52293_text.txt,16206,0.7596,12,300,0.00302,-0.00073,-0.0044,0.0154,0,0,0
PG52293_text.txt,16206,0.7596,13,1,0.08015,0.02321,-0.01042,0.0154,1,1,0
PG52293_text.txt,16206,0.7596,13,2,0.05207,-0.00207,0.01175,0.0154,1,0,0
PG52293_text.txt,16206,0.7596,13,5,0.02543,0.0135,-0.00177,0.0154,1,0,0
PG52293_text.txt,16206,0.7596,13,10,0.04695,-0.00416,0.00807,0.0154,1,0,0
PG52293_text.txt,16206,0.7596,13,20,0.02203,-0.00209,-0.00221,0.0154,1,0,0
PG52293_text.txt,16206,0.7596,13,50,0.02087,-0.01474,-0.01098,0.0154,1,0,0
PG52293_text.txt,16206,0.7596,13,100,0.02607,0.00633,-0.00522,0.0154,1,0,0
PG52293_text.txt,16206,0.7596,13,200,0.01734,-0.00266,0.00354,0.0154,1,0,0
PG52293_text.txt,16206,0.7596,13,300,0.00202,-0.01071,0.00397,0.0154,0,0,0
PG52293_text.txt,16206,0.7596,14,1,0.0879,-0.007,0.00197,0.0154,1,0,0
PG52293_text.txt,16206,0.7596,14,2,0.05026,-0.00345,-0.00081,0.0154,1,0,0
PG52293_text.txt,16206,0.7596,14,5,0.0524,0.00735,-0.00979,0.0154,1,0,0
PG52293_text.txt,16206,0.7596,14,10,0.0456,-0.00379,0.01041,0.0154,1,0,0
PG52293_text.txt,16206,0.7596,14,20,0.04362,0.00586,0.01467,0.0154,1,0,0
PG52293_text.txt,16206,0.7596,14,50,0.03183,0.01218,-0.01479,0.0154,1,0,0
PG52293_text.txt,16206,0.7596,14,100,0.02604,0.00381,-0.00076,0.0154,1,0,0
PG52293_text.txt,16206,0.7596,14,200,0.02456,-0.01089,-0.00967,0.0154,1,0,0
PG52293_text.txt,16206,0.7596,14,300,0.0138,-0.00824,0.00251,0.0154,0,0,0
PG52293_text.txt,16206,0.7596,15,1,0.05813,-0.00407,0.00804,0.0154,1,0,0
PG52293_text.txt,16206,0.7596,15,2,0.05072,0.00474,-0.00032,0.0154,1,0,0
PG52293_text.txt,16206,0.7596,15,5,0.04708,-0.00206,-0.00882,0.0154,1,0,0
PG52293_text.txt,16206,0.7596,15,10,0.02985,-0.00725,0.01792,0.0154,1,0,1
PG52293_text.txt,16206,0.7596,15,20,0.0157,0.00713,0.00282,0.0154,1,0,0
PG52293_text.txt,16206,0.7596,15,50,0.02411,0.0092,0.00547,0.0154,1,0,0
PG52293_text.txt,16206,0.7596,15,100,0.00197,-0.00374,-0.00791,0.0154,0,0,0
PG52293_text.txt,16206,0.7596,15,200,0.01798,-0.00657,0.00326,0.0154,1,0,0
PG52293_text.txt,16206,0.7596,15,300,-0.01356,0.01505,0.0008,0.0154,0,0,0
PG52293_text.txt,16206,0.7596,16,1,0.05308,-0.00466,0.00674,0.0154,1,0,0
PG52293_text.txt,16206,0.7596,16,2,0.03701,-0.00583,0.00167,0.0154,1,0,0
PG52293_text.txt,16206,0.7596,16,5,0.03052,-0.00584,0.0017,0.0154,1,0,0
PG52293_text.txt,16206,0.7596,16,10,0.01895,0.0062,-0.00442,0.0154,1,0,0
PG52293_text.txt,16206,0.7596,16,20,0.01371,-0.00946,0.00147,0.0154,0,0,0
PG52293_text.txt,16206,0.7596,16,50,0.01737,1e-05,-0.008,0.0154,1,0,0
PG52293_text.txt,16206,0.7596,16,100,0.00621,0.00752,-0.01447,0.0154,0,0,0
PG52293_text.txt,16206,0.7596,16,200,0.00671,-0.00402,0.00725,0.0154,0,0,0
PG52293_text.txt,16206,0.7596,16,300,0.0182,-0.01249,-0.01046,0.0154,1,0,0
PG52293_text.txt,16206,0.7596,17,1,0.05231,-0.0038,-0.00266,0.0154,1,0,0
PG52293_text.txt,16206,0.7596,17,2,0.0434,0.00246,-0.00803,0.0154,1,0,0
PG52293_text.txt,16206,0.7596,17,5,0.02871,0.0086,0.00142,0.0154,1,0,0
PG52293_text.txt,16206,0.7596,17,10,0.02836,-0.00553,-0.00732,0.0154,1,0,0
PG52293_text.txt,16206,0.7596,17,20,0.03833,-0.00152,-0.011,0.0154,1,0,0
PG52293_text.txt,16206,0.7596,17,50,0.01275,-0.0038,-0.00604,0.0154,0,0,0
PG52293_text.txt,16206,0.7596,17,100,0.01808,-0.00094,0.00082,0.0154,1,0,0
PG52293_text.txt,16206,0.7596,17,200,0.0287,-0.00387,0.01642,0.0154,1,0,1
PG52293_text.txt,16206,0.7596,17,300,0.00028,-0.00411,-0.00401,0.0154,0,0,0
PG52293_text.txt,16206,0.7596,18,1,0.02882,-0.00416,-0.00306,0.0154,1,0,0
PG52293_text.txt,16206,0.7596,18,2,0.03738,-0.00314,0.00164,0.0154,1,0,0
PG52293_text.txt,16206,0.7596,18,5,0.01824,0.00673,-0.00498,0.0154,1,0,0
PG52293_text.txt,16206,0.7596,18,10,0.02039,0.00485,-0.00897,0.0154,1,0,0
PG52293_text.txt,16206,0.7596,18,20,0.01427,-0.00597,0.01086,0.0154,0,0,0
PG52293_text.txt,16206,0.7596,18,50,0.01118,-0.00445,0.00517,0.0154,0,0,0
PG52293_text.txt,16206,0.7596,18,100,-0.0067,-0.00212,-0.00801,0.0154,0,0,0
PG52293_text.txt,16206,0.7596,18,200,0.00741,0.00486,0.00781,0.0154,0,0,0
PG52293_text.txt,16206,0.7596,18,300,0.00645,0.00833,0.0029,0.0154,0,0,0
PG52293_text.txt,16206,0.7596,19,1,0.04924,-0.0053,0.00498,0.0154,1,0,0
PG52293_text.txt,16206,0.7596,19,2,0.0155,0.01425,-0.00827,0.0154,1,0,0
PG52293_text.txt,16206,0.7596,19,5,0.03617,-0.01098,0.00529,0.0154,1,0,0
PG52293_text.txt,16206,0.7596,19,10,0.02332,-0.00272,-0.00455,0.0154,1,0,0
PG52293_text.txt,16206,0.7596,19,20,0.01929,-0.00762,0.00457,0.0154,1,0,0
PG52293_text.txt,16206,0.7596,19,50,0.01384,0.00043,-0.00572,0.0154,0,0,0
PG52293_text.txt,16206,0.7596,19,100,-0.00469,-0.00242,-0.0094,0.0154,0,0,0
PG52293_text.txt,16206,0.7596,19,200,0.01026,-0.01971,0.00205,0.0154,0,1,0
PG52293_text.txt,16206,0.7596,19,300,0.00219,-0.00065,0.00108,0.0154,0,0,0
PG52293_text.txt,16206,0.7596,20,1,0.07946,0.00916,-0.00627,0.0154,1,0,0
PG52293_text.txt,16206,0.7596,20,2,0.03679,0.00128,0.00216,0.0154,1,0,0
PG52293_text.txt,16206,0.7596,20,5,0.04981,0.00623,-0.01581,0.0154,1,0,1
PG52293_text.txt,16206,0.7596,20,10,0.02682,0.00541,-0.01179,0.0154,1,0,0
PG52293_text.txt,16206,0.7596,20,20,0.02752,0.00027,0.01049,0.0154,1,0,0
PG52293_text.txt,16206,0.7596,20,50,0.02112,0.00379,-0.00072,0.0154,1,0,0
PG52293_text.txt,16206,0.7596,20,100,0.02225,-0.00982,0.0164,0.0154,1,0,1
PG52293_text.txt,16206,0.7596,20,200,0.00199,-0.00124,-0.01689,0.0154,0,0,1
PG52293_text.txt,16206,0.7596,20,300,0.00673,-0.01302,-0.00533,0.0154,0,0,0
PG55262_text.txt,55990,0.6902,1,1,0.1363,0.0074,-0.00207,0.00828,1,0,0
PG55262_text.txt,55990,0.6902,1,2,0.0912,0.00774,0.00344,0.00828,1,0,0
PG55262_text.txt,55990,0.6902,1,5,0.08434,-0.00168,0.00219,0.00828,1,0,0
PG55262_text.txt,55990,0.6902,1,10,0.07095,0.00254,0.00286,0.00828,1,0,0
PG55262_text.txt,55990,0.6902,1,20,0.05824,0.00462,-0.00094,0.00828,1,0,0
PG55262_text.txt,55990,0.6902,1,50,0.04568,-0.0042,0.00357,0.00828,1,0,0
PG55262_text.txt,55990,0.6902,1,100,0.04567,0.00209,-0.00399,0.00828,1,0,0
PG55262_text.txt,55990,0.6902,1,200,0.03539,0.00521,-0.0042,0.00828,1,0,0
PG55262_text.txt,55990,0.6902,1,300,0.03029,0.00145,0.00534,0.00828,1,0,0
PG55262_text.txt,55990,0.6902,2,1,0.13392,0.00099,0.00183,0.00828,1,0,0
PG55262_text.txt,55990,0.6902,2,2,0.09393,-0.00075,-0.00746,0.00828,1,0,0
PG55262_text.txt,55990,0.6902,2,5,0.07223,0.00273,0.0004,0.00828,1,0,0
PG55262_text.txt,55990,0.6902,2,10,0.07086,0.00621,-0.00477,0.00828,1,0,0
PG55262_text.txt,55990,0.6902,2,20,0.05273,0.00155,-0.00732,0.00828,1,0,0
PG55262_text.txt,55990,0.6902,2,50,0.04477,-0.00109,-0.00223,0.00828,1,0,0
PG55262_text.txt,55990,0.6902,2,100,0.04731,-0.00215,0.0077,0.00828,1,0,0
PG55262_text.txt,55990,0.6902,2,200,0.04331,-0.00264,0.0055,0.00828,1,0,0
PG55262_text.txt,55990,0.6902,2,300,0.03469,-0.00282,-0.00407,0.00828,1,0,0
PG55262_text.txt,55990,0.6902,3,1,0.19424,-0.00032,0.00635,0.00828,1,0,0
PG55262_text.txt,55990,0.6902,3,2,0.1441,-0.00275,0.00885,0.00828,1,0,1
PG55262_text.txt,55990,0.6902,3,5,0.11372,0.00654,-1e-05,0.00828,1,0,0
PG55262_text.txt,55990,0.6902,3,10,0.09866,-0.00223,-0.00086,0.00828,1,0,0
PG55262_text.txt,55990,0.6902,3,20,0.07888,-0.0072,-0.00579,0.00828,1,0,0
PG55262_text.txt,55990,0.6902,3,50,0.06422,0.00682,0.00536,0.00828,1,0,0
PG55262_text.txt,55990,0.6902,3,100,0.05221,-0.00217,-0.00238,0.00828,1,0,0
PG55262_text.txt,55990,0.6902,3,200,0.03864,0.00428,0.0016,0.00828,1,0,0
PG55262_text.txt,55990,0.6902,3,300,0.03047,-0.00308,0.00082,0.00828,1,0,0
PG55262_text.txt,55990,0.6902,4,1,0.10956,-0.0004,0.00149,0.00828,1,0,0
PG55262_text.txt,55990,0.6902,4,2,0.06245,0.0002,0.00554,0.00828,1,0,0
PG55262_text.txt,55990,0.6902,4,5,0.04074,0.00056,0.00202,0.00828,1,0,0
PG55262_text.txt,55990,0.6902,4,10,0.04663,-0.00435,0.0078,0.00828,1,0,0
PG55262_text.txt,55990,0.6902,4,20,0.03373,-0.00148,-0.00461,0.00828,1,0,0
PG55262_text.txt,55990,0.6902,4,50,0.02798,-0.00277,-0.00552,0.00828,1,0,0
PG55262_text.txt,55990,0.6902,4,100,0.01292,-0.00207,0.00426,0.00828,1,0,0
PG55262_text.txt,55990,0.6902,4,200,0.01956,0.00444,-0.00161,0.00828,1,0,0
PG55262_text.txt,55990,0.6902,4,300,0.00937,0.00115,-0.01136,0.00828,1,0,1
PG55262_text.txt,55990,0.6902,5,1,0.08055,0.00646,-0.00237,0.00828,1,0,0
PG55262_text.txt,55990,0.6902,5,2,0.05231,0.00231,0.00586,0.00828,1,0,0
PG55262_text.txt,55990,0.6902,5,5,0.03308,-0.00501,-0.00316,0.00828,1,0,0
PG55262_text.txt,55990,0.6902,5,10,0.03044,-0.00246,-0.00578,0.00828,1,0,0
PG55262_text.txt,55990,0.6902,5,20,0.02453,-0.00012,-0.00078,0.00828,1,0,0
PG55262_text.txt,55990,0.6902,5,50,0.01669,0.00615,-0.00049,0.00828,1,0,0
PG55262_text.txt,55990,0.6902,5,100,0.01451,0.01018,-0.0008,0.00828,1,1,0
PG55262_text.txt,55990,0.6902,5,200,0.01167,-0.0028,-0.0111,0.00828,1,0,1
PG55262_text.txt,55990,0.6902,5,300,0.01441,-0.00143,-0.00467,0.00828,1,0,0
PG55262_text.txt,55990,0.6902,6,1,0.10427,-0.00521,-0.00449,0.00828,1,0,0
PG55262_text.txt,55990,0.6902,6,2,0.06974,0.00018,0.00589,0.00828,1,0,0
PG55262_text.txt,55990,0.6902,6,5,0.04977,0.00327,0.00474,0.00828,1,0,0
PG55262_text.txt,55990,0.6902,6,10,0.0488,-0.00852,-0.00158,0.00828,1,1,0
PG55262_text.txt,55990,0.6902,6,20,0.0438,0.00803,-0.00252,0.00828,1,0,0
PG55262_text.txt,55990,0.6902,6,50,0.03805,-2e-05,0.00152,0.00828,1,0,0
PG55262_text.txt,55990,0.6902,6,100,0.0279,0.002,-0.00316,0.00828,1,0,0
PG55262_text.txt,55990,0.6902,6,200,0.02818,0.00812,-0.0038,0.00828,1,0,0
PG55262_text.txt,55990,0.6902,6,300,0.02648,0.00193,0.00806,0.00828,1,0,0
PG55262_text.txt,55990,0.6902,7,1,0.07968,0.00806,0.00401,0.00828,1,0,0
PG55262_text.txt,55990,0.6902,7,2,0.04711,0.0078,0.00107,0.00828,1,0,0
PG55262_text.txt,55990,0.6902,7,5,0.03027,0.00511,0.00264,0.00828,1,0,0
PG55262_text.txt,55990,0.6902,7,10,0.01803,-0.00689,0.00604,0.00828,1,0,0
PG55262_text.txt,55990,0.6902,7,20,0.00837,0.00291,-0.00656,0.00828,1,0,0
PG55262_text.txt,55990,0.6902,7,50,0.00947,-0.0087,0.0027,0.00828,1,1,0
PG55262_text.txt,55990,0.6902,7,100,0.01387,0.00395,0.00092,0.00828,1,0,0
PG55262_text.txt,55990,0.6902,7,200,0.00217,-0.0018,-0.00311,0.00828,0,0,0
PG55262_text.txt,55990,0.6902,7,300,0.00094,0.00831,0.00525,0.00828,0,1,0
PG55262_text.txt,55990,0.6902,8,1,0.08617,0.00523,0.00575,0.00828,1,0,0
PG55262_text.txt,55990,0.6902,8,2,0.05441,0.00159,3e-05,0.00828,1,0,0
PG55262_text.txt,55990,0.6902,8,5,0.03285,0.00703,-0.00342,0.00828,1,0,0
PG55262_text.txt,55990,0.6902,8,10,0.02946,-0.00547,-0.00022,0.00828,1,0,0
PG55262_text.txt,55990,0.6902,8,20,0.01555,-0.00371,0.00254,0.00828,1,0,0
PG55262_text.txt,55990,0.6902,8,50,0.01258,-0.0042,-0.00198,0.00828,1,0,0
PG55262_text.txt,55990,0.6902,8,100,0.01538,-0.00073,0.00288,0.00828,1,0,0
PG55262_text.txt,55990,0.6902,8,200,0.00304,0.00595,0.00524,0.00828,0,0,0
PG55262_text.txt,55990,0.6902,8,300,0.01054,-0.00174,0.00016,0.00828,1,0,0
PG55262_text.txt,55990,0.6902,9,1,0.07933,-0.00023,-0.0013,0.00828,1,0,0
PG55262_text.txt,55990,0.6902,9,2,0.05894,0.0027,0.00221,0.00828,1,0,0
PG55262_text.txt,55990,0.6902,9,5,0.04433,0.00011,-0.00321,0.00828,1,0,0
PG55262_text.txt,55990,0.6902,9,10,0.03739,0.00504,-0.00028,0.00828,1,0,0
PG55262_text.txt,55990,0.6902,9,20,0.02484,0.00624,0.00048,0.00828,1,0,0
PG55262_text.txt,55990,0.6902,9,50,0.01887,0.00384,0.00644,0.00828,1,0,0
PG55262_text.txt,55990,0.6902,9,100,0.00667,-0.00222,0.00695,0.00828,0,0,0
PG55262_text.txt,55990,0.6902,9,200,0.00769,0.00835,0.00166,0.00828,0,1,0
PG55262_text.txt,55990,0.6902,9,300,0.00599,0.00284,-0.00969,0.00828,0,0,1
PG55262_text.txt,55990,0.6902,10,1,0.05352,0.00514,-0.00378,0.00828,1,0,0
PG55262_text.txt,55990,0.6902,10,2,0.03782,-0.00773,-0.00127,0.00828,1,0,0
PG55262_text.txt,55990,0.6902,10,5,0.02329,-0.0033,0.00449,0.00828,1,0,0
PG55262_text.txt,55990,0.6902,10,10,0.02188,0.00194,0.0027,0.00828,1,0,0
PG55262_text.txt,55990,0.6902,10,20,0.02284,0.00179,0.01424,0.00828,1,0,1
PG55262_text.txt,55990,0.6902,10,50,0.01131,-0.00432,0.00168,0.00828,1,0,0
PG55262_text.txt,55990,0.6902,10,100,0.00315,-0.00088,-0.00237,0.00828,0,0,0
PG55262_text.txt,55990,0.6902,10,200,0.00227,0.00268,0.0027,0.00828,0,0,0
PG55262_text.txt,55990,0.6902,10,300,0.01269,0.00279,-0.00333,0.00828,1,0,0
PG55262_text.txt,55990,0.6902,11,1,0.10355,0.0025,-0.00128,0.00828,1,0,0
PG55262_text.txt,55990,0.6902,11,2,0.05927,-0.00467,-0.00243,0.00828,1,0,0
PG55262_text.txt,55990,0.6902,11,5,0.0289,0.00753,5e-05,0.00828,1,0,0
PG55262_text.txt,55990,0.6902,11,10,0.03111,0.00404,0.00382,0.00828,1,0,0
PG55262_text.txt,55990,0.6902,11,20,0.01533,0.00932,0.00261,0.00828,1,1,0
PG55262_text.txt,55990,0.6902,11,50,0.01694,-0.001,-0.00209,0.00828,1,0,0
PG55262_text.txt,55990,0.6902,11,100,0.01042,-0.00042,0.00237,0.00828,1,0,0
PG55262_text.txt,55990,0.6902,11,200,0.01448,0.00033,0.00028,0.00828,1,0,0
PG55262_text.txt,55990,0.6902,11,300,0.00237,0.00178,0.00198,0.00828,0,0,0
PG55262_text.txt,55990,0.6902,12,1,0.06912,0.00306,0.00122,0.00828,1,0,0
PG55262_text.txt,55990,0.6902,12,2,0.04144,-0.00073,0.0037,0.00828,1,0,0
PG55262_text.txt,55990,0.6902,12,5,0.03325,-0.0,0.0021,0.00828,1,0,0
PG55262_text.txt,55990,0.6902,12,10,0.02871,-0.00036,-0.00198,0.00828,1,0,0
PG55262_text.txt,55990,0.6902,12,20,0.0242,-0.00345,-0.00297,0.00828,1,0,0
PG55262_text.txt,55990,0.6902,12,50,0.01366,-9e-05,-0.0017,0.00828,1,0,0
PG55262_text.txt,55990,0.6902,12,100,0.01988,0.00112,-0.00324,0.00828,1,0,0
PG55262_text.txt,55990,0.6902,12,200,0.02229,-0.00055,-0.00128,0.00828,1,0,0
PG55262_text.txt,55990,0.6902,12,300,0.015,0.00197,0.00062,0.00828,1,0,0
PG55262_text.txt,55990,0.6902,13,1,0.07222,0.00592,-0.00302,0.00828,1,0,0
PG55262_text.txt,55990,0.6902,13,2,0.04107,-0.00431,0.00552,0.00828,1,0,0
PG55262_text.txt,55990,0.6902,13,5,0.0207,0.00179,-0.00272,0.00828,1,0,0
PG55262_text.txt,55990,0.6902,13,10,0.02846,-0.00109,-0.00015,0.00828,1,0,0
PG55262_text.txt,55990,0.6902,13,20,0.02611,-0.00124,-0.00295,0.00828,1,0,0
PG55262_text.txt,55990,0.6902,13,50,0.01795,-0.00921,0.00283,0.00828,1,1,0
PG55262_text.txt,55990,0.6902,13,100,0.0082,0.00404,-0.00039,0.00828,0,0,0
PG55262_text.txt,55990,0.6902,13,200,0.00547,0.00024,-0.00572,0.00828,0,0,0
PG55262_text.txt,55990,0.6902,13,300,0.01648,0.00707,0.00265,0.00828,1,0,0
PG55262_text.txt,55990,0.6902,14,1,0.05186,-0.00341,-7e-05,0.00828,1,0,0
PG55262_text.txt,55990,0.6902,14,2,0.03486,-0.00543,-0.0048,0.00828,1,0,0
PG55262_text.txt,55990,0.6902,14,5,0.03219,-0.00934,-0.0001,0.00828,1,1,0
PG55262_text.txt,55990,0.6902,14,10,0.02953,-0.0,0.00042,0.00828,1,0,0
PG55262_text.txt,55990,0.6902,14,20,0.01739,0.00359,-0.00095,0.00828,1,0,0
PG55262_text.txt,55990,0.6902,14,50,0.01153,0.00446,0.00258,0.00828,1,0,0
PG55262_text.txt,55990,0.6902,14,100,0.007,-0.00648,-1e-05,0.00828,0,0,0
PG55262_text.txt,55990,0.6902,14,200,0.00428,-0.00314,-0.00265,0.00828,0,0,0
PG55262_text.txt,55990,0.6902,14,300,0.00895,-0.00875,-0.00938,0.00828,1,1,1
PG55262_text.txt,55990,0.6902,15,1,0.06676,0.005,-0.00144,0.00828,1,0,0
PG55262_text.txt,55990,0.6902,15,2,0.03714,0.00692,0.00208,0.00828,1,0,0
PG55262_text.txt,55990,0.6902,15,5,0.02141,-0.00073,0.00829,0.00828,1,0,1
PG55262_text.txt,55990,0.6902,15,10,0.02726,0.0021,-0.00344,0.00828,1,0,0
PG55262_text.txt,55990,0.6902,15,20,0.02463,-0.00283,-0.00398,0.00828,1,0,0
PG55262_text.txt,55990,0.6902,15,50,0.01824,0.00062,0.00843,0.00828,1,0,1
PG55262_text.txt,55990,0.6902,15,100,0.01033,0.00046,0.00245,0.00828,1,0,0
PG55262_text.txt,55990,0.6902,15,200,0.00654,0.00382,0.00197,0.00828,0,0,0
PG55262_text.txt,55990,0.6902,15,300,0.00504,-0.00272,0.00325,0.00828,0,0,0
PG55262_text.txt,55990,0.6902,16,1,0.0733,-0.00313,0.00345,0.00828,1,0,0
PG55262_text.txt,55990,0.6902,16,2,0.04781,0.00444,-0.00264,0.00828,1,0,0
PG55262_text.txt,55990,0.6902,16,5,0.02965,0.00321,-0.00497,0.00828,1,0,0
PG55262_text.txt,55990,0.6902,16,10,0.02139,-0.00422,0.00566,0.00828,1,0,0
PG55262_text.txt,55990,0.6902,16,20,0.01812,0.00387,0.0003,0.00828,1,0,0
PG55262_text.txt,55990,0.6902,16,50,0.01854,-0.0076,0.00096,0.00828,1,0,0
PG55262_text.txt,55990,0.6902,16,100,0.01085,0.00098,-0.00105,0.00828,1,0,0
PG55262_text.txt,55990,0.6902,16,200,0.01124,0.00414,0.00077,0.00828,1,0,0
PG55262_text.txt,55990,0.6902,16,300,0.00509,-0.00229,-0.00162,0.00828,0,0,0
PG55262_text.txt,55990,0.6902,17,1,0.0601,-0.00284,0.00631,0.00828,1,0,0
PG55262_text.txt,55990,0.6902,17,2,0.02801,6e-05,-0.00105,0.00828,1,0,0
PG55262_text.txt,55990,0.6902,17,5,0.02461,-0.00227,0.00386,0.00828,1,0,0
PG55262_text.txt,55990,0.6902,17,10,0.01747,-0.00066,0.00096,0.00828,1,0,0
PG55262_text.txt,55990,0.6902,17,20,0.0154,0.00118,0.00688,0.00828,1,0,0
PG55262_text.txt,55990,0.6902,17,50,0.01855,0.00264,-0.00722,0.00828,1,0,0
PG55262_text.txt,55990,0.6902,17,100,0.00826,0.00392,0.00654,0.00828,0,0,0
PG55262_text.txt,55990,0.6902,17,200,0.00899,-0.00224,-0.00153,0.00828,1,0,0
PG55262_text.txt,55990,0.6902,17,300,0.00819,-0.00137,-0.0022,0.00828,0,0,0
PG55262_text.txt,55990,0.6902,18,1,0.07955,-0.00707,-0.00088,0.00828,1,0,0
PG55262_text.txt,55990,0.6902,18,2,0.04725,0.00115,0.00222,0.00828,1,0,0
PG55262_text.txt,55990,0.6902,18,5,0.03509,-0.00336,-0.00671,0.00828,1,0,0
PG55262_text.txt,55990,0.6902,18,10,0.03077,0.00438,0.00482,0.00828,1,0,0
PG55262_text.txt,55990,0.6902,18,20,0.02189,0.00356,0.00826,0.00828,1,0,0
PG55262_text.txt,55990,0.6902,18,50,0.01963,-0.00462,-0.00177,0.00828,1,0,0
PG55262_text.txt,55990,0.6902,18,100,0.01816,-0.00267,0.00359,0.00828,1,0,0
PG55262_text.txt,55990,0.6902,18,200,0.01897,0.00179,0.00151,0.00828,1,0,0
PG55262_text.txt,55990,0.6902,18,300,0.01151,0.00327,0.0008,0.00828,1,0,0
PG55262_text.txt,55990,0.6902,19,1,0.07392,-0.00357,0.00295,0.00828,1,0,0
PG55262_text.txt,55990,0.6902,19,2,0.04029,-0.00193,-0.00505,0.00828,1,0,0
PG55262_text.txt,55990,0.6902,19,5,0.02404,-0.00145,-0.00597,0.00828,1,0,0
PG55262_text.txt,55990,0.6902,19,10,0.02479,0.00089,-0.00416,0.00828,1,0,0
PG55262_text.txt,55990,0.6902,19,20,0.01505,0.00358,-0.00573,0.00828,1,0,0
PG55262_text.txt,55990,0.6902,19,50,0.01193,-0.00169,-0.00103,0.00828,1,0,0
PG55262_text.txt,55990,0.6902,19,100,0.01235,-0.00075,0.00048,0.00828,1,0,0
PG55262_text.txt,55990,0.6902,19,200,0.01356,-0.00235,0.00947,0.00828,1,0,1
PG55262_text.txt,55990,0.6902,19,300,0.00485,-0.00522,0.0003,0.00828,0,0,0
PG55262_text.txt,55990,0.6902,20,1,0.05771,0.00207,0.00554,0.00828,1,0,0
PG55262_text.txt,55990,0.6902,20,2,0.03798,0.00699,0.00124,0.00828,1,0,0
PG55262_text.txt,55990,0.6902,20,5,0.02228,0.00344,0.00609,0.00828,1,0,0
PG55262_text.txt,55990,0.6902,20,10,0.02432,0.00715,0.00205,0.00828,1,0,0
PG55262_text.txt,55990,0.6902,20,20,0.01815,0.00772,-0.00739,0.00828,1,0,0
PG55262_text.txt,55990,0.6902,20,50,0.00797,-0.0025,0.00247,0.00828,0,0,0
PG55262_text.txt,55990,0.6902,20,100,0.01298,0.00324,-0.00043,0.00828,1,0,0
PG55262_text.txt,55990,0.6902,20,200,0.00669,-0.00115,-0.00167,0.00828,0,0,0
PG55262_text.txt,55990,0.6902,20,300,0.00411,-0.00204,-0.00625,0.00828,0,0,0
PG56852_text.txt,21666,0.87,1,1,0.12828,0.01337,0.01268,0.01332,1,1,0
PG56852_text.txt,21666,0.87,1,2,0.09168,0.00439,0.0065,0.01332,1,0,0
PG56852_text.txt,21666,0.87,1,5,0.07905,0.00535,-0.00094,0.01332,1,0,0
PG56852_text.txt,21666,0.87,1,10,0.04854,0.01072,-0.00245,0.01332,1,0,0
PG56852_text.txt,21666,0.87,1,20,0.06521,-0.00583,-0.00465,0.01332,1,0,0
PG56852_text.txt,21666,0.87,1,50,0.0572,-0.01214,0.00795,0.01332,1,0,0
PG56852_text.txt,21666,0.87,1,100,0.04329,-0.00184,0.00489,0.01332,1,0,0
PG56852_text.txt,21666,0.87,1,200,0.03996,0.00045,0.00239,0.01332,1,0,0
PG56852_text.txt,21666,0.87,1,300,0.04929,0.0093,0.00565,0.01332,1,0,0
PG56852_text.txt,21666,0.87,2,1,0.17945,-0.01056,0.00372,0.01332,1,0,0
PG56852_text.txt,21666,0.87,2,2,0.14004,-0.00522,-0.00453,0.01332,1,0,0
PG56852_text.txt,21666,0.87,2,5,0.13416,0.00282,0.00022,0.01332,1,0,0
PG56852_text.txt,21666,0.87,2,10,0.11939,0.00834,-0.00391,0.01332,1,0,0
PG56852_text.txt,21666,0.87,2,20,0.1192,-0.00709,-0.00193,0.01332,1,0,0
PG56852_text.txt,21666,0.87,2,50,0.09503,-0.00067,0.00094,0.01332,1,0,0
PG56852_text.txt,21666,0.87,2,100,0.09218,-0.00693,-0.0173,0.01332,1,0,1
PG56852_text.txt,21666,0.87,2,200,0.05127,-0.00634,-0.00794,0.01332,1,0,0
PG56852_text.txt,21666,0.87,2,300,0.06869,0.00513,0.00457,0.01332,1,0,0
PG56852_text.txt,21666,0.87,3,1,0.30459,-0.00308,-0.0002,0.01332,1,0,0
PG56852_text.txt,21666,0.87,3,2,0.26691,0.00586,-0.0123,0.01332,1,0,0
PG56852_text.txt,21666,0.87,3,5,0.26385,-0.0025,-0.01541,0.01332,1,0,1
PG56852_text.txt,21666,0.87,3,10,0.25951,0.005,0.00493,0.01332,1,0,0
PG56852_text.txt,21666,0.87,3,20,0.23523,0.00393,-0.01084,0.01332,1,0,0
PG56852_text.txt,21666,0.87,3,50,0.2037,-0.00366,-0.00934,0.01332,1,0,0
PG56852_text.txt,21666,0.87,3,100,0.17374,-0.00171,0.00663,0.01332,1,0,0
PG56852_text.txt,21666,0.87,3,200,0.13737,0.01342,-0.00878,0.01332,1,1,0
PG56852_text.txt,21666,0.87,3,300,0.13253,0.00966,0.00856,0.01332,1,0,0
PG56852_text.txt,21666,0.87,4,1,0.15148,-0.00264,-0.00666,0.01332,1,0,0
PG56852_text.txt,21666,0.87,4,2,0.1002,-0.01278,-0.00027,0.01332,1,0,0
PG56852_text.txt,21666,0.87,4,5,0.0913,-0.00116,-0.00661,0.01332,1,0,0
PG56852_text.txt,21666,0.87,4,10,0.06917,0.00111,0.00527,0.01332,1,0,0
PG56852_text.txt,21666,0.87,4,20,0.06463,0.00486,0.00058,0.01332,1,0,0
PG56852_text.txt,21666,0.87,4,50,0.06288,0.00202,-0.01425,0.01332,1,0,1
PG56852_text.txt,21666,0.87,4,100,0.0479,0.00553,0.00564,0.01332,1,0,0
PG56852_text.txt,21666,0.87,4,200,0.05016,-0.00131,0.00756,0.01332,1,0,0
PG56852_text.txt,21666,0.87,4,300,0.05132,0.00084,-0.0092,0.01332,1,0,0
PG56852_text.txt,21666,0.87,5,1,0.10472,0.00575,0.00837,0.01332,1,0,0
PG56852_text.txt,21666,0.87,5,2,0.0474,0.0027,0.00036,0.01332,1,0,0
PG56852_text.txt,21666,0.87,5,5,0.04871,0.00262,0.0038,0.01332,1,0,0
PG56852_text.txt,21666,0.87,5,10,0.03981,-0.00837,0.00234,0.01332,1,0,0
PG56852_text.txt,21666,0.87,5,20,0.02575,-0.00442,-0.00989,0.01332,1,0,0
PG56852_text.txt,21666,0.87,5,50,0.03303,-0.01126,-0.00667,0.01332,1,0,0
PG56852_text.txt,21666,0.87,5,100,0.01772,0.01163,0.00875,0.01332,1,0,0
PG56852_text.txt,21666,0.87,5,200,0.02368,0.0043,-0.01038,0.01332,1,0,0
PG56852_text.txt,21666,0.87,5,300,0.02442,-0.01016,0.00704,0.01332,1,0,0
PG56852_text.txt,21666,0.87,6,1,0.08926,-0.00371,-0.00418,0.01332,1,0,0
PG56852_text.txt,21666,0.87,6,2,0.08077,-0.01073,0.01156,0.01332,1,0,0
PG56852_text.txt,21666,0.87,6,5,0.05088,0.00597,-0.0042,0.01332,1,0,0
PG56852_text.txt,21666,0.87,6,10,0.05544,-0.00694,-0.00318,0.01332,1,0,0
PG56852_text.txt,21666,0.87,6,20,0.03566,0.00528,0.00894,0.01332,1,0,0
PG56852_text.txt,21666,0.87,6,50,0.03668,0.00109,0.00425,0.01332,1,0,0
PG56852_text.txt,21666,0.87,6,100,0.02548,-0.01064,0.00596,0.01332,1,0,0
PG56852_text.txt,21666,0.87,6,200,0.0179,-0.00251,-0.00011,0.01332,1,0,0
PG56852_text.txt,21666,0.87,6,300,0.01875,0.00531,0.00675,0.01332,1,0,0
PG56852_text.txt,21666,0.87,7,1,0.09354,-0.01311,-0.00251,0.01332,1,0,0
PG56852_text.txt,21666,0.87,7,2,0.04069,0.00041,-0.00039,0.01332,1,0,0
PG56852_text.txt,21666,0.87,7,5,0.02379,-0.00333,0.00208,0.01332,1,0,0
PG56852_text.txt,21666,0.87,7,10,0.0293,0.00743,0.00453,0.01332,1,0,0
PG56852_text.txt,21666,0.87,7,20,0.01512,-0.00368,0.00325,0.01332,1,0,0
PG56852_text.txt,21666,0.87,7,50,0.02834,0.00097,0.00079,0.01332,1,0,0
PG56852_text.txt,21666,0.87,7,100,-0.00104,0.00466,0.00414,0.01332,0,0,0
PG56852_text.txt,21666,0.87,7,200,0.00924,-0.00024,-0.00084,0.01332,0,0,0
PG56852_text.txt,21666,0.87,7,300,-0.00729,0.00244,-0.00314,0.01332,0,0,0
PG56852_text.txt,21666,0.87,8,1,0.10671,0.00356,-0.00958,0.01332,1,0,0
PG56852_text.txt,21666,0.87,8,2,0.06525,-0.00189,-0.00367,0.01332,1,0,0
PG56852_text.txt,21666,0.87,8,5,0.04731,0.00175,0.00216,0.01332,1,0,0
PG56852_text.txt,21666,0.87,8,10,0.0412,-0.0059,-0.00252,0.01332,1,0,0
PG56852_text.txt,21666,0.87,8,20,0.04873,-0.01047,0.00116,0.01332,1,0,0
PG56852_text.txt,21666,0.87,8,50,0.01841,0.01144,-0.00329,0.01332,1,0,0
PG56852_text.txt,21666,0.87,8,100,0.03086,0.00933,0.00679,0.01332,1,0,0
PG56852_text.txt,21666,0.87,8,200,0.01755,-7e-05,-0.00533,0.01332,1,0,0
PG56852_text.txt,21666,0.87,8,300,0.02308,0.00452,0.00835,0.01332,1,0,0
PG56852_text.txt,21666,0.87,9,1,0.12081,-0.00701,-0.01255,0.01332,1,0,0
PG56852_text.txt,21666,0.87,9,2,0.07217,-0.00726,-0.00721,0.01332,1,0,0
PG56852_text.txt,21666,0.87,9,5,0.07689,-0.00378,0.00125,0.01332,1,0,0
PG56852_text.txt,21666,0.87,9,10,0.07079,0.00252,-0.01336,0.01332,1,0,1
PG56852_text.txt,21666,0.87,9,20,0.06176,-0.00768,-0.00873,0.01332,1,0,0
PG56852_text.txt,21666,0.87,9,50,0.05857,0.00201,0.00034,0.01332,1,0,0
PG56852_text.txt,21666,0.87,9,100,0.04418,-0.00416,0.00495,0.01332,1,0,0
PG56852_text.txt,21666,0.87,9,200,0.0274,0.02038,0.00921,0.01332,1,1,0
PG56852_text.txt,21666,0.87,9,300,0.034,0.00256,-0.00272,0.01332,1,0,0
PG56852_text.txt,21666,0.87,10,1,0.1465,-0.00363,-0.00887,0.01332,1,0,0
PG56852_text.txt,21666,0.87,10,2,0.11203,-0.00588,0.0129,0.01332,1,0,0
PG56852_text.txt,21666,0.87,10,5,0.09711,0.00194,0.00012,0.01332,1,0,0
PG56852_text.txt,21666,0.87,10,10,0.09961,-0.01111,0.00882,0.01332,1,0,0
PG56852_text.txt,21666,0.87,10,20,0.09743,-0.00314,-0.00876,0.01332,1,0,0
PG56852_text.txt,21666,0.87,10,50,0.06984,0.00618,-0.00109,0.01332,1,0,0
PG56852_text.txt,21666,0.87,10,100,0.04994,0.00579,-0.01062,0.01332,1,0,0
PG56852_text.txt,21666,0.87,10,200,0.0369,0.00498,-0.00313,0.01332,1,0,0
PG56852_text.txt,21666,0.87,10,300,0.03924,0.00621,0.00085,0.01332,1,0,0
PG56852_text.txt,21666,0.87,11,1,0.06158,-0.00097,0.00534,0.01332,1,0,0
PG56852_text.txt,21666,0.87,11,2,0.04691,-0.00082,-0.00018,0.01332,1,0,0
PG56852_text.txt,21666,0.87,11,5,0.02359,-0.00481,0.00939,0.01332,1,0,0
PG56852_text.txt,21666,0.87,11,10,0.03889,-0.01491,0.00257,0.01332,1,1,0
PG56852_text.txt,21666,0.87,11,20,0.02165,0.00281,0.00368,0.01332,1,0,0
PG56852_text.txt,21666,0.87,11,50,0.01871,0.00473,-0.00049,0.01332,1,0,0
PG56852_text.txt,21666,0.87,11,100,0.00654,0.00842,8e-05,0.01332,0,0,0
PG56852_text.txt,21666,0.87,11,200,-0.00032,0.01456,-0.00487,0.01332,0,1,0
PG56852_text.txt,21666,0.87,11,300,-0.00123,0.01667,0.00338,0.01332,0,1,0
PG56852_text.txt,21666,0.87,12,1,0.1026,-0.00531,0.00105,0.01332,1,0,0
PG56852_text.txt,21666,0.87,12,2,0.05746,-0.00087,0.00263,0.01332,1,0,0
PG56852_text.txt,21666,0.87,12,5,0.04772,-0.00863,0.0118,0.01332,1,0,0
PG56852_text.txt,21666,0.87,12,10,0.03393,0.00208,0.00557,0.01332,1,0,0
PG56852_text.txt,21666,0.87,12,20,0.04114,-0.00681,0.00684,0.01332,1,0,0
PG56852_text.txt,21666,0.87,12,50,0.03329,0.01607,0.00061,0.01332,1,1,0
PG56852_text.txt,21666,0.87,12,100,0.01878,-0.01135,0.00102,0.01332,1,0,0
PG56852_text.txt,21666,0.87,12,200,0.00102,-0.00456,0.00061,0.01332,0,0,0
PG56852_text.txt,21666,0.87,12,300,0.01671,0.00285,0.01625,0.01332,1,0,1
PG56852_text.txt,21666,0.87,13,1,0.05022,0.00943,0.00064,0.01332,1,0,0
PG56852_text.txt,21666,0.87,13,2,0.03471,0.00925,-0.00922,0.01332,1,0,0
PG56852_text.txt,21666,0.87,13,5,0.0398,-0.00026,-0.00771,0.01332,1,0,0
PG56852_text.txt,21666,0.87,13,10,0.03879,-0.00267,-0.00396,0.01332,1,0,0
PG56852_text.txt,21666,0.87,13,20,0.03027,0.01012,-0.00146,0.01332,1,0,0
PG56852_text.txt,21666,0.87,13,50,0.01613,-0.00683,0.00304,0.01332,1,0,0
PG56852_text.txt,21666,0.87,13,100,0.01322,0.01396,-0.00216,0.01332,0,1,0
PG56852_text.txt,21666,0.87,13,200,0.00969,-0.00988,0.00121,0.01332,0,0,0
PG56852_text.txt,21666,0.87,13,300,0.00627,0.00262,-0.00818,0.01332,0,0,0
PG56852_text.txt,21666,0.87,14,1,0.06558,-0.00024,0.00258,0.01332,1,0,0
PG56852_text.txt,21666,0.87,14,2,0.04159,-0.00103,-0.00135,0.01332,1,0,0
PG56852_text.txt,21666,0.87,14,5,0.04786,0.00189,-0.0144,0.01332,1,0,1
PG56852_text.txt,21666,0.87,14,10,0.03428,0.00093,-0.00035,0.01332,1,0,0
PG56852_text.txt,21666,0.87,14,20,0.0229,-0.01722,0.01219,0.01332,1,1,0
PG56852_text.txt,21666,0.87,14,50,0.01877,-0.00096,0.00365,0.01332,1,0,0
PG56852_text.txt,21666,0.87,14,100,0.01308,-0.00871,-0.00258,0.01332,0,0,0
PG56852_text.txt,21666,0.87,14,200,0.00587,0.00303,0.00192,0.01332,0,0,0
PG56852_text.txt,21666,0.87,14,300,0.0152,-0.00492,-0.00754,0.01332,1,0,0
PG56852_text.txt,21666,0.87,15,1,0.0927,0.00197,0.0043,0.01332,1,0,0
PG56852_text.txt,21666,0.87,15,2,0.0621,0.00685,-0.02338,0.01332,1,0,1
PG56852_text.txt,21666,0.87,15,5,0.05167,0.00896,0.00198,0.01332,1,0,0
PG56852_text.txt,21666,0.87,15,10,0.04229,-0.00609,-0.00831,0.01332,1,0,0
PG56852_text.txt,21666,0.87,15,20,0.03903,-0.01084,0.00397,0.01332,1,0,0
PG56852_text.txt,21666,0.87,15,50,0.03412,0.00033,-0.00359,0.01332,1,0,0
PG56852_text.txt,21666,0.87,15,100,0.01924,0.00362,0.00858,0.01332,1,0,0
PG56852_text.txt,21666,0.87,15,200,0.00077,0.00403,0.00124,0.01332,0,0,0
PG56852_text.txt,21666,0.87,15,300,0.01349,0.00146,-0.00352,0.01332,1,0,0
PG56852_text.txt,21666,0.87,16,1,0.04866,-0.00075,-0.00753,0.01332,1,0,0
PG56852_text.txt,21666,0.87,16,2,0.02539,0.01137,0.01032,0.01332,1,0,0
PG56852_text.txt,21666,0.87,16,5,0.02003,0.00379,0.0027,0.01332,1,0,0
PG56852_text.txt,21666,0.87,16,10,0.01726,-0.00358,0.00091,0.01332,1,0,0
PG56852_text.txt,21666,0.87,16,20,0.01286,0.01764,0.00855,0.01332,0,1,0
PG56852_text.txt,21666,0.87,16,50,0.01751,0.00346,-0.00073,0.01332,1,0,0
PG56852_text.txt,21666,0.87,16,100,-0.00434,0.00646,-0.00924,0.01332,0,0,0
PG56852_text.txt,21666,0.87,16,200,-0.00047,0.00163,-0.00694,0.01332,0,0,0
PG56852_text.txt,21666,0.87,16,300,-0.00383,0.00322,-0.00089,0.01332,0,0,0
PG56852_text.txt,21666,0.87,17,1,0.04759,0.01291,-0.01395,0.01332,1,0,1
PG56852_text.txt,21666,0.87,17,2,0.03156,-0.0055,0.02324,0.01332,1,0,1
PG56852_text.txt,21666,0.87,17,5,0.01864,-0.01311,-0.00569,0.01332,1,0,0
PG56852_text.txt,21666,0.87,17,10,0.02157,-0.00249,-0.00258,0.01332,1,0,0
PG56852_text.txt,21666,0.87,17,20,0.03091,-0.0052,0.00086,0.01332,1,0,0
PG56852_text.txt,21666,0.87,17,50,0.0194,0.00098,-0.01154,0.01332,1,0,0
PG56852_text.txt,21666,0.87,17,100,0.00595,0.00038,0.0025,0.01332,0,0,0
PG56852_text.txt,21666,0.87,17,200,-0.00353,0.0079,0.00158,0.01332,0,0,0
PG56852_text.txt,21666,0.87,17,300,-0.00138,-0.00146,-0.00777,0.01332,0,0,0
PG56852_text.txt,21666,0.87,18,1,0.06352,-0.00543,0.0053,0.01332,1,0,0
PG56852_text.txt,21666,0.87,18,2,0.01138,-0.00128,-0.00601,0.01332,0,0,0
PG56852_text.txt,21666,0.87,18,5,0.02081,-0.00202,-0.00039,0.01332,1,0,0
PG56852_text.txt,21666,0.87,18,10,0.03132,-0.00464,0.00697,0.01332,1,0,0
PG56852_text.txt,21666,0.87,18,20,0.026,-0.00043,0.01046,0.01332,1,0,0
PG56852_text.txt,21666,0.87,18,50,0.02264,-0.00668,0.0045,0.01332,1,0,0
PG56852_text.txt,21666,0.87,18,100,0.01437,-0.00513,-0.00347,0.01332,1,0,0
PG56852_text.txt,21666,0.87,18,200,0.00089,-0.0014,0.00207,0.01332,0,0,0
PG56852_text.txt,21666,0.87,18,300,0.00366,-0.00054,0.0022,0.01332,0,0,0
PG56852_text.txt,21666,0.87,19,1,0.07261,0.01753,0.00635,0.01332,1,1,0
PG56852_text.txt,21666,0.87,19,2,0.03064,0.00751,0.01806,0.01332,1,0,1
PG56852_text.txt,21666,0.87,19,5,0.03764,-0.00976,-0.0039,0.01332,1,0,0
PG56852_text.txt,21666,0.87,19,10,0.01489,0.00194,-0.00614,0.01332,1,0,0
PG56852_text.txt,21666,0.87,19,20,0.01937,0.00011,0.00612,0.01332,1,0,0
PG56852_text.txt,21666,0.87,19,50,0.00974,0.00115,0.00711,0.01332,0,0,0
PG56852_text.txt,21666,0.87,19,100,0.00708,0.00787,0.00644,0.01332,0,0,0
PG56852_text.txt,21666,0.87,19,200,-0.00046,-0.00168,-0.0037,0.01332,0,0,0
PG56852_text.txt,21666,0.87,19,300,0.00848,0.00058,0.01806,0.01332,0,0,1
PG56852_text.txt,21666,0.87,20,1,0.04084,0.00262,-0.00067,0.01332,1,0,0
PG56852_text.txt,21666,0.87,20,2,0.03327,0.00941,-0.00877,0.01332,1,0,0
PG56852_text.txt,21666,0.87,20,5,0.02569,0.00148,-0.00628,0.01332,1,0,0
PG56852_text.txt,21666,0.87,20,10,0.00968,-0.00336,0.01385,0.01332,0,0,1
PG56852_text.txt,21666,0.87,20,20,0.01624,-0.00759,0.00289,0.01332,1,0,0
PG56852_text.txt,21666,0.87,20,50,0.01465,-0.00535,-0.00243,0.01332,1,0,0
PG56852_text.txt,21666,0.87,20,100,0.01879,0.00097,0.01216,0.01332,1,0,0
PG56852_text.txt,21666,0.87,20,200,0.00286,-0.00166,0.00011,0.01332,0,0,0
PG56852_text.txt,21666,0.87,20,300,0.00556,0.00102,0.00211,0.01332,0,0,0
PG58881_text.txt,15418,0.8452,1,1,0.14295,-0.01227,0.00429,0.01578,1,0,0
PG58881_text.txt,15418,0.8452,1,2,0.0956,-0.0038,0.01432,0.01578,1,0,0
PG58881_text.txt,15418,0.8452,1,5,0.09942,-0.00477,0.00945,0.01578,1,0,0
PG58881_text.txt,15418,0.8452,1,10,0.0715,0.00302,0.001,0.01578,1,0,0
PG58881_text.txt,15418,0.8452,1,20,0.08892,0.00041,-0.0034,0.01578,1,0,0
PG58881_text.txt,15418,0.8452,1,50,0.05578,0.01737,0.00763,0.01578,1,1,0
PG58881_text.txt,15418,0.8452,1,100,0.03128,0.00544,0.00128,0.01578,1,0,0
PG58881_text.txt,15418,0.8452,1,200,0.03682,-0.00599,-0.0054,0.01578,1,0,0
PG58881_text.txt,15418,0.8452,1,300,0.03876,0.01847,0.00328,0.01578,1,1,0
PG58881_text.txt,15418,0.8452,2,1,0.1914,0.00919,0.0154,0.01578,1,0,0
PG58881_text.txt,15418,0.8452,2,2,0.13191,-0.00525,-0.00761,0.01578,1,0,0
PG58881_text.txt,15418,0.8452,2,5,0.11338,-0.00794,0.01283,0.01578,1,0,0
PG58881_text.txt,15418,0.8452,2,10,0.07753,-0.00481,0.00863,0.01578,1,0,0
PG58881_text.txt,15418,0.8452,2,20,0.0625,-0.00863,-0.00711,0.01578,1,0,0
PG58881_text.txt,15418,0.8452,2,50,0.03536,0.00537,-0.00151,0.01578,1,0,0
PG58881_text.txt,15418,0.8452,2,100,0.01938,-0.00505,-0.00207,0.01578,1,0,0
PG58881_text.txt,15418,0.8452,2,200,0.01801,0.00383,0.00031,0.01578,1,0,0
PG58881_text.txt,15418,0.8452,2,300,0.01461,0.01332,0.00338,0.01578,0,0,0
PG58881_text.txt,15418,0.8452,3,1,0.10313,0.0071,0.00592,0.01578,1,0,0
PG58881_text.txt,15418,0.8452,3,2,0.08912,-0.0034,-0.00377,0.01578,1,0,0
PG58881_text.txt,15418,0.8452,3,5,0.08777,0.00187,-0.00307,0.01578,1,0,0
PG58881_text.txt,15418,0.8452,3,10,0.0723,0.00442,-0.00392,0.01578,1,0,0
PG58881_text.txt,15418,0.8452,3,20,0.06086,-0.00508,-0.00208,0.01578,1,0,0
PG58881_text.txt,15418,0.8452,3,50,0.0573,-0.01752,0.01931,0.01578,1,1,1
PG58881_text.txt,15418,0.8452,3,100,0.02892,0.00201,-0.01173,0.01578,1,0,0
PG58881_text.txt,15418,0.8452,3,200,0.03504,0.01305,-0.00631,0.01578,1,0,0
PG58881_text.txt,15418,0.8452,3,300,0.01334,-0.01349,-0.00985,0.01578,0,0,0
PG58881_text.txt,15418,0.8452,4,1,0.06508,0.01055,-0.00101,0.01578,1,0,0
PG58881_text.txt,15418,0.8452,4,2,0.06512,0.00194,0.00733,0.01578,1,0,0
PG58881_text.txt,15418,0.8452,4,5,0.07468,0.00158,0.00052,0.01578,1,0,0
PG58881_text.txt,15418,0.8452,4,10,0.03717,0.01088,-0.00585,0.01578,1,0,0
PG58881_text.txt,15418,0.8452,4,20,0.04784,0.00362,0.0008,0.01578,1,0,0
PG58881_text.txt,15418,0.8452,4,50,0.04945,0.01345,0.01302,0.01578,1,0,0
PG58881_text.txt,15418,0.8452,4,100,0.01781,0.00744,0.00909,0.01578,1,0,0
PG58881_text.txt,15418,0.8452,4,200,0.0255,0.00094,-0.00083,0.01578,1,0,0
PG58881_text.txt,15418,0.8452,4,300,0.02104,0.00046,-0.00962,0.01578,1,0,0
PG58881_text.txt,15418,0.8452,5,1,0.12509,-0.00432,-0.01562,0.01578,1,0,0
PG58881_text.txt,15418,0.8452,5,2,0.09045,-0.00903,-0.00241,0.01578,1,0,0
PG58881_text.txt,15418,0.8452,5,5,0.0935,-0.00504,0.00464,0.01578,1,0,0
PG58881_text.txt,15418,0.8452,5,10,0.07069,-0.00884,-0.01202,0.01578,1,0,0
PG58881_text.txt,15418,0.8452,5,20,0.06193,-0.00346,-0.00515,0.01578,1,0,0
PG58881_text.txt,15418,0.8452,5,50,0.05687,-0.0022,-0.00391,0.01578,1,0,0
PG58881_text.txt,15418,0.8452,5,100,0.06987,0.01308,0.00298,0.01578,1,0,0
PG58881_text.txt,15418,0.8452,5,200,0.04596,-0.00171,-0.00266,0.01578,1,0,0
PG58881_text.txt,15418,0.8452,5,300,0.03625,0.00842,0.01523,0.01578,1,0,0
PG58881_text.txt,15418,0.8452,6,1,0.13157,0.00258,0.00546,0.01578,1,0,0
PG58881_text.txt,15418,0.8452,6,2,0.08995,-0.0139,-0.00789,0.01578,1,0,0
PG58881_text.txt,15418,0.8452,6,5,0.08268,0.00631,-0.00241,0.01578,1,0,0
PG58881_text.txt,15418,0.8452,6,10,0.07599,0.0111,0.00864,0.01578,1,0,0
PG58881_text.txt,15418,0.8452,6,20,0.05204,-0.0017,-0.00651,0.01578,1,0,0
PG58881_text.txt,15418,0.8452,6,50,0.04509,-0.01038,0.00284,0.01578,1,0,0
PG58881_text.txt,15418,0.8452,6,100,0.04307,-0.00267,0.00177,0.01578,1,0,0
PG58881_text.txt,15418,0.8452,6,200,0.04286,0.00596,-0.00304,0.01578,1,0,0
PG58881_text.txt,15418,0.8452,6,300,0.02986,-0.00826,0.00448,0.01578,1,0,0
PG58881_text.txt,15418,0.8452,7,1,0.05493,0.0062,-0.01285,0.01578,1,0,0
PG58881_text.txt,15418,0.8452,7,2,0.0539,0.00586,0.00619,0.01578,1,0,0
PG58881_text.txt,15418,0.8452,7,5,0.05342,-0.01168,0.00585,0.01578,1,0,0
PG58881_text.txt,15418,0.8452,7,10,0.043,-0.01054,-0.00884,0.01578,1,0,0
PG58881_text.txt,15418,0.8452,7,20,0.04598,-0.00952,0.00226,0.01578,1,0,0
PG58881_text.txt,15418,0.8452,7,50,0.03241,-0.0154,0.01055,0.01578,1,0,0
PG58881_text.txt,15418,0.8452,7,100,0.02522,-0.02126,0.00454,0.01578,1,1,0
PG58881_text.txt,15418,0.8452,7,200,0.03055,0.00647,0.00622,0.01578,1,0,0
PG58881_text.txt,15418,0.8452,7,300,0.01561,0.00232,0.00813,0.01578,0,0,0
PG58881_text.txt,15418,0.8452,8,1,0.14405,-0.00258,0.00051,0.01578,1,0,0
PG58881_text.txt,15418,0.8452,8,2,0.09838,-0.00897,0.00497,0.01578,1,0,0
PG58881_text.txt,15418,0.8452,8,5,0.08878,-0.00176,-0.00733,0.01578,1,0,0
PG58881_text.txt,15418,0.8452,8,10,0.07098,0.01201,-0.00252,0.01578,1,0,0
PG58881_text.txt,15418,0.8452,8,20,0.06044,-0.007,0.00573,0.01578,1,0,0
PG58881_text.txt,15418,0.8452,8,50,0.07101,-0.00226,0.01479,0.01578,1,0,0
PG58881_text.txt,15418,0.8452,8,100,0.04453,0.00288,0.00299,0.01578,1,0,0
PG58881_text.txt,15418,0.8452,8,200,0.04359,-0.01444,7e-05,0.01578,1,0,0
PG58881_text.txt,15418,0.8452,8,300,0.03697,-0.00493,0.0076,0.01578,1,0,0
PG58881_text.txt,15418,0.8452,9,1,0.07031,0.00012,-0.01698,0.01578,1,0,1
PG58881_text.txt,15418,0.8452,9,2,0.04041,-0.00251,0.00372,0.01578,1,0,0
PG58881_text.txt,15418,0.8452,9,5,0.04186,0.00815,0.00608,0.01578,1,0,0
PG58881_text.txt,15418,0.8452,9,10,0.03202,0.0009,-9e-05,0.01578,1,0,0
PG58881_text.txt,15418,0.8452,9,20,0.01869,0.00012,-0.00332,0.01578,1,0,0
PG58881_text.txt,15418,0.8452,9,50,0.02186,0.00151,0.00863,0.01578,1,0,0
PG58881_text.txt,15418,0.8452,9,100,0.00117,0.00668,0.00771,0.01578,0,0,0
PG58881_text.txt,15418,0.8452,9,200,0.00386,0.00257,-0.01103,0.01578,0,0,0
PG58881_text.txt,15418,0.8452,9,300,0.00496,-0.00122,0.00988,0.01578,0,0,0
PG58881_text.txt,15418,0.8452,10,1,0.07674,0.00319,-0.00361,0.01578,1,0,0
PG58881_text.txt,15418,0.8452,10,2,0.05371,-0.01357,-0.00295,0.01578,1,0,0
PG58881_text.txt,15418,0.8452,10,5,0.06198,-0.00525,0.00022,0.01578,1,0,0
PG58881_text.txt,15418,0.8452,10,10,0.0418,-0.01585,-0.01733,0.01578,1,1,1
PG58881_text.txt,15418,0.8452,10,20,0.0284,-0.00969,-0.00417,0.01578,1,0,0
PG58881_text.txt,15418,0.8452,10,50,0.02318,0.00373,-0.00676,0.01578,1,0,0
PG58881_text.txt,15418,0.8452,10,100,0.0097,-0.00682,0.00384,0.01578,0,0,0
PG58881_text.txt,15418,0.8452,10,200,0.01303,-0.00694,0.0019,0.01578,0,0,0
PG58881_text.txt,15418,0.8452,10,300,0.00458,0.00655,0.00803,0.01578,0,0,0
PG58881_text.txt,15418,0.8452,11,1,0.08524,0.00225,-0.00509,0.01578,1,0,0
PG58881_text.txt,15418,0.8452,11,2,0.07393,-0.02351,0.00376,0.01578,1,1,0
PG58881_text.txt,15418,0.8452,11,5,0.03759,0.00267,0.00326,0.01578,1,0,0
PG58881_text.txt,15418,0.8452,11,10,0.04935,-0.00338,0.00019,0.01578,1,0,0
PG58881_text.txt,15418,0.8452,11,20,0.04112,0.0003,0.00708,0.01578,1,0,0
PG58881_text.txt,15418,0.8452,11,50,0.03689,0.00923,0.00669,0.01578,1,0,0
PG58881_text.txt,15418,0.8452,11,100,0.00799,-0.00117,-0.0068,0.01578,0,0,0
PG58881_text.txt,15418,0.8452,11,200,0.002,-0.00085,0.00122,0.01578,0,0,0
PG58881_text.txt,15418,0.8452,11,300,0.02131,0.00307,-0.00738,0.01578,1,0,0
PG58881_text.txt,15418,0.8452,12,1,0.06557,-0.00366,0.00956,0.01578,1,0,0
PG58881_text.txt,15418,0.8452,12,2,0.03533,0.00211,0.00955,0.01578,1,0,0
PG58881_text.txt,15418,0.8452,12,5,0.04575,-0.00517,-0.00251,0.01578,1,0,0
PG58881_text.txt,15418,0.8452,12,10,0.0453,0.01624,0.00227,0.01578,1,1,0
PG58881_text.txt,15418,0.8452,12,20,0.04448,-0.00475,-0.0016,0.01578,1,0,0
PG58881_text.txt,15418,0.8452,12,50,0.02723,0.01442,0.00429,0.01578,1,0,0
PG58881_text.txt,15418,0.8452,12,100,0.02565,-0.01246,-0.00095,0.01578,1,0,0
PG58881_text.txt,15418,0.8452,12,200,-0.01211,0.00954,-0.00126,0.01578,0,0,0
PG58881_text.txt,15418,0.8452,12,300,0.01035,-0.00305,-0.00746,0.01578,0,0,0
PG58881_text.txt,15418,0.8452,13,1,0.04126,-0.00456,-0.00109,0.01578,1,0,0
PG58881_text.txt,15418,0.8452,13,2,0.03594,-0.00587,-0.00669,0.01578,1,0,0
PG58881_text.txt,15418,0.8452,13,5,0.04915,0.01277,-0.00495,0.01578,1,0,0
PG58881_text.txt,15418,0.8452,13,10,0.03305,0.01321,0.01434,0.01578,1,0,0
PG58881_text.txt,15418,0.8452,13,20,0.03024,0.00423,0.01047,0.01578,1,0,0
PG58881_text.txt,15418,0.8452,13,50,0.03292,-0.00019,-0.00399,0.01578,1,0,0
PG58881_text.txt,15418,0.8452,13,100,0.00627,-0.01064,0.01013,0.01578,0,0,0
PG58881_text.txt,15418,0.8452,13,200,0.00112,-0.00903,0.00097,0.01578,0,0,0
PG58881_text.txt,15418,0.8452,13,300,0.01208,0.01815,0.00051,0.01578,0,1,0
PG58881_text.txt,15418,0.8452,14,1,0.07531,-0.01232,-0.01288,0.01578,1,0,0
PG58881_text.txt,15418,0.8452,14,2,0.05296,-0.00839,0.00482,0.01578,1,0,0
PG58881_text.txt,15418,0.8452,14,5,0.05742,0.00944,-0.00442,0.01578,1,0,0
PG58881_text.txt,15418,0.8452,14,10,0.05224,-0.00998,-0.01065,0.01578,1,0,0
PG58881_text.txt,15418,0.8452,14,20,0.04875,0.0062,0.00355,0.01578,1,0,0
PG58881_text.txt,15418,0.8452,14,50,0.03375,0.01419,0.0185,0.01578,1,0,1
PG58881_text.txt,15418,0.8452,14,100,0.0232,0.00411,-0.0011,0.01578,1,0,0
PG58881_text.txt,15418,0.8452,14,200,0.02875,-0.01217,-0.00641,0.01578,1,0,0
PG58881_text.txt,15418,0.8452,14,300,0.00853,0.02011,0.00841,0.01578,0,1,0
PG58881_text.txt,15418,0.8452,15,1,0.07858,0.00838,0.00949,0.01578,1,0,0
PG58881_text.txt,15418,0.8452,15,2,0.04916,0.00149,-0.00059,0.01578,1,0,0
PG58881_text.txt,15418,0.8452,15,5,0.0611,-0.00188,-0.00416,0.01578,1,0,0
PG58881_text.txt,15418,0.8452,15,10,0.0416,-0.00159,0.01808,0.01578,1,0,1
PG58881_text.txt,15418,0.8452,15,20,0.03456,0.00111,0.00681,0.01578,1,0,0
PG58881_text.txt,15418,0.8452,15,50,0.02079,0.00282,0.00312,0.01578,1,0,0
PG58881_text.txt,15418,0.8452,15,100,0.01558,-0.0014,0.00276,0.01578,0,0,0
PG58881_text.txt,15418,0.8452,15,200,-0.00277,-0.00887,-0.00908,0.01578,0,0,0
PG58881_text.txt,15418,0.8452,15,300,0.00715,-0.01221,0.01302,0.01578,0,0,0
PG58881_text.txt,15418,0.8452,16,1,0.03596,0.00161,0.00116,0.01578,1,0,0
PG58881_text.txt,15418,0.8452,16,2,0.02704,-0.00595,-0.01245,0.01578,1,0,0
PG58881_text.txt,15418,0.8452,16,5,0.02157,0.00876,-0.00014,0.01578,1,0,0
PG58881_text.txt,15418,0.8452,16,10,0.01357,0.01621,-0.00177,0.01578,0,1,0
PG58881_text.txt,15418,0.8452,16,20,0.03632,-0.00092,-0.00668,0.01578,1,0,0
PG58881_text.txt,15418,0.8452,16,50,0.02329,-0.01649,-0.00304,0.01578,1,1,0
PG58881_text.txt,15418,0.8452,16,100,0.00722,-0.00301,-0.00746,0.01578,0,0,0
PG58881_text.txt,15418,0.8452,16,200,-0.00055,0.01447,0.00115,0.01578,0,0,0
PG58881_text.txt,15418,0.8452,16,300,0.0094,0.00013,0.00057,0.01578,0,0,0
PG58881_text.txt,15418,0.8452,17,1,0.01852,0.00355,-0.00947,0.01578,1,0,0
PG58881_text.txt,15418,0.8452,17,2,0.01164,0.01545,0.0134,0.01578,0,0,0
PG58881_text.txt,15418,0.8452,17,5,0.00451,-0.00494,-0.00746,0.01578,0,0,0
PG58881_text.txt,15418,0.8452,17,10,0.01481,0.0005,-0.00346,0.01578,0,0,0
PG58881_text.txt,15418,0.8452,17,20,0.013,-0.00668,0.00143,0.01578,0,0,0
PG58881_text.txt,15418,0.8452,17,50,0.00104,0.00398,0.00889,0.01578,0,0,0
PG58881_text.txt,15418,0.8452,17,100,0.00378,-0.00266,-0.004,0.01578,0,0,0
PG58881_text.txt,15418,0.8452,17,200,0.01017,0.00332,-0.00713,0.01578,0,0,0
PG58881_text.txt,15418,0.8452,17,300,0.00152,0.00038,0.00041,0.01578,0,0,0
PG58881_text.txt,15418,0.8452,18,1,0.06769,0.00251,0.00287,0.01578,1,0,0
PG58881_text.txt,15418,0.8452,18,2,0.0449,0.00366,0.00252,0.01578,1,0,0
PG58881_text.txt,15418,0.8452,18,5,0.03716,-0.0094,-0.00815,0.01578,1,0,0
PG58881_text.txt,15418,0.8452,18,10,0.02399,0.00311,0.00533,0.01578,1,0,0
PG58881_text.txt,15418,0.8452,18,20,0.03029,0.00894,0.00104,0.01578,1,0,0
PG58881_text.txt,15418,0.8452,18,50,0.01304,0.00993,-0.00375,0.01578,0,0,0
PG58881_text.txt,15418,0.8452,18,100,0.01411,0.00336,0.0123,0.01578,0,0,0
PG58881_text.txt,15418,0.8452,18,200,0.00749,0.0083,0.00468,0.01578,0,0,0
PG58881_text.txt,15418,0.8452,18,300,0.01595,0.01401,-0.00551,0.01578,1,0,0
PG58881_text.txt,15418,0.8452,19,1,0.05366,0.00437,-0.0031,0.01578,1,0,0
PG58881_text.txt,15418,0.8452,19,2,0.03221,0.00292,0.01215,0.01578,1,0,0
PG58881_text.txt,15418,0.8452,19,5,0.03441,0.00276,-0.00677,0.01578,1,0,0
PG58881_text.txt,15418,0.8452,19,10,0.03409,0.00291,0.0033,0.01578,1,0,0
PG58881_text.txt,15418,0.8452,19,20,0.03109,-0.00887,-0.01694,0.01578,1,0,1
PG58881_text.txt,15418,0.8452,19,50,0.01972,0.00764,-0.00406,0.01578,1,0,0
PG58881_text.txt,15418,0.8452,19,100,0.01634,-0.00208,-0.00773,0.01578,1,0,0
PG58881_text.txt,15418,0.8452,19,200,0.00179,0.01617,0.00213,0.01578,0,1,0
PG58881_text.txt,15418,0.8452,19,300,0.00833,-0.00294,0.0012,0.01578,0,0,0
PG58881_text.txt,15418,0.8452,20,1,0.04248,0.01189,0.00052,0.01578,1,0,0
PG58881_text.txt,15418,0.8452,20,2,0.04474,0.01123,-0.00457,0.01578,1,0,0
PG58881_text.txt,15418,0.8452,20,5,0.0394,-0.01474,-0.01499,0.01578,1,0,0
PG58881_text.txt,15418,0.8452,20,10,0.03915,9e-05,0.0012,0.01578,1,0,0
PG58881_text.txt,15418,0.8452,20,20,0.02792,-0.00147,-0.00965,0.01578,1,0,0
PG58881_text.txt,15418,0.8452,20,50,0.0107,-0.00212,-0.01886,0.01578,0,0,1
PG58881_text.txt,15418,0.8452,20,100,0.01428,0.00607,-0.00922,0.01578,0,0,0
PG58881_text.txt,15418,0.8452,20,200,0.00226,-0.00447,0.01036,0.01578,0,0,0
PG58881_text.txt,15418,0.8452,20,300,0.00226,-0.00834,0.01392,0.01578,0,0,0
PG67363_text.txt,39628,0.705,1,1,0.08373,0.01054,-0.00074,0.00985,1,1,0
PG67363_text.txt,39628,0.705,1,2,0.03528,0.00731,-0.00344,0.00985,1,0,0
PG67363_text.txt,39628,0.705,1,5,0.02797,0.00447,-0.00026,0.00985,1,0,0
PG67363_text.txt,39628,0.705,1,10,0.02386,-0.00054,0.00394,0.00985,1,0,0
PG67363_text.txt,39628,0.705,1,20,0.0181,-0.00945,0.00804,0.00985,1,0,0
PG67363_text.txt,39628,0.705,1,50,0.00371,0.00474,-0.00351,0.00985,0,0,0
PG67363_text.txt,39628,0.705,1,100,0.01334,-0.00266,-0.00388,0.00985,1,0,0
PG67363_text.txt,39628,0.705,1,200,-0.00298,0.0031,0.00483,0.00985,0,0,0
PG67363_text.txt,39628,0.705,1,300,0.00673,0.00414,-0.01242,0.00985,0,0,1
PG67363_text.txt,39628,0.705,2,1,0.13613,-0.0009,-0.00015,0.00985,1,0,0
PG67363_text.txt,39628,0.705,2,2,0.10658,-0.00203,-0.00176,0.00985,1,0,0
PG67363_text.txt,39628,0.705,2,5,0.09218,-0.00351,0.00049,0.00985,1,0,0
PG67363_text.txt,39628,0.705,2,10,0.07995,0.00587,-0.00048,0.00985,1,0,0
PG67363_text.txt,39628,0.705,2,20,0.06987,0.00063,0.00421,0.00985,1,0,0
PG67363_text.txt,39628,0.705,2,50,0.05881,0.00548,-0.00519,0.00985,1,0,0
PG67363_text.txt,39628,0.705,2,100,0.04523,-0.00074,-0.00166,0.00985,1,0,0
PG67363_text.txt,39628,0.705,2,200,0.0498,0.00423,-0.0039,0.00985,1,0,0
PG67363_text.txt,39628,0.705,2,300,0.03356,-0.00262,-0.00563,0.00985,1,0,0
PG67363_text.txt,39628,0.705,3,1,0.10373,0.00866,0.00698,0.00985,1,0,0
PG67363_text.txt,39628,0.705,3,2,0.07841,3e-05,-0.00997,0.00985,1,0,1
PG67363_text.txt,39628,0.705,3,5,0.06687,-0.00101,0.00924,0.00985,1,0,0
PG67363_text.txt,39628,0.705,3,10,0.06211,0.00557,0.00464,0.00985,1,0,0
PG67363_text.txt,39628,0.705,3,20,0.05869,-0.00065,0.00583,0.00985,1,0,0
PG67363_text.txt,39628,0.705,3,50,0.04603,0.00167,0.00336,0.00985,1,0,0
PG67363_text.txt,39628,0.705,3,100,0.03256,-0.00069,-0.00797,0.00985,1,0,0
PG67363_text.txt,39628,0.705,3,200,0.03421,-0.00368,-0.00227,0.00985,1,0,0
PG67363_text.txt,39628,0.705,3,300,0.01851,-9e-05,0.00753,0.00985,1,0,0
PG67363_text.txt,39628,0.705,4,1,0.12562,0.00783,0.00323,0.00985,1,0,0
PG67363_text.txt,39628,0.705,4,2,0.06243,0.00388,-5e-05,0.00985,1,0,0
PG67363_text.txt,39628,0.705,4,5,0.04786,0.00341,-0.00222,0.00985,1,0,0
PG67363_text.txt,39628,0.705,4,10,0.04955,0.00136,0.00751,0.00985,1,0,0
PG67363_text.txt,39628,0.705,4,20,0.0493,0.00426,-0.00193,0.00985,1,0,0
PG67363_text.txt,39628,0.705,4,50,0.04094,0.00554,0.00173,0.00985,1,0,0
PG67363_text.txt,39628,0.705,4,100,0.0231,-0.00277,0.00866,0.00985,1,0,0
PG67363_text.txt,39628,0.705,4,200,0.019,0.0049,-0.00757,0.00985,1,0,0
PG67363_text.txt,39628,0.705,4,300,0.02719,0.00255,-0.0147,0.00985,1,0,1
PG67363_text.txt,39628,0.705,5,1,0.08586,0.01206,-0.00254,0.00985,1,1,0
PG67363_text.txt,39628,0.705,5,2,0.05193,0.00482,0.00439,0.00985,1,0,0
PG67363_text.txt,39628,0.705,5,5,0.0315,0.00122,7e-05,0.00985,1,0,0
PG67363_text.txt,39628,0.705,5,10,0.03856,-0.00368,0.00131,0.00985,1,0,0
PG67363_text.txt,39628,0.705,5,20,0.03961,0.00732,-0.00753,0.00985,1,0,0
PG67363_text.txt,39628,0.705,5,50,0.01287,-0.00357,0.00079,0.00985,1,0,0
PG67363_text.txt,39628,0.705,5,100,0.01004,-0.00362,-0.00235,0.00985,1,0,0
PG67363_text.txt,39628,0.705,5,200,0.0174,0.00317,-0.00044,0.00985,1,0,0
PG67363_text.txt,39628,0.705,5,300,0.00924,0.00831,0.00381,0.00985,0,0,0
PG67363_text.txt,39628,0.705,6,1,0.09376,0.00182,0.00371,0.00985,1,0,0
PG67363_text.txt,39628,0.705,6,2,0.06697,0.00238,0.00219,0.00985,1,0,0
PG67363_text.txt,39628,0.705,6,5,0.04755,-0.00154,-0.00078,0.00985,1,0,0
PG67363_text.txt,39628,0.705,6,10,0.03555,-0.00722,0.00236,0.00985,1,0,0
PG67363_text.txt,39628,0.705,6,20,0.02695,-0.00021,-0.00498,0.00985,1,0,0
PG67363_text.txt,39628,0.705,6,50,0.02227,-0.0089,0.00328,0.00985,1,0,0
PG67363_text.txt,39628,0.705,6,100,0.01807,-0.00649,-0.00283,0.00985,1,0,0
PG67363_text.txt,39628,0.705,6,200,0.01884,-0.00413,0.00191,0.00985,1,0,0
PG67363_text.txt,39628,0.705,6,300,0.00687,0.00772,0.00447,0.00985,0,0,0
PG67363_text.txt,39628,0.705,7,1,0.08518,-0.00245,-0.0062,0.00985,1,0,0
PG67363_text.txt,39628,0.705,7,2,0.04604,0.00269,-0.00749,0.00985,1,0,0
PG67363_text.txt,39628,0.705,7,5,0.03844,-0.00108,0.00114,0.00985,1,0,0
PG67363_text.txt,39628,0.705,7,10,0.04033,0.00573,-0.00097,0.00985,1,0,0
PG67363_text.txt,39628,0.705,7,20,0.03435,0.00128,-0.00058,0.00985,1,0,0
PG67363_text.txt,39628,0.705,7,50,0.0205,0.00016,-0.00169,0.00985,1,0,0
PG67363_text.txt,39628,0.705,7,100,0.01899,-0.00718,0.00579,0.00985,1,0,0
PG67363_text.txt,39628,0.705,7,200,0.01468,-0.00391,0.00466,0.00985,1,0,0
PG67363_text.txt,39628,0.705,7,300,0.00977,-0.00449,0.0005,0.00985,0,0,0
PG67363_text.txt,39628,0.705,8,1,0.09386,0.00296,-0.00039,0.00985,1,0,0
PG67363_text.txt,39628,0.705,8,2,0.03977,0.00911,-0.00783,0.00985,1,0,0
PG67363_text.txt,39628,0.705,8,5,0.0256,-0.00141,0.00207,0.00985,1,0,0
PG67363_text.txt,39628,0.705,8,10,0.02704,0.00203,-0.00258,0.00985,1,0,0
PG67363_text.txt,39628,0.705,8,20,0.01804,0.00251,-0.00037,0.00985,1,0,0
PG67363_text.txt,39628,0.705,8,50,0.01625,-0.00555,-0.00036,0.00985,1,0,0
PG67363_text.txt,39628,0.705,8,100,0.02285,-0.00208,0.0037,0.00985,1,0,0
PG67363_text.txt,39628,0.705,8,200,0.01263,0.00727,0.00803,0.00985,1,0,0
PG67363_text.txt,39628,0.705,8,300,0.02122,0.01436,-0.00283,0.00985,1,1,0
PG67363_text.txt,39628,0.705,9,1,0.06785,-0.00405,0.00266,0.00985,1,0,0
PG67363_text.txt,39628,0.705,9,2,0.02917,0.00649,0.00164,0.00985,1,0,0
PG67363_text.txt,39628,0.705,9,5,0.02672,0.00061,-0.00065,0.00985,1,0,0
PG67363_text.txt,39628,0.705,9,10,0.01774,-0.00702,-0.00235,0.00985,1,0,0
PG67363_text.txt,39628,0.705,9,20,0.01103,-0.00508,-0.00061,0.00985,1,0,0
PG67363_text.txt,39628,0.705,9,50,0.00456,-0.00674,-0.00795,0.00985,0,0,0
PG67363_text.txt,39628,0.705,9,100,0.00721,-0.00603,-0.00354,0.00985,0,0,0
PG67363_text.txt,39628,0.705,9,200,-0.00397,-0.00209,0.00018,0.00985,0,0,0
PG67363_text.txt,39628,0.705,9,300,-0.0058,0.00327,-0.01037,0.00985,0,0,1
PG67363_text.txt,39628,0.705,10,1,0.1248,-0.00888,-0.00402,0.00985,1,0,0
PG67363_text.txt,39628,0.705,10,2,0.09906,-0.00249,0.00174,0.00985,1,0,0
PG67363_text.txt,39628,0.705,10,5,0.07449,-0.003,0.00136,0.00985,1,0,0
PG67363_text.txt,39628,0.705,10,10,0.08082,0.00427,-0.0019,0.00985,1,0,0
PG67363_text.txt,39628,0.705,10,20,0.07544,-0.00192,-0.00342,0.00985,1,0,0
PG67363_text.txt,39628,0.705,10,50,0.06658,0.00198,-0.01059,0.00985,1,0,1
PG67363_text.txt,39628,0.705,10,100,0.06789,-0.00766,-0.00367,0.00985,1,0,0
PG67363_text.txt,39628,0.705,10,200,0.05664,0.00201,-0.00143,0.00985,1,0,0
PG67363_text.txt,39628,0.705,10,300,0.06614,-0.0077,-0.00387,0.00985,1,0,0
PG67363_text.txt,39628,0.705,11,1,0.08173,0.00788,0.00263,0.00985,1,0,0
PG67363_text.txt,39628,0.705,11,2,0.03982,0.00139,-0.0042,0.00985,1,0,0
PG67363_text.txt,39628,0.705,11,5,0.0276,0.00687,0.00607,0.00985,1,0,0
PG67363_text.txt,39628,0.705,11,10,0.01514,0.00312,-0.00717,0.00985,1,0,0
PG67363_text.txt,39628,0.705,11,20,0.01913,-0.00179,-0.00444,0.00985,1,0,0
PG67363_text.txt,39628,0.705,11,50,0.02318,0.00071,0.00202,0.00985,1,0,0
PG67363_text.txt,39628,0.705,11,100,0.00964,0.00282,0.00771,0.00985,0,0,0
PG67363_text.txt,39628,0.705,11,200,0.00458,0.00089,-0.00022,0.00985,0,0,0
PG67363_text.txt,39628,0.705,11,300,-0.00119,-0.01126,0.00268,0.00985,0,1,0
PG67363_text.txt,39628,0.705,12,1,0.04595,-0.00469,-0.00113,0.00985,1,0,0
PG67363_text.txt,39628,0.705,12,2,0.04194,-0.0129,-0.00324,0.00985,1,1,0
PG67363_text.txt,39628,0.705,12,5,0.03107,-0.00038,0.00405,0.00985,1,0,0
PG67363_text.txt,39628,0.705,12,10,0.0182,-0.00463,0.00199,0.00985,1,0,0
PG67363_text.txt,39628,0.705,12,20,0.02318,-0.00528,0.00444,0.00985,1,0,0
PG67363_text.txt,39628,0.705,12,50,0.01029,-0.0047,-0.00906,0.00985,1,0,0
PG67363_text.txt,39628,0.705,12,100,0.0254,-0.0014,0.00378,0.00985,1,0,0
PG67363_text.txt,39628,0.705,12,200,0.01273,-0.0037,-0.00017,0.00985,1,0,0
PG67363_text.txt,39628,0.705,12,300,0.00708,-0.01129,0.00575,0.00985,0,1,0
PG67363_text.txt,39628,0.705,13,1,0.0646,-0.00199,0.00348,0.00985,1,0,0
PG67363_text.txt,39628,0.705,13,2,0.03262,-0.00108,0.00251,0.00985,1,0,0
PG67363_text.txt,39628,0.705,13,5,0.02631,-0.00291,0.00924,0.00985,1,0,0
PG67363_text.txt,39628,0.705,13,10,0.02183,0.00015,-0.00467,0.00985,1,0,0
PG67363_text.txt,39628,0.705,13,20,0.01358,0.0053,0.00562,0.00985,1,0,0
PG67363_text.txt,39628,0.705,13,50,0.0158,0.00174,-0.00134,0.00985,1,0,0
PG67363_text.txt,39628,0.705,13,100,0.00959,-0.00039,-0.00401,0.00985,0,0,0
PG67363_text.txt,39628,0.705,13,200,0.00217,-0.0022,-0.00102,0.00985,0,0,0
PG67363_text.txt,39628,0.705,13,300,-0.0027,-0.00649,-0.00566,0.00985,0,0,0
PG67363_text.txt,39628,0.705,14,1,0.06201,-0.00276,0.00209,0.00985,1,0,0
PG67363_text.txt,39628,0.705,14,2,0.04456,-0.00397,0.0024,0.00985,1,0,0
PG67363_text.txt,39628,0.705,14,5,0.02638,0.00137,0.00693,0.00985,1,0,0
PG67363_text.txt,39628,0.705,14,10,0.02274,-0.00358,-0.00172,0.00985,1,0,0
PG67363_text.txt,39628,0.705,14,20,0.02169,0.00966,-0.00412,0.00985,1,0,0
PG67363_text.txt,39628,0.705,14,50,0.01594,0.00683,0.00383,0.00985,1,0,0
PG67363_text.txt,39628,0.705,14,100,0.00988,0.00033,0.00059,0.00985,1,0,0
PG67363_text.txt,39628,0.705,14,200,0.01194,-0.00834,0.00025,0.00985,1,0,0
PG67363_text.txt,39628,0.705,14,300,0.00675,0.00318,0.00661,0.00985,0,0,0
PG67363_text.txt,39628,0.705,15,1,0.06213,-0.00626,-0.0046,0.00985,1,0,0
PG67363_text.txt,39628,0.705,15,2,0.03951,0.00195,-0.00481,0.00985,1,0,0
PG67363_text.txt,39628,0.705,15,5,0.0211,0.00925,0.00225,0.00985,1,0,0
PG67363_text.txt,39628,0.705,15,10,0.02851,-0.00604,-0.01079,0.00985,1,0,1
PG67363_text.txt,39628,0.705,15,20,0.02454,-0.01292,-0.0009,0.00985,1,1,0
PG67363_text.txt,39628,0.705,15,50,0.02141,0.00471,-0.00368,0.00985,1,0,0
PG67363_text.txt,39628,0.705,15,100,0.0125,-0.00055,-0.00664,0.00985,1,0,0
PG67363_text.txt,39628,0.705,15,200,0.00784,0.00126,-0.01024,0.00985,0,0,1
PG67363_text.txt,39628,0.705,15,300,0.01827,-0.00039,-0.00856,0.00985,1,0,0
PG67363_text.txt,39628,0.705,16,1,0.07036,0.00464,-0.00557,0.00985,1,0,0
PG67363_text.txt,39628,0.705,16,2,0.02972,0.0061,0.00358,0.00985,1,0,0
PG67363_text.txt,39628,0.705,16,5,0.02287,-0.00394,-0.00087,0.00985,1,0,0
PG67363_text.txt,39628,0.705,16,10,0.01163,0.00078,-0.00061,0.00985,1,0,0
PG67363_text.txt,39628,0.705,16,20,0.01136,-0.00456,-0.00892,0.00985,1,0,0
PG67363_text.txt,39628,0.705,16,50,0.0061,9e-05,0.00546,0.00985,0,0,0
PG67363_text.txt,39628,0.705,16,100,0.01103,-0.0015,0.001,0.00985,1,0,0
PG67363_text.txt,39628,0.705,16,200,0.01227,0.00362,-0.0014,0.00985,1,0,0
PG67363_text.txt,39628,0.705,16,300,0.00147,-0.005,0.00505,0.00985,0,0,0
PG67363_text.txt,39628,0.705,17,1,0.06363,0.00192,0.00515,0.00985,1,0,0
PG67363_text.txt,39628,0.705,17,2,0.03064,0.0014,1e-05,0.00985,1,0,0
PG67363_text.txt,39628,0.705,17,5,0.00912,-0.00051,-0.00552,0.00985,0,0,0
PG67363_text.txt,39628,0.705,17,10,0.01879,-0.00179,-0.00904,0.00985,1,0,0
PG67363_text.txt,39628,0.705,17,20,0.01469,0.00053,0.00344,0.00985,1,0,0
PG67363_text.txt,39628,0.705,17,50,0.01973,-0.00082,0.00453,0.00985,1,0,0
PG67363_text.txt,39628,0.705,17,100,0.00547,0.00491,0.0018,0.00985,0,0,0
PG67363_text.txt,39628,0.705,17,200,-0.00033,-0.00518,0.00596,0.00985,0,0,0
PG67363_text.txt,39628,0.705,17,300,0.00475,0.00144,0.00349,0.00985,0,0,0
PG67363_text.txt,39628,0.705,18,1,0.04306,-0.00145,0.00064,0.00985,1,0,0
PG67363_text.txt,39628,0.705,18,2,0.03184,-0.00384,-0.00538,0.00985,1,0,0
PG67363_text.txt,39628,0.705,18,5,0.02449,-0.00167,0.00313,0.00985,1,0,0
PG67363_text.txt,39628,0.705,18,10,0.01515,0.00143,-0.00316,0.00985,1,0,0
PG67363_text.txt,39628,0.705,18,20,0.01277,-2e-05,-0.00172,0.00985,1,0,0
PG67363_text.txt,39628,0.705,18,50,0.00403,-0.00061,-0.00532,0.00985,0,0,0
PG67363_text.txt,39628,0.705,18,100,0.01145,-0.00557,-0.00324,0.00985,1,0,0
PG67363_text.txt,39628,0.705,18,200,-0.00137,-0.00272,0.01014,0.00985,0,0,1
PG67363_text.txt,39628,0.705,18,300,0.00579,-0.00855,-0.00398,0.00985,0,0,0
PG67363_text.txt,39628,0.705,19,1,0.03239,-0.011,-0.0035,0.00985,1,1,0
PG67363_text.txt,39628,0.705,19,2,0.02492,-0.00138,0.00064,0.00985,1,0,0
PG67363_text.txt,39628,0.705,19,5,0.01662,-0.01002,-0.00421,0.00985,1,1,0
PG67363_text.txt,39628,0.705,19,10,0.01503,-0.0066,0.00463,0.00985,1,0,0
PG67363_text.txt,39628,0.705,19,20,0.01152,-0.00173,-0.00291,0.00985,1,0,0
PG67363_text.txt,39628,0.705,19,50,0.00801,-0.00676,0.00698,0.00985,0,0,0
PG67363_text.txt,39628,0.705,19,100,-0.00475,-0.00579,-0.003,0.00985,0,0,0
PG67363_text.txt,39628,0.705,19,200,0.00075,0.00181,-0.00095,0.00985,0,0,0
PG67363_text.txt,39628,0.705,19,300,0.00841,0.00768,0.00801,0.00985,0,0,0
PG67363_text.txt,39628,0.705,20,1,0.05734,-0.00728,0.00298,0.00985,1,0,0
PG67363_text.txt,39628,0.705,20,2,0.03013,-0.00039,0.00491,0.00985,1,0,0
PG67363_text.txt,39628,0.705,20,5,0.02725,-0.00453,-0.00624,0.00985,1,0,0
PG67363_text.txt,39628,0.705,20,10,0.02128,-0.01633,-0.01178,0.00985,1,1,1
PG67363_text.txt,39628,0.705,20,20,0.02442,-0.00565,-0.00481,0.00985,1,0,0
PG67363_text.txt,39628,0.705,20,50,0.00937,0.00179,-0.00606,0.00985,0,0,0
PG67363_text.txt,39628,0.705,20,100,0.00245,-0.00238,-0.00689,0.00985,0,0,0
PG67363_text.txt,39628,0.705,20,200,0.00725,-0.00264,0.00069,0.00985,0,0,0
PG67363_text.txt,39628,0.705,20,300,0.00829,0.00091,-0.00355,0.00985,0,0,0
PG9662_text.txt,17858,0.8043,1,1,0.03958,0.0043,0.00426,0.01467,1,0,0
PG9662_text.txt,17858,0.8043,1,2,0.01941,-0.00199,-0.00271,0.01467,1,0,0
PG9662_text.txt,17858,0.8043,1,5,0.02544,0.00465,0.00315,0.01467,1,0,0
PG9662_text.txt,17858,0.8043,1,10,0.02379,0.01052,0.01194,0.01467,1,0,0
PG9662_text.txt,17858,0.8043,1,20,0.01906,-0.00511,0.00123,0.01467,1,0,0
PG9662_text.txt,17858,0.8043,1,50,0.03369,0.00369,-0.00638,0.01467,1,0,0
PG9662_text.txt,17858,0.8043,1,100,0.01772,-0.00346,-0.00322,0.01467,1,0,0
PG9662_text.txt,17858,0.8043,1,200,0.00627,0.01079,-0.01343,0.01467,0,0,0
PG9662_text.txt,17858,0.8043,1,300,0.00446,0.00381,-0.00427,0.01467,0,0,0
PG9662_text.txt,17858,0.8043,2,1,0.08252,0.00143,-0.01465,0.01467,1,0,0
PG9662_text.txt,17858,0.8043,2,2,0.03784,0.00125,0.00484,0.01467,1,0,0
PG9662_text.txt,17858,0.8043,2,5,0.02109,0.00855,-0.00276,0.01467,1,0,0
PG9662_text.txt,17858,0.8043,2,10,0.01339,-0.0121,-0.00414,0.01467,0,0,0
PG9662_text.txt,17858,0.8043,2,20,0.0241,0.00733,0.0092,0.01467,1,0,0
PG9662_text.txt,17858,0.8043,2,50,0.00439,0.00905,-0.0034,0.01467,0,0,0
PG9662_text.txt,17858,0.8043,2,100,0.00854,0.00274,0.01042,0.01467,0,0,0
PG9662_text.txt,17858,0.8043,2,200,0.0095,-0.00586,0.01631,0.01467,0,0,1
PG9662_text.txt,17858,0.8043,2,300,-0.00386,-0.00638,0.00631,0.01467,0,0,0
PG9662_text.txt,17858,0.8043,3,1,0.0631,0.00697,0.00245,0.01467,1,0,0
PG9662_text.txt,17858,0.8043,3,2,0.03723,-0.00607,0.00178,0.01467,1,0,0
PG9662_text.txt,17858,0.8043,3,5,0.03171,-0.0069,0.00114,0.01467,1,0,0
PG9662_text.txt,17858,0.8043,3,10,0.03446,0.01727,-0.00346,0.01467,1,1,0
PG9662_text.txt,17858,0.8043,3,20,0.01896,0.00123,0.00826,0.01467,1,0,0
PG9662_text.txt,17858,0.8043,3,50,0.00359,-0.00787,-0.01308,0.01467,0,0,0
PG9662_text.txt,17858,0.8043,3,100,0.02229,0.01078,0.00135,0.01467,1,0,0
PG9662_text.txt,17858,0.8043,3,200,0.01998,-0.00231,-0.00712,0.01467,1,0,0
PG9662_text.txt,17858,0.8043,3,300,0.01057,-0.006,0.00139,0.01467,0,0,0
PG9662_text.txt,17858,0.8043,4,1,0.06706,-0.00516,0.01137,0.01467,1,0,0
PG9662_text.txt,17858,0.8043,4,2,0.03909,-0.00065,-0.00789,0.01467,1,0,0
PG9662_text.txt,17858,0.8043,4,5,0.02245,0.01068,-0.00501,0.01467,1,0,0
PG9662_text.txt,17858,0.8043,4,10,0.00214,-0.00296,-0.00326,0.01467,0,0,0
PG9662_text.txt,17858,0.8043,4,20,0.02379,-0.01214,-0.00284,0.01467,1,0,0
PG9662_text.txt,17858,0.8043,4,50,-0.00273,-0.00431,-0.00386,0.01467,0,0,0
PG9662_text.txt,17858,0.8043,4,100,0.01312,0.00301,0.00454,0.01467,0,0,0
PG9662_text.txt,17858,0.8043,4,200,0.00666,-0.00495,0.00249,0.01467,0,0,0
PG9662_text.txt,17858,0.8043,4,300,0.01262,-0.0001,-0.00532,0.01467,0,0,0
PG9662_text.txt,17858,0.8043,5,1,0.06355,-0.00655,-0.00326,0.01467,1,0,0
PG9662_text.txt,17858,0.8043,5,2,0.03661,-0.00422,0.00523,0.01467,1,0,0
PG9662_text.txt,17858,0.8043,5,5,0.02268,-0.00471,0.01823,0.01467,1,0,1
PG9662_text.txt,17858,0.8043,5,10,0.02348,0.00511,-0.00096,0.01467,1,0,0
PG9662_text.txt,17858,0.8043,5,20,0.01308,0.00622,0.00511,0.01467,0,0,0
PG9662_text.txt,17858,0.8043,5,50,0.0268,0.00842,-0.01508,0.01467,1,0,1
PG9662_text.txt,17858,0.8043,5,100,0.00995,0.00093,-0.00903,0.01467,0,0,0
PG9662_text.txt,17858,0.8043,5,200,0.00816,0.00012,-0.0073,0.01467,0,0,0
PG9662_text.txt,17858,0.8043,5,300,0.00816,0.00251,-0.00395,0.01467,0,0,0
PG9662_text.txt,17858,0.8043,6,1,0.06932,0.00903,-0.00049,0.01467,1,0,0
PG9662_text.txt,17858,0.8043,6,2,0.03629,0.00284,-0.01172,0.01467,1,0,0
PG9662_text.txt,17858,0.8043,6,5,0.03252,-0.00669,0.01183,0.01467,1,0,0
PG9662_text.txt,17858,0.8043,6,10,0.02493,-0.00288,0.02242,0.01467,1,0,1
PG9662_text.txt,17858,0.8043,6,20,0.01842,-0.00177,0.00345,0.01467,1,0,0
PG9662_text.txt,17858,0.8043,6,50,0.01344,-0.00888,0.004,0.01467,0,0,0
PG9662_text.txt,17858,0.8043,6,100,-0.00167,-0.00943,-0.00211,0.01467,0,0,0
PG9662_text.txt,17858,0.8043,6,200,0.01319,0.00836,-0.0098,0.01467,0,0,0
PG9662_text.txt,17858,0.8043,6,300,-0.00263,0.00542,-0.00114,0.01467,0,0,0
PG9662_text.txt,17858,0.8043,7,1,0.07204,0.01044,0.00986,0.01467,1,0,0
PG9662_text.txt,17858,0.8043,7,2,0.03481,-0.01259,0.00272,0.01467,1,0,0
PG9662_text.txt,17858,0.8043,7,5,0.02181,0.00314,0.00831,0.01467,1,0,0
PG9662_text.txt,17858,0.8043,7,10,0.02186,-0.00825,0.00427,0.01467,1,0,0
PG9662_text.txt,17858,0.8043,7,20,0.01003,0.00649,-0.00577,0.01467,0,0,0
PG9662_text.txt,17858,0.8043,7,50,0.01777,-0.0075,-0.01503,0.01467,1,0,1
PG9662_text.txt,17858,0.8043,7,100,0.00321,-0.00665,-0.00342,0.01467,0,0,0
PG9662_text.txt,17858,0.8043,7,200,0.01138,-0.00108,0.00634,0.01467,0,0,0
PG9662_text.txt,17858,0.8043,7,300,0.01443,0.00249,0.01554,0.01467,0,0,1
PG9662_text.txt,17858,0.8043,8,1,0.10249,0.00157,-0.00052,0.01467,1,0,0
PG9662_text.txt,17858,0.8043,8,2,0.06339,0.00284,0.01312,0.01467,1,0,0
PG9662_text.txt,17858,0.8043,8,5,0.04161,-0.0013,0.00339,0.01467,1,0,0
PG9662_text.txt,17858,0.8043,8,10,0.02325,0.00179,0.00112,0.01467,1,0,0
PG9662_text.txt,17858,0.8043,8,20,0.02623,0.01075,0.00591,0.01467,1,0,0
PG9662_text.txt,17858,0.8043,8,50,0.02033,-0.00922,-0.0081,0.01467,1,0,0
PG9662_text.txt,17858,0.8043,8,100,0.01411,-0.00386,0.00845,0.01467,0,0,0
PG9662_text.txt,17858,0.8043,8,200,0.00882,-0.00404,0.00287,0.01467,0,0,0
PG9662_text.txt,17858,0.8043,8,300,0.0059,-0.00712,-0.00959,0.01467,0,0,0
PG9662_text.txt,17858,0.8043,9,1,0.06102,-0.00529,0.01077,0.01467,1,0,0
PG9662_text.txt,17858,0.8043,9,2,0.03951,-0.01569,-0.00423,0.01467,1,1,0
PG9662_text.txt,17858,0.8043,9,5,0.02184,-0.00503,0.00016,0.01467,1,0,0
PG9662_text.txt,17858,0.8043,9,10,0.01127,-0.00184,-0.01056,0.01467,0,0,0
PG9662_text.txt,17858,0.8043,9,20,0.01583,0.00931,-0.01099,0.01467,1,0,0
PG9662_text.txt,17858,0.8043,9,50,0.01993,0.01053,0.0051,0.01467,1,0,0
PG9662_text.txt,17858,0.8043,9,100,0.01935,0.00834,-0.01667,0.01467,1,0,1
PG9662_text.txt,17858,0.8043,9,200,0.01097,0.0113,-0.00276,0.01467,0,0,0
PG9662_text.txt,17858,0.8043,9,300,-0.00258,-0.00199,-0.00154,0.01467,0,0,0
PG9662_text.txt,17858,0.8043,10,1,0.0782,-0.00159,0.00299,0.01467,1,0,0
PG9662_text.txt,17858,0.8043,10,2,0.03566,-0.00507,0.0131,0.01467,1,0,0
PG9662_text.txt,17858,0.8043,10,5,0.03492,0.00145,0.00251,0.01467,1,0,0
PG9662_text.txt,17858,0.8043,10,10,0.02694,0.00881,-0.00523,0.01467,1,0,0
PG9662_text.txt,17858,0.8043,10,20,0.02092,0.00672,0.0017,0.01467,1,0,0
PG9662_text.txt,17858,0.8043,10,50,0.01884,0.00571,-0.00444,0.01467,1,0,0
PG9662_text.txt,17858,0.8043,10,100,0.00858,0.0145,0.00799,0.01467,0,0,0
PG9662_text.txt,17858,0.8043,10,200,0.00496,0.01415,9e-05,0.01467,0,0,0
PG9662_text.txt,17858,0.8043,10,300,0.0015,0.00051,-0.00622,0.01467,0,0,0
PG9662_text.txt,17858,0.8043,11,1,0.05668,-0.00567,-0.00183,0.01467,1,0,0
PG9662_text.txt,17858,0.8043,11,2,0.02353,0.00091,0.01716,0.01467,1,0,1
PG9662_text.txt,17858,0.8043,11,5,0.03262,0.01159,0.00817,0.01467,1,0,0
PG9662_text.txt,17858,0.8043,11,10,0.01826,0.0031,-0.00448,0.01467,1,0,0
PG9662_text.txt,17858,0.8043,11,20,0.02226,0.00505,-0.0017,0.01467,1,0,0
PG9662_text.txt,17858,0.8043,11,50,0.00831,-0.00147,0.00919,0.01467,0,0,0
PG9662_text.txt,17858,0.8043,11,100,-0.00577,-0.00819,0.00698,0.01467,0,0,0
PG9662_text.txt,17858,0.8043,11,200,0.00669,-0.00019,0.00252,0.01467,0,0,0
PG9662_text.txt,17858,0.8043,11,300,0.00579,0.00945,-0.00937,0.01467,0,0,0
PG9662_text.txt,17858,0.8043,12,1,0.05066,0.00664,0.00975,0.01467,1,0,0
PG9662_text.txt,17858,0.8043,12,2,0.02239,-0.00488,-0.00613,0.01467,1,0,0
PG9662_text.txt,17858,0.8043,12,5,0.03333,-0.01124,-0.00342,0.01467,1,0,0
PG9662_text.txt,17858,0.8043,12,10,0.00553,-0.01079,-0.00323,0.01467,0,0,0
PG9662_text.txt,17858,0.8043,12,20,0.02696,-0.00741,0.00309,0.01467,1,0,0
PG9662_text.txt,17858,0.8043,12,50,0.01151,0.00122,0.00642,0.01467,0,0,0
PG9662_text.txt,17858,0.8043,12,100,0.00579,-0.00745,-0.01419,0.01467,0,0,0
PG9662_text.txt,17858,0.8043,12,200,0.00112,-0.00821,-0.00032,0.01467,0,0,0
PG9662_text.txt,17858,0.8043,12,300,0.00452,-0.00181,-0.01444,0.01467,0,0,0
PG9662_text.txt,17858,0.8043,13,1,0.09512,-0.00624,-0.00026,0.01467,1,0,0
PG9662_text.txt,17858,0.8043,13,2,0.05237,0.00309,-0.00887,0.01467,1,0,0
PG9662_text.txt,17858,0.8043,13,5,0.0133,-0.00583,-0.00696,0.01467,0,0,0
PG9662_text.txt,17858,0.8043,13,10,0.01733,0.00907,-0.00509,0.01467,1,0,0
PG9662_text.txt,17858,0.8043,13,20,0.01798,0.00586,0.00791,0.01467,1,0,0
PG9662_text.txt,17858,0.8043,13,50,0.01605,-0.00139,-0.0067,0.01467,1,0,0
PG9662_text.txt,17858,0.8043,13,100,0.0051,-0.01045,-0.01001,0.01467,0,0,0
PG9662_text.txt,17858,0.8043,13,200,0.01157,0.00841,0.00585,0.01467,0,0,0
PG9662_text.txt,17858,0.8043,13,300,0.00664,0.01692,0.00278,0.01467,0,1,0
PG9662_text.txt,17858,0.8043,14,1,0.06529,0.00728,0.00323,0.01467,1,0,0
PG9662_text.txt,17858,0.8043,14,2,0.02148,-0.00411,-0.00278,0.01467,1,0,0
PG9662_text.txt,17858,0.8043,14,5,0.01148,-0.00272,0.01751,0.01467,0,0,1
PG9662_text.txt,17858,0.8043,14,10,0.01292,-0.00884,-0.00544,0.01467,0,0,0
PG9662_text.txt,17858,0.8043,14,20,0.01634,0.01218,-0.00311,0.01467,1,0,0
PG9662_text.txt,17858,0.8043,14,50,0.01132,0.00637,-0.00174,0.01467,0,0,0
PG9662_text.txt,17858,0.8043,14,100,0.01231,-0.00029,-0.00355,0.01467,0,0,0
PG9662_text.txt,17858,0.8043,14,200,0.01508,-0.01324,0.00592,0.01467,1,0,0
PG9662_text.txt,17858,0.8043,14,300,-0.0075,-0.00845,-0.00948,0.01467,0,0,0
PG9662_text.txt,17858,0.8043,15,1,0.06134,-0.00205,-0.00162,0.01467,1,0,0
PG9662_text.txt,17858,0.8043,15,2,0.03868,-0.01416,-0.00017,0.01467,1,0,0
PG9662_text.txt,17858,0.8043,15,5,0.02035,0.00874,0.0074,0.01467,1,0,0
PG9662_text.txt,17858,0.8043,15,10,0.03369,0.00442,-0.0006,0.01467,1,0,0
PG9662_text.txt,17858,0.8043,15,20,0.00273,0.00442,0.01742,0.01467,0,0,1
PG9662_text.txt,17858,0.8043,15,50,0.01162,-0.00273,0.01263,0.01467,0,0,0
PG9662_text.txt,17858,0.8043,15,100,0.01589,0.00791,-0.00915,0.01467,1,0,0
PG9662_text.txt,17858,0.8043,15,200,0.01395,0.00406,-0.01041,0.01467,0,0,0
PG9662_text.txt,17858,0.8043,15,300,0.01311,-0.00519,0.00215,0.01467,0,0,0
PG9662_text.txt,17858,0.8043,16,1,0.03905,0.00031,-0.0025,0.01467,1,0,0
PG9662_text.txt,17858,0.8043,16,2,0.03533,0.0168,-0.01151,0.01467,1,1,0
PG9662_text.txt,17858,0.8043,16,5,0.00956,-0.00793,0.00236,0.01467,0,0,0
PG9662_text.txt,17858,0.8043,16,10,0.01412,0.00828,0.00709,0.01467,0,0,0
PG9662_text.txt,17858,0.8043,16,20,0.0151,0.0055,-0.00203,0.01467,1,0,0
PG9662_text.txt,17858,0.8043,16,50,0.00567,0.00048,-0.00504,0.01467,0,0,0
PG9662_text.txt,17858,0.8043,16,100,0.00258,0.01121,-0.00591,0.01467,0,0,0
PG9662_text.txt,17858,0.8043,16,200,0.02296,-0.0067,0.00671,0.01467,1,0,0
PG9662_text.txt,17858,0.8043,16,300,-0.01202,0.00517,0.00542,0.01467,0,0,0
PG9662_text.txt,17858,0.8043,17,1,0.05643,0.01725,-0.0009,0.01467,1,1,0
PG9662_text.txt,17858,0.8043,17,2,0.03767,0.01413,-0.00436,0.01467,1,0,0
PG9662_text.txt,17858,0.8043,17,5,0.02413,-0.00306,-0.002,0.01467,1,0,0
PG9662_text.txt,17858,0.8043,17,10,0.02101,-0.00627,-0.01615,0.01467,1,0,1
PG9662_text.txt,17858,0.8043,17,20,0.01934,-0.00343,-0.01167,0.01467,1,0,0
PG9662_text.txt,17858,0.8043,17,50,0.00124,0.00026,-0.00168,0.01467,0,0,0
PG9662_text.txt,17858,0.8043,17,100,0.02248,-0.00395,0.00078,0.01467,1,0,0
PG9662_text.txt,17858,0.8043,17,200,0.01608,0.01452,0.00866,0.01467,1,0,0
PG9662_text.txt,17858,0.8043,17,300,0.00601,-0.00629,0.00925,0.01467,0,0,0
PG9662_text.txt,17858,0.8043,18,1,0.03286,0.00208,-0.01514,0.01467,1,0,1
PG9662_text.txt,17858,0.8043,18,2,0.01482,-0.00162,-0.00095,0.01467,1,0,0
PG9662_text.txt,17858,0.8043,18,5,0.00996,-0.01195,0.00148,0.01467,0,0,0
PG9662_text.txt,17858,0.8043,18,10,0.01219,-0.00242,0.0024,0.01467,0,0,0
PG9662_text.txt,17858,0.8043,18,20,-0.00195,0.0108,0.00103,0.01467,0,0,0
PG9662_text.txt,17858,0.8043,18,50,0.01071,-0.00865,0.00316,0.01467,0,0,0
PG9662_text.txt,17858,0.8043,18,100,-0.0038,-0.01354,0.00357,0.01467,0,0,0
PG9662_text.txt,17858,0.8043,18,200,0.00034,-0.00884,0.00398,0.01467,0,0,0
PG9662_text.txt,17858,0.8043,18,300,0.00017,0.01256,0.00642,0.01467,0,0,0
PG9662_text.txt,17858,0.8043,19,1,0.04721,-0.0044,-0.01144,0.01467,1,0,0
PG9662_text.txt,17858,0.8043,19,2,0.02125,-0.00229,-0.00297,0.01467,1,0,0
PG9662_text.txt,17858,0.8043,19,5,0.02548,0.00631,0.00078,0.01467,1,0,0
PG9662_text.txt,17858,0.8043,19,10,0.01292,-0.00604,0.00295,0.01467,0,0,0
PG9662_text.txt,17858,0.8043,19,20,0.00953,-0.0111,-0.00233,0.01467,0,0,0
PG9662_text.txt,17858,0.8043,19,50,0.00859,-0.00264,-0.00419,0.01467,0,0,0
PG9662_text.txt,17858,0.8043,19,100,0.00276,-0.00145,0.00571,0.01467,0,0,0
PG9662_text.txt,17858,0.8043,19,200,-0.00184,-0.00183,-0.01765,0.01467,0,0,1
PG9662_text.txt,17858,0.8043,19,300,0.00582,0.00501,0.0132,0.01467,0,0,0
PG9662_text.txt,17858,0.8043,20,1,0.0503,-0.00691,0.00133,0.01467,1,0,0
PG9662_text.txt,17858,0.8043,20,2,0.03115,0.01384,0.00147,0.01467,1,0,0
PG9662_text.txt,17858,0.8043,20,5,0.00884,-0.00138,0.00307,0.01467,0,0,0
PG9662_text.txt,17858,0.8043,20,10,0.00406,0.00909,-0.00328,0.01467,0,0,0
PG9662_text.txt,17858,0.8043,20,20,0.01142,-0.00312,0.01176,0.01467,0,0,0
PG9662_text.txt,17858,0.8043,20,50,0.0116,0.00543,-0.01479,0.01467,0,0,1
PG9662_text.txt,17858,0.8043,20,100,0.0027,-0.00515,-0.008,0.01467,0,0,0
PG9662_text.txt,17858,0.8043,20,200,-0.00642,-0.00656,0.01695,0.01467,0,0,1
PG9662_text.txt,17858,0.8043,20,300,-0.01526,0.00082,0.00253,0.01467,1,0,0
