file,N_all,N_filt,M_filtered,alpha,alpha0,q,k,B_orig,B_surr_mean,B_surr_std,B_fgn,orig_surr,orig_fgn
THE_ANALYSIS_OF_MIND.txt,88342,30494,30449,0.7426,0.7581,0.6,1,0.9388,0.7753,0.0061,0.7803,1.2109,1.2031
THE_ANALYSIS_OF_MIND.txt,88342,30494,30449,0.7426,0.7581,0.6,2,0.8661,0.7722,0.0083,0.7786,1.1215,1.1123
THE_ANALYSIS_OF_MIND.txt,88342,30494,30449,0.7426,0.7581,0.6,3,0.8896,0.7749,0.0063,0.7629,1.148,1.166
THE_ANALYSIS_OF_MIND.txt,88342,30494,30449,0.7426,0.7581,0.6,4,0.8715,0.7745,0.0057,0.7728,1.1252,1.1276
THE_ANALYSIS_OF_MIND.txt,88342,30494,30449,0.7426,0.7581,0.6,5,0.8883,0.7751,0.0077,0.7736,1.1461,1.1483
THE_ANALYSIS_OF_MIND.txt,88342,30494,30449,0.7426,0.7581,0.6,6,0.8609,0.7797,0.0088,0.775,1.1041,1.1107
THE_ANALYSIS_OF_MIND.txt,88342,30494,30449,0.7426,0.7581,0.6,7,0.8621,0.7758,0.0076,0.7647,1.1113,1.1275
THE_ANALYSIS_OF_MIND.txt,88342,30494,30449,0.7426,0.7581,0.6,8,0.8189,0.7744,0.0059,0.7732,1.0575,1.0591
THE_ANALYSIS_OF_MIND.txt,88342,30494,30449,0.7426,0.7581,0.6,9,0.8585,0.7774,0.0072,0.788,1.1044,1.0895
THE_ANALYSIS_OF_MIND.txt,88342,30494,30449,0.7426,0.7581,0.6,10,0.8538,0.7731,0.0078,0.7786,1.1044,1.0966
THE_ANALYSIS_OF_MIND.txt,88342,30494,30449,0.7426,0.7581,0.6,11,0.8469,0.7751,0.0065,0.7704,1.0926,1.0992
THE_ANALYSIS_OF_MIND.txt,88342,30494,30449,0.7426,0.7581,0.6,12,0.8432,0.7748,0.0072,0.7723,1.0882,1.0917
THE_ANALYSIS_OF_MIND.txt,88342,30494,30449,0.7426,0.7581,0.6,13,0.8447,0.7756,0.0082,0.7761,1.0892,1.0884
THE_ANALYSIS_OF_MIND.txt,88342,30494,30449,0.7426,0.7581,0.6,14,0.8251,0.7726,0.0077,0.7747,1.0679,1.0651
THE_ANALYSIS_OF_MIND.txt,88342,30494,30449,0.7426,0.7581,0.6,15,0.8227,0.7757,0.0072,0.7829,1.0606,1.0508
THE_ANALYSIS_OF_MIND.txt,88342,30494,30449,0.7426,0.7581,0.6,16,0.8402,0.7755,0.0079,0.7789,1.0833,1.0786
THE_ANALYSIS_OF_MIND.txt,88342,30494,30449,0.7426,0.7581,0.6,17,0.8284,0.7715,0.0084,0.7806,1.0738,1.0612
THE_ANALYSIS_OF_MIND.txt,88342,30494,30449,0.7426,0.7581,0.6,18,0.8138,0.7766,0.0057,0.7786,1.048,1.0453
THE_ANALYSIS_OF_MIND.txt,88342,30494,30449,0.7426,0.7581,0.6,19,0.8275,0.7738,0.0081,0.7756,1.0694,1.0668
THE_ANALYSIS_OF_MIND.txt,88342,30494,30449,0.7426,0.7581,0.6,20,0.8345,0.7734,0.0073,0.7785,1.0789,1.0719
THE_ANALYSIS_OF_MIND.txt,88342,30494,30449,0.7426,0.7581,0.7,1,1.0067,0.8392,0.0065,0.8369,1.1997,1.2029
THE_ANALYSIS_OF_MIND.txt,88342,30494,30449,0.7426,0.7581,0.7,2,0.9476,0.8374,0.0128,0.8341,1.1317,1.136
THE_ANALYSIS_OF_MIND.txt,88342,30494,30449,0.7426,0.7581,0.7,3,0.9677,0.8377,0.0086,0.8238,1.1553,1.1747
THE_ANALYSIS_OF_MIND.txt,88342,30494,30449,0.7426,0.7581,0.7,4,0.9803,0.838,0.0088,0.8504,1.1699,1.1528
THE_ANALYSIS_OF_MIND.txt,88342,30494,30449,0.7426,0.7581,0.7,5,0.9634,0.8386,0.0103,0.8407,1.1489,1.1459
THE_ANALYSIS_OF_MIND.txt,88342,30494,30449,0.7426,0.7581,0.7,6,0.956,0.8442,0.0085,0.836,1.1324,1.1435
THE_ANALYSIS_OF_MIND.txt,88342,30494,30449,0.7426,0.7581,0.7,7,0.9543,0.8397,0.0113,0.824,1.1365,1.158
THE_ANALYSIS_OF_MIND.txt,88342,30494,30449,0.7426,0.7581,0.7,8,0.8963,0.842,0.0079,0.8276,1.0645,1.083
THE_ANALYSIS_OF_MIND.txt,88342,30494,30449,0.7426,0.7581,0.7,9,0.9485,0.8408,0.0131,0.8469,1.128,1.1199
THE_ANALYSIS_OF_MIND.txt,88342,30494,30449,0.7426,0.7581,0.7,10,0.9267,0.8331,0.0102,0.8552,1.1123,1.0836
THE_ANALYSIS_OF_MIND.txt,88342,30494,30449,0.7426,0.7581,0.7,11,0.9159,0.8372,0.0068,0.8411,1.094,1.089
THE_ANALYSIS_OF_MIND.txt,88342,30494,30449,0.7426,0.7581,0.7,12,0.9247,0.836,0.0054,0.8414,1.1061,1.099
THE_ANALYSIS_OF_MIND.txt,88342,30494,30449,0.7426,0.7581,0.7,13,0.9385,0.8359,0.0089,0.8453,1.1228,1.1103
THE_ANALYSIS_OF_MIND.txt,88342,30494,30449,0.7426,0.7581,0.7,14,0.9207,0.8369,0.0086,0.8367,1.1001,1.1004
THE_ANALYSIS_OF_MIND.txt,88342,30494,30449,0.7426,0.7581,0.7,15,0.8878,0.8366,0.0098,0.8438,1.0611,1.052
THE_ANALYSIS_OF_MIND.txt,88342,30494,30449,0.7426,0.7581,0.7,16,0.9087,0.8394,0.008,0.8424,1.0826,1.0787
THE_ANALYSIS_OF_MIND.txt,88342,30494,30449,0.7426,0.7581,0.7,17,0.9096,0.8316,0.012,0.8374,1.0937,1.0862
THE_ANALYSIS_OF_MIND.txt,88342,30494,30449,0.7426,0.7581,0.7,18,0.9152,0.8375,0.0096,0.8473,1.0928,1.0802
THE_ANALYSIS_OF_MIND.txt,88342,30494,30449,0.7426,0.7581,0.7,19,0.8904,0.8405,0.0101,0.8407,1.0594,1.0591
THE_ANALYSIS_OF_MIND.txt,88342,30494,30449,0.7426,0.7581,0.7,20,0.9241,0.8357,0.0082,0.8279,1.1059,1.1163
THE_ANALYSIS_OF_MIND.txt,88342,30494,30449,0.7426,0.7581,0.8,1,1.1133,0.8988,0.009,0.8878,1.2387,1.254
THE_ANALYSIS_OF_MIND.txt,88342,30494,30449,0.7426,0.7581,0.8,2,1.0653,0.8935,0.0129,0.8799,1.1923,1.2107
THE_ANALYSIS_OF_MIND.txt,88342,30494,30449,0.7426,0.7581,0.8,3,1.1006,0.8944,0.013,0.889,1.2306,1.238
THE_ANALYSIS_OF_MIND.txt,88342,30494,30449,0.7426,0.7581,0.8,4,1.0502,0.8969,0.0105,0.9194,1.1709,1.1423
THE_ANALYSIS_OF_MIND.txt,88342,30494,30449,0.7426,0.7581,0.8,5,1.0947,0.8963,0.0099,0.8883,1.2214,1.2323
THE_ANALYSIS_OF_MIND.txt,88342,30494,30449,0.7426,0.7581,0.8,6,1.0617,0.8982,0.0123,0.9133,1.182,1.1625
THE_ANALYSIS_OF_MIND.txt,88342,30494,30449,0.7426,0.7581,0.8,7,1.045,0.897,0.0126,0.8786,1.165,1.1893
THE_ANALYSIS_OF_MIND.txt,88342,30494,30449,0.7426,0.7581,0.8,8,0.9911,0.8952,0.0122,0.8826,1.1072,1.1229
THE_ANALYSIS_OF_MIND.txt,88342,30494,30449,0.7426,0.7581,0.8,9,1.0372,0.8957,0.0106,0.8936,1.1579,1.1607
THE_ANALYSIS_OF_MIND.txt,88342,30494,30449,0.7426,0.7581,0.8,10,1.0015,0.8954,0.0084,0.8935,1.1184,1.1208
THE_ANALYSIS_OF_MIND.txt,88342,30494,30449,0.7426,0.7581,0.8,11,0.9976,0.898,0.0084,0.885,1.1109,1.1273
THE_ANALYSIS_OF_MIND.txt,88342,30494,30449,0.7426,0.7581,0.8,12,1.0268,0.8949,0.0112,0.8919,1.1474,1.1513
THE_ANALYSIS_OF_MIND.txt,88342,30494,30449,0.7426,0.7581,0.8,13,1.0378,0.8899,0.0082,0.8975,1.1662,1.1564
THE_ANALYSIS_OF_MIND.txt,88342,30494,30449,0.7426,0.7581,0.8,14,1.0391,0.8933,0.011,0.9055,1.1632,1.1475
THE_ANALYSIS_OF_MIND.txt,88342,30494,30449,0.7426,0.7581,0.8,15,0.9788,0.8981,0.0131,0.8887,1.0898,1.1013
THE_ANALYSIS_OF_MIND.txt,88342,30494,30449,0.7426,0.7581,0.8,16,0.9869,0.8939,0.0122,0.8997,1.1041,1.097
THE_ANALYSIS_OF_MIND.txt,88342,30494,30449,0.7426,0.7581,0.8,17,1.0082,0.8887,0.012,0.9,1.1345,1.1202
THE_ANALYSIS_OF_MIND.txt,88342,30494,30449,0.7426,0.7581,0.8,18,1.0141,0.8927,0.0102,0.8958,1.136,1.132
THE_ANALYSIS_OF_MIND.txt,88342,30494,30449,0.7426,0.7581,0.8,19,1.0338,0.8916,0.0115,0.9133,1.1595,1.1319
THE_ANALYSIS_OF_MIND.txt,88342,30494,30449,0.7426,0.7581,0.8,20,1.0231,0.8914,0.0136,0.8969,1.1477,1.1408
THE_ANALYSIS_OF_MIND.txt,88342,30494,30449,0.7426,0.7581,0.9,1,1.2367,0.9517,0.0169,0.9453,1.2994,1.3082
THE_ANALYSIS_OF_MIND.txt,88342,30494,30449,0.7426,0.7581,0.9,2,1.152,0.9433,0.0169,0.9537,1.2212,1.2079
THE_ANALYSIS_OF_MIND.txt,88342,30494,30449,0.7426,0.7581,0.9,3,1.2849,0.9507,0.0214,0.9601,1.3516,1.3383
THE_ANALYSIS_OF_MIND.txt,88342,30494,30449,0.7426,0.7581,0.9,4,1.2465,0.9507,0.0198,0.9357,1.3111,1.3321
THE_ANALYSIS_OF_MIND.txt,88342,30494,30449,0.7426,0.7581,0.9,5,1.2522,0.9552,0.0169,0.9262,1.3109,1.3519
THE_ANALYSIS_OF_MIND.txt,88342,30494,30449,0.7426,0.7581,0.9,6,1.2982,0.95,0.0156,0.9511,1.3665,1.3648
THE_ANALYSIS_OF_MIND.txt,88342,30494,30449,0.7426,0.7581,0.9,7,1.1629,0.9545,0.0175,0.9484,1.2183,1.2262
THE_ANALYSIS_OF_MIND.txt,88342,30494,30449,0.7426,0.7581,0.9,8,1.1208,0.9505,0.0153,0.968,1.1791,1.1578
THE_ANALYSIS_OF_MIND.txt,88342,30494,30449,0.7426,0.7581,0.9,9,1.1681,0.9506,0.0161,0.9627,1.2288,1.2133
THE_ANALYSIS_OF_MIND.txt,88342,30494,30449,0.7426,0.7581,0.9,10,1.3106,0.9513,0.0173,0.9347,1.3776,1.4022
THE_ANALYSIS_OF_MIND.txt,88342,30494,30449,0.7426,0.7581,0.9,11,1.109,0.9487,0.0126,0.9246,1.1689,1.1994
THE_ANALYSIS_OF_MIND.txt,88342,30494,30449,0.7426,0.7581,0.9,12,1.2041,0.9513,0.0192,0.9744,1.2658,1.2358
THE_ANALYSIS_OF_MIND.txt,88342,30494,30449,0.7426,0.7581,0.9,13,1.1969,0.9492,0.0156,0.975,1.2609,1.2276
THE_ANALYSIS_OF_MIND.txt,88342,30494,30449,0.7426,0.7581,0.9,14,1.1131,0.9403,0.0177,0.9724,1.1837,1.1447
THE_ANALYSIS_OF_MIND.txt,88342,30494,30449,0.7426,0.7581,0.9,15,1.0804,0.9529,0.0163,0.952,1.1338,1.1348
THE_ANALYSIS_OF_MIND.txt,88342,30494,30449,0.7426,0.7581,0.9,16,1.0423,0.9482,0.0159,0.9336,1.0992,1.1164
THE_ANALYSIS_OF_MIND.txt,88342,30494,30449,0.7426,0.7581,0.9,17,1.0955,0.9462,0.0179,0.9497,1.1578,1.1535
THE_ANALYSIS_OF_MIND.txt,88342,30494,30449,0.7426,0.7581,0.9,18,1.0996,0.9465,0.0165,0.9576,1.1617,1.1483
THE_ANALYSIS_OF_MIND.txt,88342,30494,30449,0.7426,0.7581,0.9,19,1.1956,0.9402,0.0188,0.9601,1.2717,1.2453
THE_ANALYSIS_OF_MIND.txt,88342,30494,30449,0.7426,0.7581,0.9,20,1.1498,0.9499,0.0147,0.9427,1.2105,1.2198
THE_ANALYSIS_OF_MIND.txt,88342,30494,30449,0.7426,0.7581,0.95,1,1.4391,0.9758,0.0301,0.9584,1.4748,1.5015
THE_ANALYSIS_OF_MIND.txt,88342,30494,30449,0.7426,0.7581,0.95,2,1.1622,0.979,0.025,0.9945,1.1871,1.1686
THE_ANALYSIS_OF_MIND.txt,88342,30494,30449,0.7426,0.7581,0.95,3,1.5238,0.9755,0.0233,0.9794,1.562,1.5558
THE_ANALYSIS_OF_MIND.txt,88342,30494,30449,0.7426,0.7581,0.95,4,1.2564,0.9636,0.019,0.9333,1.3038,1.3461
THE_ANALYSIS_OF_MIND.txt,88342,30494,30449,0.7426,0.7581,0.95,5,1.4041,0.9743,0.0193,0.9516,1.4411,1.4756
THE_ANALYSIS_OF_MIND.txt,88342,30494,30449,0.7426,0.7581,0.95,6,1.5389,0.9715,0.023,0.9654,1.584,1.594
THE_ANALYSIS_OF_MIND.txt,88342,30494,30449,0.7426,0.7581,0.95,7,1.1351,0.9758,0.0238,0.9713,1.1631,1.1686
THE_ANALYSIS_OF_MIND.txt,88342,30494,30449,0.7426,0.7581,0.95,8,1.2453,0.9671,0.0273,0.9461,1.2877,1.3162
THE_ANALYSIS_OF_MIND.txt,88342,30494,30449,0.7426,0.7581,0.95,9,1.3381,0.9692,0.0283,1.0007,1.3806,1.3371
THE_ANALYSIS_OF_MIND.txt,88342,30494,30449,0.7426,0.7581,0.95,10,1.5092,0.9767,0.0213,0.946,1.5452,1.5954
THE_ANALYSIS_OF_MIND.txt,88342,30494,30449,0.7426,0.7581,0.95,11,1.2217,0.9706,0.0279,0.9867,1.2587,1.2382
THE_ANALYSIS_OF_MIND.txt,88342,30494,30449,0.7426,0.7581,0.95,12,1.2626,0.968,0.0232,1.0544,1.3043,1.1975
THE_ANALYSIS_OF_MIND.txt,88342,30494,30449,0.7426,0.7581,0.95,13,1.4084,0.9743,0.026,0.9983,1.4456,1.4107
THE_ANALYSIS_OF_MIND.txt,88342,30494,30449,0.7426,0.7581,0.95,14,1.2551,0.9803,0.0322,1.0346,1.2803,1.2131
THE_ANALYSIS_OF_MIND.txt,88342,30494,30449,0.7426,0.7581,0.95,15,1.1113,0.9765,0.0196,0.974,1.1381,1.141
THE_ANALYSIS_OF_MIND.txt,88342,30494,30449,0.7426,0.7581,0.95,16,1.0644,0.9755,0.0265,0.9573,1.0911,1.1119
THE_ANALYSIS_OF_MIND.txt,88342,30494,30449,0.7426,0.7581,0.95,17,1.1842,0.9702,0.0172,0.9544,1.2206,1.2408
THE_ANALYSIS_OF_MIND.txt,88342,30494,30449,0.7426,0.7581,0.95,18,1.1534,0.9794,0.0236,0.9651,1.1777,1.1951
THE_ANALYSIS_OF_MIND.txt,88342,30494,30449,0.7426,0.7581,0.95,19,1.439,0.9724,0.0301,1.0247,1.4798,1.4043
THE_ANALYSIS_OF_MIND.txt,88342,30494,30449,0.7426,0.7581,0.95,20,1.3232,0.9658,0.0221,0.9643,1.37,1.3722
THE_ANALYSIS_OF_MIND.txt,88342,30494,30449,0.7426,0.7581,0.99,1,1.9082,0.9761,0.0505,0.9191,1.9549,2.0762
THE_ANALYSIS_OF_MIND.txt,88342,30494,30449,0.7426,0.7581,0.99,2,1.2489,0.996,0.0583,0.9958,1.2539,1.2542
THE_ANALYSIS_OF_MIND.txt,88342,30494,30449,0.7426,0.7581,0.99,3,1.7838,0.9848,0.0519,1.0207,1.8113,1.7476
THE_ANALYSIS_OF_MIND.txt,88342,30494,30449,0.7426,0.7581,0.99,4,1.3541,0.9848,0.0442,1.0461,1.3749,1.2944
THE_ANALYSIS_OF_MIND.txt,88342,30494,30449,0.7426,0.7581,0.99,5,1.6227,0.9993,0.0526,0.9056,1.6238,1.7918
THE_ANALYSIS_OF_MIND.txt,88342,30494,30449,0.7426,0.7581,0.99,6,1.9054,1.0039,0.085,0.9558,1.898,1.9934
THE_ANALYSIS_OF_MIND.txt,88342,30494,30449,0.7426,0.7581,0.99,7,1.2548,0.9964,0.0567,0.9929,1.2594,1.2638
THE_ANALYSIS_OF_MIND.txt,88342,30494,30449,0.7426,0.7581,0.99,8,1.5905,0.9821,0.0574,0.9432,1.6195,1.6863
THE_ANALYSIS_OF_MIND.txt,88342,30494,30449,0.7426,0.7581,0.99,9,1.5842,0.9796,0.0401,0.9982,1.6171,1.5871
THE_ANALYSIS_OF_MIND.txt,88342,30494,30449,0.7426,0.7581,0.99,10,1.9824,0.982,0.0575,0.9894,2.0187,2.0037
THE_ANALYSIS_OF_MIND.txt,88342,30494,30449,0.7426,0.7581,0.99,11,1.2739,0.9936,0.0516,0.961,1.2821,1.3256
THE_ANALYSIS_OF_MIND.txt,88342,30494,30449,0.7426,0.7581,0.99,12,1.4938,0.9955,0.0448,0.9464,1.5006,1.5783
THE_ANALYSIS_OF_MIND.txt,88342,30494,30449,0.7426,0.7581,0.99,13,1.9768,0.9826,0.0704,1.0354,2.0119,1.9092
THE_ANALYSIS_OF_MIND.txt,88342,30494,30449,0.7426,0.7581,0.99,14,1.2861,0.9776,0.0642,0.9929,1.3155,1.2953
THE_ANALYSIS_OF_MIND.txt,88342,30494,30449,0.7426,0.7581,0.99,15,1.4373,0.9811,0.0524,1.0083,1.4649,1.4254
THE_ANALYSIS_OF_MIND.txt,88342,30494,30449,0.7426,0.7581,0.99,16,1.1996,0.9775,0.045,1.0448,1.2273,1.1482
THE_ANALYSIS_OF_MIND.txt,88342,30494,30449,0.7426,0.7581,0.99,17,1.7018,1.008,0.0645,0.9814,1.6884,1.7341
THE_ANALYSIS_OF_MIND.txt,88342,30494,30449,0.7426,0.7581,0.99,18,1.1672,0.9934,0.0615,0.9991,1.1749,1.1683
THE_ANALYSIS_OF_MIND.txt,88342,30494,30449,0.7426,0.7581,0.99,19,1.7571,0.9819,0.0509,0.9217,1.7895,1.9063
THE_ANALYSIS_OF_MIND.txt,88342,30494,30449,0.7426,0.7581,0.99,20,1.6107,0.9949,0.0521,0.9753,1.6189,1.6516
darwin_beagle.txt,206728,85460,84931,0.6295,0.6656,0.6,1,0.9022,0.7751,0.0028,0.7719,1.164,1.1688
darwin_beagle.txt,206728,85460,84931,0.6295,0.6656,0.6,2,1.0235,0.7745,0.0037,0.7738,1.3214,1.3227
darwin_beagle.txt,206728,85460,84931,0.6295,0.6656,0.6,3,0.9605,0.7741,0.0043,0.7865,1.2408,1.2212
darwin_beagle.txt,206728,85460,84931,0.6295,0.6656,0.6,4,0.9735,0.7731,0.0033,0.7744,1.2592,1.2571
darwin_beagle.txt,206728,85460,84931,0.6295,0.6656,0.6,5,0.9516,0.7747,0.0038,0.7716,1.2284,1.2332
darwin_beagle.txt,206728,85460,84931,0.6295,0.6656,0.6,6,0.9311,0.7737,0.0048,0.7806,1.2034,1.1927
darwin_beagle.txt,206728,85460,84931,0.6295,0.6656,0.6,7,0.8819,0.7742,0.0029,0.7697,1.1391,1.1458
darwin_beagle.txt,206728,85460,84931,0.6295,0.6656,0.6,8,0.8685,0.7735,0.0037,0.775,1.1229,1.1206
darwin_beagle.txt,206728,85460,84931,0.6295,0.6656,0.6,9,0.8747,0.7737,0.004,0.7765,1.1305,1.1264
darwin_beagle.txt,206728,85460,84931,0.6295,0.6656,0.6,10,0.8802,0.7732,0.0038,0.778,1.1384,1.1314
darwin_beagle.txt,206728,85460,84931,0.6295,0.6656,0.6,11,0.8822,0.7754,0.0052,0.7712,1.1378,1.1439
darwin_beagle.txt,206728,85460,84931,0.6295,0.6656,0.6,12,0.9079,0.7737,0.0033,0.774,1.1734,1.1729
darwin_beagle.txt,206728,85460,84931,0.6295,0.6656,0.6,13,0.8423,0.7753,0.0041,0.7746,1.0865,1.0874
darwin_beagle.txt,206728,85460,84931,0.6295,0.6656,0.6,14,0.8602,0.7745,0.0035,0.7733,1.1106,1.1123
darwin_beagle.txt,206728,85460,84931,0.6295,0.6656,0.6,15,0.8335,0.774,0.0039,0.7771,1.0768,1.0726
darwin_beagle.txt,206728,85460,84931,0.6295,0.6656,0.6,16,0.8455,0.7748,0.0051,0.7706,1.0912,1.0972
darwin_beagle.txt,206728,85460,84931,0.6295,0.6656,0.6,17,0.8283,0.7742,0.0049,0.7811,1.0698,1.0604
darwin_beagle.txt,206728,85460,84931,0.6295,0.6656,0.6,18,0.8733,0.7743,0.0033,0.7746,1.1279,1.1274
darwin_beagle.txt,206728,85460,84931,0.6295,0.6656,0.6,19,0.8431,0.7743,0.0046,0.7763,1.0888,1.086
darwin_beagle.txt,206728,85460,84931,0.6295,0.6656,0.6,20,0.8228,0.7742,0.0047,0.7707,1.0627,1.0676
darwin_beagle.txt,206728,85460,84931,0.6295,0.6656,0.7,1,1.0175,0.8389,0.0047,0.8315,1.2129,1.2238
darwin_beagle.txt,206728,85460,84931,0.6295,0.6656,0.7,2,1.1163,0.8379,0.0041,0.8353,1.3323,1.3365
darwin_beagle.txt,206728,85460,84931,0.6295,0.6656,0.7,3,1.0641,0.8405,0.0051,0.8392,1.266,1.268
darwin_beagle.txt,206728,85460,84931,0.6295,0.6656,0.7,4,1.0792,0.8359,0.0042,0.8314,1.2911,1.2981
darwin_beagle.txt,206728,85460,84931,0.6295,0.6656,0.7,5,1.0725,0.8382,0.0052,0.8289,1.2795,1.2939
darwin_beagle.txt,206728,85460,84931,0.6295,0.6656,0.7,6,1.0246,0.8367,0.0057,0.8391,1.2245,1.2211
darwin_beagle.txt,206728,85460,84931,0.6295,0.6656,0.7,7,0.972,0.8366,0.0053,0.8264,1.1619,1.1763
darwin_beagle.txt,206728,85460,84931,0.6295,0.6656,0.7,8,0.9507,0.8354,0.004,0.8401,1.138,1.1317
darwin_beagle.txt,206728,85460,84931,0.6295,0.6656,0.7,9,0.9589,0.8373,0.0046,0.8393,1.1453,1.1426
darwin_beagle.txt,206728,85460,84931,0.6295,0.6656,0.7,10,0.959,0.8372,0.0051,0.8442,1.1455,1.136
darwin_beagle.txt,206728,85460,84931,0.6295,0.6656,0.7,11,0.9686,0.8366,0.0071,0.8406,1.1578,1.1523
darwin_beagle.txt,206728,85460,84931,0.6295,0.6656,0.7,12,0.9748,0.836,0.0058,0.8373,1.166,1.1642
darwin_beagle.txt,206728,85460,84931,0.6295,0.6656,0.7,13,0.9351,0.839,0.0033,0.8374,1.1146,1.1167
darwin_beagle.txt,206728,85460,84931,0.6295,0.6656,0.7,14,0.9482,0.8367,0.0045,0.8384,1.1331,1.1309
darwin_beagle.txt,206728,85460,84931,0.6295,0.6656,0.7,15,0.9093,0.8364,0.0052,0.8399,1.0871,1.0826
darwin_beagle.txt,206728,85460,84931,0.6295,0.6656,0.7,16,0.92,0.8385,0.005,0.835,1.0972,1.1017
darwin_beagle.txt,206728,85460,84931,0.6295,0.6656,0.7,17,0.9021,0.8365,0.0048,0.8478,1.0784,1.0641
darwin_beagle.txt,206728,85460,84931,0.6295,0.6656,0.7,18,0.9618,0.8344,0.0053,0.8364,1.1527,1.15
darwin_beagle.txt,206728,85460,84931,0.6295,0.6656,0.7,19,0.9232,0.8358,0.005,0.8361,1.1045,1.1042
darwin_beagle.txt,206728,85460,84931,0.6295,0.6656,0.7,20,0.9037,0.8359,0.0053,0.8301,1.0812,1.0887
darwin_beagle.txt,206728,85460,84931,0.6295,0.6656,0.8,1,1.1342,0.8937,0.0074,0.8904,1.2691,1.2738
darwin_beagle.txt,206728,85460,84931,0.6295,0.6656,0.8,2,1.2075,0.8957,0.008,0.8914,1.3481,1.3547
darwin_beagle.txt,206728,85460,84931,0.6295,0.6656,0.8,3,1.1962,0.8991,0.0064,0.8927,1.3304,1.3399
darwin_beagle.txt,206728,85460,84931,0.6295,0.6656,0.8,4,1.1973,0.8949,0.0064,0.8825,1.338,1.3567
darwin_beagle.txt,206728,85460,84931,0.6295,0.6656,0.8,5,1.2125,0.8939,0.0078,0.8937,1.3564,1.3567
darwin_beagle.txt,206728,85460,84931,0.6295,0.6656,0.8,6,1.1212,0.8952,0.0048,0.8904,1.2525,1.2593
darwin_beagle.txt,206728,85460,84931,0.6295,0.6656,0.8,7,1.0872,0.8946,0.007,0.8866,1.2153,1.2262
darwin_beagle.txt,206728,85460,84931,0.6295,0.6656,0.8,8,1.0431,0.8917,0.0078,0.9021,1.1697,1.1563
darwin_beagle.txt,206728,85460,84931,0.6295,0.6656,0.8,9,1.0638,0.8944,0.0077,0.8896,1.1894,1.1958
darwin_beagle.txt,206728,85460,84931,0.6295,0.6656,0.8,10,1.0346,0.8958,0.0063,0.8971,1.1549,1.1533
darwin_beagle.txt,206728,85460,84931,0.6295,0.6656,0.8,11,1.0812,0.8947,0.0059,0.8868,1.2085,1.2192
darwin_beagle.txt,206728,85460,84931,0.6295,0.6656,0.8,12,1.095,0.8949,0.0085,0.8952,1.2236,1.2232
darwin_beagle.txt,206728,85460,84931,0.6295,0.6656,0.8,13,1.0187,0.8961,0.0072,0.9021,1.1368,1.1293
darwin_beagle.txt,206728,85460,84931,0.6295,0.6656,0.8,14,1.0198,0.8935,0.0075,0.8964,1.1413,1.1377
darwin_beagle.txt,206728,85460,84931,0.6295,0.6656,0.8,15,0.9803,0.895,0.0067,0.8946,1.0953,1.0957
darwin_beagle.txt,206728,85460,84931,0.6295,0.6656,0.8,16,0.9973,0.8973,0.0061,0.8905,1.1115,1.1199
darwin_beagle.txt,206728,85460,84931,0.6295,0.6656,0.8,17,0.9664,0.8924,0.0076,0.899,1.083,1.0749
darwin_beagle.txt,206728,85460,84931,0.6295,0.6656,0.8,18,1.0505,0.8937,0.0057,0.8982,1.1754,1.1695
darwin_beagle.txt,206728,85460,84931,0.6295,0.6656,0.8,19,1.0003,0.8925,0.0054,0.9055,1.1207,1.1047
darwin_beagle.txt,206728,85460,84931,0.6295,0.6656,0.8,20,0.9821,0.8959,0.0054,0.8892,1.0962,1.1045
darwin_beagle.txt,206728,85460,84931,0.6295,0.6656,0.9,1,1.2729,0.9501,0.0077,0.9584,1.3398,1.3281
darwin_beagle.txt,206728,85460,84931,0.6295,0.6656,0.9,2,1.3857,0.9456,0.0107,0.9438,1.4653,1.4681
darwin_beagle.txt,206728,85460,84931,0.6295,0.6656,0.9,3,1.3781,0.9497,0.0092,0.9543,1.4511,1.4441
darwin_beagle.txt,206728,85460,84931,0.6295,0.6656,0.9,4,1.309,0.9485,0.0058,0.9491,1.38,1.3791
darwin_beagle.txt,206728,85460,84931,0.6295,0.6656,0.9,5,1.4008,0.9509,0.01,0.9467,1.4732,1.4796
darwin_beagle.txt,206728,85460,84931,0.6295,0.6656,0.9,6,1.2244,0.9492,0.0107,0.9457,1.29,1.2948
darwin_beagle.txt,206728,85460,84931,0.6295,0.6656,0.9,7,1.1828,0.9482,0.0076,0.9335,1.2474,1.2671
darwin_beagle.txt,206728,85460,84931,0.6295,0.6656,0.9,8,1.1247,0.9492,0.0084,0.959,1.185,1.1728
darwin_beagle.txt,206728,85460,84931,0.6295,0.6656,0.9,9,1.1494,0.9508,0.0129,0.9547,1.209,1.204
darwin_beagle.txt,206728,85460,84931,0.6295,0.6656,0.9,10,1.0879,0.9489,0.0099,0.9504,1.1465,1.1447
darwin_beagle.txt,206728,85460,84931,0.6295,0.6656,0.9,11,1.2692,0.9466,0.0086,0.9516,1.3408,1.3338
darwin_beagle.txt,206728,85460,84931,0.6295,0.6656,0.9,12,1.2173,0.9491,0.0112,0.9623,1.2825,1.265
darwin_beagle.txt,206728,85460,84931,0.6295,0.6656,0.9,13,1.1277,0.9467,0.013,0.9593,1.1912,1.1755
darwin_beagle.txt,206728,85460,84931,0.6295,0.6656,0.9,14,1.1566,0.9492,0.0095,0.9422,1.2185,1.2276
darwin_beagle.txt,206728,85460,84931,0.6295,0.6656,0.9,15,1.104,0.9513,0.0071,0.9544,1.1606,1.1567
darwin_beagle.txt,206728,85460,84931,0.6295,0.6656,0.9,16,1.1052,0.9511,0.0115,0.9306,1.162,1.1876
darwin_beagle.txt,206728,85460,84931,0.6295,0.6656,0.9,17,1.0648,0.9452,0.0101,0.939,1.1265,1.134
darwin_beagle.txt,206728,85460,84931,0.6295,0.6656,0.9,18,1.1802,0.9489,0.011,0.9605,1.2438,1.2288
darwin_beagle.txt,206728,85460,84931,0.6295,0.6656,0.9,19,1.0729,0.9466,0.0096,0.9509,1.1335,1.1284
darwin_beagle.txt,206728,85460,84931,0.6295,0.6656,0.9,20,1.0549,0.9481,0.0077,0.9452,1.1126,1.1161
darwin_beagle.txt,206728,85460,84931,0.6295,0.6656,0.95,1,1.4283,0.9773,0.013,0.9881,1.4615,1.4455
darwin_beagle.txt,206728,85460,84931,0.6295,0.6656,0.95,2,1.541,0.9737,0.018,0.9946,1.5826,1.5494
darwin_beagle.txt,206728,85460,84931,0.6295,0.6656,0.95,3,1.5482,0.985,0.015,0.9606,1.5718,1.6116
darwin_beagle.txt,206728,85460,84931,0.6295,0.6656,0.95,4,1.4012,0.9714,0.0131,0.9714,1.4424,1.4424
darwin_beagle.txt,206728,85460,84931,0.6295,0.6656,0.95,5,1.6627,0.97,0.0138,0.9698,1.714,1.7144
darwin_beagle.txt,206728,85460,84931,0.6295,0.6656,0.95,6,1.2815,0.9733,0.0119,0.9838,1.3166,1.3026
darwin_beagle.txt,206728,85460,84931,0.6295,0.6656,0.95,7,1.2634,0.9731,0.013,0.9668,1.2983,1.3068
darwin_beagle.txt,206728,85460,84931,0.6295,0.6656,0.95,8,1.2184,0.9754,0.015,0.9577,1.2491,1.2722
darwin_beagle.txt,206728,85460,84931,0.6295,0.6656,0.95,9,1.2069,0.9713,0.0185,0.9647,1.2426,1.2511
darwin_beagle.txt,206728,85460,84931,0.6295,0.6656,0.95,10,1.1438,0.9762,0.0136,0.9711,1.1717,1.1778
darwin_beagle.txt,206728,85460,84931,0.6295,0.6656,0.95,11,1.5145,0.9775,0.0112,0.9536,1.5493,1.5881
darwin_beagle.txt,206728,85460,84931,0.6295,0.6656,0.95,12,1.3956,0.9776,0.0147,0.9787,1.4276,1.4259
darwin_beagle.txt,206728,85460,84931,0.6295,0.6656,0.95,13,1.1818,0.9687,0.0176,0.9972,1.22,1.1851
darwin_beagle.txt,206728,85460,84931,0.6295,0.6656,0.95,14,1.2683,0.9779,0.0106,0.9561,1.297,1.3266
darwin_beagle.txt,206728,85460,84931,0.6295,0.6656,0.95,15,1.2799,0.9727,0.0148,0.9803,1.3158,1.3056
darwin_beagle.txt,206728,85460,84931,0.6295,0.6656,0.95,16,1.1334,0.9733,0.0131,0.9753,1.1645,1.1622
darwin_beagle.txt,206728,85460,84931,0.6295,0.6656,0.95,17,1.0778,0.9764,0.0186,0.9533,1.1039,1.1307
darwin_beagle.txt,206728,85460,84931,0.6295,0.6656,0.95,18,1.2097,0.9734,0.0098,0.9868,1.2428,1.2259
darwin_beagle.txt,206728,85460,84931,0.6295,0.6656,0.95,19,1.1711,0.97,0.0116,0.9714,1.2073,1.2055
darwin_beagle.txt,206728,85460,84931,0.6295,0.6656,0.95,20,1.1112,0.9799,0.0128,0.9632,1.1341,1.1537
darwin_beagle.txt,206728,85460,84931,0.6295,0.6656,0.99,1,1.4399,0.9897,0.0391,1.008,1.4548,1.4284
darwin_beagle.txt,206728,85460,84931,0.6295,0.6656,0.99,2,1.4312,1.0028,0.0305,1.013,1.4273,1.4129
darwin_beagle.txt,206728,85460,84931,0.6295,0.6656,0.99,3,1.9711,1.0066,0.035,0.9047,1.9581,2.1786
darwin_beagle.txt,206728,85460,84931,0.6295,0.6656,0.99,4,1.4907,0.9957,0.0374,0.9984,1.4972,1.4931
darwin_beagle.txt,206728,85460,84931,0.6295,0.6656,0.99,5,2.0756,1.0034,0.0311,1.0049,2.0687,2.0654
darwin_beagle.txt,206728,85460,84931,0.6295,0.6656,0.99,6,1.6507,1.0069,0.0408,0.9516,1.6395,1.7346
darwin_beagle.txt,206728,85460,84931,0.6295,0.6656,0.99,7,1.1,0.9884,0.0321,1.0046,1.1129,1.095
darwin_beagle.txt,206728,85460,84931,0.6295,0.6656,0.99,8,1.4893,0.9859,0.0352,1.0868,1.5106,1.3704
darwin_beagle.txt,206728,85460,84931,0.6295,0.6656,0.99,9,1.3123,0.9858,0.0231,0.9549,1.3312,1.3742
darwin_beagle.txt,206728,85460,84931,0.6295,0.6656,0.99,10,1.1989,0.9936,0.03,0.9902,1.2066,1.2108
darwin_beagle.txt,206728,85460,84931,0.6295,0.6656,0.99,11,1.8593,0.9805,0.0299,0.9812,1.8962,1.8948
darwin_beagle.txt,206728,85460,84931,0.6295,0.6656,0.99,12,1.7125,1.002,0.0266,0.9643,1.7091,1.7759
darwin_beagle.txt,206728,85460,84931,0.6295,0.6656,0.99,13,1.1372,0.9932,0.0338,0.9653,1.145,1.1781
darwin_beagle.txt,206728,85460,84931,0.6295,0.6656,0.99,14,1.6908,0.9868,0.0309,1.0078,1.7135,1.6778
darwin_beagle.txt,206728,85460,84931,0.6295,0.6656,0.99,15,1.5876,0.9814,0.0376,1.031,1.6177,1.5398
darwin_beagle.txt,206728,85460,84931,0.6295,0.6656,0.99,16,1.3768,1.0047,0.0309,0.9847,1.3704,1.3982
darwin_beagle.txt,206728,85460,84931,0.6295,0.6656,0.99,17,1.2618,0.9869,0.0454,1.0011,1.2785,1.2603
darwin_beagle.txt,206728,85460,84931,0.6295,0.6656,0.99,18,1.4412,0.9945,0.0385,0.9909,1.4492,1.4544
darwin_beagle.txt,206728,85460,84931,0.6295,0.6656,0.99,19,1.2703,0.9877,0.0374,0.9886,1.2862,1.285
darwin_beagle.txt,206728,85460,84931,0.6295,0.6656,0.99,20,1.1434,0.9928,0.0393,0.9641,1.1517,1.186
darwin_origin.txt,151179,59173,58913,0.7705,0.8044,0.6,1,0.8152,0.7748,0.0052,0.7779,1.0522,1.0481
darwin_origin.txt,151179,59173,58913,0.7705,0.8044,0.6,2,0.9977,0.7753,0.0053,0.7854,1.2869,1.2703
darwin_origin.txt,151179,59173,58913,0.7705,0.8044,0.6,3,0.9248,0.7768,0.0048,0.7763,1.1906,1.1913
darwin_origin.txt,151179,59173,58913,0.7705,0.8044,0.6,4,0.8644,0.7734,0.0047,0.7812,1.1177,1.1066
darwin_origin.txt,151179,59173,58913,0.7705,0.8044,0.6,5,0.8784,0.7759,0.0049,0.7837,1.1321,1.1209
darwin_origin.txt,151179,59173,58913,0.7705,0.8044,0.6,6,0.9062,0.7768,0.0045,0.772,1.1665,1.1737
darwin_origin.txt,151179,59173,58913,0.7705,0.8044,0.6,7,0.8731,0.7743,0.005,0.7851,1.1276,1.1121
darwin_origin.txt,151179,59173,58913,0.7705,0.8044,0.6,8,0.8508,0.7757,0.0041,0.7811,1.0968,1.0893
darwin_origin.txt,151179,59173,58913,0.7705,0.8044,0.6,9,0.8591,0.775,0.0051,0.7791,1.1086,1.1027
darwin_origin.txt,151179,59173,58913,0.7705,0.8044,0.6,10,0.8479,0.7748,0.0049,0.7787,1.0944,1.0889
darwin_origin.txt,151179,59173,58913,0.7705,0.8044,0.6,11,0.8254,0.7775,0.0047,0.7844,1.0615,1.0522
darwin_origin.txt,151179,59173,58913,0.7705,0.8044,0.6,12,0.8595,0.7757,0.0052,0.7795,1.1081,1.1026
darwin_origin.txt,151179,59173,58913,0.7705,0.8044,0.6,13,0.8205,0.7736,0.0043,0.769,1.0605,1.067
darwin_origin.txt,151179,59173,58913,0.7705,0.8044,0.6,14,0.8836,0.7747,0.0059,0.7765,1.1405,1.138
darwin_origin.txt,151179,59173,58913,0.7705,0.8044,0.6,15,0.8533,0.774,0.0041,0.7756,1.1024,1.1002
darwin_origin.txt,151179,59173,58913,0.7705,0.8044,0.6,16,0.837,0.7738,0.0051,0.7823,1.0816,1.0699
darwin_origin.txt,151179,59173,58913,0.7705,0.8044,0.6,17,0.8374,0.7762,0.0047,0.7752,1.0789,1.0803
darwin_origin.txt,151179,59173,58913,0.7705,0.8044,0.6,18,0.8319,0.7756,0.0043,0.7679,1.0726,1.0834
darwin_origin.txt,151179,59173,58913,0.7705,0.8044,0.6,19,0.8333,0.7757,0.0038,0.7763,1.0742,1.0734
darwin_origin.txt,151179,59173,58913,0.7705,0.8044,0.6,20,0.8315,0.7737,0.0065,0.7712,1.0748,1.0782
darwin_origin.txt,151179,59173,58913,0.7705,0.8044,0.7,1,0.9101,0.8375,0.0062,0.8505,1.0866,1.07
darwin_origin.txt,151179,59173,58913,0.7705,0.8044,0.7,2,1.1176,0.8383,0.0064,0.8354,1.3331,1.3378
darwin_origin.txt,151179,59173,58913,0.7705,0.8044,0.7,3,1.0144,0.8381,0.0045,0.8335,1.2104,1.217
darwin_origin.txt,151179,59173,58913,0.7705,0.8044,0.7,4,0.9559,0.8331,0.0065,0.8448,1.1475,1.1315
darwin_origin.txt,151179,59173,58913,0.7705,0.8044,0.7,5,0.9765,0.8373,0.0076,0.8459,1.1662,1.1544
darwin_origin.txt,151179,59173,58913,0.7705,0.8044,0.7,6,1.0082,0.8383,0.0054,0.8402,1.2027,1.1999
darwin_origin.txt,151179,59173,58913,0.7705,0.8044,0.7,7,0.9596,0.8356,0.0061,0.8492,1.1485,1.1301
darwin_origin.txt,151179,59173,58913,0.7705,0.8044,0.7,8,0.9302,0.8369,0.0055,0.8374,1.1115,1.1109
darwin_origin.txt,151179,59173,58913,0.7705,0.8044,0.7,9,0.944,0.8379,0.0058,0.8302,1.1266,1.137
darwin_origin.txt,151179,59173,58913,0.7705,0.8044,0.7,10,0.913,0.8348,0.0063,0.8311,1.0937,1.0986
darwin_origin.txt,151179,59173,58913,0.7705,0.8044,0.7,11,0.9129,0.8373,0.0069,0.847,1.0902,1.0777
darwin_origin.txt,151179,59173,58913,0.7705,0.8044,0.7,12,0.9553,0.8374,0.0064,0.8335,1.1408,1.1461
darwin_origin.txt,151179,59173,58913,0.7705,0.8044,0.7,13,0.9114,0.8371,0.0044,0.8338,1.0888,1.093
darwin_origin.txt,151179,59173,58913,0.7705,0.8044,0.7,14,0.9567,0.8368,0.0077,0.8263,1.1434,1.1579
darwin_origin.txt,151179,59173,58913,0.7705,0.8044,0.7,15,0.9342,0.836,0.006,0.8359,1.1174,1.1176
darwin_origin.txt,151179,59173,58913,0.7705,0.8044,0.7,16,0.9135,0.8363,0.006,0.841,1.0924,1.0862
darwin_origin.txt,151179,59173,58913,0.7705,0.8044,0.7,17,0.926,0.8401,0.0057,0.8441,1.1022,1.097
darwin_origin.txt,151179,59173,58913,0.7705,0.8044,0.7,18,0.9032,0.8377,0.0069,0.8321,1.0782,1.0854
darwin_origin.txt,151179,59173,58913,0.7705,0.8044,0.7,19,0.9194,0.8378,0.007,0.8415,1.0974,1.0926
darwin_origin.txt,151179,59173,58913,0.7705,0.8044,0.7,20,0.9247,0.837,0.0049,0.8357,1.1048,1.1065
darwin_origin.txt,151179,59173,58913,0.7705,0.8044,0.8,1,0.9847,0.8944,0.0089,0.9081,1.101,1.0844
darwin_origin.txt,151179,59173,58913,0.7705,0.8044,0.8,2,1.2749,0.8947,0.0086,0.8988,1.425,1.4183
darwin_origin.txt,151179,59173,58913,0.7705,0.8044,0.8,3,1.1779,0.8954,0.0073,0.8953,1.3155,1.3157
darwin_origin.txt,151179,59173,58913,0.7705,0.8044,0.8,4,1.0363,0.8917,0.0116,0.9068,1.1621,1.1428
darwin_origin.txt,151179,59173,58913,0.7705,0.8044,0.8,5,1.0775,0.8954,0.0056,0.8961,1.2034,1.2025
darwin_origin.txt,151179,59173,58913,0.7705,0.8044,0.8,6,1.1537,0.894,0.0085,0.9142,1.2906,1.2621
darwin_origin.txt,151179,59173,58913,0.7705,0.8044,0.8,7,1.067,0.8952,0.009,0.9015,1.1919,1.1837
darwin_origin.txt,151179,59173,58913,0.7705,0.8044,0.8,8,1.0567,0.8968,0.0082,0.904,1.1783,1.1688
darwin_origin.txt,151179,59173,58913,0.7705,0.8044,0.8,9,1.0344,0.8957,0.0096,0.9145,1.1549,1.1311
darwin_origin.txt,151179,59173,58913,0.7705,0.8044,0.8,10,0.992,0.8951,0.0066,0.8905,1.1083,1.114
darwin_origin.txt,151179,59173,58913,0.7705,0.8044,0.8,11,0.9918,0.8953,0.0067,0.9081,1.1078,1.0922
darwin_origin.txt,151179,59173,58913,0.7705,0.8044,0.8,12,1.0436,0.8959,0.0062,0.8943,1.1649,1.1669
darwin_origin.txt,151179,59173,58913,0.7705,0.8044,0.8,13,0.9834,0.8936,0.0071,0.8938,1.1006,1.1003
darwin_origin.txt,151179,59173,58913,0.7705,0.8044,0.8,14,1.0464,0.8958,0.0097,0.9035,1.1681,1.1581
darwin_origin.txt,151179,59173,58913,0.7705,0.8044,0.8,15,1.0186,0.8952,0.0096,0.904,1.1378,1.1267
darwin_origin.txt,151179,59173,58913,0.7705,0.8044,0.8,16,1.0028,0.8937,0.008,0.879,1.1221,1.1409
darwin_origin.txt,151179,59173,58913,0.7705,0.8044,0.8,17,1.0543,0.8921,0.0097,0.8959,1.1817,1.1767
darwin_origin.txt,151179,59173,58913,0.7705,0.8044,0.8,18,0.9877,0.8942,0.0097,0.882,1.1045,1.1199
darwin_origin.txt,151179,59173,58913,0.7705,0.8044,0.8,19,0.997,0.8947,0.0066,0.8988,1.1144,1.1093
darwin_origin.txt,151179,59173,58913,0.7705,0.8044,0.8,20,1.0257,0.8925,0.0071,0.8988,1.1492,1.1412
darwin_origin.txt,151179,59173,58913,0.7705,0.8044,0.9,1,1.1328,0.9484,0.0112,0.9493,1.1944,1.1933
darwin_origin.txt,151179,59173,58913,0.7705,0.8044,0.9,2,1.5301,0.9464,0.0134,0.9455,1.6167,1.6183
darwin_origin.txt,151179,59173,58913,0.7705,0.8044,0.9,3,1.3747,0.9484,0.0131,0.9556,1.4496,1.4387
darwin_origin.txt,151179,59173,58913,0.7705,0.8044,0.9,4,1.1538,0.9477,0.0114,0.9522,1.2176,1.2117
darwin_origin.txt,151179,59173,58913,0.7705,0.8044,0.9,5,1.2402,0.947,0.0096,0.9551,1.3096,1.2985
darwin_origin.txt,151179,59173,58913,0.7705,0.8044,0.9,6,1.5253,0.9443,0.0155,0.9535,1.6152,1.5996
darwin_origin.txt,151179,59173,58913,0.7705,0.8044,0.9,7,1.2228,0.9486,0.0091,0.9515,1.289,1.2851
darwin_origin.txt,151179,59173,58913,0.7705,0.8044,0.9,8,1.2296,0.9474,0.0137,0.9531,1.2979,1.2901
darwin_origin.txt,151179,59173,58913,0.7705,0.8044,0.9,9,1.1108,0.9492,0.0153,0.9587,1.1703,1.1587
darwin_origin.txt,151179,59173,58913,0.7705,0.8044,0.9,10,1.1052,0.9493,0.0107,0.9468,1.1641,1.1673
darwin_origin.txt,151179,59173,58913,0.7705,0.8044,0.9,11,1.132,0.9507,0.0136,0.9482,1.1908,1.1939
darwin_origin.txt,151179,59173,58913,0.7705,0.8044,0.9,12,1.1863,0.9487,0.008,0.9656,1.2505,1.2286
darwin_origin.txt,151179,59173,58913,0.7705,0.8044,0.9,13,1.1986,0.9488,0.0098,0.9526,1.2633,1.2583
darwin_origin.txt,151179,59173,58913,0.7705,0.8044,0.9,14,1.1939,0.9508,0.0135,0.9552,1.2557,1.2499
darwin_origin.txt,151179,59173,58913,0.7705,0.8044,0.9,15,1.1474,0.9499,0.0139,0.962,1.2079,1.1927
darwin_origin.txt,151179,59173,58913,0.7705,0.8044,0.9,16,1.1134,0.9476,0.011,0.9507,1.175,1.1712
darwin_origin.txt,151179,59173,58913,0.7705,0.8044,0.9,17,1.2165,0.9412,0.0084,0.9569,1.2925,1.2713
darwin_origin.txt,151179,59173,58913,0.7705,0.8044,0.9,18,1.076,0.9475,0.012,0.9545,1.1357,1.1273
darwin_origin.txt,151179,59173,58913,0.7705,0.8044,0.9,19,1.1079,0.9477,0.0103,0.9546,1.169,1.1605
darwin_origin.txt,151179,59173,58913,0.7705,0.8044,0.9,20,1.1175,0.9451,0.0138,0.9439,1.1825,1.1839
darwin_origin.txt,151179,59173,58913,0.7705,0.8044,0.95,1,1.2549,0.9723,0.022,0.9703,1.2907,1.2933
darwin_origin.txt,151179,59173,58913,0.7705,0.8044,0.95,2,1.8877,0.9725,0.0135,0.9845,1.9411,1.9174
darwin_origin.txt,151179,59173,58913,0.7705,0.8044,0.95,3,1.727,0.9734,0.0248,1.0051,1.7743,1.7182
darwin_origin.txt,151179,59173,58913,0.7705,0.8044,0.95,4,1.2796,0.9711,0.018,0.9532,1.3177,1.3425
darwin_origin.txt,151179,59173,58913,0.7705,0.8044,0.95,5,1.3504,0.9821,0.0197,0.9455,1.375,1.4283
darwin_origin.txt,151179,59173,58913,0.7705,0.8044,0.95,6,1.8997,0.9669,0.0188,0.9748,1.9647,1.9489
darwin_origin.txt,151179,59173,58913,0.7705,0.8044,0.95,7,1.3732,0.9818,0.0173,0.9501,1.3986,1.4454
darwin_origin.txt,151179,59173,58913,0.7705,0.8044,0.95,8,1.3499,0.9747,0.0166,0.9712,1.3849,1.3899
darwin_origin.txt,151179,59173,58913,0.7705,0.8044,0.95,9,1.2134,0.9751,0.0168,0.9884,1.2444,1.2277
darwin_origin.txt,151179,59173,58913,0.7705,0.8044,0.95,10,1.1129,0.9774,0.0189,0.9602,1.1386,1.159
darwin_origin.txt,151179,59173,58913,0.7705,0.8044,0.95,11,1.2104,0.9737,0.0203,0.9627,1.2432,1.2573
darwin_origin.txt,151179,59173,58913,0.7705,0.8044,0.95,12,1.2601,0.9703,0.0201,1.0124,1.2987,1.2447
darwin_origin.txt,151179,59173,58913,0.7705,0.8044,0.95,13,1.2165,0.9671,0.0132,0.9923,1.2579,1.2259
darwin_origin.txt,151179,59173,58913,0.7705,0.8044,0.95,14,1.2396,0.9736,0.0183,0.99,1.2732,1.252
darwin_origin.txt,151179,59173,58913,0.7705,0.8044,0.95,15,1.1852,0.9745,0.021,0.9997,1.2162,1.1855
darwin_origin.txt,151179,59173,58913,0.7705,0.8044,0.95,16,1.3405,0.9733,0.0186,0.9905,1.3772,1.3533
darwin_origin.txt,151179,59173,58913,0.7705,0.8044,0.95,17,1.4051,0.969,0.0147,0.9636,1.4501,1.4582
darwin_origin.txt,151179,59173,58913,0.7705,0.8044,0.95,18,1.2362,0.9763,0.0162,0.9688,1.2662,1.276
darwin_origin.txt,151179,59173,58913,0.7705,0.8044,0.95,19,1.2751,0.9722,0.016,0.9837,1.3115,1.2962
darwin_origin.txt,151179,59173,58913,0.7705,0.8044,0.95,20,1.187,0.974,0.0225,0.992,1.2186,1.1966
darwin_origin.txt,151179,59173,58913,0.7705,0.8044,0.99,1,1.8922,0.9981,0.0505,1.024,1.8957,1.8479
darwin_origin.txt,151179,59173,58913,0.7705,0.8044,0.99,2,3.5046,0.9994,0.0287,1.0137,3.5067,3.4571
darwin_origin.txt,151179,59173,58913,0.7705,0.8044,0.99,3,1.515,0.993,0.0291,0.9697,1.5256,1.5623
darwin_origin.txt,151179,59173,58913,0.7705,0.8044,0.99,4,1.4092,1.0014,0.041,0.9792,1.4072,1.4391
darwin_origin.txt,151179,59173,58913,0.7705,0.8044,0.99,5,1.2118,1.0072,0.0452,0.9562,1.2032,1.2673
darwin_origin.txt,151179,59173,58913,0.7705,0.8044,0.99,6,3.6775,0.9868,0.0361,1.029,3.7266,3.5738
darwin_origin.txt,151179,59173,58913,0.7705,0.8044,0.99,7,1.7011,0.9963,0.0508,0.9838,1.7074,1.7291
darwin_origin.txt,151179,59173,58913,0.7705,0.8044,0.99,8,1.6191,0.9966,0.043,0.9525,1.6246,1.6998
darwin_origin.txt,151179,59173,58913,0.7705,0.8044,0.99,9,1.3346,0.9982,0.0515,0.9783,1.3369,1.3642
darwin_origin.txt,151179,59173,58913,0.7705,0.8044,0.99,10,1.2873,1.0052,0.0329,1.0791,1.2807,1.193
darwin_origin.txt,151179,59173,58913,0.7705,0.8044,0.99,11,1.4433,0.9858,0.0431,1.0086,1.464,1.431
darwin_origin.txt,151179,59173,58913,0.7705,0.8044,0.99,12,1.5887,0.9845,0.0407,0.9941,1.6138,1.5982
darwin_origin.txt,151179,59173,58913,0.7705,0.8044,0.99,13,1.6251,0.9905,0.0323,0.9644,1.6406,1.6851
darwin_origin.txt,151179,59173,58913,0.7705,0.8044,0.99,14,1.4486,0.9988,0.0405,1.0144,1.4504,1.428
darwin_origin.txt,151179,59173,58913,0.7705,0.8044,0.99,15,1.1821,0.9848,0.0404,0.943,1.2003,1.2536
darwin_origin.txt,151179,59173,58913,0.7705,0.8044,0.99,16,1.4849,1.0003,0.057,1.0039,1.4844,1.4791
darwin_origin.txt,151179,59173,58913,0.7705,0.8044,0.99,17,2.936,0.9862,0.0461,0.9697,2.977,3.0277
darwin_origin.txt,151179,59173,58913,0.7705,0.8044,0.99,18,1.4542,0.993,0.0315,0.9592,1.4645,1.5161
darwin_origin.txt,151179,59173,58913,0.7705,0.8044,0.99,19,1.7584,0.99,0.0329,1.1076,1.7763,1.5877
darwin_origin.txt,151179,59173,58913,0.7705,0.8044,0.99,20,1.2934,0.9953,0.0344,1.0046,1.2995,1.2874
davidcopperfield.txt,363557,136615,134409,0.7273,0.7813,0.6,1,0.8526,0.7732,0.0026,0.7873,1.1027,1.0829
davidcopperfield.txt,363557,136615,134409,0.7273,0.7813,0.6,2,0.9383,0.7752,0.0035,0.7743,1.2104,1.2118
davidcopperfield.txt,363557,136615,134409,0.7273,0.7813,0.6,3,0.8971,0.7757,0.0037,0.7781,1.1565,1.1529
davidcopperfield.txt,363557,136615,134409,0.7273,0.7813,0.6,4,0.9954,0.7754,0.0032,0.7766,1.2837,1.2818
davidcopperfield.txt,363557,136615,134409,0.7273,0.7813,0.6,5,0.882,0.7749,0.0032,0.7759,1.1382,1.1367
davidcopperfield.txt,363557,136615,134409,0.7273,0.7813,0.6,6,0.8937,0.7748,0.0032,0.775,1.1534,1.1532
davidcopperfield.txt,363557,136615,134409,0.7273,0.7813,0.6,7,0.8632,0.7756,0.004,0.7743,1.113,1.1149
davidcopperfield.txt,363557,136615,134409,0.7273,0.7813,0.6,8,0.8698,0.7747,0.0028,0.7757,1.1228,1.1213
davidcopperfield.txt,363557,136615,134409,0.7273,0.7813,0.6,9,0.845,0.776,0.0032,0.7789,1.089,1.0849
davidcopperfield.txt,363557,136615,134409,0.7273,0.7813,0.6,10,0.8564,0.7738,0.0042,0.7812,1.1067,1.0961
davidcopperfield.txt,363557,136615,134409,0.7273,0.7813,0.6,11,0.8506,0.7758,0.0034,0.7705,1.0965,1.104
davidcopperfield.txt,363557,136615,134409,0.7273,0.7813,0.6,12,0.8452,0.7744,0.0023,0.7752,1.0914,1.0902
davidcopperfield.txt,363557,136615,134409,0.7273,0.7813,0.6,13,0.8582,0.7749,0.0035,0.7728,1.1074,1.1105
davidcopperfield.txt,363557,136615,134409,0.7273,0.7813,0.6,14,0.8307,0.7745,0.0022,0.7794,1.0726,1.0658
davidcopperfield.txt,363557,136615,134409,0.7273,0.7813,0.6,15,0.845,0.7741,0.0034,0.7792,1.0916,1.0844
davidcopperfield.txt,363557,136615,134409,0.7273,0.7813,0.6,16,0.8184,0.7737,0.0034,0.775,1.0578,1.0559
davidcopperfield.txt,363557,136615,134409,0.7273,0.7813,0.6,17,0.8312,0.7736,0.0039,0.7688,1.0745,1.0811
davidcopperfield.txt,363557,136615,134409,0.7273,0.7813,0.6,18,0.8385,0.7739,0.0032,0.7755,1.0834,1.0812
davidcopperfield.txt,363557,136615,134409,0.7273,0.7813,0.6,19,0.821,0.7741,0.0032,0.7761,1.0605,1.0577
davidcopperfield.txt,363557,136615,134409,0.7273,0.7813,0.6,20,0.843,0.774,0.0024,0.7774,1.0892,1.0844
davidcopperfield.txt,363557,136615,134409,0.7273,0.7813,0.7,1,0.9394,0.8365,0.0035,0.8461,1.1231,1.1102
davidcopperfield.txt,363557,136615,134409,0.7273,0.7813,0.7,2,1.0201,0.837,0.0036,0.8373,1.2188,1.2184
davidcopperfield.txt,363557,136615,134409,0.7273,0.7813,0.7,3,0.9614,0.8386,0.0045,0.8475,1.1465,1.1344
davidcopperfield.txt,363557,136615,134409,0.7273,0.7813,0.7,4,1.1179,0.8391,0.0047,0.8392,1.3324,1.3322
davidcopperfield.txt,363557,136615,134409,0.7273,0.7813,0.7,5,0.9642,0.8359,0.005,0.836,1.1536,1.1534
davidcopperfield.txt,363557,136615,134409,0.7273,0.7813,0.7,6,0.9619,0.8369,0.0034,0.8333,1.1493,1.1543
davidcopperfield.txt,363557,136615,134409,0.7273,0.7813,0.7,7,0.9359,0.8383,0.005,0.8377,1.1165,1.1173
davidcopperfield.txt,363557,136615,134409,0.7273,0.7813,0.7,8,0.957,0.8369,0.0035,0.8407,1.1436,1.1384
davidcopperfield.txt,363557,136615,134409,0.7273,0.7813,0.7,9,0.9263,0.8377,0.0032,0.8421,1.1058,1.1001
davidcopperfield.txt,363557,136615,134409,0.7273,0.7813,0.7,10,0.9336,0.836,0.0034,0.8393,1.1168,1.1124
davidcopperfield.txt,363557,136615,134409,0.7273,0.7813,0.7,11,0.9316,0.8354,0.0036,0.8338,1.1151,1.1172
davidcopperfield.txt,363557,136615,134409,0.7273,0.7813,0.7,12,0.9513,0.8376,0.0043,0.8434,1.1358,1.128
davidcopperfield.txt,363557,136615,134409,0.7273,0.7813,0.7,13,0.9407,0.8384,0.0036,0.837,1.1221,1.1239
davidcopperfield.txt,363557,136615,134409,0.7273,0.7813,0.7,14,0.9013,0.8366,0.0046,0.8425,1.0773,1.0697
davidcopperfield.txt,363557,136615,134409,0.7273,0.7813,0.7,15,0.9164,0.8367,0.0038,0.8422,1.0953,1.0882
davidcopperfield.txt,363557,136615,134409,0.7273,0.7813,0.7,16,0.8916,0.8362,0.0049,0.8399,1.0663,1.0616
davidcopperfield.txt,363557,136615,134409,0.7273,0.7813,0.7,17,0.9252,0.8369,0.0048,0.8278,1.1055,1.1177
davidcopperfield.txt,363557,136615,134409,0.7273,0.7813,0.7,18,0.9085,0.8363,0.0029,0.838,1.0864,1.0842
davidcopperfield.txt,363557,136615,134409,0.7273,0.7813,0.7,19,0.8884,0.8359,0.0041,0.8354,1.0629,1.0634
davidcopperfield.txt,363557,136615,134409,0.7273,0.7813,0.7,20,0.91,0.8365,0.0036,0.841,1.0879,1.0821
davidcopperfield.txt,363557,136615,134409,0.7273,0.7813,0.8,1,1.0372,0.8929,0.0046,0.9052,1.1615,1.1458
davidcopperfield.txt,363557,136615,134409,0.7273,0.7813,0.8,2,1.0872,0.8953,0.0042,0.9024,1.2144,1.2048
davidcopperfield.txt,363557,136615,134409,0.7273,0.7813,0.8,3,1.0627,0.8954,0.0068,0.9072,1.1869,1.1715
davidcopperfield.txt,363557,136615,134409,0.7273,0.7813,0.8,4,1.2833,0.8961,0.0063,0.8943,1.4321,1.435
davidcopperfield.txt,363557,136615,134409,0.7273,0.7813,0.8,5,1.047,0.8946,0.0066,0.897,1.1703,1.1673
davidcopperfield.txt,363557,136615,134409,0.7273,0.7813,0.8,6,1.0289,0.8959,0.0055,0.8955,1.1484,1.1489
davidcopperfield.txt,363557,136615,134409,0.7273,0.7813,0.8,7,1.0149,0.8937,0.0063,0.8992,1.1355,1.1286
davidcopperfield.txt,363557,136615,134409,0.7273,0.7813,0.8,8,1.0583,0.8923,0.0041,0.8906,1.186,1.1883
davidcopperfield.txt,363557,136615,134409,0.7273,0.7813,0.8,9,1.0063,0.8936,0.0034,0.8928,1.1261,1.1271
davidcopperfield.txt,363557,136615,134409,0.7273,0.7813,0.8,10,1.0152,0.8925,0.0051,0.9055,1.1374,1.1212
davidcopperfield.txt,363557,136615,134409,0.7273,0.7813,0.8,11,1.0093,0.8936,0.0058,0.8806,1.1295,1.1461
davidcopperfield.txt,363557,136615,134409,0.7273,0.7813,0.8,12,1.0156,0.8969,0.0043,0.903,1.1323,1.1247
davidcopperfield.txt,363557,136615,134409,0.7273,0.7813,0.8,13,1.0222,0.8939,0.0041,0.896,1.1435,1.1408
davidcopperfield.txt,363557,136615,134409,0.7273,0.7813,0.8,14,0.9794,0.8941,0.0056,0.8947,1.0953,1.0947
davidcopperfield.txt,363557,136615,134409,0.7273,0.7813,0.8,15,0.9767,0.8943,0.0051,0.9012,1.0921,1.0837
davidcopperfield.txt,363557,136615,134409,0.7273,0.7813,0.8,16,0.9589,0.8951,0.005,0.8999,1.0713,1.0655
davidcopperfield.txt,363557,136615,134409,0.7273,0.7813,0.8,17,0.9885,0.8946,0.0053,0.8864,1.105,1.1153
davidcopperfield.txt,363557,136615,134409,0.7273,0.7813,0.8,18,0.9872,0.8949,0.0058,0.8838,1.1031,1.1169
davidcopperfield.txt,363557,136615,134409,0.7273,0.7813,0.8,19,0.9686,0.8939,0.0056,0.8873,1.0835,1.0916
davidcopperfield.txt,363557,136615,134409,0.7273,0.7813,0.8,20,0.9854,0.8938,0.0037,0.8985,1.1025,1.0967
davidcopperfield.txt,363557,136615,134409,0.7273,0.7813,0.9,1,1.151,0.947,0.0086,0.9407,1.2155,1.2236
davidcopperfield.txt,363557,136615,134409,0.7273,0.7813,0.9,2,1.1203,0.9449,0.0085,0.9413,1.1857,1.1902
davidcopperfield.txt,363557,136615,134409,0.7273,0.7813,0.9,3,1.1382,0.9503,0.0057,0.9552,1.1978,1.1916
davidcopperfield.txt,363557,136615,134409,0.7273,0.7813,0.9,4,1.3719,0.9472,0.0088,0.9344,1.4484,1.4682
davidcopperfield.txt,363557,136615,134409,0.7273,0.7813,0.9,5,1.1123,0.9498,0.0077,0.9652,1.1711,1.1524
davidcopperfield.txt,363557,136615,134409,0.7273,0.7813,0.9,6,1.0933,0.9495,0.0083,0.9534,1.1514,1.1468
davidcopperfield.txt,363557,136615,134409,0.7273,0.7813,0.9,7,1.0887,0.9482,0.0075,0.9309,1.1483,1.1695
davidcopperfield.txt,363557,136615,134409,0.7273,0.7813,0.9,8,1.2029,0.9458,0.0057,0.9461,1.2718,1.2715
davidcopperfield.txt,363557,136615,134409,0.7273,0.7813,0.9,9,1.0915,0.9468,0.0063,0.9421,1.1528,1.1585
davidcopperfield.txt,363557,136615,134409,0.7273,0.7813,0.9,10,1.1301,0.9502,0.0088,0.9532,1.1893,1.1856
davidcopperfield.txt,363557,136615,134409,0.7273,0.7813,0.9,11,1.1162,0.9472,0.0097,0.9284,1.1784,1.2023
davidcopperfield.txt,363557,136615,134409,0.7273,0.7813,0.9,12,1.0861,0.9473,0.0073,0.9578,1.1465,1.134
davidcopperfield.txt,363557,136615,134409,0.7273,0.7813,0.9,13,1.1424,0.9513,0.0083,0.9689,1.2009,1.1791
davidcopperfield.txt,363557,136615,134409,0.7273,0.7813,0.9,14,1.0818,0.9502,0.0073,0.9472,1.1384,1.142
davidcopperfield.txt,363557,136615,134409,0.7273,0.7813,0.9,15,1.0342,0.9476,0.0093,0.9535,1.0914,1.0847
davidcopperfield.txt,363557,136615,134409,0.7273,0.7813,0.9,16,1.0392,0.9506,0.008,0.9426,1.0932,1.1025
davidcopperfield.txt,363557,136615,134409,0.7273,0.7813,0.9,17,1.086,0.9504,0.0105,0.9374,1.1427,1.1586
davidcopperfield.txt,363557,136615,134409,0.7273,0.7813,0.9,18,1.0694,0.9489,0.0082,0.9349,1.1269,1.1439
davidcopperfield.txt,363557,136615,134409,0.7273,0.7813,0.9,19,1.0532,0.9474,0.009,0.95,1.1117,1.1087
davidcopperfield.txt,363557,136615,134409,0.7273,0.7813,0.9,20,1.0461,0.9489,0.0062,0.9543,1.1024,1.0963
davidcopperfield.txt,363557,136615,134409,0.7273,0.7813,0.95,1,1.2758,0.9746,0.0151,0.9735,1.3091,1.3106
davidcopperfield.txt,363557,136615,134409,0.7273,0.7813,0.95,2,1.1827,0.9762,0.0182,0.9596,1.2115,1.2325
davidcopperfield.txt,363557,136615,134409,0.7273,0.7813,0.95,3,1.1757,0.9736,0.0101,0.9655,1.2075,1.2177
davidcopperfield.txt,363557,136615,134409,0.7273,0.7813,0.95,4,1.4073,0.9757,0.012,0.9602,1.4424,1.4656
davidcopperfield.txt,363557,136615,134409,0.7273,0.7813,0.95,5,1.1286,0.9745,0.0089,0.9821,1.1582,1.1492
davidcopperfield.txt,363557,136615,134409,0.7273,0.7813,0.95,6,1.132,0.9742,0.0117,0.982,1.162,1.1527
davidcopperfield.txt,363557,136615,134409,0.7273,0.7813,0.95,7,1.1483,0.9725,0.0115,0.9543,1.1808,1.2033
davidcopperfield.txt,363557,136615,134409,0.7273,0.7813,0.95,8,1.2997,0.9729,0.0097,0.9703,1.3359,1.3395
davidcopperfield.txt,363557,136615,134409,0.7273,0.7813,0.95,9,1.1674,0.971,0.0121,0.9768,1.2022,1.195
davidcopperfield.txt,363557,136615,134409,0.7273,0.7813,0.95,10,1.2097,0.9752,0.0101,0.9871,1.2405,1.2255
davidcopperfield.txt,363557,136615,134409,0.7273,0.7813,0.95,11,1.194,0.9749,0.0114,0.9647,1.2247,1.2377
davidcopperfield.txt,363557,136615,134409,0.7273,0.7813,0.95,12,1.1398,0.9758,0.0123,1.0069,1.168,1.132
davidcopperfield.txt,363557,136615,134409,0.7273,0.7813,0.95,13,1.2038,0.9768,0.0131,0.9918,1.2324,1.2138
davidcopperfield.txt,363557,136615,134409,0.7273,0.7813,0.95,14,1.1378,0.977,0.0129,0.9715,1.1646,1.1712
davidcopperfield.txt,363557,136615,134409,0.7273,0.7813,0.95,15,1.0557,0.975,0.015,0.99,1.0828,1.0665
davidcopperfield.txt,363557,136615,134409,0.7273,0.7813,0.95,16,1.1463,0.9731,0.0135,0.9655,1.178,1.1872
davidcopperfield.txt,363557,136615,134409,0.7273,0.7813,0.95,17,1.1111,0.9765,0.0126,0.9764,1.1378,1.1379
davidcopperfield.txt,363557,136615,134409,0.7273,0.7813,0.95,18,1.1195,0.9786,0.0132,0.9775,1.1439,1.1453
davidcopperfield.txt,363557,136615,134409,0.7273,0.7813,0.95,19,1.1149,0.971,0.0092,0.9895,1.1482,1.1266
davidcopperfield.txt,363557,136615,134409,0.7273,0.7813,0.95,20,1.1074,0.9744,0.0141,0.9642,1.1365,1.1486
davidcopperfield.txt,363557,136615,134409,0.7273,0.7813,0.99,1,2.5465,0.9952,0.0274,1.0107,2.5589,2.5197
davidcopperfield.txt,363557,136615,134409,0.7273,0.7813,0.99,2,1.1888,1.0008,0.0322,0.9494,1.1878,1.2522
davidcopperfield.txt,363557,136615,134409,0.7273,0.7813,0.99,3,1.4809,1.0057,0.0175,0.9895,1.4725,1.4966
davidcopperfield.txt,363557,136615,134409,0.7273,0.7813,0.99,4,1.2098,0.9936,0.0313,0.9757,1.2176,1.24
davidcopperfield.txt,363557,136615,134409,0.7273,0.7813,0.99,5,1.0554,0.9866,0.0281,0.9841,1.0697,1.0724
davidcopperfield.txt,363557,136615,134409,0.7273,0.7813,0.99,6,1.1435,0.994,0.0262,0.9611,1.1504,1.1898
davidcopperfield.txt,363557,136615,134409,0.7273,0.7813,0.99,7,1.1786,0.9944,0.0263,0.972,1.1853,1.2126
davidcopperfield.txt,363557,136615,134409,0.7273,0.7813,0.99,8,1.2555,0.9897,0.0303,1.0196,1.2686,1.2314
davidcopperfield.txt,363557,136615,134409,0.7273,0.7813,0.99,9,1.1386,0.9992,0.0251,1.0231,1.1395,1.1129
davidcopperfield.txt,363557,136615,134409,0.7273,0.7813,0.99,10,1.3839,0.9944,0.0343,0.9964,1.3917,1.3889
davidcopperfield.txt,363557,136615,134409,0.7273,0.7813,0.99,11,1.3571,0.9829,0.02,0.9986,1.3807,1.3591
davidcopperfield.txt,363557,136615,134409,0.7273,0.7813,0.99,12,1.0885,0.9852,0.0265,1.0536,1.1049,1.0332
davidcopperfield.txt,363557,136615,134409,0.7273,0.7813,0.99,13,1.2715,0.9921,0.0188,0.9799,1.2816,1.2976
davidcopperfield.txt,363557,136615,134409,0.7273,0.7813,0.99,14,1.4027,0.9859,0.0264,0.9506,1.4227,1.4757
davidcopperfield.txt,363557,136615,134409,0.7273,0.7813,0.99,15,1.3614,0.9908,0.0261,0.9931,1.3741,1.3709
davidcopperfield.txt,363557,136615,134409,0.7273,0.7813,0.99,16,1.3167,0.9936,0.0307,1.0705,1.3253,1.2301
davidcopperfield.txt,363557,136615,134409,0.7273,0.7813,0.99,17,1.3553,0.9969,0.0357,0.9949,1.3595,1.3623
davidcopperfield.txt,363557,136615,134409,0.7273,0.7813,0.99,18,1.1816,0.9875,0.0234,0.9646,1.1965,1.2249
davidcopperfield.txt,363557,136615,134409,0.7273,0.7813,0.99,19,1.2563,0.9955,0.025,0.9927,1.2619,1.2655
davidcopperfield.txt,363557,136615,134409,0.7273,0.7813,0.99,20,1.4391,0.989,0.0272,0.9985,1.4551,1.4414
doriangray.txt,55619,16781,16776,0.8451,0.8738,0.6,1,0.8418,0.7754,0.008,0.779,1.0856,1.0806
doriangray.txt,55619,16781,16776,0.8451,0.8738,0.6,2,1.0801,0.7751,0.008,0.7934,1.3935,1.3613
doriangray.txt,55619,16781,16776,0.8451,0.8738,0.6,3,1.0043,0.7753,0.0125,0.792,1.2953,1.268
doriangray.txt,55619,16781,16776,0.8451,0.8738,0.6,4,0.8957,0.7731,0.0086,0.7726,1.1587,1.1593
doriangray.txt,55619,16781,16776,0.8451,0.8738,0.6,5,0.8221,0.7747,0.0116,0.7835,1.0612,1.0493
doriangray.txt,55619,16781,16776,0.8451,0.8738,0.6,6,0.8767,0.7762,0.0086,0.7763,1.1294,1.1292
doriangray.txt,55619,16781,16776,0.8451,0.8738,0.6,7,0.8914,0.7792,0.0082,0.7794,1.1441,1.1437
doriangray.txt,55619,16781,16776,0.8451,0.8738,0.6,8,0.8625,0.7772,0.0117,0.772,1.1097,1.1171
doriangray.txt,55619,16781,16776,0.8451,0.8738,0.6,9,0.8518,0.7766,0.011,0.7874,1.0968,1.0818
doriangray.txt,55619,16781,16776,0.8451,0.8738,0.6,10,0.869,0.779,0.0123,0.7873,1.1155,1.1037
doriangray.txt,55619,16781,16776,0.8451,0.8738,0.6,11,0.8395,0.7753,0.0069,0.7697,1.0828,1.0907
doriangray.txt,55619,16781,16776,0.8451,0.8738,0.6,12,0.8193,0.7773,0.0077,0.7806,1.054,1.0495
doriangray.txt,55619,16781,16776,0.8451,0.8738,0.6,13,0.8597,0.7778,0.0085,0.7861,1.1052,1.0936
doriangray.txt,55619,16781,16776,0.8451,0.8738,0.6,14,0.8189,0.7738,0.0069,0.7774,1.0584,1.0534
doriangray.txt,55619,16781,16776,0.8451,0.8738,0.6,15,0.8454,0.7742,0.008,0.7878,1.092,1.0731
doriangray.txt,55619,16781,16776,0.8451,0.8738,0.6,16,0.8098,0.7698,0.0085,0.762,1.052,1.0628
doriangray.txt,55619,16781,16776,0.8451,0.8738,0.6,17,0.8531,0.7755,0.0124,0.7713,1.1001,1.106
doriangray.txt,55619,16781,16776,0.8451,0.8738,0.6,18,0.8464,0.7734,0.0084,0.8056,1.0944,1.0507
doriangray.txt,55619,16781,16776,0.8451,0.8738,0.6,19,0.8547,0.7724,0.0076,0.7627,1.1065,1.1207
doriangray.txt,55619,16781,16776,0.8451,0.8738,0.6,20,0.8394,0.7781,0.0096,0.783,1.0788,1.0721
doriangray.txt,55619,16781,16776,0.8451,0.8738,0.7,1,0.9403,0.841,0.0116,0.845,1.1181,1.1128
doriangray.txt,55619,16781,16776,0.8451,0.8738,0.7,2,1.2544,0.8389,0.0101,0.8465,1.4953,1.4819
doriangray.txt,55619,16781,16776,0.8451,0.8738,0.7,3,1.1209,0.8345,0.0122,0.8396,1.3431,1.335
doriangray.txt,55619,16781,16776,0.8451,0.8738,0.7,4,1.0147,0.8367,0.0117,0.8248,1.2128,1.2302
doriangray.txt,55619,16781,16776,0.8451,0.8738,0.7,5,0.9288,0.839,0.0109,0.8397,1.107,1.106
doriangray.txt,55619,16781,16776,0.8451,0.8738,0.7,6,0.9697,0.8396,0.0131,0.8278,1.1549,1.1714
doriangray.txt,55619,16781,16776,0.8451,0.8738,0.7,7,0.9864,0.839,0.01,0.8306,1.1757,1.1876
doriangray.txt,55619,16781,16776,0.8451,0.8738,0.7,8,0.9539,0.8373,0.0125,0.8346,1.1392,1.1429
doriangray.txt,55619,16781,16776,0.8451,0.8738,0.7,9,0.9575,0.8407,0.0135,0.8515,1.1389,1.1245
doriangray.txt,55619,16781,16776,0.8451,0.8738,0.7,10,0.9504,0.8425,0.0102,0.838,1.1281,1.1341
doriangray.txt,55619,16781,16776,0.8451,0.8738,0.7,11,0.9354,0.8422,0.0135,0.8402,1.1107,1.1133
doriangray.txt,55619,16781,16776,0.8451,0.8738,0.7,12,0.8735,0.8337,0.0138,0.8429,1.0478,1.0363
doriangray.txt,55619,16781,16776,0.8451,0.8738,0.7,13,0.9403,0.8418,0.0117,0.8439,1.117,1.1142
doriangray.txt,55619,16781,16776,0.8451,0.8738,0.7,14,0.8745,0.835,0.0118,0.8181,1.0473,1.069
doriangray.txt,55619,16781,16776,0.8451,0.8738,0.7,15,0.9128,0.837,0.0114,0.8621,1.0906,1.0587
doriangray.txt,55619,16781,16776,0.8451,0.8738,0.7,16,0.8833,0.8322,0.0127,0.8342,1.0613,1.0589
doriangray.txt,55619,16781,16776,0.8451,0.8738,0.7,17,0.9077,0.8384,0.0157,0.8318,1.0826,1.0912
doriangray.txt,55619,16781,16776,0.8451,0.8738,0.7,18,0.9198,0.8374,0.0117,0.8645,1.0984,1.064
doriangray.txt,55619,16781,16776,0.8451,0.8738,0.7,19,0.9297,0.8315,0.0114,0.8316,1.1181,1.1179
doriangray.txt,55619,16781,16776,0.8451,0.8738,0.7,20,0.9131,0.8382,0.011,0.8612,1.0893,1.0603
doriangray.txt,55619,16781,16776,0.8451,0.8738,0.8,1,1.01,0.9011,0.0169,0.9085,1.1209,1.1118
doriangray.txt,55619,16781,16776,0.8451,0.8738,0.8,2,1.4014,0.8959,0.0139,0.895,1.5643,1.5658
doriangray.txt,55619,16781,16776,0.8451,0.8738,0.8,3,1.2387,0.8924,0.0156,0.8839,1.388,1.4013
doriangray.txt,55619,16781,16776,0.8451,0.8738,0.8,4,1.2307,0.9002,0.015,0.8829,1.3672,1.3939
doriangray.txt,55619,16781,16776,0.8451,0.8738,0.8,5,0.9833,0.8995,0.0153,0.8812,1.0931,1.1159
doriangray.txt,55619,16781,16776,0.8451,0.8738,0.8,6,1.0312,0.8917,0.0187,0.9146,1.1563,1.1274
doriangray.txt,55619,16781,16776,0.8451,0.8738,0.8,7,1.0893,0.8962,0.0169,0.9092,1.2154,1.1981
doriangray.txt,55619,16781,16776,0.8451,0.8738,0.8,8,1.0478,0.8983,0.0161,0.8766,1.1664,1.1953
doriangray.txt,55619,16781,16776,0.8451,0.8738,0.8,9,1.0617,0.8964,0.0156,0.9024,1.1844,1.1766
doriangray.txt,55619,16781,16776,0.8451,0.8738,0.8,10,1.0504,0.8959,0.0152,0.8875,1.1724,1.1835
doriangray.txt,55619,16781,16776,0.8451,0.8738,0.8,11,1.0019,0.9038,0.0151,0.8962,1.1085,1.118
doriangray.txt,55619,16781,16776,0.8451,0.8738,0.8,12,0.9475,0.8898,0.0206,0.8898,1.0648,1.0648
doriangray.txt,55619,16781,16776,0.8451,0.8738,0.8,13,1.0407,0.9004,0.0153,0.9208,1.1559,1.1303
doriangray.txt,55619,16781,16776,0.8451,0.8738,0.8,14,0.9506,0.8983,0.0164,0.867,1.0582,1.0965
doriangray.txt,55619,16781,16776,0.8451,0.8738,0.8,15,1.0051,0.8986,0.0139,0.8924,1.1185,1.1262
doriangray.txt,55619,16781,16776,0.8451,0.8738,0.8,16,0.9836,0.8906,0.017,0.9033,1.1044,1.0888
doriangray.txt,55619,16781,16776,0.8451,0.8738,0.8,17,0.9722,0.8951,0.0181,0.8893,1.0861,1.0932
doriangray.txt,55619,16781,16776,0.8451,0.8738,0.8,18,0.9897,0.8973,0.0206,0.92,1.103,1.0758
doriangray.txt,55619,16781,16776,0.8451,0.8738,0.8,19,0.9892,0.8876,0.0175,0.9195,1.1144,1.0758
doriangray.txt,55619,16781,16776,0.8451,0.8738,0.8,20,0.9706,0.8979,0.0187,0.893,1.081,1.087
doriangray.txt,55619,16781,16776,0.8451,0.8738,0.9,1,1.0866,0.949,0.0218,0.941,1.145,1.1548
doriangray.txt,55619,16781,16776,0.8451,0.8738,0.9,2,1.3982,0.9468,0.0248,0.9301,1.4767,1.5033
doriangray.txt,55619,16781,16776,0.8451,0.8738,0.9,3,1.3737,0.9428,0.0278,0.9342,1.4571,1.4706
doriangray.txt,55619,16781,16776,0.8451,0.8738,0.9,4,1.4253,0.9476,0.0239,0.9443,1.5041,1.5093
doriangray.txt,55619,16781,16776,0.8451,0.8738,0.9,5,1.1471,0.9514,0.0236,0.9221,1.2056,1.2439
doriangray.txt,55619,16781,16776,0.8451,0.8738,0.9,6,1.1717,0.9479,0.0192,0.9233,1.2361,1.2691
doriangray.txt,55619,16781,16776,0.8451,0.8738,0.9,7,1.1277,0.9484,0.0251,1.0076,1.1891,1.1192
doriangray.txt,55619,16781,16776,0.8451,0.8738,0.9,8,1.0742,0.9611,0.0259,0.9651,1.1176,1.113
doriangray.txt,55619,16781,16776,0.8451,0.8738,0.9,9,1.157,0.9383,0.0235,0.9446,1.2331,1.2249
doriangray.txt,55619,16781,16776,0.8451,0.8738,0.9,10,1.1219,0.9504,0.0228,0.928,1.1804,1.2089
doriangray.txt,55619,16781,16776,0.8451,0.8738,0.9,11,1.1018,0.9457,0.0204,0.9641,1.165,1.1428
doriangray.txt,55619,16781,16776,0.8451,0.8738,0.9,12,1.049,0.9449,0.0173,0.9561,1.1102,1.0972
doriangray.txt,55619,16781,16776,0.8451,0.8738,0.9,13,1.127,0.9469,0.0243,0.9366,1.1902,1.2032
doriangray.txt,55619,16781,16776,0.8451,0.8738,0.9,14,1.0346,0.9426,0.0314,0.9601,1.0976,1.0776
doriangray.txt,55619,16781,16776,0.8451,0.8738,0.9,15,1.0085,0.9417,0.0288,0.9231,1.071,1.0924
doriangray.txt,55619,16781,16776,0.8451,0.8738,0.9,16,1.0565,0.9468,0.0175,0.9351,1.1158,1.1298
doriangray.txt,55619,16781,16776,0.8451,0.8738,0.9,17,1.045,0.9559,0.0283,0.9687,1.0931,1.0787
doriangray.txt,55619,16781,16776,0.8451,0.8738,0.9,18,1.0589,0.9567,0.0286,0.9606,1.1068,1.1023
doriangray.txt,55619,16781,16776,0.8451,0.8738,0.9,19,1.0241,0.9411,0.0247,0.9694,1.0882,1.0564
doriangray.txt,55619,16781,16776,0.8451,0.8738,0.9,20,1.0403,0.9464,0.022,0.9352,1.0992,1.1124
doriangray.txt,55619,16781,16776,0.8451,0.8738,0.95,1,1.1112,0.9676,0.0316,0.9026,1.1484,1.2311
doriangray.txt,55619,16781,16776,0.8451,0.8738,0.95,2,1.5501,0.9851,0.0375,0.9952,1.5735,1.5575
doriangray.txt,55619,16781,16776,0.8451,0.8738,0.95,3,1.4239,0.9719,0.0383,1.0085,1.4651,1.412
doriangray.txt,55619,16781,16776,0.8451,0.8738,0.95,4,1.3084,0.964,0.0242,0.9353,1.3573,1.3989
doriangray.txt,55619,16781,16776,0.8451,0.8738,0.95,5,1.2983,0.9863,0.0332,0.9733,1.3164,1.334
doriangray.txt,55619,16781,16776,0.8451,0.8738,0.95,6,1.2071,0.9673,0.0309,1.0386,1.248,1.1623
doriangray.txt,55619,16781,16776,0.8451,0.8738,0.95,7,1.1683,0.9806,0.023,1.0401,1.1914,1.1233
doriangray.txt,55619,16781,16776,0.8451,0.8738,0.95,8,1.1359,0.9886,0.0282,0.9561,1.1489,1.1881
doriangray.txt,55619,16781,16776,0.8451,0.8738,0.95,9,1.1846,0.9845,0.0441,0.9872,1.2033,1.2
doriangray.txt,55619,16781,16776,0.8451,0.8738,0.95,10,1.0953,0.9663,0.0303,0.9404,1.1335,1.1648
doriangray.txt,55619,16781,16776,0.8451,0.8738,0.95,11,1.1452,0.9622,0.0271,0.9452,1.1902,1.2116
doriangray.txt,55619,16781,16776,0.8451,0.8738,0.95,12,1.0841,0.9611,0.029,0.9485,1.128,1.1429
doriangray.txt,55619,16781,16776,0.8451,0.8738,0.95,13,1.2472,0.9708,0.0274,0.9147,1.2848,1.3636
doriangray.txt,55619,16781,16776,0.8451,0.8738,0.95,14,1.0579,0.9668,0.0406,0.9862,1.0942,1.0727
doriangray.txt,55619,16781,16776,0.8451,0.8738,0.95,15,1.0979,0.9596,0.0254,1.016,1.1441,1.0806
doriangray.txt,55619,16781,16776,0.8451,0.8738,0.95,16,1.0877,0.9713,0.0238,0.9561,1.1199,1.1377
doriangray.txt,55619,16781,16776,0.8451,0.8738,0.95,17,1.0407,0.981,0.0359,0.9822,1.0608,1.0595
doriangray.txt,55619,16781,16776,0.8451,0.8738,0.95,18,1.1898,0.9716,0.0269,1.0029,1.2246,1.1863
doriangray.txt,55619,16781,16776,0.8451,0.8738,0.95,19,1.0488,0.9735,0.0257,1.0226,1.0773,1.0256
doriangray.txt,55619,16781,16776,0.8451,0.8738,0.95,20,1.0508,0.9822,0.0313,0.938,1.0698,1.1202
doriangray.txt,55619,16781,16776,0.8451,0.8738,0.99,1,1.1745,0.9792,0.0963,1.0867,1.1994,1.0808
doriangray.txt,55619,16781,16776,0.8451,0.8738,0.99,2,1.3969,0.9892,0.0871,0.8805,1.4122,1.5865
doriangray.txt,55619,16781,16776,0.8451,0.8738,0.99,3,1.2182,0.9896,0.0697,1.0064,1.2309,1.2104
doriangray.txt,55619,16781,16776,0.8451,0.8738,0.99,4,1.1832,0.9604,0.0585,0.9905,1.232,1.1946
doriangray.txt,55619,16781,16776,0.8451,0.8738,0.99,5,1.2792,0.9659,0.0847,0.9421,1.3244,1.3578
doriangray.txt,55619,16781,16776,0.8451,0.8738,0.99,6,1.4115,0.9898,0.0797,1.0776,1.4261,1.3098
doriangray.txt,55619,16781,16776,0.8451,0.8738,0.99,7,1.3527,0.97,0.0741,1.0272,1.3946,1.3169
doriangray.txt,55619,16781,16776,0.8451,0.8738,0.99,8,1.0246,0.9809,0.0669,1.0969,1.0445,0.934
doriangray.txt,55619,16781,16776,0.8451,0.8738,0.99,9,1.4772,1.0142,0.0746,0.9685,1.4565,1.5252
doriangray.txt,55619,16781,16776,0.8451,0.8738,0.99,10,1.0531,0.9694,0.1119,0.8998,1.0864,1.1704
doriangray.txt,55619,16781,16776,0.8451,0.8738,0.99,11,1.2096,0.9575,0.0596,0.8795,1.2633,1.3754
doriangray.txt,55619,16781,16776,0.8451,0.8738,0.99,12,1.1985,0.9749,0.0665,1.0848,1.2294,1.1049
doriangray.txt,55619,16781,16776,0.8451,0.8738,0.99,13,1.2343,0.9924,0.0689,0.9605,1.2438,1.2851
doriangray.txt,55619,16781,16776,0.8451,0.8738,0.99,14,0.9019,0.9881,0.0787,1.0919,0.9127,0.826
doriangray.txt,55619,16781,16776,0.8451,0.8738,0.99,15,1.1683,0.9802,0.0785,0.8939,1.192,1.307
doriangray.txt,55619,16781,16776,0.8451,0.8738,0.99,16,1.0953,0.9875,0.0711,1.1093,1.1091,0.9874
doriangray.txt,55619,16781,16776,0.8451,0.8738,0.99,17,1.2651,0.9798,0.0893,0.9393,1.2912,1.3468
doriangray.txt,55619,16781,16776,0.8451,0.8738,0.99,18,1.2586,1.0066,0.0648,1.0016,1.2504,1.2566
doriangray.txt,55619,16781,16776,0.8451,0.8738,0.99,19,1.098,0.9475,0.0659,1.1317,1.1588,0.9702
doriangray.txt,55619,16781,16776,0.8451,0.8738,0.99,20,1.0786,0.975,0.0955,0.8505,1.1063,1.2682
eng_missisipi.txt,145924,52862,52741,0.774,0.8275,0.6,1,0.9825,0.7746,0.0052,0.7851,1.2684,1.2514
eng_missisipi.txt,145924,52862,52741,0.774,0.8275,0.6,2,0.9359,0.7744,0.0056,0.7837,1.2085,1.1942
eng_missisipi.txt,145924,52862,52741,0.774,0.8275,0.6,3,0.9337,0.7738,0.0059,0.7792,1.2066,1.1983
eng_missisipi.txt,145924,52862,52741,0.774,0.8275,0.6,4,0.9787,0.773,0.0039,0.7794,1.266,1.2558
eng_missisipi.txt,145924,52862,52741,0.774,0.8275,0.6,5,0.8723,0.7759,0.0057,0.7729,1.1243,1.1285
eng_missisipi.txt,145924,52862,52741,0.774,0.8275,0.6,6,0.9109,0.7746,0.0056,0.7795,1.1759,1.1685
eng_missisipi.txt,145924,52862,52741,0.774,0.8275,0.6,7,0.8678,0.7745,0.0056,0.7823,1.1205,1.1092
eng_missisipi.txt,145924,52862,52741,0.774,0.8275,0.6,8,0.9139,0.7729,0.0059,0.7751,1.1825,1.179
eng_missisipi.txt,145924,52862,52741,0.774,0.8275,0.6,9,0.9094,0.7741,0.0042,0.7722,1.1748,1.1777
eng_missisipi.txt,145924,52862,52741,0.774,0.8275,0.6,10,0.8599,0.774,0.0044,0.7702,1.1109,1.1164
eng_missisipi.txt,145924,52862,52741,0.774,0.8275,0.6,11,0.8293,0.7745,0.0042,0.7872,1.0708,1.0535
eng_missisipi.txt,145924,52862,52741,0.774,0.8275,0.6,12,0.8391,0.7757,0.0044,0.7725,1.0817,1.0863
eng_missisipi.txt,145924,52862,52741,0.774,0.8275,0.6,13,0.8474,0.7752,0.0039,0.7657,1.0931,1.1067
eng_missisipi.txt,145924,52862,52741,0.774,0.8275,0.6,14,0.8482,0.7752,0.0061,0.7708,1.0942,1.1005
eng_missisipi.txt,145924,52862,52741,0.774,0.8275,0.6,15,0.8424,0.7743,0.0049,0.7775,1.088,1.0835
eng_missisipi.txt,145924,52862,52741,0.774,0.8275,0.6,16,0.8321,0.7728,0.0045,0.78,1.0767,1.0668
eng_missisipi.txt,145924,52862,52741,0.774,0.8275,0.6,17,0.859,0.7746,0.0051,0.7756,1.109,1.1076
eng_missisipi.txt,145924,52862,52741,0.774,0.8275,0.6,18,0.8301,0.7738,0.0052,0.784,1.0728,1.0588
eng_missisipi.txt,145924,52862,52741,0.774,0.8275,0.6,19,0.8315,0.776,0.0047,0.7791,1.0715,1.0673
eng_missisipi.txt,145924,52862,52741,0.774,0.8275,0.6,20,0.8502,0.775,0.0049,0.7714,1.0971,1.1022
eng_missisipi.txt,145924,52862,52741,0.774,0.8275,0.7,1,1.0929,0.837,0.0055,0.8522,1.3057,1.2824
eng_missisipi.txt,145924,52862,52741,0.774,0.8275,0.7,2,1.0296,0.837,0.0075,0.8457,1.2301,1.2175
eng_missisipi.txt,145924,52862,52741,0.774,0.8275,0.7,3,1.0272,0.8353,0.0079,0.8359,1.2297,1.2289
eng_missisipi.txt,145924,52862,52741,0.774,0.8275,0.7,4,1.0898,0.8368,0.0039,0.8436,1.3023,1.2918
eng_missisipi.txt,145924,52862,52741,0.774,0.8275,0.7,5,0.9489,0.8364,0.0055,0.8396,1.1345,1.1301
eng_missisipi.txt,145924,52862,52741,0.774,0.8275,0.7,6,1.0216,0.8363,0.0046,0.8316,1.2216,1.2285
eng_missisipi.txt,145924,52862,52741,0.774,0.8275,0.7,7,0.955,0.8358,0.0061,0.8428,1.1427,1.1331
eng_missisipi.txt,145924,52862,52741,0.774,0.8275,0.7,8,1.0123,0.8356,0.0064,0.8284,1.2114,1.222
eng_missisipi.txt,145924,52862,52741,0.774,0.8275,0.7,9,0.9881,0.835,0.0051,0.8363,1.1833,1.1815
eng_missisipi.txt,145924,52862,52741,0.774,0.8275,0.7,10,0.9421,0.8361,0.0054,0.8324,1.1268,1.1317
eng_missisipi.txt,145924,52862,52741,0.774,0.8275,0.7,11,0.9084,0.8355,0.0054,0.848,1.0873,1.0713
eng_missisipi.txt,145924,52862,52741,0.774,0.8275,0.7,12,0.9213,0.8381,0.0048,0.8483,1.0993,1.086
eng_missisipi.txt,145924,52862,52741,0.774,0.8275,0.7,13,0.937,0.8364,0.0068,0.8263,1.1202,1.1339
eng_missisipi.txt,145924,52862,52741,0.774,0.8275,0.7,14,0.9174,0.8367,0.0069,0.844,1.0964,1.087
eng_missisipi.txt,145924,52862,52741,0.774,0.8275,0.7,15,0.9147,0.8366,0.0055,0.828,1.0933,1.1047
eng_missisipi.txt,145924,52862,52741,0.774,0.8275,0.7,16,0.9072,0.8353,0.0068,0.8314,1.0861,1.0911
eng_missisipi.txt,145924,52862,52741,0.774,0.8275,0.7,17,0.9187,0.8364,0.0071,0.8357,1.0984,1.0993
eng_missisipi.txt,145924,52862,52741,0.774,0.8275,0.7,18,0.9161,0.8359,0.0054,0.8445,1.0959,1.0848
eng_missisipi.txt,145924,52862,52741,0.774,0.8275,0.7,19,0.9133,0.8374,0.007,0.8406,1.0907,1.0865
eng_missisipi.txt,145924,52862,52741,0.774,0.8275,0.7,20,0.9204,0.8383,0.0072,0.8319,1.0979,1.1065
eng_missisipi.txt,145924,52862,52741,0.774,0.8275,0.8,1,1.2632,0.8954,0.0085,0.9106,1.4108,1.3872
eng_missisipi.txt,145924,52862,52741,0.774,0.8275,0.8,2,1.1521,0.8937,0.0059,0.905,1.289,1.2729
eng_missisipi.txt,145924,52862,52741,0.774,0.8275,0.8,3,1.1163,0.8943,0.0081,0.8884,1.2482,1.2565
eng_missisipi.txt,145924,52862,52741,0.774,0.8275,0.8,4,1.1725,0.8935,0.0075,0.8855,1.3123,1.3242
eng_missisipi.txt,145924,52862,52741,0.774,0.8275,0.8,5,1.0557,0.8975,0.0067,0.8983,1.1763,1.1753
eng_missisipi.txt,145924,52862,52741,0.774,0.8275,0.8,6,1.1148,0.8957,0.0073,0.8875,1.2447,1.2561
eng_missisipi.txt,145924,52862,52741,0.774,0.8275,0.8,7,1.0222,0.8917,0.0074,0.8957,1.1463,1.1412
eng_missisipi.txt,145924,52862,52741,0.774,0.8275,0.8,8,1.0957,0.8948,0.0073,0.8761,1.2246,1.2507
eng_missisipi.txt,145924,52862,52741,0.774,0.8275,0.8,9,1.1015,0.8932,0.0076,0.9108,1.2332,1.2094
eng_missisipi.txt,145924,52862,52741,0.774,0.8275,0.8,10,1.0377,0.8945,0.0067,0.9062,1.16,1.1451
eng_missisipi.txt,145924,52862,52741,0.774,0.8275,0.8,11,1.0163,0.8937,0.009,0.8915,1.1372,1.14
eng_missisipi.txt,145924,52862,52741,0.774,0.8275,0.8,12,0.991,0.8951,0.0094,0.8923,1.1071,1.1105
eng_missisipi.txt,145924,52862,52741,0.774,0.8275,0.8,13,1.029,0.8948,0.0115,0.8834,1.1501,1.1649
eng_missisipi.txt,145924,52862,52741,0.774,0.8275,0.8,14,0.9897,0.8948,0.0093,0.9039,1.106,1.0949
eng_missisipi.txt,145924,52862,52741,0.774,0.8275,0.8,15,0.9803,0.8934,0.0079,0.8908,1.0973,1.1005
eng_missisipi.txt,145924,52862,52741,0.774,0.8275,0.8,16,1.0348,0.8934,0.0087,0.8921,1.1582,1.16
eng_missisipi.txt,145924,52862,52741,0.774,0.8275,0.8,17,0.9935,0.891,0.0072,0.8875,1.115,1.1193
eng_missisipi.txt,145924,52862,52741,0.774,0.8275,0.8,18,1.0346,0.894,0.0093,0.8981,1.1573,1.152
eng_missisipi.txt,145924,52862,52741,0.774,0.8275,0.8,19,0.9869,0.8988,0.0099,0.9013,1.0981,1.095
eng_missisipi.txt,145924,52862,52741,0.774,0.8275,0.8,20,1.0173,0.8949,0.0106,0.8874,1.1369,1.1465
eng_missisipi.txt,145924,52862,52741,0.774,0.8275,0.9,1,1.3819,0.9482,0.0123,0.9724,1.4574,1.4212
eng_missisipi.txt,145924,52862,52741,0.774,0.8275,0.9,2,1.24,0.9466,0.0104,0.9759,1.31,1.2707
eng_missisipi.txt,145924,52862,52741,0.774,0.8275,0.9,3,1.3479,0.9497,0.0097,0.9392,1.4192,1.4351
eng_missisipi.txt,145924,52862,52741,0.774,0.8275,0.9,4,1.2508,0.9456,0.012,0.9547,1.3228,1.3101
eng_missisipi.txt,145924,52862,52741,0.774,0.8275,0.9,5,1.1573,0.9507,0.012,0.9426,1.2173,1.2278
eng_missisipi.txt,145924,52862,52741,0.774,0.8275,0.9,6,1.2495,0.949,0.0159,0.945,1.3166,1.3222
eng_missisipi.txt,145924,52862,52741,0.774,0.8275,0.9,7,1.1476,0.9453,0.014,0.9518,1.214,1.2057
eng_missisipi.txt,145924,52862,52741,0.774,0.8275,0.9,8,1.2118,0.9511,0.015,0.9371,1.2741,1.2931
eng_missisipi.txt,145924,52862,52741,0.774,0.8275,0.9,9,1.2207,0.9483,0.0107,0.9467,1.2873,1.2894
eng_missisipi.txt,145924,52862,52741,0.774,0.8275,0.9,10,1.1053,0.9477,0.0114,0.9514,1.1663,1.1617
eng_missisipi.txt,145924,52862,52741,0.774,0.8275,0.9,11,1.1379,0.9476,0.0105,0.9766,1.2009,1.1652
eng_missisipi.txt,145924,52862,52741,0.774,0.8275,0.9,12,1.0573,0.946,0.0103,0.948,1.1176,1.1153
eng_missisipi.txt,145924,52862,52741,0.774,0.8275,0.9,13,1.1228,0.9489,0.0123,0.9421,1.1832,1.1918
eng_missisipi.txt,145924,52862,52741,0.774,0.8275,0.9,14,1.0778,0.9466,0.0132,0.9472,1.1386,1.1379
eng_missisipi.txt,145924,52862,52741,0.774,0.8275,0.9,15,1.1123,0.9466,0.0117,0.9235,1.1751,1.2044
eng_missisipi.txt,145924,52862,52741,0.774,0.8275,0.9,16,1.1188,0.946,0.0114,0.9547,1.1827,1.1719
eng_missisipi.txt,145924,52862,52741,0.774,0.8275,0.9,17,1.0849,0.9413,0.0145,0.9442,1.1525,1.149
eng_missisipi.txt,145924,52862,52741,0.774,0.8275,0.9,18,1.1182,0.9499,0.0098,0.9537,1.1771,1.1726
eng_missisipi.txt,145924,52862,52741,0.774,0.8275,0.9,19,1.0401,0.9541,0.0127,0.9464,1.0901,1.0989
eng_missisipi.txt,145924,52862,52741,0.774,0.8275,0.9,20,1.0651,0.9524,0.0108,0.9401,1.1183,1.1329
eng_missisipi.txt,145924,52862,52741,0.774,0.8275,0.95,1,1.5195,0.9717,0.0169,0.9593,1.5638,1.584
eng_missisipi.txt,145924,52862,52741,0.774,0.8275,0.95,2,1.2367,0.9768,0.0146,1.0135,1.2661,1.2203
eng_missisipi.txt,145924,52862,52741,0.774,0.8275,0.95,3,1.4325,0.9713,0.0191,0.9629,1.4748,1.4877
eng_missisipi.txt,145924,52862,52741,0.774,0.8275,0.95,4,1.3045,0.9714,0.0149,0.9774,1.3429,1.3346
eng_missisipi.txt,145924,52862,52741,0.774,0.8275,0.95,5,1.2614,0.9702,0.0178,0.9882,1.3001,1.2764
eng_missisipi.txt,145924,52862,52741,0.774,0.8275,0.95,6,1.3445,0.9696,0.0156,0.9877,1.3866,1.3612
eng_missisipi.txt,145924,52862,52741,0.774,0.8275,0.95,7,1.3062,0.9677,0.0186,0.9919,1.3498,1.3168
eng_missisipi.txt,145924,52862,52741,0.774,0.8275,0.95,8,1.2801,0.9812,0.0223,0.954,1.3046,1.3419
eng_missisipi.txt,145924,52862,52741,0.774,0.8275,0.95,9,1.2333,0.9802,0.0136,0.9778,1.2582,1.2613
eng_missisipi.txt,145924,52862,52741,0.774,0.8275,0.95,10,1.175,0.9773,0.02,1.0086,1.2023,1.165
eng_missisipi.txt,145924,52862,52741,0.774,0.8275,0.95,11,1.2984,0.9765,0.0151,0.9815,1.3296,1.3229
eng_missisipi.txt,145924,52862,52741,0.774,0.8275,0.95,12,1.1004,0.9682,0.0145,0.9798,1.1365,1.123
eng_missisipi.txt,145924,52862,52741,0.774,0.8275,0.95,13,1.2194,0.9727,0.0183,0.971,1.2536,1.2559
eng_missisipi.txt,145924,52862,52741,0.774,0.8275,0.95,14,1.1935,0.9676,0.0235,0.9625,1.2335,1.24
eng_missisipi.txt,145924,52862,52741,0.774,0.8275,0.95,15,1.1307,0.9726,0.0238,0.95,1.1626,1.1902
eng_missisipi.txt,145924,52862,52741,0.774,0.8275,0.95,16,1.2029,0.9803,0.0185,1.0086,1.2271,1.1927
eng_missisipi.txt,145924,52862,52741,0.774,0.8275,0.95,17,1.1503,0.9739,0.0207,0.9812,1.181,1.1723
eng_missisipi.txt,145924,52862,52741,0.774,0.8275,0.95,18,1.1933,0.9793,0.0148,0.9868,1.2185,1.2093
eng_missisipi.txt,145924,52862,52741,0.774,0.8275,0.95,19,1.1692,0.9751,0.0163,0.9836,1.1991,1.1886
eng_missisipi.txt,145924,52862,52741,0.774,0.8275,0.95,20,1.1519,0.9778,0.0194,0.9577,1.1781,1.2028
eng_missisipi.txt,145924,52862,52741,0.774,0.8275,0.99,1,1.9314,0.9948,0.0396,0.9837,1.9415,1.9634
eng_missisipi.txt,145924,52862,52741,0.774,0.8275,0.99,2,1.6158,0.9946,0.0345,1.0079,1.6247,1.6031
eng_missisipi.txt,145924,52862,52741,0.774,0.8275,0.99,3,1.5542,1.0099,0.0534,0.9984,1.539,1.5567
eng_missisipi.txt,145924,52862,52741,0.774,0.8275,0.99,4,1.5053,0.9963,0.047,0.9848,1.511,1.5285
eng_missisipi.txt,145924,52862,52741,0.774,0.8275,0.99,5,1.4035,0.9906,0.0445,0.9687,1.4168,1.4488
eng_missisipi.txt,145924,52862,52741,0.774,0.8275,0.99,6,1.4779,0.9933,0.0475,0.9626,1.4879,1.5353
eng_missisipi.txt,145924,52862,52741,0.774,0.8275,0.99,7,1.7021,1.0003,0.0558,0.9591,1.7016,1.7746
eng_missisipi.txt,145924,52862,52741,0.774,0.8275,0.99,8,1.2928,0.9934,0.0322,0.9434,1.3014,1.3704
eng_missisipi.txt,145924,52862,52741,0.774,0.8275,0.99,9,1.2411,0.9927,0.0419,0.9106,1.2503,1.363
eng_missisipi.txt,145924,52862,52741,0.774,0.8275,0.99,10,1.1891,0.9804,0.0405,0.994,1.2129,1.1963
eng_missisipi.txt,145924,52862,52741,0.774,0.8275,0.99,11,2.0154,0.9987,0.0489,1.0105,2.018,1.9945
eng_missisipi.txt,145924,52862,52741,0.774,0.8275,0.99,12,1.583,0.9916,0.036,0.972,1.5963,1.6286
eng_missisipi.txt,145924,52862,52741,0.774,0.8275,0.99,13,1.3905,0.9955,0.0442,1.0915,1.3967,1.2739
eng_missisipi.txt,145924,52862,52741,0.774,0.8275,0.99,14,1.7048,0.9936,0.0407,1.0113,1.7158,1.6858
eng_missisipi.txt,145924,52862,52741,0.774,0.8275,0.99,15,1.1866,0.9984,0.0476,0.9347,1.1885,1.2695
eng_missisipi.txt,145924,52862,52741,0.774,0.8275,0.99,16,1.3095,0.9915,0.0335,1.0531,1.3208,1.2435
eng_missisipi.txt,145924,52862,52741,0.774,0.8275,0.99,17,1.2812,0.9902,0.0338,1.0558,1.2939,1.2135
eng_missisipi.txt,145924,52862,52741,0.774,0.8275,0.99,18,1.2053,0.9903,0.0532,0.9825,1.2171,1.2268
eng_missisipi.txt,145924,52862,52741,0.774,0.8275,0.99,19,1.3239,0.9722,0.0281,0.9455,1.3618,1.4003
eng_missisipi.txt,145924,52862,52741,0.774,0.8275,0.99,20,1.2292,0.9995,0.0453,0.9173,1.2297,1.3399
eng_moby.txt,215652,83593,82773,0.6942,0.735,0.6,1,0.8346,0.7746,0.0041,0.7844,1.0774,1.064
eng_moby.txt,215652,83593,82773,0.6942,0.735,0.6,2,1.003,0.7746,0.0045,0.771,1.2949,1.3009
eng_moby.txt,215652,83593,82773,0.6942,0.735,0.6,3,0.9495,0.7747,0.0028,0.7761,1.2256,1.2234
eng_moby.txt,215652,83593,82773,0.6942,0.735,0.6,4,0.9627,0.7756,0.0045,0.7718,1.2412,1.2473
eng_moby.txt,215652,83593,82773,0.6942,0.735,0.6,5,0.8938,0.7741,0.0052,0.7788,1.1547,1.1477
eng_moby.txt,215652,83593,82773,0.6942,0.735,0.6,6,0.8828,0.7757,0.0045,0.767,1.138,1.1509
eng_moby.txt,215652,83593,82773,0.6942,0.735,0.6,7,0.8778,0.7741,0.004,0.772,1.134,1.1371
eng_moby.txt,215652,83593,82773,0.6942,0.735,0.6,8,0.8666,0.7741,0.0046,0.7792,1.1194,1.1121
eng_moby.txt,215652,83593,82773,0.6942,0.735,0.6,9,0.8843,0.7748,0.0039,0.7745,1.1414,1.1418
eng_moby.txt,215652,83593,82773,0.6942,0.735,0.6,10,0.8397,0.7753,0.0033,0.7789,1.0831,1.0781
eng_moby.txt,215652,83593,82773,0.6942,0.735,0.6,11,0.847,0.7753,0.0044,0.7687,1.0925,1.1018
eng_moby.txt,215652,83593,82773,0.6942,0.735,0.6,12,0.8678,0.7751,0.0048,0.7729,1.1197,1.1229
eng_moby.txt,215652,83593,82773,0.6942,0.735,0.6,13,0.8799,0.7756,0.0042,0.7734,1.1346,1.1377
eng_moby.txt,215652,83593,82773,0.6942,0.735,0.6,14,0.848,0.7764,0.0038,0.7785,1.0921,1.0892
eng_moby.txt,215652,83593,82773,0.6942,0.735,0.6,15,0.8416,0.7764,0.0038,0.7765,1.0841,1.0839
eng_moby.txt,215652,83593,82773,0.6942,0.735,0.6,16,0.8411,0.7749,0.0036,0.7681,1.0854,1.095
eng_moby.txt,215652,83593,82773,0.6942,0.735,0.6,17,0.8374,0.7742,0.0051,0.7767,1.0816,1.0781
eng_moby.txt,215652,83593,82773,0.6942,0.735,0.6,18,0.8296,0.7748,0.0039,0.7761,1.0707,1.0689
eng_moby.txt,215652,83593,82773,0.6942,0.735,0.6,19,0.8262,0.7752,0.0029,0.7777,1.0658,1.0623
eng_moby.txt,215652,83593,82773,0.6942,0.735,0.6,20,0.829,0.7757,0.0047,0.7764,1.0688,1.0678
eng_moby.txt,215652,83593,82773,0.6942,0.735,0.7,1,0.9291,0.8377,0.0057,0.8423,1.1091,1.1031
eng_moby.txt,215652,83593,82773,0.6942,0.735,0.7,2,1.088,0.8375,0.0066,0.8406,1.2991,1.2943
eng_moby.txt,215652,83593,82773,0.6942,0.735,0.7,3,1.0654,0.837,0.0051,0.8424,1.2729,1.2648
eng_moby.txt,215652,83593,82773,0.6942,0.735,0.7,4,1.055,0.8356,0.0053,0.8359,1.2625,1.2621
eng_moby.txt,215652,83593,82773,0.6942,0.735,0.7,5,0.9867,0.8363,0.0051,0.8505,1.1799,1.1602
eng_moby.txt,215652,83593,82773,0.6942,0.735,0.7,6,0.9839,0.8381,0.0051,0.8279,1.1739,1.1884
eng_moby.txt,215652,83593,82773,0.6942,0.735,0.7,7,0.9717,0.8368,0.0047,0.8363,1.1611,1.1619
eng_moby.txt,215652,83593,82773,0.6942,0.735,0.7,8,0.9519,0.836,0.0064,0.8448,1.1386,1.1268
eng_moby.txt,215652,83593,82773,0.6942,0.735,0.7,9,0.9734,0.8374,0.0047,0.8375,1.1623,1.1622
eng_moby.txt,215652,83593,82773,0.6942,0.735,0.7,10,0.929,0.8382,0.0051,0.8354,1.1084,1.1121
eng_moby.txt,215652,83593,82773,0.6942,0.735,0.7,11,0.9368,0.8383,0.0036,0.8293,1.1175,1.1297
eng_moby.txt,215652,83593,82773,0.6942,0.735,0.7,12,0.9672,0.8363,0.0049,0.8345,1.1564,1.159
eng_moby.txt,215652,83593,82773,0.6942,0.735,0.7,13,0.9665,0.838,0.0047,0.8312,1.1533,1.1628
eng_moby.txt,215652,83593,82773,0.6942,0.735,0.7,14,0.9277,0.8373,0.0062,0.8272,1.108,1.1215
eng_moby.txt,215652,83593,82773,0.6942,0.735,0.7,15,0.9082,0.8366,0.0053,0.838,1.0856,1.0838
eng_moby.txt,215652,83593,82773,0.6942,0.735,0.7,16,0.9144,0.838,0.0055,0.8299,1.0912,1.1018
eng_moby.txt,215652,83593,82773,0.6942,0.735,0.7,17,0.9173,0.8343,0.0068,0.8326,1.0995,1.1018
eng_moby.txt,215652,83593,82773,0.6942,0.735,0.7,18,0.8989,0.8374,0.0052,0.8426,1.0735,1.0669
eng_moby.txt,215652,83593,82773,0.6942,0.735,0.7,19,0.8978,0.837,0.0056,0.8408,1.0726,1.0678
eng_moby.txt,215652,83593,82773,0.6942,0.735,0.7,20,0.9005,0.8357,0.0051,0.8381,1.0775,1.0744
eng_moby.txt,215652,83593,82773,0.6942,0.735,0.8,1,1.0025,0.8969,0.0077,0.9048,1.1177,1.1079
eng_moby.txt,215652,83593,82773,0.6942,0.735,0.8,2,1.1372,0.8926,0.0056,0.902,1.274,1.2607
eng_moby.txt,215652,83593,82773,0.6942,0.735,0.8,3,1.1626,0.8955,0.0062,0.9036,1.2984,1.2866
eng_moby.txt,215652,83593,82773,0.6942,0.735,0.8,4,1.1289,0.8959,0.0067,0.8947,1.26,1.2617
eng_moby.txt,215652,83593,82773,0.6942,0.735,0.8,5,1.0789,0.8939,0.0071,0.9103,1.207,1.1852
eng_moby.txt,215652,83593,82773,0.6942,0.735,0.8,6,1.1114,0.895,0.0067,0.8837,1.2418,1.2576
eng_moby.txt,215652,83593,82773,0.6942,0.735,0.8,7,1.0745,0.896,0.0047,0.9073,1.1992,1.1844
eng_moby.txt,215652,83593,82773,0.6942,0.735,0.8,8,1.0094,0.895,0.0067,0.8999,1.1278,1.1216
eng_moby.txt,215652,83593,82773,0.6942,0.735,0.8,9,1.0569,0.8933,0.0083,0.9022,1.1831,1.1714
eng_moby.txt,215652,83593,82773,0.6942,0.735,0.8,10,1.0344,0.896,0.0093,0.9136,1.1545,1.1322
eng_moby.txt,215652,83593,82773,0.6942,0.735,0.8,11,1.0048,0.8971,0.0046,0.8843,1.1202,1.1363
eng_moby.txt,215652,83593,82773,0.6942,0.735,0.8,12,1.0879,0.8954,0.0069,0.8957,1.215,1.2145
eng_moby.txt,215652,83593,82773,0.6942,0.735,0.8,13,1.0631,0.8938,0.0065,0.8855,1.1895,1.2005
eng_moby.txt,215652,83593,82773,0.6942,0.735,0.8,14,0.9991,0.8965,0.0078,0.8891,1.1144,1.1237
eng_moby.txt,215652,83593,82773,0.6942,0.735,0.8,15,0.9726,0.8936,0.0065,0.8968,1.0884,1.0845
eng_moby.txt,215652,83593,82773,0.6942,0.735,0.8,16,0.9928,0.8991,0.0062,0.8928,1.1042,1.112
eng_moby.txt,215652,83593,82773,0.6942,0.735,0.8,17,0.9998,0.8941,0.0071,0.8958,1.1182,1.1161
eng_moby.txt,215652,83593,82773,0.6942,0.735,0.8,18,0.9619,0.8942,0.0079,0.9013,1.0758,1.0672
eng_moby.txt,215652,83593,82773,0.6942,0.735,0.8,19,0.9569,0.8919,0.006,0.8925,1.0729,1.0722
eng_moby.txt,215652,83593,82773,0.6942,0.735,0.8,20,0.994,0.892,0.008,0.8933,1.1143,1.1127
eng_moby.txt,215652,83593,82773,0.6942,0.735,0.9,1,1.1782,0.9504,0.0072,0.9485,1.2397,1.2422
eng_moby.txt,215652,83593,82773,0.6942,0.735,0.9,2,1.2405,0.9495,0.0091,0.943,1.3066,1.3156
eng_moby.txt,215652,83593,82773,0.6942,0.735,0.9,3,1.3024,0.9476,0.0108,0.9663,1.3744,1.3478
eng_moby.txt,215652,83593,82773,0.6942,0.735,0.9,4,1.2176,0.9496,0.0097,0.9332,1.2822,1.3047
eng_moby.txt,215652,83593,82773,0.6942,0.735,0.9,5,1.1731,0.9488,0.0101,0.9618,1.2364,1.2197
eng_moby.txt,215652,83593,82773,0.6942,0.735,0.9,6,1.2793,0.9477,0.0108,0.9473,1.3499,1.3504
eng_moby.txt,215652,83593,82773,0.6942,0.735,0.9,7,1.2107,0.9507,0.0094,0.9473,1.2735,1.278
eng_moby.txt,215652,83593,82773,0.6942,0.735,0.9,8,1.1292,0.9492,0.0093,0.96,1.1896,1.1763
eng_moby.txt,215652,83593,82773,0.6942,0.735,0.9,9,1.1529,0.9487,0.0089,0.9439,1.2152,1.2214
eng_moby.txt,215652,83593,82773,0.6942,0.735,0.9,10,1.1867,0.9504,0.0096,0.9685,1.2487,1.2254
eng_moby.txt,215652,83593,82773,0.6942,0.735,0.9,11,1.1091,0.9486,0.0112,0.9452,1.1693,1.1734
eng_moby.txt,215652,83593,82773,0.6942,0.735,0.9,12,1.1907,0.9492,0.0111,0.9439,1.2544,1.2615
eng_moby.txt,215652,83593,82773,0.6942,0.735,0.9,13,1.0981,0.9481,0.0081,0.9446,1.1582,1.1625
eng_moby.txt,215652,83593,82773,0.6942,0.735,0.9,14,1.0838,0.9466,0.0091,0.9324,1.145,1.1624
eng_moby.txt,215652,83593,82773,0.6942,0.735,0.9,15,1.07,0.947,0.0095,0.9461,1.1299,1.1309
eng_moby.txt,215652,83593,82773,0.6942,0.735,0.9,16,1.1219,0.9506,0.0101,0.9252,1.1802,1.2125
eng_moby.txt,215652,83593,82773,0.6942,0.735,0.9,17,1.0811,0.9518,0.009,0.9588,1.1359,1.1275
eng_moby.txt,215652,83593,82773,0.6942,0.735,0.9,18,1.0779,0.9518,0.0082,0.9421,1.1325,1.1441
eng_moby.txt,215652,83593,82773,0.6942,0.735,0.9,19,1.0574,0.9494,0.0089,0.9559,1.1137,1.1062
eng_moby.txt,215652,83593,82773,0.6942,0.735,0.9,20,1.0911,0.9481,0.0097,0.9412,1.1508,1.1593
eng_moby.txt,215652,83593,82773,0.6942,0.735,0.95,1,1.2347,0.9779,0.0181,0.9489,1.2626,1.3012
eng_moby.txt,215652,83593,82773,0.6942,0.735,0.95,2,1.3586,0.9734,0.019,0.9596,1.3958,1.4157
eng_moby.txt,215652,83593,82773,0.6942,0.735,0.95,3,1.3642,0.9704,0.018,0.9794,1.4059,1.393
eng_moby.txt,215652,83593,82773,0.6942,0.735,0.95,4,1.3459,0.9715,0.0145,0.9442,1.3853,1.4253
eng_moby.txt,215652,83593,82773,0.6942,0.735,0.95,5,1.2422,0.9794,0.0146,0.9791,1.2683,1.2688
eng_moby.txt,215652,83593,82773,0.6942,0.735,0.95,6,1.3009,0.9769,0.0162,0.9968,1.3317,1.3051
eng_moby.txt,215652,83593,82773,0.6942,0.735,0.95,7,1.3739,0.9731,0.012,0.9825,1.412,1.3984
eng_moby.txt,215652,83593,82773,0.6942,0.735,0.95,8,1.2267,0.9754,0.0162,0.9709,1.2577,1.2636
eng_moby.txt,215652,83593,82773,0.6942,0.735,0.95,9,1.2918,0.9739,0.017,0.9549,1.3264,1.3528
eng_moby.txt,215652,83593,82773,0.6942,0.735,0.95,10,1.2601,0.9714,0.015,0.9916,1.2971,1.2707
eng_moby.txt,215652,83593,82773,0.6942,0.735,0.95,11,1.1717,0.9782,0.0183,0.9828,1.1978,1.1923
eng_moby.txt,215652,83593,82773,0.6942,0.735,0.95,12,1.2862,0.9713,0.0165,0.9777,1.3243,1.3155
eng_moby.txt,215652,83593,82773,0.6942,0.735,0.95,13,1.1248,0.9745,0.0172,0.954,1.1542,1.179
eng_moby.txt,215652,83593,82773,0.6942,0.735,0.95,14,1.1487,0.9763,0.0096,0.9732,1.1767,1.1804
eng_moby.txt,215652,83593,82773,0.6942,0.735,0.95,15,1.1625,0.9746,0.0137,0.9759,1.1928,1.1912
eng_moby.txt,215652,83593,82773,0.6942,0.735,0.95,16,1.1504,0.9797,0.0165,0.9613,1.1743,1.1967
eng_moby.txt,215652,83593,82773,0.6942,0.735,0.95,17,1.1412,0.9754,0.0175,0.9848,1.17,1.1588
eng_moby.txt,215652,83593,82773,0.6942,0.735,0.95,18,1.1564,0.9732,0.0104,0.9723,1.1882,1.1893
eng_moby.txt,215652,83593,82773,0.6942,0.735,0.95,19,1.1233,0.977,0.0144,0.9564,1.1498,1.1746
eng_moby.txt,215652,83593,82773,0.6942,0.735,0.95,20,1.1702,0.9717,0.0129,0.9779,1.2043,1.1966
eng_moby.txt,215652,83593,82773,0.6942,0.735,0.99,1,1.5134,0.9937,0.0277,0.9763,1.5229,1.5501
eng_moby.txt,215652,83593,82773,0.6942,0.735,0.99,2,1.5093,1.0012,0.0383,0.9865,1.5075,1.53
eng_moby.txt,215652,83593,82773,0.6942,0.735,0.99,3,1.4348,0.9988,0.0331,1.0658,1.4365,1.3463
eng_moby.txt,215652,83593,82773,0.6942,0.735,0.99,4,1.6876,0.9925,0.0342,1.0207,1.7004,1.6534
eng_moby.txt,215652,83593,82773,0.6942,0.735,0.99,5,1.2051,0.9839,0.0243,0.9427,1.2248,1.2783
eng_moby.txt,215652,83593,82773,0.6942,0.735,0.99,6,1.3543,0.9887,0.0286,1.0677,1.3697,1.2684
eng_moby.txt,215652,83593,82773,0.6942,0.735,0.99,7,2.4858,0.994,0.0272,1.0131,2.5007,2.4536
eng_moby.txt,215652,83593,82773,0.6942,0.735,0.99,8,1.5286,0.9987,0.0443,0.9422,1.5306,1.6224
eng_moby.txt,215652,83593,82773,0.6942,0.735,0.99,9,1.4503,0.9841,0.0278,1.0035,1.4737,1.4451
eng_moby.txt,215652,83593,82773,0.6942,0.735,0.99,10,1.8951,0.9879,0.0282,1.0208,1.9183,1.8565
eng_moby.txt,215652,83593,82773,0.6942,0.735,0.99,11,1.3849,0.9965,0.0363,1.0001,1.3897,1.3847
eng_moby.txt,215652,83593,82773,0.6942,0.735,0.99,12,1.2205,1.0064,0.0337,0.9799,1.2127,1.2454
eng_moby.txt,215652,83593,82773,0.6942,0.735,0.99,13,1.1993,0.9898,0.0384,0.9512,1.2116,1.2608
eng_moby.txt,215652,83593,82773,0.6942,0.735,0.99,14,1.3371,0.9876,0.0281,0.9657,1.354,1.3846
eng_moby.txt,215652,83593,82773,0.6942,0.735,0.99,15,1.7016,0.9852,0.0282,1.0171,1.7271,1.673
eng_moby.txt,215652,83593,82773,0.6942,0.735,0.99,16,1.2324,0.9955,0.0367,1.0258,1.238,1.2014
eng_moby.txt,215652,83593,82773,0.6942,0.735,0.99,17,1.2299,0.9843,0.0245,1.0008,1.2495,1.2289
eng_moby.txt,215652,83593,82773,0.6942,0.735,0.99,18,1.3431,0.9867,0.0379,0.9803,1.3611,1.3701
eng_moby.txt,215652,83593,82773,0.6942,0.735,0.99,19,1.6337,0.9897,0.0271,0.9501,1.6506,1.7194
eng_moby.txt,215652,83593,82773,0.6942,0.735,0.99,20,1.3506,0.9827,0.0288,0.9849,1.3745,1.3714
eng_pride.txt,122226,42667,42364,0.6417,0.6656,0.6,1,0.831,0.7765,0.0064,0.7771,1.0702,1.0694
eng_pride.txt,122226,42667,42364,0.6417,0.6656,0.6,2,0.9507,0.7761,0.0055,0.7734,1.225,1.2293
eng_pride.txt,122226,42667,42364,0.6417,0.6656,0.6,3,0.8827,0.7748,0.0052,0.7813,1.1394,1.1299
eng_pride.txt,122226,42667,42364,0.6417,0.6656,0.6,4,0.9259,0.7734,0.0064,0.7761,1.1973,1.1931
eng_pride.txt,122226,42667,42364,0.6417,0.6656,0.6,5,0.861,0.7803,0.0065,0.7784,1.1034,1.1061
eng_pride.txt,122226,42667,42364,0.6417,0.6656,0.6,6,0.8612,0.774,0.0069,0.7792,1.1127,1.1051
eng_pride.txt,122226,42667,42364,0.6417,0.6656,0.6,7,0.8468,0.7783,0.0066,0.771,1.0879,1.0982
eng_pride.txt,122226,42667,42364,0.6417,0.6656,0.6,8,0.8331,0.773,0.0047,0.7666,1.0778,1.0868
eng_pride.txt,122226,42667,42364,0.6417,0.6656,0.6,9,0.8227,0.775,0.0053,0.7634,1.0616,1.0777
eng_pride.txt,122226,42667,42364,0.6417,0.6656,0.6,10,0.847,0.7743,0.0047,0.7729,1.0939,1.0958
eng_pride.txt,122226,42667,42364,0.6417,0.6656,0.6,11,0.814,0.7755,0.007,0.7841,1.0496,1.0381
eng_pride.txt,122226,42667,42364,0.6417,0.6656,0.6,12,0.8153,0.7761,0.006,0.7753,1.0506,1.0516
eng_pride.txt,122226,42667,42364,0.6417,0.6656,0.6,13,0.8218,0.7762,0.0052,0.7804,1.0587,1.0531
eng_pride.txt,122226,42667,42364,0.6417,0.6656,0.6,14,0.8383,0.7739,0.005,0.7808,1.0831,1.0736
eng_pride.txt,122226,42667,42364,0.6417,0.6656,0.6,15,0.8377,0.7744,0.0044,0.7683,1.0818,1.0903
eng_pride.txt,122226,42667,42364,0.6417,0.6656,0.6,16,0.8162,0.7771,0.0061,0.7768,1.0503,1.0507
eng_pride.txt,122226,42667,42364,0.6417,0.6656,0.6,17,0.823,0.773,0.0052,0.7788,1.0647,1.0567
eng_pride.txt,122226,42667,42364,0.6417,0.6656,0.6,18,0.8193,0.7734,0.0053,0.7785,1.0593,1.0524
eng_pride.txt,122226,42667,42364,0.6417,0.6656,0.6,19,0.8327,0.7737,0.0064,0.7657,1.0762,1.0875
eng_pride.txt,122226,42667,42364,0.6417,0.6656,0.6,20,0.7986,0.7759,0.0042,0.7723,1.0293,1.0341
eng_pride.txt,122226,42667,42364,0.6417,0.6656,0.7,1,0.9069,0.835,0.0077,0.8387,1.0861,1.0813
eng_pride.txt,122226,42667,42364,0.6417,0.6656,0.7,2,1.0749,0.8383,0.0077,0.8363,1.2822,1.2854
eng_pride.txt,122226,42667,42364,0.6417,0.6656,0.7,3,0.9732,0.8398,0.0058,0.8476,1.1588,1.1481
eng_pride.txt,122226,42667,42364,0.6417,0.6656,0.7,4,1.0389,0.8371,0.006,0.8417,1.2412,1.2344
eng_pride.txt,122226,42667,42364,0.6417,0.6656,0.7,5,0.919,0.8391,0.006,0.8344,1.0952,1.1014
eng_pride.txt,122226,42667,42364,0.6417,0.6656,0.7,6,0.947,0.8367,0.0077,0.8498,1.1319,1.1144
eng_pride.txt,122226,42667,42364,0.6417,0.6656,0.7,7,0.9136,0.84,0.0071,0.8249,1.0877,1.1075
eng_pride.txt,122226,42667,42364,0.6417,0.6656,0.7,8,0.905,0.8358,0.0067,0.8298,1.0827,1.0906
eng_pride.txt,122226,42667,42364,0.6417,0.6656,0.7,9,0.8939,0.8365,0.006,0.8253,1.0687,1.0832
eng_pride.txt,122226,42667,42364,0.6417,0.6656,0.7,10,0.9188,0.8368,0.0082,0.8352,1.0979,1.1
eng_pride.txt,122226,42667,42364,0.6417,0.6656,0.7,11,0.8939,0.8365,0.0066,0.8344,1.0686,1.0713
eng_pride.txt,122226,42667,42364,0.6417,0.6656,0.7,12,0.9158,0.8377,0.0073,0.8368,1.0932,1.0945
eng_pride.txt,122226,42667,42364,0.6417,0.6656,0.7,13,0.9018,0.8389,0.0066,0.8386,1.0749,1.0753
eng_pride.txt,122226,42667,42364,0.6417,0.6656,0.7,14,0.9044,0.8358,0.006,0.8451,1.0821,1.0701
eng_pride.txt,122226,42667,42364,0.6417,0.6656,0.7,15,0.9044,0.8345,0.0068,0.8273,1.0838,1.0933
eng_pride.txt,122226,42667,42364,0.6417,0.6656,0.7,16,0.8863,0.838,0.0071,0.8402,1.0576,1.0548
eng_pride.txt,122226,42667,42364,0.6417,0.6656,0.7,17,0.8946,0.8355,0.0075,0.8349,1.0708,1.0715
eng_pride.txt,122226,42667,42364,0.6417,0.6656,0.7,18,0.8793,0.8358,0.0066,0.8501,1.0521,1.0344
eng_pride.txt,122226,42667,42364,0.6417,0.6656,0.7,19,0.8989,0.8338,0.0065,0.8268,1.0781,1.0871
eng_pride.txt,122226,42667,42364,0.6417,0.6656,0.7,20,0.8587,0.8403,0.006,0.8344,1.0219,1.0291
eng_pride.txt,122226,42667,42364,0.6417,0.6656,0.8,1,0.9695,0.8932,0.0091,0.9124,1.0854,1.0626
eng_pride.txt,122226,42667,42364,0.6417,0.6656,0.8,2,1.1201,0.8972,0.0096,0.8901,1.2484,1.2584
eng_pride.txt,122226,42667,42364,0.6417,0.6656,0.8,3,1.0449,0.8948,0.0089,0.8981,1.1677,1.1634
eng_pride.txt,122226,42667,42364,0.6417,0.6656,0.8,4,1.1703,0.8933,0.0096,0.8894,1.3101,1.3159
eng_pride.txt,122226,42667,42364,0.6417,0.6656,0.8,5,0.9821,0.8985,0.0091,0.8783,1.0931,1.1182
eng_pride.txt,122226,42667,42364,0.6417,0.6656,0.8,6,1.013,0.892,0.0085,0.9136,1.1357,1.1088
eng_pride.txt,122226,42667,42364,0.6417,0.6656,0.8,7,0.9702,0.8986,0.0123,0.8951,1.0797,1.0838
eng_pride.txt,122226,42667,42364,0.6417,0.6656,0.8,8,0.9882,0.8977,0.0109,0.8924,1.1008,1.1073
eng_pride.txt,122226,42667,42364,0.6417,0.6656,0.8,9,0.9742,0.8935,0.0084,0.8795,1.0903,1.1076
eng_pride.txt,122226,42667,42364,0.6417,0.6656,0.8,10,1.0142,0.8944,0.0073,0.8881,1.1339,1.142
eng_pride.txt,122226,42667,42364,0.6417,0.6656,0.8,11,0.964,0.8918,0.0115,0.9076,1.0811,1.0622
eng_pride.txt,122226,42667,42364,0.6417,0.6656,0.8,12,0.9828,0.8949,0.0109,0.9099,1.0982,1.0801
eng_pride.txt,122226,42667,42364,0.6417,0.6656,0.8,13,0.9866,0.896,0.0085,0.8922,1.1011,1.1059
eng_pride.txt,122226,42667,42364,0.6417,0.6656,0.8,14,1.0086,0.8948,0.008,0.9013,1.1272,1.1191
eng_pride.txt,122226,42667,42364,0.6417,0.6656,0.8,15,0.9623,0.893,0.0097,0.8944,1.0777,1.0759
eng_pride.txt,122226,42667,42364,0.6417,0.6656,0.8,16,0.9534,0.8982,0.0067,0.9097,1.0615,1.0481
eng_pride.txt,122226,42667,42364,0.6417,0.6656,0.8,17,0.9671,0.8931,0.0094,0.9076,1.0828,1.0656
eng_pride.txt,122226,42667,42364,0.6417,0.6656,0.8,18,0.9288,0.8949,0.0081,0.9063,1.0379,1.0248
eng_pride.txt,122226,42667,42364,0.6417,0.6656,0.8,19,0.9558,0.8902,0.0073,0.8976,1.0737,1.0647
eng_pride.txt,122226,42667,42364,0.6417,0.6656,0.8,20,0.9308,0.8963,0.0091,0.8863,1.0385,1.0501
eng_pride.txt,122226,42667,42364,0.6417,0.6656,0.9,1,1.0657,0.9516,0.0158,0.9491,1.12,1.1229
eng_pride.txt,122226,42667,42364,0.6417,0.6656,0.9,2,1.2059,0.9547,0.0123,0.9567,1.2631,1.2605
eng_pride.txt,122226,42667,42364,0.6417,0.6656,0.9,3,1.1778,0.9461,0.0116,0.9567,1.245,1.2311
eng_pride.txt,122226,42667,42364,0.6417,0.6656,0.9,4,1.251,0.9465,0.0121,0.9449,1.3218,1.324
eng_pride.txt,122226,42667,42364,0.6417,0.6656,0.9,5,1.0808,0.9499,0.0156,0.9168,1.1378,1.1789
eng_pride.txt,122226,42667,42364,0.6417,0.6656,0.9,6,1.0834,0.9479,0.0131,0.9639,1.1429,1.124
eng_pride.txt,122226,42667,42364,0.6417,0.6656,0.9,7,1.0609,0.9483,0.0168,0.9713,1.1187,1.0923
eng_pride.txt,122226,42667,42364,0.6417,0.6656,0.9,8,1.0949,0.9465,0.0128,0.9526,1.1567,1.1494
eng_pride.txt,122226,42667,42364,0.6417,0.6656,0.9,9,1.0932,0.9451,0.014,0.9154,1.1566,1.1942
eng_pride.txt,122226,42667,42364,0.6417,0.6656,0.9,10,1.0989,0.9506,0.016,0.9444,1.1561,1.1637
eng_pride.txt,122226,42667,42364,0.6417,0.6656,0.9,11,1.0127,0.9451,0.0134,0.9543,1.0715,1.0612
eng_pride.txt,122226,42667,42364,0.6417,0.6656,0.9,12,1.0647,0.957,0.0137,0.9407,1.1125,1.1317
eng_pride.txt,122226,42667,42364,0.6417,0.6656,0.9,13,1.0471,0.9537,0.0139,0.9712,1.098,1.0782
eng_pride.txt,122226,42667,42364,0.6417,0.6656,0.9,14,1.1082,0.9477,0.0143,0.943,1.1693,1.1752
eng_pride.txt,122226,42667,42364,0.6417,0.6656,0.9,15,1.0221,0.9481,0.015,0.9434,1.0781,1.0834
eng_pride.txt,122226,42667,42364,0.6417,0.6656,0.9,16,1.0228,0.9528,0.0113,0.9575,1.0735,1.0683
eng_pride.txt,122226,42667,42364,0.6417,0.6656,0.9,17,1.0199,0.9489,0.0164,0.9617,1.0748,1.0605
eng_pride.txt,122226,42667,42364,0.6417,0.6656,0.9,18,0.9862,0.9542,0.0115,0.9564,1.0335,1.0312
eng_pride.txt,122226,42667,42364,0.6417,0.6656,0.9,19,1.0339,0.9429,0.0136,0.9498,1.0965,1.0885
eng_pride.txt,122226,42667,42364,0.6417,0.6656,0.9,20,1.0256,0.9479,0.0104,0.9527,1.082,1.0766
eng_pride.txt,122226,42667,42364,0.6417,0.6656,0.95,1,1.0325,0.9724,0.0246,0.9912,1.0618,1.0417
eng_pride.txt,122226,42667,42364,0.6417,0.6656,0.95,2,1.4139,0.9792,0.0252,0.9899,1.444,1.4283
eng_pride.txt,122226,42667,42364,0.6417,0.6656,0.95,3,1.2546,0.9754,0.0241,1.0094,1.2862,1.2429
eng_pride.txt,122226,42667,42364,0.6417,0.6656,0.95,4,1.2857,0.9755,0.0196,0.9631,1.318,1.335
eng_pride.txt,122226,42667,42364,0.6417,0.6656,0.95,5,1.1339,0.9751,0.0184,0.9533,1.1629,1.1894
eng_pride.txt,122226,42667,42364,0.6417,0.6656,0.95,6,1.1457,0.9759,0.0276,0.9762,1.174,1.1736
eng_pride.txt,122226,42667,42364,0.6417,0.6656,0.95,7,1.1773,0.9801,0.0219,0.9838,1.2012,1.1966
eng_pride.txt,122226,42667,42364,0.6417,0.6656,0.95,8,1.1235,0.9746,0.0171,0.9843,1.1528,1.1414
eng_pride.txt,122226,42667,42364,0.6417,0.6656,0.95,9,1.1566,0.9706,0.0226,0.9445,1.1915,1.2245
eng_pride.txt,122226,42667,42364,0.6417,0.6656,0.95,10,1.1595,0.9768,0.0258,0.987,1.187,1.1748
eng_pride.txt,122226,42667,42364,0.6417,0.6656,0.95,11,1.0953,0.9682,0.0165,0.9803,1.1312,1.1172
eng_pride.txt,122226,42667,42364,0.6417,0.6656,0.95,12,1.1344,0.9726,0.0173,0.9612,1.1664,1.1802
eng_pride.txt,122226,42667,42364,0.6417,0.6656,0.95,13,1.0899,0.9746,0.0222,0.9572,1.1182,1.1386
eng_pride.txt,122226,42667,42364,0.6417,0.6656,0.95,14,1.186,0.977,0.0191,0.9543,1.2139,1.2428
eng_pride.txt,122226,42667,42364,0.6417,0.6656,0.95,15,1.0622,0.9679,0.0174,0.9767,1.0975,1.0875
eng_pride.txt,122226,42667,42364,0.6417,0.6656,0.95,16,1.1416,0.9769,0.0239,0.9904,1.1686,1.1527
eng_pride.txt,122226,42667,42364,0.6417,0.6656,0.95,17,1.0325,0.9823,0.031,0.9802,1.0511,1.0534
eng_pride.txt,122226,42667,42364,0.6417,0.6656,0.95,18,1.062,0.9792,0.0185,0.9823,1.0846,1.0812
eng_pride.txt,122226,42667,42364,0.6417,0.6656,0.95,19,1.0898,0.9783,0.0159,0.9642,1.114,1.1303
eng_pride.txt,122226,42667,42364,0.6417,0.6656,0.95,20,1.0794,0.9702,0.017,0.9795,1.1126,1.102
eng_pride.txt,122226,42667,42364,0.6417,0.6656,0.99,1,1.1811,1.0022,0.0371,1.0694,1.1785,1.1044
eng_pride.txt,122226,42667,42364,0.6417,0.6656,0.99,2,1.657,0.9779,0.0504,0.9755,1.6943,1.6986
eng_pride.txt,122226,42667,42364,0.6417,0.6656,0.99,3,1.1782,0.9939,0.0374,0.9637,1.1854,1.2227
eng_pride.txt,122226,42667,42364,0.6417,0.6656,0.99,4,1.2782,0.9979,0.0516,1.0023,1.2809,1.2753
eng_pride.txt,122226,42667,42364,0.6417,0.6656,0.99,5,1.1253,0.9956,0.052,1.0436,1.1303,1.0783
eng_pride.txt,122226,42667,42364,0.6417,0.6656,0.99,6,1.1806,0.9932,0.0521,0.8966,1.1886,1.3167
eng_pride.txt,122226,42667,42364,0.6417,0.6656,0.99,7,1.1692,0.9922,0.0559,0.9968,1.1785,1.1729
eng_pride.txt,122226,42667,42364,0.6417,0.6656,0.99,8,1.1513,0.9936,0.0454,0.9812,1.1587,1.1734
eng_pride.txt,122226,42667,42364,0.6417,0.6656,0.99,9,1.3127,0.9782,0.0361,1.0203,1.3419,1.2866
eng_pride.txt,122226,42667,42364,0.6417,0.6656,0.99,10,1.1694,0.9887,0.0344,0.9436,1.1827,1.2393
eng_pride.txt,122226,42667,42364,0.6417,0.6656,0.99,11,1.1734,0.9903,0.0465,0.9867,1.1849,1.1892
eng_pride.txt,122226,42667,42364,0.6417,0.6656,0.99,12,1.0013,0.9947,0.0331,0.9531,1.0066,1.0506
eng_pride.txt,122226,42667,42364,0.6417,0.6656,0.99,13,1.124,0.9789,0.0509,0.9992,1.1482,1.1248
eng_pride.txt,122226,42667,42364,0.6417,0.6656,0.99,14,1.16,0.9847,0.0437,0.9837,1.178,1.1793
eng_pride.txt,122226,42667,42364,0.6417,0.6656,0.99,15,1.1454,0.9829,0.0427,0.9763,1.1654,1.1732
eng_pride.txt,122226,42667,42364,0.6417,0.6656,0.99,16,1.3685,0.9914,0.0333,0.99,1.3804,1.3823
eng_pride.txt,122226,42667,42364,0.6417,0.6656,0.99,17,1.4158,0.9754,0.0346,0.9698,1.4516,1.4599
eng_pride.txt,122226,42667,42364,0.6417,0.6656,0.99,18,0.9711,0.9812,0.0434,0.9985,0.9897,0.9726
eng_pride.txt,122226,42667,42364,0.6417,0.6656,0.99,19,1.1301,0.9831,0.063,0.9475,1.1495,1.1927
eng_pride.txt,122226,42667,42364,0.6417,0.6656,0.99,20,1.1692,0.9862,0.0508,0.9455,1.1856,1.2366
eng_quixote.txt,403152,148798,147279,0.7108,0.7581,0.6,1,0.8407,0.7747,0.0027,0.7978,1.0852,1.0537
eng_quixote.txt,403152,148798,147279,0.7108,0.7581,0.6,2,0.951,0.7751,0.0034,0.78,1.227,1.2193
eng_quixote.txt,403152,148798,147279,0.7108,0.7581,0.6,3,0.8603,0.7743,0.0042,0.7821,1.111,1.1
eng_quixote.txt,403152,148798,147279,0.7108,0.7581,0.6,4,0.9486,0.7734,0.0033,0.7728,1.2265,1.2274
eng_quixote.txt,403152,148798,147279,0.7108,0.7581,0.6,5,0.8919,0.7748,0.0027,0.7758,1.1511,1.1496
eng_quixote.txt,403152,148798,147279,0.7108,0.7581,0.6,6,0.9171,0.7749,0.0029,0.7746,1.1835,1.1839
eng_quixote.txt,403152,148798,147279,0.7108,0.7581,0.6,7,0.8689,0.7743,0.0035,0.7757,1.1221,1.1201
eng_quixote.txt,403152,148798,147279,0.7108,0.7581,0.6,8,0.8603,0.7753,0.003,0.7766,1.1096,1.1077
eng_quixote.txt,403152,148798,147279,0.7108,0.7581,0.6,9,0.8627,0.7742,0.0033,0.7797,1.1143,1.1065
eng_quixote.txt,403152,148798,147279,0.7108,0.7581,0.6,10,0.866,0.7758,0.0033,0.7719,1.1162,1.1219
eng_quixote.txt,403152,148798,147279,0.7108,0.7581,0.6,11,0.842,0.7745,0.0031,0.7726,1.0872,1.0899
eng_quixote.txt,403152,148798,147279,0.7108,0.7581,0.6,12,0.8497,0.7743,0.0031,0.7749,1.0974,1.0965
eng_quixote.txt,403152,148798,147279,0.7108,0.7581,0.6,13,0.8402,0.7758,0.003,0.7758,1.083,1.0831
eng_quixote.txt,403152,148798,147279,0.7108,0.7581,0.6,14,0.8485,0.7753,0.0029,0.7749,1.0944,1.095
eng_quixote.txt,403152,148798,147279,0.7108,0.7581,0.6,15,0.8578,0.7757,0.0033,0.7726,1.1059,1.1103
eng_quixote.txt,403152,148798,147279,0.7108,0.7581,0.6,16,0.8256,0.7755,0.0036,0.771,1.0645,1.0708
eng_quixote.txt,403152,148798,147279,0.7108,0.7581,0.6,17,0.8302,0.7736,0.0029,0.7769,1.0733,1.0686
eng_quixote.txt,403152,148798,147279,0.7108,0.7581,0.6,18,0.834,0.7759,0.003,0.7771,1.0749,1.0732
eng_quixote.txt,403152,148798,147279,0.7108,0.7581,0.6,19,0.8302,0.7749,0.0037,0.7785,1.0713,1.0665
eng_quixote.txt,403152,148798,147279,0.7108,0.7581,0.6,20,0.8269,0.7743,0.0045,0.775,1.068,1.067
eng_quixote.txt,403152,148798,147279,0.7108,0.7581,0.7,1,0.9283,0.8373,0.0039,0.8565,1.1086,1.0838
eng_quixote.txt,403152,148798,147279,0.7108,0.7581,0.7,2,1.0517,0.8364,0.0053,0.8354,1.2574,1.2589
eng_quixote.txt,403152,148798,147279,0.7108,0.7581,0.7,3,0.9535,0.8376,0.0056,0.8442,1.1383,1.1294
eng_quixote.txt,403152,148798,147279,0.7108,0.7581,0.7,4,1.0637,0.8371,0.0032,0.8377,1.2707,1.2698
eng_quixote.txt,403152,148798,147279,0.7108,0.7581,0.7,5,0.9714,0.8365,0.0037,0.8386,1.1612,1.1583
eng_quixote.txt,403152,148798,147279,0.7108,0.7581,0.7,6,0.9919,0.8357,0.0035,0.842,1.1869,1.178
eng_quixote.txt,403152,148798,147279,0.7108,0.7581,0.7,7,0.9417,0.8367,0.0032,0.8418,1.1255,1.1186
eng_quixote.txt,403152,148798,147279,0.7108,0.7581,0.7,8,0.9491,0.8365,0.0035,0.8364,1.1346,1.1348
eng_quixote.txt,403152,148798,147279,0.7108,0.7581,0.7,9,0.9412,0.8363,0.0042,0.8444,1.1255,1.1146
eng_quixote.txt,403152,148798,147279,0.7108,0.7581,0.7,10,0.9506,0.8384,0.0037,0.8403,1.1339,1.1314
eng_quixote.txt,403152,148798,147279,0.7108,0.7581,0.7,11,0.9126,0.8378,0.0046,0.8352,1.0893,1.0927
eng_quixote.txt,403152,148798,147279,0.7108,0.7581,0.7,12,0.9226,0.8376,0.0054,0.8381,1.1015,1.1009
eng_quixote.txt,403152,148798,147279,0.7108,0.7581,0.7,13,0.9107,0.8376,0.0039,0.8352,1.0874,1.0904
eng_quixote.txt,403152,148798,147279,0.7108,0.7581,0.7,14,0.9261,0.8376,0.0036,0.8362,1.1058,1.1075
eng_quixote.txt,403152,148798,147279,0.7108,0.7581,0.7,15,0.94,0.8373,0.0045,0.8316,1.1227,1.1303
eng_quixote.txt,403152,148798,147279,0.7108,0.7581,0.7,16,0.8867,0.8374,0.0039,0.8342,1.0588,1.063
eng_quixote.txt,403152,148798,147279,0.7108,0.7581,0.7,17,0.9124,0.8377,0.0035,0.8388,1.0891,1.0876
eng_quixote.txt,403152,148798,147279,0.7108,0.7581,0.7,18,0.8995,0.8374,0.0039,0.8411,1.0741,1.0695
eng_quixote.txt,403152,148798,147279,0.7108,0.7581,0.7,19,0.9119,0.8358,0.0038,0.8359,1.091,1.0909
eng_quixote.txt,403152,148798,147279,0.7108,0.7581,0.7,20,0.9017,0.8366,0.0036,0.8309,1.0777,1.0852
eng_quixote.txt,403152,148798,147279,0.7108,0.7581,0.8,1,1.0112,0.895,0.0068,0.913,1.1298,1.1076
eng_quixote.txt,403152,148798,147279,0.7108,0.7581,0.8,2,1.1263,0.8959,0.0055,0.8947,1.2571,1.2588
eng_quixote.txt,403152,148798,147279,0.7108,0.7581,0.8,3,1.057,0.8942,0.0053,0.9031,1.182,1.1704
eng_quixote.txt,403152,148798,147279,0.7108,0.7581,0.8,4,1.1897,0.8938,0.0053,0.8889,1.3311,1.3384
eng_quixote.txt,403152,148798,147279,0.7108,0.7581,0.8,5,1.0669,0.8941,0.0041,0.8945,1.1933,1.1928
eng_quixote.txt,403152,148798,147279,0.7108,0.7581,0.8,6,1.0766,0.8931,0.0057,0.9047,1.2054,1.19
eng_quixote.txt,403152,148798,147279,0.7108,0.7581,0.8,7,1.0405,0.8925,0.0045,0.8921,1.1657,1.1663
eng_quixote.txt,403152,148798,147279,0.7108,0.7581,0.8,8,1.036,0.8962,0.007,0.8846,1.1559,1.1712
eng_quixote.txt,403152,148798,147279,0.7108,0.7581,0.8,9,1.0348,0.8928,0.0044,0.8974,1.159,1.1531
eng_quixote.txt,403152,148798,147279,0.7108,0.7581,0.8,10,1.046,0.8963,0.0061,0.8974,1.167,1.1657
eng_quixote.txt,403152,148798,147279,0.7108,0.7581,0.8,11,0.9919,0.8938,0.0046,0.8976,1.1097,1.105
eng_quixote.txt,403152,148798,147279,0.7108,0.7581,0.8,12,1.003,0.8932,0.0065,0.8871,1.1229,1.1307
eng_quixote.txt,403152,148798,147279,0.7108,0.7581,0.8,13,0.9794,0.8951,0.0053,0.8984,1.0942,1.0901
eng_quixote.txt,403152,148798,147279,0.7108,0.7581,0.8,14,1.0014,0.8955,0.0055,0.8984,1.1182,1.1146
eng_quixote.txt,403152,148798,147279,0.7108,0.7581,0.8,15,1.0106,0.8952,0.005,0.8919,1.1289,1.1331
eng_quixote.txt,403152,148798,147279,0.7108,0.7581,0.8,16,0.9539,0.8929,0.0064,0.8953,1.0683,1.0655
eng_quixote.txt,403152,148798,147279,0.7108,0.7581,0.8,17,0.9875,0.8969,0.0061,0.8957,1.101,1.1025
eng_quixote.txt,403152,148798,147279,0.7108,0.7581,0.8,18,0.9884,0.8953,0.0064,0.9054,1.104,1.0917
eng_quixote.txt,403152,148798,147279,0.7108,0.7581,0.8,19,0.97,0.8944,0.005,0.8978,1.0846,1.0805
eng_quixote.txt,403152,148798,147279,0.7108,0.7581,0.8,20,0.9681,0.8968,0.0038,0.8851,1.0795,1.0938
eng_quixote.txt,403152,148798,147279,0.7108,0.7581,0.9,1,1.1289,0.9474,0.01,0.9631,1.1916,1.1722
eng_quixote.txt,403152,148798,147279,0.7108,0.7581,0.9,2,1.1945,0.9477,0.0077,0.9443,1.2604,1.2649
eng_quixote.txt,403152,148798,147279,0.7108,0.7581,0.9,3,1.2226,0.9456,0.0087,0.9568,1.293,1.2778
eng_quixote.txt,403152,148798,147279,0.7108,0.7581,0.9,4,1.3632,0.9468,0.0083,0.9388,1.4398,1.452
eng_quixote.txt,403152,148798,147279,0.7108,0.7581,0.9,5,1.1509,0.9493,0.0064,0.9455,1.2124,1.2173
eng_quixote.txt,403152,148798,147279,0.7108,0.7581,0.9,6,1.1553,0.9476,0.0073,0.9438,1.2191,1.2241
eng_quixote.txt,403152,148798,147279,0.7108,0.7581,0.9,7,1.1246,0.949,0.007,0.9642,1.185,1.1663
eng_quixote.txt,403152,148798,147279,0.7108,0.7581,0.9,8,1.1113,0.9494,0.0083,0.9464,1.1706,1.1743
eng_quixote.txt,403152,148798,147279,0.7108,0.7581,0.9,9,1.1389,0.9467,0.0066,0.959,1.203,1.1876
eng_quixote.txt,403152,148798,147279,0.7108,0.7581,0.9,10,1.1607,0.9516,0.0087,0.9545,1.2197,1.216
eng_quixote.txt,403152,148798,147279,0.7108,0.7581,0.9,11,1.0788,0.9505,0.0075,0.9533,1.1349,1.1316
eng_quixote.txt,403152,148798,147279,0.7108,0.7581,0.9,12,1.0842,0.9445,0.007,0.9479,1.1479,1.1438
eng_quixote.txt,403152,148798,147279,0.7108,0.7581,0.9,13,1.0624,0.9509,0.0056,0.962,1.1173,1.1044
eng_quixote.txt,403152,148798,147279,0.7108,0.7581,0.9,14,1.079,0.9492,0.0089,0.9426,1.1367,1.1447
eng_quixote.txt,403152,148798,147279,0.7108,0.7581,0.9,15,1.1009,0.9487,0.0063,0.9554,1.1604,1.1523
eng_quixote.txt,403152,148798,147279,0.7108,0.7581,0.9,16,1.0283,0.9464,0.0088,0.9538,1.0866,1.0782
eng_quixote.txt,403152,148798,147279,0.7108,0.7581,0.9,17,1.0743,0.9493,0.009,0.9551,1.1318,1.1248
eng_quixote.txt,403152,148798,147279,0.7108,0.7581,0.9,18,1.067,0.9516,0.0069,0.958,1.1213,1.1138
eng_quixote.txt,403152,148798,147279,0.7108,0.7581,0.9,19,1.0247,0.9504,0.0076,0.9507,1.0782,1.0778
eng_quixote.txt,403152,148798,147279,0.7108,0.7581,0.9,20,1.04,0.9502,0.0095,0.945,1.0945,1.1005
eng_quixote.txt,403152,148798,147279,0.7108,0.7581,0.95,1,1.1681,0.9749,0.0114,0.9768,1.1982,1.1959
eng_quixote.txt,403152,148798,147279,0.7108,0.7581,0.95,2,1.2239,0.9742,0.0105,0.9716,1.2563,1.2596
eng_quixote.txt,403152,148798,147279,0.7108,0.7581,0.95,3,1.3129,0.9738,0.0112,0.9633,1.3481,1.3629
eng_quixote.txt,403152,148798,147279,0.7108,0.7581,0.95,4,1.3781,0.9723,0.0093,0.9779,1.4174,1.4093
eng_quixote.txt,403152,148798,147279,0.7108,0.7581,0.95,5,1.2284,0.9705,0.0107,0.9969,1.2658,1.2323
eng_quixote.txt,403152,148798,147279,0.7108,0.7581,0.95,6,1.2482,0.9714,0.0103,0.9741,1.285,1.2815
eng_quixote.txt,403152,148798,147279,0.7108,0.7581,0.95,7,1.1802,0.9722,0.0105,0.9594,1.2139,1.23
eng_quixote.txt,403152,148798,147279,0.7108,0.7581,0.95,8,1.1953,0.9786,0.0105,0.9708,1.2215,1.2313
eng_quixote.txt,403152,148798,147279,0.7108,0.7581,0.95,9,1.2828,0.9747,0.008,0.9716,1.3161,1.3203
eng_quixote.txt,403152,148798,147279,0.7108,0.7581,0.95,10,1.2123,0.9771,0.0096,0.9886,1.2407,1.2262
eng_quixote.txt,403152,148798,147279,0.7108,0.7581,0.95,11,1.1711,0.9759,0.0119,0.9707,1.2001,1.2064
eng_quixote.txt,403152,148798,147279,0.7108,0.7581,0.95,12,1.0937,0.9708,0.0099,0.9603,1.1266,1.1389
eng_quixote.txt,403152,148798,147279,0.7108,0.7581,0.95,13,1.116,0.9728,0.0117,0.9978,1.1472,1.1185
eng_quixote.txt,403152,148798,147279,0.7108,0.7581,0.95,14,1.103,0.975,0.012,0.9691,1.1312,1.1382
eng_quixote.txt,403152,148798,147279,0.7108,0.7581,0.95,15,1.1899,0.9733,0.0118,0.9736,1.2225,1.2222
eng_quixote.txt,403152,148798,147279,0.7108,0.7581,0.95,16,1.1191,0.968,0.0131,0.9931,1.1562,1.1269
eng_quixote.txt,403152,148798,147279,0.7108,0.7581,0.95,17,1.1326,0.9795,0.0116,0.9793,1.1562,1.1565
eng_quixote.txt,403152,148798,147279,0.7108,0.7581,0.95,18,1.1709,0.977,0.0098,0.9879,1.1985,1.1853
eng_quixote.txt,403152,148798,147279,0.7108,0.7581,0.95,19,1.1146,0.9765,0.0124,0.9836,1.1414,1.1332
eng_quixote.txt,403152,148798,147279,0.7108,0.7581,0.95,20,1.1147,0.9732,0.0086,0.9517,1.1453,1.1712
eng_quixote.txt,403152,148798,147279,0.7108,0.7581,0.99,1,1.872,0.9918,0.0272,1.0081,1.8875,1.8571
eng_quixote.txt,403152,148798,147279,0.7108,0.7581,0.99,2,1.3938,0.9876,0.027,0.9828,1.4114,1.4182
eng_quixote.txt,403152,148798,147279,0.7108,0.7581,0.99,3,1.6616,0.9948,0.0346,0.9399,1.6703,1.7678
eng_quixote.txt,403152,148798,147279,0.7108,0.7581,0.99,4,1.3557,0.9946,0.0163,1.0008,1.3631,1.3546
eng_quixote.txt,403152,148798,147279,0.7108,0.7581,0.99,5,1.2575,0.9987,0.0247,0.9784,1.2591,1.2853
eng_quixote.txt,403152,148798,147279,0.7108,0.7581,0.99,6,1.4453,1.0007,0.0212,1.0263,1.4443,1.4083
eng_quixote.txt,403152,148798,147279,0.7108,0.7581,0.99,7,1.3323,0.9948,0.0226,0.9748,1.3392,1.3667
eng_quixote.txt,403152,148798,147279,0.7108,0.7581,0.99,8,1.1855,0.9996,0.0318,0.9866,1.186,1.2016
eng_quixote.txt,403152,148798,147279,0.7108,0.7581,0.99,9,1.6641,0.9939,0.0232,0.9606,1.6742,1.7323
eng_quixote.txt,403152,148798,147279,0.7108,0.7581,0.99,10,1.3667,0.9876,0.0238,0.9855,1.3839,1.3868
eng_quixote.txt,403152,148798,147279,0.7108,0.7581,0.99,11,1.9034,0.9961,0.0274,0.9539,1.9109,1.9953
eng_quixote.txt,403152,148798,147279,0.7108,0.7581,0.99,12,1.1044,0.9964,0.0254,0.9751,1.1084,1.1325
eng_quixote.txt,403152,148798,147279,0.7108,0.7581,0.99,13,1.1678,0.9949,0.0258,0.9732,1.1738,1.2
eng_quixote.txt,403152,148798,147279,0.7108,0.7581,0.99,14,1.2828,1.0004,0.0225,0.9963,1.2823,1.2876
eng_quixote.txt,403152,148798,147279,0.7108,0.7581,0.99,15,1.2823,0.9922,0.0354,0.988,1.2924,1.298
eng_quixote.txt,403152,148798,147279,0.7108,0.7581,0.99,16,1.2298,0.9899,0.0278,1.0568,1.2423,1.1637
eng_quixote.txt,403152,148798,147279,0.7108,0.7581,0.99,17,1.2914,0.9962,0.0338,0.9942,1.2963,1.2989
eng_quixote.txt,403152,148798,147279,0.7108,0.7581,0.99,18,1.3625,0.9925,0.0269,1.0093,1.3728,1.35
eng_quixote.txt,403152,148798,147279,0.7108,0.7581,0.99,19,1.349,0.9968,0.026,0.968,1.3534,1.3936
eng_quixote.txt,403152,148798,147279,0.7108,0.7581,0.99,20,1.2156,0.9922,0.0229,1.0176,1.2252,1.1945
eng_sawyer.txt,71102,22148,22085,0.7885,0.8044,0.6,1,0.8358,0.7759,0.0062,0.7737,1.0772,1.0802
eng_sawyer.txt,71102,22148,22085,0.7885,0.8044,0.6,2,1.0014,0.7737,0.0109,0.792,1.2944,1.2645
eng_sawyer.txt,71102,22148,22085,0.7885,0.8044,0.6,3,0.899,0.779,0.0073,0.7747,1.154,1.1605
eng_sawyer.txt,71102,22148,22085,0.7885,0.8044,0.6,4,0.8449,0.773,0.0078,0.7983,1.093,1.0583
eng_sawyer.txt,71102,22148,22085,0.7885,0.8044,0.6,5,0.8349,0.7732,0.0094,0.7705,1.0797,1.0835
eng_sawyer.txt,71102,22148,22085,0.7885,0.8044,0.6,6,0.8865,0.7759,0.0106,0.7799,1.1424,1.1366
eng_sawyer.txt,71102,22148,22085,0.7885,0.8044,0.6,7,0.876,0.7754,0.005,0.7856,1.1298,1.1151
eng_sawyer.txt,71102,22148,22085,0.7885,0.8044,0.6,8,0.849,0.7764,0.0062,0.7755,1.0935,1.0947
eng_sawyer.txt,71102,22148,22085,0.7885,0.8044,0.6,9,0.9129,0.7733,0.0075,0.7696,1.1805,1.1862
eng_sawyer.txt,71102,22148,22085,0.7885,0.8044,0.6,10,0.8364,0.7734,0.0073,0.768,1.0815,1.0891
eng_sawyer.txt,71102,22148,22085,0.7885,0.8044,0.6,11,0.8703,0.7751,0.0071,0.7788,1.1229,1.1175
eng_sawyer.txt,71102,22148,22085,0.7885,0.8044,0.6,12,0.8282,0.7722,0.0093,0.7836,1.0725,1.0568
eng_sawyer.txt,71102,22148,22085,0.7885,0.8044,0.6,13,0.8251,0.7759,0.0074,0.7788,1.0634,1.0594
eng_sawyer.txt,71102,22148,22085,0.7885,0.8044,0.6,14,0.8594,0.7759,0.0087,0.7748,1.1075,1.1092
eng_sawyer.txt,71102,22148,22085,0.7885,0.8044,0.6,15,0.8408,0.7739,0.007,0.7821,1.0864,1.0751
eng_sawyer.txt,71102,22148,22085,0.7885,0.8044,0.6,16,0.8405,0.775,0.006,0.7606,1.0844,1.105
eng_sawyer.txt,71102,22148,22085,0.7885,0.8044,0.6,17,0.8226,0.7768,0.0085,0.7677,1.059,1.0716
eng_sawyer.txt,71102,22148,22085,0.7885,0.8044,0.6,18,0.8378,0.7782,0.0083,0.7735,1.0765,1.0831
eng_sawyer.txt,71102,22148,22085,0.7885,0.8044,0.6,19,0.8252,0.7742,0.0103,0.7662,1.0659,1.077
eng_sawyer.txt,71102,22148,22085,0.7885,0.8044,0.6,20,0.8364,0.7767,0.0081,0.7832,1.0768,1.0679
eng_sawyer.txt,71102,22148,22085,0.7885,0.8044,0.7,1,0.923,0.8394,0.0088,0.8493,1.0996,1.0868
eng_sawyer.txt,71102,22148,22085,0.7885,0.8044,0.7,2,1.0822,0.8393,0.0109,0.8431,1.2894,1.2836
eng_sawyer.txt,71102,22148,22085,0.7885,0.8044,0.7,3,0.9814,0.8407,0.0078,0.8354,1.1674,1.1748
eng_sawyer.txt,71102,22148,22085,0.7885,0.8044,0.7,4,0.906,0.8343,0.0108,0.8551,1.0859,1.0595
eng_sawyer.txt,71102,22148,22085,0.7885,0.8044,0.7,5,0.9009,0.8375,0.0101,0.8359,1.0757,1.0777
eng_sawyer.txt,71102,22148,22085,0.7885,0.8044,0.7,6,1.0036,0.8382,0.0123,0.8287,1.1973,1.211
eng_sawyer.txt,71102,22148,22085,0.7885,0.8044,0.7,7,0.973,0.8386,0.0085,0.8408,1.1603,1.1573
eng_sawyer.txt,71102,22148,22085,0.7885,0.8044,0.7,8,0.9178,0.8356,0.0097,0.8414,1.0983,1.0908
eng_sawyer.txt,71102,22148,22085,0.7885,0.8044,0.7,9,1.004,0.8376,0.0083,0.8253,1.1986,1.2166
eng_sawyer.txt,71102,22148,22085,0.7885,0.8044,0.7,10,0.9197,0.8335,0.009,0.8244,1.1035,1.1156
eng_sawyer.txt,71102,22148,22085,0.7885,0.8044,0.7,11,0.9579,0.837,0.0079,0.846,1.1444,1.1323
eng_sawyer.txt,71102,22148,22085,0.7885,0.8044,0.7,12,0.9038,0.8336,0.0112,0.8538,1.0843,1.0586
eng_sawyer.txt,71102,22148,22085,0.7885,0.8044,0.7,13,0.8897,0.8388,0.011,0.8451,1.0607,1.0528
eng_sawyer.txt,71102,22148,22085,0.7885,0.8044,0.7,14,0.9095,0.8383,0.0093,0.8364,1.085,1.0874
eng_sawyer.txt,71102,22148,22085,0.7885,0.8044,0.7,15,0.9488,0.8336,0.0108,0.8502,1.1381,1.1159
eng_sawyer.txt,71102,22148,22085,0.7885,0.8044,0.7,16,0.9337,0.8369,0.0097,0.8354,1.1157,1.1177
eng_sawyer.txt,71102,22148,22085,0.7885,0.8044,0.7,17,0.8908,0.8372,0.0089,0.8318,1.064,1.0709
eng_sawyer.txt,71102,22148,22085,0.7885,0.8044,0.7,18,0.9224,0.84,0.0119,0.8445,1.0981,1.0922
eng_sawyer.txt,71102,22148,22085,0.7885,0.8044,0.7,19,0.8855,0.8392,0.0134,0.8253,1.0552,1.0729
eng_sawyer.txt,71102,22148,22085,0.7885,0.8044,0.7,20,0.9088,0.8398,0.0121,0.8426,1.0822,1.0787
eng_sawyer.txt,71102,22148,22085,0.7885,0.8044,0.8,1,0.9986,0.8991,0.0113,0.9194,1.1106,1.0861
eng_sawyer.txt,71102,22148,22085,0.7885,0.8044,0.8,2,1.1838,0.8971,0.0114,0.8843,1.3195,1.3386
eng_sawyer.txt,71102,22148,22085,0.7885,0.8044,0.8,3,1.091,0.8937,0.0101,0.9202,1.2207,1.1856
eng_sawyer.txt,71102,22148,22085,0.7885,0.8044,0.8,4,1.0151,0.8916,0.0124,0.9118,1.1385,1.1133
eng_sawyer.txt,71102,22148,22085,0.7885,0.8044,0.8,5,0.9854,0.8905,0.0097,0.8893,1.1066,1.108
eng_sawyer.txt,71102,22148,22085,0.7885,0.8044,0.8,6,1.0547,0.8997,0.0158,0.8997,1.1723,1.1723
eng_sawyer.txt,71102,22148,22085,0.7885,0.8044,0.8,7,1.0875,0.8978,0.0108,0.8993,1.2113,1.2093
eng_sawyer.txt,71102,22148,22085,0.7885,0.8044,0.8,8,0.9942,0.8924,0.0088,0.8882,1.1141,1.1193
eng_sawyer.txt,71102,22148,22085,0.7885,0.8044,0.8,9,1.0746,0.8933,0.0091,0.8662,1.203,1.2405
eng_sawyer.txt,71102,22148,22085,0.7885,0.8044,0.8,10,1.001,0.8881,0.0122,0.8788,1.127,1.1391
eng_sawyer.txt,71102,22148,22085,0.7885,0.8044,0.8,11,1.0109,0.8938,0.0151,0.8978,1.131,1.1259
eng_sawyer.txt,71102,22148,22085,0.7885,0.8044,0.8,12,0.9586,0.8918,0.0134,0.9196,1.0749,1.0424
eng_sawyer.txt,71102,22148,22085,0.7885,0.8044,0.8,13,0.9753,0.8955,0.0129,0.9166,1.0891,1.0641
eng_sawyer.txt,71102,22148,22085,0.7885,0.8044,0.8,14,1.0035,0.8933,0.013,0.8908,1.1234,1.1265
eng_sawyer.txt,71102,22148,22085,0.7885,0.8044,0.8,15,1.0298,0.8991,0.013,0.8996,1.1453,1.1447
eng_sawyer.txt,71102,22148,22085,0.7885,0.8044,0.8,16,1.005,0.8972,0.0102,0.8737,1.1201,1.1502
eng_sawyer.txt,71102,22148,22085,0.7885,0.8044,0.8,17,0.9936,0.8979,0.0129,0.8824,1.1066,1.126
eng_sawyer.txt,71102,22148,22085,0.7885,0.8044,0.8,18,0.9676,0.8951,0.0121,0.9117,1.081,1.0614
eng_sawyer.txt,71102,22148,22085,0.7885,0.8044,0.8,19,0.958,0.8955,0.0166,0.9044,1.0698,1.0593
eng_sawyer.txt,71102,22148,22085,0.7885,0.8044,0.8,20,0.983,0.8983,0.0135,0.9099,1.0943,1.0804
eng_sawyer.txt,71102,22148,22085,0.7885,0.8044,0.9,1,1.1565,0.9438,0.0184,0.9492,1.2253,1.2184
eng_sawyer.txt,71102,22148,22085,0.7885,0.8044,0.9,2,1.2496,0.9533,0.0205,0.9526,1.3108,1.3118
eng_sawyer.txt,71102,22148,22085,0.7885,0.8044,0.9,3,1.2008,0.9563,0.0232,0.9666,1.2558,1.2423
eng_sawyer.txt,71102,22148,22085,0.7885,0.8044,0.9,4,1.1486,0.9536,0.0171,0.9688,1.2044,1.1856
eng_sawyer.txt,71102,22148,22085,0.7885,0.8044,0.9,5,1.0763,0.9463,0.0189,0.9344,1.1374,1.1519
eng_sawyer.txt,71102,22148,22085,0.7885,0.8044,0.9,6,1.2598,0.9501,0.0235,0.9325,1.326,1.351
eng_sawyer.txt,71102,22148,22085,0.7885,0.8044,0.9,7,1.1808,0.9469,0.0172,0.9724,1.2471,1.2143
eng_sawyer.txt,71102,22148,22085,0.7885,0.8044,0.9,8,1.1104,0.9432,0.0185,0.9983,1.1773,1.1124
eng_sawyer.txt,71102,22148,22085,0.7885,0.8044,0.9,9,1.2926,0.9505,0.0147,0.9318,1.3599,1.3872
eng_sawyer.txt,71102,22148,22085,0.7885,0.8044,0.9,10,1.1266,0.9432,0.0179,0.9541,1.1945,1.1808
eng_sawyer.txt,71102,22148,22085,0.7885,0.8044,0.9,11,1.0943,0.9443,0.0185,0.9423,1.1589,1.1614
eng_sawyer.txt,71102,22148,22085,0.7885,0.8044,0.9,12,1.0747,0.948,0.0171,0.9756,1.1336,1.1016
eng_sawyer.txt,71102,22148,22085,0.7885,0.8044,0.9,13,1.1578,0.948,0.0225,0.9786,1.2214,1.1831
eng_sawyer.txt,71102,22148,22085,0.7885,0.8044,0.9,14,1.0776,0.9476,0.0261,0.9378,1.1372,1.1491
eng_sawyer.txt,71102,22148,22085,0.7885,0.8044,0.9,15,1.1603,0.9547,0.0193,0.9481,1.2153,1.2238
eng_sawyer.txt,71102,22148,22085,0.7885,0.8044,0.9,16,1.104,0.9493,0.0179,0.9566,1.163,1.1541
eng_sawyer.txt,71102,22148,22085,0.7885,0.8044,0.9,17,1.1128,0.947,0.0121,0.9538,1.1751,1.1667
eng_sawyer.txt,71102,22148,22085,0.7885,0.8044,0.9,18,1.0556,0.9457,0.0152,0.9324,1.1162,1.1322
eng_sawyer.txt,71102,22148,22085,0.7885,0.8044,0.9,19,1.0785,0.95,0.0167,0.9309,1.1353,1.1585
eng_sawyer.txt,71102,22148,22085,0.7885,0.8044,0.9,20,1.0447,0.9515,0.0181,0.9419,1.0979,1.1091
eng_sawyer.txt,71102,22148,22085,0.7885,0.8044,0.95,1,1.2628,0.9673,0.0377,0.952,1.3054,1.3265
eng_sawyer.txt,71102,22148,22085,0.7885,0.8044,0.95,2,1.2052,0.9858,0.0312,0.9568,1.2225,1.2595
eng_sawyer.txt,71102,22148,22085,0.7885,0.8044,0.95,3,1.2072,0.9808,0.0278,1.0002,1.2309,1.207
eng_sawyer.txt,71102,22148,22085,0.7885,0.8044,0.95,4,1.1419,0.9893,0.0308,0.9717,1.1542,1.1752
eng_sawyer.txt,71102,22148,22085,0.7885,0.8044,0.95,5,1.1199,0.9795,0.0303,0.9648,1.1433,1.1607
eng_sawyer.txt,71102,22148,22085,0.7885,0.8044,0.95,6,1.5123,0.9701,0.0327,0.963,1.5589,1.5704
eng_sawyer.txt,71102,22148,22085,0.7885,0.8044,0.95,7,1.2397,0.9667,0.0233,1.0037,1.2825,1.2352
eng_sawyer.txt,71102,22148,22085,0.7885,0.8044,0.95,8,1.1275,0.9719,0.03,1.0309,1.16,1.0937
eng_sawyer.txt,71102,22148,22085,0.7885,0.8044,0.95,9,1.1977,0.9825,0.0181,0.9041,1.2191,1.3247
eng_sawyer.txt,71102,22148,22085,0.7885,0.8044,0.95,10,1.1639,0.9665,0.0279,0.9577,1.2043,1.2154
eng_sawyer.txt,71102,22148,22085,0.7885,0.8044,0.95,11,1.204,0.9683,0.0289,0.9832,1.2435,1.2246
eng_sawyer.txt,71102,22148,22085,0.7885,0.8044,0.95,12,1.1082,0.9726,0.026,0.9702,1.1395,1.1422
eng_sawyer.txt,71102,22148,22085,0.7885,0.8044,0.95,13,1.1744,0.9739,0.0264,0.9982,1.2059,1.1766
eng_sawyer.txt,71102,22148,22085,0.7885,0.8044,0.95,14,1.1288,0.969,0.0198,0.9857,1.1648,1.1452
eng_sawyer.txt,71102,22148,22085,0.7885,0.8044,0.95,15,1.2498,0.9735,0.0308,0.9839,1.2838,1.2703
eng_sawyer.txt,71102,22148,22085,0.7885,0.8044,0.95,16,1.1542,0.9752,0.0229,1.001,1.1835,1.153
eng_sawyer.txt,71102,22148,22085,0.7885,0.8044,0.95,17,1.2272,0.9767,0.0333,0.9477,1.2565,1.2949
eng_sawyer.txt,71102,22148,22085,0.7885,0.8044,0.95,18,1.1211,0.9694,0.0307,0.9496,1.1565,1.1806
eng_sawyer.txt,71102,22148,22085,0.7885,0.8044,0.95,19,1.1283,0.9691,0.0287,0.9494,1.1644,1.1884
eng_sawyer.txt,71102,22148,22085,0.7885,0.8044,0.95,20,1.0753,0.98,0.0262,0.9649,1.0972,1.1143
eng_sawyer.txt,71102,22148,22085,0.7885,0.8044,0.99,1,2.0262,1.0042,0.0733,0.9744,2.0177,2.0795
eng_sawyer.txt,71102,22148,22085,0.7885,0.8044,0.99,2,1.2144,0.9826,0.0629,1.0342,1.236,1.1742
eng_sawyer.txt,71102,22148,22085,0.7885,0.8044,0.99,3,1.3195,0.9786,0.0405,1.0427,1.3483,1.2655
eng_sawyer.txt,71102,22148,22085,0.7885,0.8044,0.99,4,1.0411,0.9739,0.0416,1.0569,1.069,0.9851
eng_sawyer.txt,71102,22148,22085,0.7885,0.8044,0.99,5,1.4066,0.9702,0.0615,1.0222,1.4498,1.376
eng_sawyer.txt,71102,22148,22085,0.7885,0.8044,0.99,6,1.6622,0.9582,0.0552,1.124,1.7348,1.4789
eng_sawyer.txt,71102,22148,22085,0.7885,0.8044,0.99,7,1.1033,1.0182,0.0597,0.9551,1.0835,1.1551
eng_sawyer.txt,71102,22148,22085,0.7885,0.8044,0.99,8,1.2007,0.9705,0.078,0.9795,1.2372,1.2258
eng_sawyer.txt,71102,22148,22085,0.7885,0.8044,0.99,9,1.3535,0.9941,0.0548,1.0301,1.3616,1.314
eng_sawyer.txt,71102,22148,22085,0.7885,0.8044,0.99,10,1.0975,0.9833,0.0766,1.0327,1.1162,1.0628
eng_sawyer.txt,71102,22148,22085,0.7885,0.8044,0.99,11,1.5235,0.9926,0.0539,1.0105,1.5349,1.5076
eng_sawyer.txt,71102,22148,22085,0.7885,0.8044,0.99,12,1.1272,0.9589,0.0847,1.0858,1.1755,1.0381
eng_sawyer.txt,71102,22148,22085,0.7885,0.8044,0.99,13,1.3878,0.9857,0.0719,1.0864,1.408,1.2775
eng_sawyer.txt,71102,22148,22085,0.7885,0.8044,0.99,14,1.3866,0.9764,0.0721,0.9899,1.4201,1.4008
eng_sawyer.txt,71102,22148,22085,0.7885,0.8044,0.99,15,1.2491,1.0108,0.0844,1.1616,1.2357,1.0753
eng_sawyer.txt,71102,22148,22085,0.7885,0.8044,0.99,16,1.0587,1.0014,0.1053,0.9199,1.0572,1.1509
eng_sawyer.txt,71102,22148,22085,0.7885,0.8044,0.99,17,1.0913,0.9819,0.068,1.0675,1.1114,1.0223
eng_sawyer.txt,71102,22148,22085,0.7885,0.8044,0.99,18,1.558,0.993,0.096,0.9691,1.5689,1.6076
eng_sawyer.txt,71102,22148,22085,0.7885,0.8044,0.99,19,1.3527,1.0063,0.0727,0.9717,1.3442,1.3922
eng_sawyer.txt,71102,22148,22085,0.7885,0.8044,0.99,20,1.1524,0.9911,0.0565,0.9523,1.1628,1.2101
eng_ulysses.txt,264165,102234,101489,0.7632,0.8044,0.6,1,0.9305,0.7738,0.0035,0.7921,1.2025,1.1748
eng_ulysses.txt,264165,102234,101489,0.7632,0.8044,0.6,2,0.9758,0.776,0.0044,0.7739,1.2576,1.261
eng_ulysses.txt,264165,102234,101489,0.7632,0.8044,0.6,3,1.0632,0.7757,0.0031,0.7721,1.3706,1.377
eng_ulysses.txt,264165,102234,101489,0.7632,0.8044,0.6,4,0.9596,0.7764,0.0039,0.7796,1.2359,1.2309
eng_ulysses.txt,264165,102234,101489,0.7632,0.8044,0.6,5,0.9245,0.7734,0.0034,0.7776,1.1954,1.1889
eng_ulysses.txt,264165,102234,101489,0.7632,0.8044,0.6,6,0.9274,0.7727,0.0037,0.7697,1.2003,1.2049
eng_ulysses.txt,264165,102234,101489,0.7632,0.8044,0.6,7,0.9057,0.7733,0.0029,0.7775,1.1712,1.1649
eng_ulysses.txt,264165,102234,101489,0.7632,0.8044,0.6,8,0.9125,0.7749,0.0046,0.7844,1.1775,1.1633
eng_ulysses.txt,264165,102234,101489,0.7632,0.8044,0.6,9,0.8691,0.7751,0.0025,0.7752,1.1213,1.1211
eng_ulysses.txt,264165,102234,101489,0.7632,0.8044,0.6,10,0.8761,0.7753,0.0049,0.7724,1.13,1.1344
eng_ulysses.txt,264165,102234,101489,0.7632,0.8044,0.6,11,0.8752,0.7721,0.0033,0.7689,1.1335,1.1382
eng_ulysses.txt,264165,102234,101489,0.7632,0.8044,0.6,12,0.8723,0.7733,0.004,0.7804,1.128,1.1177
eng_ulysses.txt,264165,102234,101489,0.7632,0.8044,0.6,13,0.883,0.7743,0.0029,0.7761,1.1403,1.1376
eng_ulysses.txt,264165,102234,101489,0.7632,0.8044,0.6,14,0.8682,0.7758,0.003,0.7729,1.1192,1.1233
eng_ulysses.txt,264165,102234,101489,0.7632,0.8044,0.6,15,0.8588,0.7738,0.0038,0.774,1.1098,1.1096
eng_ulysses.txt,264165,102234,101489,0.7632,0.8044,0.6,16,0.8642,0.7748,0.0039,0.782,1.1153,1.105
eng_ulysses.txt,264165,102234,101489,0.7632,0.8044,0.6,17,0.8845,0.7731,0.0035,0.7718,1.1441,1.1461
eng_ulysses.txt,264165,102234,101489,0.7632,0.8044,0.6,18,0.8559,0.7741,0.0033,0.7719,1.1056,1.1087
eng_ulysses.txt,264165,102234,101489,0.7632,0.8044,0.6,19,0.8476,0.7736,0.0046,0.7787,1.0957,1.0884
eng_ulysses.txt,264165,102234,101489,0.7632,0.8044,0.6,20,0.8529,0.7747,0.0027,0.779,1.1009,1.095
eng_ulysses.txt,264165,102234,101489,0.7632,0.8044,0.7,1,1.0438,0.835,0.0041,0.8517,1.2501,1.2256
eng_ulysses.txt,264165,102234,101489,0.7632,0.8044,0.7,2,1.0863,0.837,0.0053,0.839,1.2978,1.2948
eng_ulysses.txt,264165,102234,101489,0.7632,0.8044,0.7,3,1.1938,0.8374,0.0049,0.837,1.4257,1.4263
eng_ulysses.txt,264165,102234,101489,0.7632,0.8044,0.7,4,1.0682,0.8371,0.0039,0.8389,1.276,1.2734
eng_ulysses.txt,264165,102234,101489,0.7632,0.8044,0.7,5,1.0192,0.8359,0.0049,0.8371,1.2193,1.2175
eng_ulysses.txt,264165,102234,101489,0.7632,0.8044,0.7,6,1.015,0.8356,0.0042,0.8332,1.2147,1.2183
eng_ulysses.txt,264165,102234,101489,0.7632,0.8044,0.7,7,0.9893,0.8356,0.0038,0.8431,1.184,1.1735
eng_ulysses.txt,264165,102234,101489,0.7632,0.8044,0.7,8,0.9858,0.8366,0.0057,0.8466,1.1783,1.1645
eng_ulysses.txt,264165,102234,101489,0.7632,0.8044,0.7,9,0.9419,0.8369,0.0049,0.8383,1.1254,1.1236
eng_ulysses.txt,264165,102234,101489,0.7632,0.8044,0.7,10,0.9615,0.8372,0.0041,0.8398,1.1485,1.145
eng_ulysses.txt,264165,102234,101489,0.7632,0.8044,0.7,11,0.9576,0.834,0.0054,0.8325,1.1482,1.1504
eng_ulysses.txt,264165,102234,101489,0.7632,0.8044,0.7,12,0.9313,0.8351,0.0053,0.8433,1.1153,1.1044
eng_ulysses.txt,264165,102234,101489,0.7632,0.8044,0.7,13,0.9644,0.8369,0.0043,0.841,1.1524,1.1468
eng_ulysses.txt,264165,102234,101489,0.7632,0.8044,0.7,14,0.9458,0.8371,0.0029,0.8316,1.1298,1.1373
eng_ulysses.txt,264165,102234,101489,0.7632,0.8044,0.7,15,0.9418,0.8359,0.0048,0.8366,1.1267,1.1257
eng_ulysses.txt,264165,102234,101489,0.7632,0.8044,0.7,16,0.9465,0.8366,0.0052,0.8447,1.1313,1.1205
eng_ulysses.txt,264165,102234,101489,0.7632,0.8044,0.7,17,0.9662,0.8355,0.0036,0.8314,1.1564,1.1622
eng_ulysses.txt,264165,102234,101489,0.7632,0.8044,0.7,18,0.9205,0.8353,0.0043,0.8348,1.102,1.1026
eng_ulysses.txt,264165,102234,101489,0.7632,0.8044,0.7,19,0.9204,0.8366,0.0048,0.8382,1.1002,1.098
eng_ulysses.txt,264165,102234,101489,0.7632,0.8044,0.7,20,0.9285,0.8361,0.005,0.8402,1.1105,1.1051
eng_ulysses.txt,264165,102234,101489,0.7632,0.8044,0.8,1,1.1365,0.8942,0.0045,0.9109,1.2709,1.2477
eng_ulysses.txt,264165,102234,101489,0.7632,0.8044,0.8,2,1.2526,0.8926,0.0073,0.8913,1.4032,1.4054
eng_ulysses.txt,264165,102234,101489,0.7632,0.8044,0.8,3,1.3014,0.8961,0.0066,0.8941,1.4523,1.4555
eng_ulysses.txt,264165,102234,101489,0.7632,0.8044,0.8,4,1.1436,0.8954,0.006,0.8973,1.2771,1.2745
eng_ulysses.txt,264165,102234,101489,0.7632,0.8044,0.8,5,1.0942,0.8947,0.0059,0.9049,1.223,1.2092
eng_ulysses.txt,264165,102234,101489,0.7632,0.8044,0.8,6,1.0757,0.8922,0.0048,0.8845,1.2057,1.2162
eng_ulysses.txt,264165,102234,101489,0.7632,0.8044,0.8,7,1.0782,0.8951,0.0066,0.9022,1.2045,1.195
eng_ulysses.txt,264165,102234,101489,0.7632,0.8044,0.8,8,1.0633,0.8933,0.0064,0.9021,1.1903,1.1786
eng_ulysses.txt,264165,102234,101489,0.7632,0.8044,0.8,9,1.0202,0.8962,0.0068,0.8957,1.1383,1.139
eng_ulysses.txt,264165,102234,101489,0.7632,0.8044,0.8,10,1.0391,0.8944,0.0047,0.8963,1.1618,1.1593
eng_ulysses.txt,264165,102234,101489,0.7632,0.8044,0.8,11,1.0565,0.8931,0.0041,0.8827,1.183,1.197
eng_ulysses.txt,264165,102234,101489,0.7632,0.8044,0.8,12,1.0465,0.8918,0.0068,0.9167,1.1734,1.1416
eng_ulysses.txt,264165,102234,101489,0.7632,0.8044,0.8,13,1.0583,0.8943,0.0066,0.888,1.1834,1.1917
eng_ulysses.txt,264165,102234,101489,0.7632,0.8044,0.8,14,1.0349,0.8958,0.004,0.8936,1.1553,1.1581
eng_ulysses.txt,264165,102234,101489,0.7632,0.8044,0.8,15,1.014,0.8946,0.0055,0.8883,1.1335,1.1415
eng_ulysses.txt,264165,102234,101489,0.7632,0.8044,0.8,16,1.0303,0.8941,0.0064,0.9039,1.1523,1.1398
eng_ulysses.txt,264165,102234,101489,0.7632,0.8044,0.8,17,1.0507,0.8929,0.0056,0.887,1.1767,1.1845
eng_ulysses.txt,264165,102234,101489,0.7632,0.8044,0.8,18,1.0296,0.8916,0.006,0.893,1.1547,1.1529
eng_ulysses.txt,264165,102234,101489,0.7632,0.8044,0.8,19,0.9997,0.8936,0.0055,0.8943,1.1187,1.1179
eng_ulysses.txt,264165,102234,101489,0.7632,0.8044,0.8,20,1.013,0.8923,0.0045,0.9009,1.1353,1.1244
eng_ulysses.txt,264165,102234,101489,0.7632,0.8044,0.9,1,1.2505,0.9475,0.007,0.9612,1.3198,1.301
eng_ulysses.txt,264165,102234,101489,0.7632,0.8044,0.9,2,1.3829,0.9474,0.0098,0.9564,1.4597,1.446
eng_ulysses.txt,264165,102234,101489,0.7632,0.8044,0.9,3,1.336,0.9516,0.0119,0.9665,1.404,1.3824
eng_ulysses.txt,264165,102234,101489,0.7632,0.8044,0.9,4,1.2358,0.9516,0.0097,0.9577,1.2987,1.2904
eng_ulysses.txt,264165,102234,101489,0.7632,0.8044,0.9,5,1.1938,0.9491,0.0061,0.9548,1.2579,1.2503
eng_ulysses.txt,264165,102234,101489,0.7632,0.8044,0.9,6,1.1697,0.9447,0.0082,0.9404,1.2382,1.2438
eng_ulysses.txt,264165,102234,101489,0.7632,0.8044,0.9,7,1.1665,0.9481,0.0119,0.9561,1.2303,1.2201
eng_ulysses.txt,264165,102234,101489,0.7632,0.8044,0.9,8,1.1654,0.9471,0.0078,0.9485,1.2304,1.2286
eng_ulysses.txt,264165,102234,101489,0.7632,0.8044,0.9,9,1.1026,0.9495,0.0102,0.9639,1.1612,1.1439
eng_ulysses.txt,264165,102234,101489,0.7632,0.8044,0.9,10,1.1257,0.9457,0.0088,0.9413,1.1903,1.1958
eng_ulysses.txt,264165,102234,101489,0.7632,0.8044,0.9,11,1.1766,0.948,0.0104,0.9328,1.2411,1.2614
eng_ulysses.txt,264165,102234,101489,0.7632,0.8044,0.9,12,1.1659,0.9458,0.0082,0.9666,1.2327,1.2061
eng_ulysses.txt,264165,102234,101489,0.7632,0.8044,0.9,13,1.1594,0.9482,0.0108,0.9457,1.2227,1.2259
eng_ulysses.txt,264165,102234,101489,0.7632,0.8044,0.9,14,1.1184,0.9484,0.0066,0.9408,1.1793,1.1888
eng_ulysses.txt,264165,102234,101489,0.7632,0.8044,0.9,15,1.1163,0.9524,0.0087,0.9531,1.1721,1.1712
eng_ulysses.txt,264165,102234,101489,0.7632,0.8044,0.9,16,1.1185,0.9514,0.0092,0.9453,1.1756,1.1832
eng_ulysses.txt,264165,102234,101489,0.7632,0.8044,0.9,17,1.1163,0.9481,0.008,0.9479,1.1774,1.1777
eng_ulysses.txt,264165,102234,101489,0.7632,0.8044,0.9,18,1.1025,0.951,0.0084,0.9472,1.1593,1.1639
eng_ulysses.txt,264165,102234,101489,0.7632,0.8044,0.9,19,1.0981,0.9491,0.0087,0.9267,1.157,1.1849
eng_ulysses.txt,264165,102234,101489,0.7632,0.8044,0.9,20,1.1043,0.9464,0.0112,0.9609,1.1669,1.1492
eng_ulysses.txt,264165,102234,101489,0.7632,0.8044,0.95,1,1.2862,0.9727,0.0098,0.9634,1.3223,1.3351
eng_ulysses.txt,264165,102234,101489,0.7632,0.8044,0.95,2,1.4947,0.9764,0.015,0.9691,1.5308,1.5423
eng_ulysses.txt,264165,102234,101489,0.7632,0.8044,0.95,3,1.3291,0.9772,0.0142,0.9878,1.3601,1.3455
eng_ulysses.txt,264165,102234,101489,0.7632,0.8044,0.95,4,1.2573,0.9782,0.014,0.964,1.2854,1.3043
eng_ulysses.txt,264165,102234,101489,0.7632,0.8044,0.95,5,1.2392,0.9737,0.0128,0.9849,1.2727,1.2582
eng_ulysses.txt,264165,102234,101489,0.7632,0.8044,0.95,6,1.2686,0.9707,0.0185,0.9703,1.307,1.3074
eng_ulysses.txt,264165,102234,101489,0.7632,0.8044,0.95,7,1.2323,0.9792,0.0102,0.9891,1.2585,1.2459
eng_ulysses.txt,264165,102234,101489,0.7632,0.8044,0.95,8,1.2893,0.9732,0.0083,0.9917,1.3249,1.3001
eng_ulysses.txt,264165,102234,101489,0.7632,0.8044,0.95,9,1.195,0.9778,0.0123,0.9964,1.2221,1.1993
eng_ulysses.txt,264165,102234,101489,0.7632,0.8044,0.95,10,1.1926,0.9698,0.0118,0.9599,1.2297,1.2424
eng_ulysses.txt,264165,102234,101489,0.7632,0.8044,0.95,11,1.2547,0.9806,0.0069,0.9831,1.2795,1.2763
eng_ulysses.txt,264165,102234,101489,0.7632,0.8044,0.95,12,1.2523,0.9732,0.0114,0.9967,1.2869,1.2565
eng_ulysses.txt,264165,102234,101489,0.7632,0.8044,0.95,13,1.1896,0.9748,0.0122,0.9364,1.2203,1.2704
eng_ulysses.txt,264165,102234,101489,0.7632,0.8044,0.95,14,1.2172,0.9786,0.0096,0.9591,1.2439,1.2691
eng_ulysses.txt,264165,102234,101489,0.7632,0.8044,0.95,15,1.1715,0.9782,0.0103,0.9739,1.1975,1.2028
eng_ulysses.txt,264165,102234,101489,0.7632,0.8044,0.95,16,1.1461,0.9728,0.0136,0.9852,1.1781,1.1633
eng_ulysses.txt,264165,102234,101489,0.7632,0.8044,0.95,17,1.1445,0.9777,0.0147,0.9873,1.1707,1.1593
eng_ulysses.txt,264165,102234,101489,0.7632,0.8044,0.95,18,1.1282,0.98,0.0105,0.9692,1.1512,1.1641
eng_ulysses.txt,264165,102234,101489,0.7632,0.8044,0.95,19,1.1769,0.9721,0.0148,0.9793,1.2107,1.2018
eng_ulysses.txt,264165,102234,101489,0.7632,0.8044,0.95,20,1.2205,0.9759,0.0125,0.9806,1.2507,1.2446
eng_ulysses.txt,264165,102234,101489,0.7632,0.8044,0.99,1,1.6201,0.9883,0.0321,1.0546,1.6393,1.5362
eng_ulysses.txt,264165,102234,101489,0.7632,0.8044,0.99,2,1.6735,0.9908,0.0301,1.0063,1.6891,1.663
eng_ulysses.txt,264165,102234,101489,0.7632,0.8044,0.99,3,1.3191,0.9968,0.0367,1.0066,1.3233,1.3104
eng_ulysses.txt,264165,102234,101489,0.7632,0.8044,0.99,4,1.378,0.9938,0.0215,0.9747,1.3866,1.4137
eng_ulysses.txt,264165,102234,101489,0.7632,0.8044,0.99,5,1.2553,0.9963,0.0258,1.0756,1.26,1.1671
eng_ulysses.txt,264165,102234,101489,0.7632,0.8044,0.99,6,1.444,0.9982,0.0264,0.9894,1.4467,1.4595
eng_ulysses.txt,264165,102234,101489,0.7632,0.8044,0.99,7,1.1879,0.9833,0.0314,1.1045,1.2081,1.0755
eng_ulysses.txt,264165,102234,101489,0.7632,0.8044,0.99,8,1.3959,0.9945,0.0269,1.0023,1.4036,1.3927
eng_ulysses.txt,264165,102234,101489,0.7632,0.8044,0.99,9,1.15,0.9977,0.0328,0.936,1.1527,1.2286
eng_ulysses.txt,264165,102234,101489,0.7632,0.8044,0.99,10,1.3012,0.9962,0.0265,0.9877,1.3062,1.3175
eng_ulysses.txt,264165,102234,101489,0.7632,0.8044,0.99,11,1.3266,0.9922,0.0367,1.0116,1.337,1.3114
eng_ulysses.txt,264165,102234,101489,0.7632,0.8044,0.99,12,1.2657,1.0023,0.029,1.0729,1.2628,1.1798
eng_ulysses.txt,264165,102234,101489,0.7632,0.8044,0.99,13,1.3091,0.9909,0.0332,0.9883,1.3211,1.3246
eng_ulysses.txt,264165,102234,101489,0.7632,0.8044,0.99,14,1.5053,1.0066,0.04,0.9976,1.4955,1.509
eng_ulysses.txt,264165,102234,101489,0.7632,0.8044,0.99,15,1.2481,0.9927,0.0214,0.9759,1.2572,1.2789
eng_ulysses.txt,264165,102234,101489,0.7632,0.8044,0.99,16,1.221,0.9951,0.0372,0.9819,1.227,1.2435
eng_ulysses.txt,264165,102234,101489,0.7632,0.8044,0.99,17,1.1993,0.992,0.0322,0.965,1.209,1.2428
eng_ulysses.txt,264165,102234,101489,0.7632,0.8044,0.99,18,1.1294,0.9958,0.0408,1.0457,1.1341,1.08
eng_ulysses.txt,264165,102234,101489,0.7632,0.8044,0.99,19,1.3264,0.9829,0.0277,0.9735,1.3495,1.3625
eng_ulysses.txt,264165,102234,101489,0.7632,0.8044,0.99,20,1.2096,1.0001,0.0288,0.9807,1.2094,1.2334
eng_wrnpc.txt,564788,239725,235933,0.7209,0.7581,0.6,1,0.8835,0.7741,0.0022,0.7982,1.1412,1.1069
eng_wrnpc.txt,564788,239725,235933,0.7209,0.7581,0.6,2,1.0055,0.7752,0.0024,0.7768,1.2971,1.2944
eng_wrnpc.txt,564788,239725,235933,0.7209,0.7581,0.6,3,1.133,0.774,0.0036,0.7799,1.4639,1.4527
eng_wrnpc.txt,564788,239725,235933,0.7209,0.7581,0.6,4,0.9505,0.7738,0.0025,0.7814,1.2284,1.2165
eng_wrnpc.txt,564788,239725,235933,0.7209,0.7581,0.6,5,0.9041,0.7751,0.0024,0.7738,1.1664,1.1683
eng_wrnpc.txt,564788,239725,235933,0.7209,0.7581,0.6,6,0.8675,0.7743,0.0022,0.771,1.1204,1.1253
eng_wrnpc.txt,564788,239725,235933,0.7209,0.7581,0.6,7,0.8876,0.7744,0.0018,0.7745,1.1462,1.1461
eng_wrnpc.txt,564788,239725,235933,0.7209,0.7581,0.6,8,0.8871,0.7746,0.0023,0.7749,1.1452,1.1447
eng_wrnpc.txt,564788,239725,235933,0.7209,0.7581,0.6,9,0.9029,0.7744,0.0023,0.7765,1.166,1.1628
eng_wrnpc.txt,564788,239725,235933,0.7209,0.7581,0.6,10,0.8958,0.7741,0.0026,0.7733,1.1572,1.1584
eng_wrnpc.txt,564788,239725,235933,0.7209,0.7581,0.6,11,0.8849,0.7749,0.0031,0.776,1.142,1.1403
eng_wrnpc.txt,564788,239725,235933,0.7209,0.7581,0.6,12,0.8553,0.7748,0.0024,0.7754,1.104,1.1031
eng_wrnpc.txt,564788,239725,235933,0.7209,0.7581,0.6,13,0.859,0.7748,0.0029,0.7765,1.1086,1.1062
eng_wrnpc.txt,564788,239725,235933,0.7209,0.7581,0.6,14,0.8489,0.7756,0.0025,0.7777,1.0945,1.0914
eng_wrnpc.txt,564788,239725,235933,0.7209,0.7581,0.6,15,0.8473,0.774,0.0022,0.7715,1.0947,1.0982
eng_wrnpc.txt,564788,239725,235933,0.7209,0.7581,0.6,16,0.8723,0.7757,0.0024,0.775,1.1246,1.1256
eng_wrnpc.txt,564788,239725,235933,0.7209,0.7581,0.6,17,0.867,0.7748,0.0023,0.7682,1.1191,1.1287
eng_wrnpc.txt,564788,239725,235933,0.7209,0.7581,0.6,18,0.8469,0.7749,0.0027,0.774,1.0928,1.0941
eng_wrnpc.txt,564788,239725,235933,0.7209,0.7581,0.6,19,0.8505,0.7749,0.0025,0.7737,1.0975,1.0992
eng_wrnpc.txt,564788,239725,235933,0.7209,0.7581,0.6,20,0.8258,0.7764,0.0022,0.777,1.0636,1.0628
eng_wrnpc.txt,564788,239725,235933,0.7209,0.7581,0.7,1,0.978,0.8373,0.0034,0.8623,1.168,1.1342
eng_wrnpc.txt,564788,239725,235933,0.7209,0.7581,0.7,2,1.1209,0.8364,0.0025,0.838,1.3401,1.3375
eng_wrnpc.txt,564788,239725,235933,0.7209,0.7581,0.7,3,1.3239,0.8369,0.004,0.8424,1.5819,1.5716
eng_wrnpc.txt,564788,239725,235933,0.7209,0.7581,0.7,4,1.0576,0.8362,0.0029,0.8459,1.2647,1.2502
eng_wrnpc.txt,564788,239725,235933,0.7209,0.7581,0.7,5,0.9915,0.8368,0.0026,0.8384,1.1849,1.1826
eng_wrnpc.txt,564788,239725,235933,0.7209,0.7581,0.7,6,0.947,0.8354,0.0019,0.8314,1.1336,1.139
eng_wrnpc.txt,564788,239725,235933,0.7209,0.7581,0.7,7,0.9949,0.8376,0.0028,0.8373,1.1879,1.1883
eng_wrnpc.txt,564788,239725,235933,0.7209,0.7581,0.7,8,0.9668,0.8373,0.0029,0.8419,1.1547,1.1483
eng_wrnpc.txt,564788,239725,235933,0.7209,0.7581,0.7,9,0.984,0.8358,0.003,0.8347,1.1774,1.1789
eng_wrnpc.txt,564788,239725,235933,0.7209,0.7581,0.7,10,0.9869,0.8368,0.0036,0.8362,1.1793,1.1802
eng_wrnpc.txt,564788,239725,235933,0.7209,0.7581,0.7,11,0.9625,0.8363,0.003,0.8372,1.1509,1.1497
eng_wrnpc.txt,564788,239725,235933,0.7209,0.7581,0.7,12,0.9473,0.8362,0.0032,0.8345,1.1328,1.1352
eng_wrnpc.txt,564788,239725,235933,0.7209,0.7581,0.7,13,0.9435,0.8369,0.0037,0.835,1.1274,1.13
eng_wrnpc.txt,564788,239725,235933,0.7209,0.7581,0.7,14,0.9297,0.8385,0.0034,0.8416,1.1088,1.1046
eng_wrnpc.txt,564788,239725,235933,0.7209,0.7581,0.7,15,0.9297,0.8364,0.0031,0.8306,1.1116,1.1194
eng_wrnpc.txt,564788,239725,235933,0.7209,0.7581,0.7,16,0.949,0.8374,0.0031,0.8317,1.1332,1.1409
eng_wrnpc.txt,564788,239725,235933,0.7209,0.7581,0.7,17,0.9512,0.8382,0.0022,0.8363,1.1348,1.1374
eng_wrnpc.txt,564788,239725,235933,0.7209,0.7581,0.7,18,0.927,0.8367,0.0033,0.8306,1.1079,1.116
eng_wrnpc.txt,564788,239725,235933,0.7209,0.7581,0.7,19,0.9295,0.8374,0.003,0.8319,1.1099,1.1173
eng_wrnpc.txt,564788,239725,235933,0.7209,0.7581,0.7,20,0.8959,0.8361,0.003,0.8388,1.0716,1.0681
eng_wrnpc.txt,564788,239725,235933,0.7209,0.7581,0.8,1,1.0911,0.8952,0.0036,0.9133,1.2188,1.1947
eng_wrnpc.txt,564788,239725,235933,0.7209,0.7581,0.8,2,1.252,0.8946,0.0026,0.897,1.3994,1.3958
eng_wrnpc.txt,564788,239725,235933,0.7209,0.7581,0.8,3,1.5615,0.8945,0.0034,0.8941,1.7457,1.7465
eng_wrnpc.txt,564788,239725,235933,0.7209,0.7581,0.8,4,1.17,0.894,0.004,0.9045,1.3087,1.2935
eng_wrnpc.txt,564788,239725,235933,0.7209,0.7581,0.8,5,1.0798,0.8936,0.0041,0.8936,1.2083,1.2084
eng_wrnpc.txt,564788,239725,235933,0.7209,0.7581,0.8,6,1.0756,0.8932,0.0029,0.8931,1.2041,1.2043
eng_wrnpc.txt,564788,239725,235933,0.7209,0.7581,0.8,7,1.0907,0.8932,0.0044,0.8929,1.2212,1.2215
eng_wrnpc.txt,564788,239725,235933,0.7209,0.7581,0.8,8,1.0641,0.8987,0.004,0.897,1.184,1.1862
eng_wrnpc.txt,564788,239725,235933,0.7209,0.7581,0.8,9,1.0817,0.8935,0.0048,0.8952,1.2105,1.2083
eng_wrnpc.txt,564788,239725,235933,0.7209,0.7581,0.8,10,1.0837,0.8941,0.0039,0.8922,1.212,1.2145
eng_wrnpc.txt,564788,239725,235933,0.7209,0.7581,0.8,11,1.0467,0.8939,0.004,0.8912,1.1709,1.1745
eng_wrnpc.txt,564788,239725,235933,0.7209,0.7581,0.8,12,1.0286,0.8946,0.0047,0.8922,1.1499,1.1529
eng_wrnpc.txt,564788,239725,235933,0.7209,0.7581,0.8,13,1.0181,0.8951,0.0023,0.8979,1.1374,1.1338
eng_wrnpc.txt,564788,239725,235933,0.7209,0.7581,0.8,14,1.0112,0.8952,0.0023,0.9028,1.1296,1.1201
eng_wrnpc.txt,564788,239725,235933,0.7209,0.7581,0.8,15,1.0356,0.8953,0.0037,0.8878,1.1567,1.1666
eng_wrnpc.txt,564788,239725,235933,0.7209,0.7581,0.8,16,1.032,0.894,0.0039,0.8909,1.1543,1.1584
eng_wrnpc.txt,564788,239725,235933,0.7209,0.7581,0.8,17,1.0286,0.8955,0.0033,0.8975,1.1487,1.1462
eng_wrnpc.txt,564788,239725,235933,0.7209,0.7581,0.8,18,1.0153,0.8951,0.0044,0.8932,1.1342,1.1366
eng_wrnpc.txt,564788,239725,235933,0.7209,0.7581,0.8,19,1.0107,0.8949,0.0041,0.8914,1.1295,1.1339
eng_wrnpc.txt,564788,239725,235933,0.7209,0.7581,0.8,20,0.9606,0.8938,0.005,0.8968,1.0748,1.0712
eng_wrnpc.txt,564788,239725,235933,0.7209,0.7581,0.9,1,1.2832,0.9501,0.0055,0.9646,1.3506,1.3302
eng_wrnpc.txt,564788,239725,235933,0.7209,0.7581,0.9,2,1.5222,0.9493,0.0054,0.9489,1.6034,1.6041
eng_wrnpc.txt,564788,239725,235933,0.7209,0.7581,0.9,3,1.7114,0.9463,0.0066,0.9526,1.8085,1.7966
eng_wrnpc.txt,564788,239725,235933,0.7209,0.7581,0.9,4,1.3039,0.9491,0.005,0.9637,1.3738,1.353
eng_wrnpc.txt,564788,239725,235933,0.7209,0.7581,0.9,5,1.2078,0.947,0.0061,0.9552,1.2753,1.2644
eng_wrnpc.txt,564788,239725,235933,0.7209,0.7581,0.9,6,1.2478,0.9461,0.0045,0.9424,1.3189,1.324
eng_wrnpc.txt,564788,239725,235933,0.7209,0.7581,0.9,7,1.2385,0.9478,0.0058,0.9481,1.3067,1.3062
eng_wrnpc.txt,564788,239725,235933,0.7209,0.7581,0.9,8,1.1881,0.9515,0.0065,0.9427,1.2486,1.2603
eng_wrnpc.txt,564788,239725,235933,0.7209,0.7581,0.9,9,1.2513,0.9481,0.0085,0.9558,1.3199,1.3092
eng_wrnpc.txt,564788,239725,235933,0.7209,0.7581,0.9,10,1.1894,0.9486,0.0054,0.9422,1.2539,1.2623
eng_wrnpc.txt,564788,239725,235933,0.7209,0.7581,0.9,11,1.1684,0.9488,0.0068,0.9399,1.2315,1.2431
eng_wrnpc.txt,564788,239725,235933,0.7209,0.7581,0.9,12,1.1136,0.949,0.0064,0.9396,1.1734,1.1853
eng_wrnpc.txt,564788,239725,235933,0.7209,0.7581,0.9,13,1.1318,0.948,0.0041,0.9524,1.1939,1.1883
eng_wrnpc.txt,564788,239725,235933,0.7209,0.7581,0.9,14,1.1296,0.9488,0.0069,0.9589,1.1905,1.1779
eng_wrnpc.txt,564788,239725,235933,0.7209,0.7581,0.9,15,1.1403,0.9461,0.006,0.9423,1.2052,1.2101
eng_wrnpc.txt,564788,239725,235933,0.7209,0.7581,0.9,16,1.1438,0.9483,0.0051,0.9466,1.2061,1.2083
eng_wrnpc.txt,564788,239725,235933,0.7209,0.7581,0.9,17,1.1471,0.9484,0.0057,0.9501,1.2096,1.2074
eng_wrnpc.txt,564788,239725,235933,0.7209,0.7581,0.9,18,1.1482,0.9504,0.0061,0.9439,1.2081,1.2165
eng_wrnpc.txt,564788,239725,235933,0.7209,0.7581,0.9,19,1.0784,0.9475,0.0067,0.954,1.1382,1.1304
eng_wrnpc.txt,564788,239725,235933,0.7209,0.7581,0.9,20,1.0415,0.9465,0.0057,0.9503,1.1005,1.096
eng_wrnpc.txt,564788,239725,235933,0.7209,0.7581,0.95,1,1.6434,0.9742,0.0126,0.9811,1.6869,1.6751
eng_wrnpc.txt,564788,239725,235933,0.7209,0.7581,0.95,2,1.8553,0.9764,0.0048,0.9683,1.9001,1.9161
eng_wrnpc.txt,564788,239725,235933,0.7209,0.7581,0.95,3,2.0454,0.9756,0.0105,0.9744,2.0966,2.0991
eng_wrnpc.txt,564788,239725,235933,0.7209,0.7581,0.95,4,1.441,0.9765,0.0086,0.9956,1.4756,1.4473
eng_wrnpc.txt,564788,239725,235933,0.7209,0.7581,0.95,5,1.3246,0.9707,0.0073,0.9719,1.3645,1.3629
eng_wrnpc.txt,564788,239725,235933,0.7209,0.7581,0.95,6,1.4745,0.9767,0.0094,0.963,1.5097,1.5312
eng_wrnpc.txt,564788,239725,235933,0.7209,0.7581,0.95,7,1.3518,0.9732,0.0103,0.9808,1.389,1.3783
eng_wrnpc.txt,564788,239725,235933,0.7209,0.7581,0.95,8,1.2534,0.9754,0.01,0.966,1.285,1.2976
eng_wrnpc.txt,564788,239725,235933,0.7209,0.7581,0.95,9,1.4214,0.9751,0.0066,0.9781,1.4578,1.4532
eng_wrnpc.txt,564788,239725,235933,0.7209,0.7581,0.95,10,1.2449,0.9763,0.0105,0.9684,1.2752,1.2855
eng_wrnpc.txt,564788,239725,235933,0.7209,0.7581,0.95,11,1.2705,0.9744,0.0079,0.971,1.3039,1.3085
eng_wrnpc.txt,564788,239725,235933,0.7209,0.7581,0.95,12,1.1877,0.9745,0.0108,0.9733,1.2187,1.2202
eng_wrnpc.txt,564788,239725,235933,0.7209,0.7581,0.95,13,1.176,0.9731,0.0082,0.9697,1.2086,1.2127
eng_wrnpc.txt,564788,239725,235933,0.7209,0.7581,0.95,14,1.2052,0.9704,0.0074,0.9739,1.2419,1.2375
eng_wrnpc.txt,564788,239725,235933,0.7209,0.7581,0.95,15,1.2781,0.972,0.0096,0.9592,1.315,1.3324
eng_wrnpc.txt,564788,239725,235933,0.7209,0.7581,0.95,16,1.2162,0.9749,0.0074,0.9721,1.2475,1.2511
eng_wrnpc.txt,564788,239725,235933,0.7209,0.7581,0.95,17,1.2675,0.971,0.0087,0.9749,1.3053,1.3001
eng_wrnpc.txt,564788,239725,235933,0.7209,0.7581,0.95,18,1.2442,0.9755,0.0052,0.9683,1.2755,1.2849
eng_wrnpc.txt,564788,239725,235933,0.7209,0.7581,0.95,19,1.1529,0.9748,0.0099,0.9722,1.1827,1.1858
eng_wrnpc.txt,564788,239725,235933,0.7209,0.7581,0.95,20,1.1112,0.9714,0.0089,0.9806,1.1439,1.1332
eng_wrnpc.txt,564788,239725,235933,0.7209,0.7581,0.99,1,2.0503,0.9977,0.019,0.9937,2.0551,2.0633
eng_wrnpc.txt,564788,239725,235933,0.7209,0.7581,0.99,2,3.0911,0.9901,0.0156,1.0135,3.122,3.0498
eng_wrnpc.txt,564788,239725,235933,0.7209,0.7581,0.99,3,1.561,0.9931,0.022,0.9941,1.5717,1.5702
eng_wrnpc.txt,564788,239725,235933,0.7209,0.7581,0.99,4,1.4381,1.0005,0.0179,1.0245,1.4374,1.4037
eng_wrnpc.txt,564788,239725,235933,0.7209,0.7581,0.99,5,1.9352,0.9915,0.0236,0.9894,1.9517,1.9559
eng_wrnpc.txt,564788,239725,235933,0.7209,0.7581,0.99,6,2.9671,0.9943,0.0288,0.993,2.9841,2.9881
eng_wrnpc.txt,564788,239725,235933,0.7209,0.7581,0.99,7,2.6898,0.9898,0.0148,0.9851,2.7175,2.7304
eng_wrnpc.txt,564788,239725,235933,0.7209,0.7581,0.99,8,1.567,0.9864,0.0235,0.9885,1.5886,1.5852
eng_wrnpc.txt,564788,239725,235933,0.7209,0.7581,0.99,9,1.8384,0.9923,0.0164,1.007,1.8527,1.8257
eng_wrnpc.txt,564788,239725,235933,0.7209,0.7581,0.99,10,1.4112,0.9956,0.0174,0.9727,1.4174,1.4507
eng_wrnpc.txt,564788,239725,235933,0.7209,0.7581,0.99,11,1.574,1.0018,0.0227,0.99,1.5711,1.5898
eng_wrnpc.txt,564788,239725,235933,0.7209,0.7581,0.99,12,1.1868,0.9885,0.0244,0.9616,1.2006,1.2342
eng_wrnpc.txt,564788,239725,235933,0.7209,0.7581,0.99,13,1.2417,0.9976,0.0189,0.9842,1.2447,1.2616
eng_wrnpc.txt,564788,239725,235933,0.7209,0.7581,0.99,14,1.3943,0.9876,0.0202,0.9719,1.4117,1.4345
eng_wrnpc.txt,564788,239725,235933,0.7209,0.7581,0.99,15,1.6967,0.9958,0.0174,0.9615,1.7039,1.7646
eng_wrnpc.txt,564788,239725,235933,0.7209,0.7581,0.99,16,1.5157,0.9936,0.0285,0.9828,1.5254,1.5423
eng_wrnpc.txt,564788,239725,235933,0.7209,0.7581,0.99,17,1.7571,0.9963,0.0188,0.9911,1.7637,1.7729
eng_wrnpc.txt,564788,239725,235933,0.7209,0.7581,0.99,18,1.3486,0.9975,0.0195,0.9493,1.352,1.4207
eng_wrnpc.txt,564788,239725,235933,0.7209,0.7581,0.99,19,1.2949,0.9988,0.0196,0.9793,1.2964,1.3222
eng_wrnpc.txt,564788,239725,235933,0.7209,0.7581,0.99,20,1.2673,0.9974,0.0188,1.0038,1.2706,1.2626
great_expectations_cut_clean.txt,188925,65285,64410,0.6889,0.735,0.6,1,0.8433,0.7742,0.0036,0.769,1.0893,1.0966
great_expectations_cut_clean.txt,188925,65285,64410,0.6889,0.735,0.6,2,1.0068,0.773,0.0045,0.7793,1.3024,1.2918
great_expectations_cut_clean.txt,188925,65285,64410,0.6889,0.735,0.6,3,0.9309,0.7741,0.0052,0.7822,1.2025,1.1901
great_expectations_cut_clean.txt,188925,65285,64410,0.6889,0.735,0.6,4,0.8724,0.7754,0.0033,0.7732,1.1252,1.1284
great_expectations_cut_clean.txt,188925,65285,64410,0.6889,0.735,0.6,5,0.877,0.7737,0.0053,0.7779,1.1336,1.1275
great_expectations_cut_clean.txt,188925,65285,64410,0.6889,0.735,0.6,6,0.8877,0.7754,0.0041,0.7801,1.1448,1.1378
great_expectations_cut_clean.txt,188925,65285,64410,0.6889,0.735,0.6,7,0.8907,0.7768,0.0038,0.7783,1.1467,1.1445
great_expectations_cut_clean.txt,188925,65285,64410,0.6889,0.735,0.6,8,0.8741,0.7761,0.006,0.7776,1.1263,1.1241
great_expectations_cut_clean.txt,188925,65285,64410,0.6889,0.735,0.6,9,0.8517,0.7749,0.0046,0.7831,1.099,1.0876
great_expectations_cut_clean.txt,188925,65285,64410,0.6889,0.735,0.6,10,0.8511,0.7745,0.0048,0.7754,1.0989,1.0976
great_expectations_cut_clean.txt,188925,65285,64410,0.6889,0.735,0.6,11,0.8602,0.7764,0.0048,0.7734,1.108,1.1123
great_expectations_cut_clean.txt,188925,65285,64410,0.6889,0.735,0.6,12,0.8515,0.7742,0.0044,0.7799,1.0998,1.0918
great_expectations_cut_clean.txt,188925,65285,64410,0.6889,0.735,0.6,13,0.8157,0.7766,0.0036,0.7786,1.0504,1.0476
great_expectations_cut_clean.txt,188925,65285,64410,0.6889,0.735,0.6,14,0.8436,0.7745,0.0047,0.7776,1.0892,1.0849
great_expectations_cut_clean.txt,188925,65285,64410,0.6889,0.735,0.6,15,0.8522,0.7737,0.0039,0.7708,1.1014,1.1055
great_expectations_cut_clean.txt,188925,65285,64410,0.6889,0.735,0.6,16,0.8332,0.7762,0.0046,0.769,1.0734,1.0835
great_expectations_cut_clean.txt,188925,65285,64410,0.6889,0.735,0.6,17,0.8278,0.7766,0.0052,0.7772,1.0659,1.0652
great_expectations_cut_clean.txt,188925,65285,64410,0.6889,0.735,0.6,18,0.8331,0.7766,0.0038,0.7711,1.0728,1.0804
great_expectations_cut_clean.txt,188925,65285,64410,0.6889,0.735,0.6,19,0.8496,0.7735,0.0033,0.7746,1.0983,1.0968
great_expectations_cut_clean.txt,188925,65285,64410,0.6889,0.735,0.6,20,0.8295,0.7745,0.0038,0.7658,1.071,1.0832
great_expectations_cut_clean.txt,188925,65285,64410,0.6889,0.735,0.7,1,0.9366,0.833,0.006,0.8351,1.1243,1.1215
great_expectations_cut_clean.txt,188925,65285,64410,0.6889,0.735,0.7,2,1.1358,0.838,0.0047,0.8424,1.3554,1.3482
great_expectations_cut_clean.txt,188925,65285,64410,0.6889,0.735,0.7,3,1.0422,0.8362,0.005,0.8337,1.2464,1.25
great_expectations_cut_clean.txt,188925,65285,64410,0.6889,0.735,0.7,4,0.9634,0.8388,0.0053,0.8343,1.1486,1.1548
great_expectations_cut_clean.txt,188925,65285,64410,0.6889,0.735,0.7,5,0.9415,0.8374,0.0043,0.8412,1.1243,1.1192
great_expectations_cut_clean.txt,188925,65285,64410,0.6889,0.735,0.7,6,0.9555,0.8385,0.0081,0.8398,1.1396,1.1378
great_expectations_cut_clean.txt,188925,65285,64410,0.6889,0.735,0.7,7,0.9734,0.8365,0.0061,0.8376,1.1635,1.1621
great_expectations_cut_clean.txt,188925,65285,64410,0.6889,0.735,0.7,8,0.9547,0.8358,0.0064,0.8347,1.1423,1.1437
great_expectations_cut_clean.txt,188925,65285,64410,0.6889,0.735,0.7,9,0.9333,0.8374,0.0042,0.8411,1.1145,1.1096
great_expectations_cut_clean.txt,188925,65285,64410,0.6889,0.735,0.7,10,0.9285,0.8378,0.0037,0.8362,1.1083,1.1103
great_expectations_cut_clean.txt,188925,65285,64410,0.6889,0.735,0.7,11,0.9484,0.8394,0.0072,0.8309,1.1299,1.1414
great_expectations_cut_clean.txt,188925,65285,64410,0.6889,0.735,0.7,12,0.932,0.8347,0.0054,0.8404,1.1165,1.109
great_expectations_cut_clean.txt,188925,65285,64410,0.6889,0.735,0.7,13,0.8942,0.8385,0.0043,0.8369,1.0664,1.0685
great_expectations_cut_clean.txt,188925,65285,64410,0.6889,0.735,0.7,14,0.9036,0.8343,0.0047,0.8453,1.0831,1.069
great_expectations_cut_clean.txt,188925,65285,64410,0.6889,0.735,0.7,15,0.9281,0.8358,0.0042,0.8381,1.1105,1.1074
great_expectations_cut_clean.txt,188925,65285,64410,0.6889,0.735,0.7,16,0.9086,0.8397,0.0067,0.8355,1.082,1.0874
great_expectations_cut_clean.txt,188925,65285,64410,0.6889,0.735,0.7,17,0.908,0.8366,0.0069,0.8389,1.0853,1.0825
great_expectations_cut_clean.txt,188925,65285,64410,0.6889,0.735,0.7,18,0.9011,0.8389,0.0059,0.8288,1.0742,1.0872
great_expectations_cut_clean.txt,188925,65285,64410,0.6889,0.735,0.7,19,0.9324,0.8389,0.0059,0.8389,1.1115,1.1114
great_expectations_cut_clean.txt,188925,65285,64410,0.6889,0.735,0.7,20,0.911,0.8382,0.0053,0.8249,1.0868,1.1043
great_expectations_cut_clean.txt,188925,65285,64410,0.6889,0.735,0.8,1,1.0269,0.8898,0.0085,0.9037,1.154,1.1363
great_expectations_cut_clean.txt,188925,65285,64410,0.6889,0.735,0.8,2,1.1861,0.8946,0.0077,0.8976,1.3258,1.3214
great_expectations_cut_clean.txt,188925,65285,64410,0.6889,0.735,0.8,3,1.1534,0.8973,0.0085,0.8991,1.2855,1.2828
great_expectations_cut_clean.txt,188925,65285,64410,0.6889,0.735,0.8,4,1.0617,0.8924,0.0103,0.8962,1.1898,1.1847
great_expectations_cut_clean.txt,188925,65285,64410,0.6889,0.735,0.8,5,1.0174,0.8946,0.0075,0.906,1.1373,1.1229
great_expectations_cut_clean.txt,188925,65285,64410,0.6889,0.735,0.8,6,1.0443,0.8941,0.0101,0.8812,1.168,1.185
great_expectations_cut_clean.txt,188925,65285,64410,0.6889,0.735,0.8,7,1.0594,0.8962,0.0107,0.908,1.182,1.1667
great_expectations_cut_clean.txt,188925,65285,64410,0.6889,0.735,0.8,8,1.0398,0.8945,0.0066,0.8823,1.1625,1.1785
great_expectations_cut_clean.txt,188925,65285,64410,0.6889,0.735,0.8,9,1.0103,0.8969,0.0065,0.8954,1.1264,1.1283
great_expectations_cut_clean.txt,188925,65285,64410,0.6889,0.735,0.8,10,1.0095,0.8935,0.0075,0.8932,1.1298,1.1302
great_expectations_cut_clean.txt,188925,65285,64410,0.6889,0.735,0.8,11,1.045,0.8958,0.0076,0.8941,1.1665,1.1688
great_expectations_cut_clean.txt,188925,65285,64410,0.6889,0.735,0.8,12,1.042,0.8949,0.0086,0.8924,1.1644,1.1676
great_expectations_cut_clean.txt,188925,65285,64410,0.6889,0.735,0.8,13,0.9614,0.8994,0.007,0.8963,1.069,1.0727
great_expectations_cut_clean.txt,188925,65285,64410,0.6889,0.735,0.8,14,0.9897,0.895,0.0065,0.8917,1.1058,1.1099
great_expectations_cut_clean.txt,188925,65285,64410,0.6889,0.735,0.8,15,1.0213,0.8929,0.0082,0.8948,1.1437,1.1413
great_expectations_cut_clean.txt,188925,65285,64410,0.6889,0.735,0.8,16,0.9609,0.896,0.008,0.8898,1.0724,1.0798
great_expectations_cut_clean.txt,188925,65285,64410,0.6889,0.735,0.8,17,0.9859,0.8944,0.0075,0.888,1.1023,1.1103
great_expectations_cut_clean.txt,188925,65285,64410,0.6889,0.735,0.8,18,0.9753,0.8949,0.0093,0.882,1.0898,1.1058
great_expectations_cut_clean.txt,188925,65285,64410,0.6889,0.735,0.8,19,0.9873,0.8964,0.0072,0.8971,1.1015,1.1006
great_expectations_cut_clean.txt,188925,65285,64410,0.6889,0.735,0.8,20,0.9699,0.8924,0.0075,0.8826,1.0869,1.0989
great_expectations_cut_clean.txt,188925,65285,64410,0.6889,0.735,0.9,1,1.1212,0.9461,0.0117,0.9536,1.1851,1.1758
great_expectations_cut_clean.txt,188925,65285,64410,0.6889,0.735,0.9,2,1.1788,0.9505,0.0131,0.9646,1.2402,1.2221
great_expectations_cut_clean.txt,188925,65285,64410,0.6889,0.735,0.9,3,1.2132,0.9521,0.0105,0.9431,1.2742,1.2864
great_expectations_cut_clean.txt,188925,65285,64410,0.6889,0.735,0.9,4,1.1548,0.9474,0.0104,0.9447,1.2189,1.2224
great_expectations_cut_clean.txt,188925,65285,64410,0.6889,0.735,0.9,5,1.1232,0.9455,0.0081,0.9429,1.1879,1.1912
great_expectations_cut_clean.txt,188925,65285,64410,0.6889,0.735,0.9,6,1.0745,0.9518,0.0105,0.9338,1.1289,1.1506
great_expectations_cut_clean.txt,188925,65285,64410,0.6889,0.735,0.9,7,1.1566,0.9508,0.0089,0.9591,1.2164,1.2059
great_expectations_cut_clean.txt,188925,65285,64410,0.6889,0.735,0.9,8,1.1656,0.9501,0.0146,0.9187,1.2268,1.2687
great_expectations_cut_clean.txt,188925,65285,64410,0.6889,0.735,0.9,9,1.141,0.9506,0.01,0.9579,1.2003,1.1912
great_expectations_cut_clean.txt,188925,65285,64410,0.6889,0.735,0.9,10,1.0889,0.9481,0.0097,0.9362,1.1485,1.1632
great_expectations_cut_clean.txt,188925,65285,64410,0.6889,0.735,0.9,11,1.151,0.9552,0.0127,0.9347,1.2049,1.2314
great_expectations_cut_clean.txt,188925,65285,64410,0.6889,0.735,0.9,12,1.117,0.9445,0.0113,0.9465,1.1826,1.1802
great_expectations_cut_clean.txt,188925,65285,64410,0.6889,0.735,0.9,13,1.0222,0.9513,0.0119,0.943,1.0745,1.0839
great_expectations_cut_clean.txt,188925,65285,64410,0.6889,0.735,0.9,14,1.0577,0.9501,0.0084,0.9648,1.1132,1.0962
great_expectations_cut_clean.txt,188925,65285,64410,0.6889,0.735,0.9,15,1.103,0.9449,0.0104,0.9404,1.1674,1.1729
great_expectations_cut_clean.txt,188925,65285,64410,0.6889,0.735,0.9,16,1.0736,0.9509,0.0102,0.9609,1.1291,1.1173
great_expectations_cut_clean.txt,188925,65285,64410,0.6889,0.735,0.9,17,1.0893,0.9422,0.0113,0.9487,1.1562,1.1482
great_expectations_cut_clean.txt,188925,65285,64410,0.6889,0.735,0.9,18,1.0717,0.9484,0.0144,0.9445,1.1301,1.1347
great_expectations_cut_clean.txt,188925,65285,64410,0.6889,0.735,0.9,19,1.0858,0.9495,0.0123,0.9697,1.1436,1.1197
great_expectations_cut_clean.txt,188925,65285,64410,0.6889,0.735,0.9,20,1.0798,0.9521,0.0106,0.9429,1.1341,1.1452
great_expectations_cut_clean.txt,188925,65285,64410,0.6889,0.735,0.95,1,1.2275,0.9731,0.0183,0.9748,1.2615,1.2593
great_expectations_cut_clean.txt,188925,65285,64410,0.6889,0.735,0.95,2,1.2086,0.9714,0.0121,0.9747,1.2443,1.24
great_expectations_cut_clean.txt,188925,65285,64410,0.6889,0.735,0.95,3,1.2439,0.9822,0.0202,1.0024,1.2665,1.2409
great_expectations_cut_clean.txt,188925,65285,64410,0.6889,0.735,0.95,4,1.1809,0.9732,0.0158,0.9541,1.2135,1.2377
great_expectations_cut_clean.txt,188925,65285,64410,0.6889,0.735,0.95,5,1.1515,0.9711,0.0179,0.9701,1.1857,1.1869
great_expectations_cut_clean.txt,188925,65285,64410,0.6889,0.735,0.95,6,1.1144,0.9806,0.0189,0.9988,1.1366,1.1158
great_expectations_cut_clean.txt,188925,65285,64410,0.6889,0.735,0.95,7,1.2075,0.9756,0.0149,0.9862,1.2377,1.2244
great_expectations_cut_clean.txt,188925,65285,64410,0.6889,0.735,0.95,8,1.2351,0.9713,0.0159,0.951,1.2716,1.2988
great_expectations_cut_clean.txt,188925,65285,64410,0.6889,0.735,0.95,9,1.1966,0.9708,0.0147,1.0089,1.2326,1.186
great_expectations_cut_clean.txt,188925,65285,64410,0.6889,0.735,0.95,10,1.2033,0.9792,0.0192,0.9923,1.2289,1.2127
great_expectations_cut_clean.txt,188925,65285,64410,0.6889,0.735,0.95,11,1.2008,0.9804,0.0146,0.9723,1.2247,1.2349
great_expectations_cut_clean.txt,188925,65285,64410,0.6889,0.735,0.95,12,1.1864,0.9706,0.0146,0.9765,1.2223,1.215
great_expectations_cut_clean.txt,188925,65285,64410,0.6889,0.735,0.95,13,1.1389,0.9805,0.0152,0.978,1.1615,1.1645
great_expectations_cut_clean.txt,188925,65285,64410,0.6889,0.735,0.95,14,1.154,0.9802,0.0147,0.9755,1.1773,1.1829
great_expectations_cut_clean.txt,188925,65285,64410,0.6889,0.735,0.95,15,1.1308,0.9674,0.0179,0.9738,1.1689,1.1613
great_expectations_cut_clean.txt,188925,65285,64410,0.6889,0.735,0.95,16,1.1369,0.9712,0.019,0.9492,1.1707,1.1978
great_expectations_cut_clean.txt,188925,65285,64410,0.6889,0.735,0.95,17,1.1479,0.9653,0.0141,0.9669,1.1891,1.1872
great_expectations_cut_clean.txt,188925,65285,64410,0.6889,0.735,0.95,18,1.1243,0.9777,0.0194,0.9694,1.15,1.1598
great_expectations_cut_clean.txt,188925,65285,64410,0.6889,0.735,0.95,19,1.1773,0.9782,0.0113,1.0022,1.2036,1.1747
great_expectations_cut_clean.txt,188925,65285,64410,0.6889,0.735,0.95,20,1.1587,0.9738,0.0137,0.962,1.1899,1.2045
great_expectations_cut_clean.txt,188925,65285,64410,0.6889,0.735,0.99,1,2.6228,0.9981,0.0314,0.966,2.6277,2.7152
great_expectations_cut_clean.txt,188925,65285,64410,0.6889,0.735,0.99,2,1.2976,0.9815,0.0343,1.0238,1.3221,1.2674
great_expectations_cut_clean.txt,188925,65285,64410,0.6889,0.735,0.99,3,1.3082,0.9987,0.0475,1.0248,1.3099,1.2766
great_expectations_cut_clean.txt,188925,65285,64410,0.6889,0.735,0.99,4,1.222,1.0124,0.0433,1.0017,1.207,1.2198
great_expectations_cut_clean.txt,188925,65285,64410,0.6889,0.735,0.99,5,1.2008,0.9863,0.0495,0.9914,1.2175,1.2112
great_expectations_cut_clean.txt,188925,65285,64410,0.6889,0.735,0.99,6,1.0766,0.9968,0.0406,0.9954,1.0801,1.0817
great_expectations_cut_clean.txt,188925,65285,64410,0.6889,0.735,0.99,7,1.4394,0.9812,0.0303,0.9527,1.4671,1.5109
great_expectations_cut_clean.txt,188925,65285,64410,0.6889,0.735,0.99,8,1.3317,0.981,0.0312,1.0435,1.3574,1.2762
great_expectations_cut_clean.txt,188925,65285,64410,0.6889,0.735,0.99,9,1.2945,0.9979,0.0369,1.0417,1.2972,1.2426
great_expectations_cut_clean.txt,188925,65285,64410,0.6889,0.735,0.99,10,1.2696,1.0007,0.0355,0.984,1.2687,1.2902
great_expectations_cut_clean.txt,188925,65285,64410,0.6889,0.735,0.99,11,1.3093,0.9864,0.0506,0.9578,1.3274,1.367
great_expectations_cut_clean.txt,188925,65285,64410,0.6889,0.735,0.99,12,1.1785,0.9896,0.0418,0.9868,1.1909,1.1942
great_expectations_cut_clean.txt,188925,65285,64410,0.6889,0.735,0.99,13,1.1691,0.9865,0.038,0.9965,1.1851,1.1733
great_expectations_cut_clean.txt,188925,65285,64410,0.6889,0.735,0.99,14,1.4329,0.9783,0.028,0.8666,1.4647,1.6535
great_expectations_cut_clean.txt,188925,65285,64410,0.6889,0.735,0.99,15,1.1337,0.9821,0.0424,0.9635,1.1543,1.1766
great_expectations_cut_clean.txt,188925,65285,64410,0.6889,0.735,0.99,16,1.1435,0.9995,0.0415,0.9691,1.144,1.18
great_expectations_cut_clean.txt,188925,65285,64410,0.6889,0.735,0.99,17,1.2895,0.9907,0.0362,0.9655,1.3016,1.3355
great_expectations_cut_clean.txt,188925,65285,64410,0.6889,0.735,0.99,18,1.1021,0.989,0.0427,1.0037,1.1144,1.0981
great_expectations_cut_clean.txt,188925,65285,64410,0.6889,0.735,0.99,19,1.4541,0.9795,0.0471,0.9795,1.4846,1.4845
great_expectations_cut_clean.txt,188925,65285,64410,0.6889,0.735,0.99,20,1.2651,0.9964,0.0328,0.9493,1.2698,1.3327
kipling_junglebook.txt,151161,49928,49522,0.7753,0.8275,0.6,1,0.9244,0.7742,0.0039,0.7772,1.1941,1.1895
kipling_junglebook.txt,151161,49928,49522,0.7753,0.8275,0.6,2,1.011,0.7774,0.0052,0.7696,1.3005,1.3137
kipling_junglebook.txt,151161,49928,49522,0.7753,0.8275,0.6,3,0.9021,0.7743,0.0056,0.7795,1.1651,1.1573
kipling_junglebook.txt,151161,49928,49522,0.7753,0.8275,0.6,4,0.9769,0.7738,0.0046,0.7649,1.2625,1.2772
kipling_junglebook.txt,151161,49928,49522,0.7753,0.8275,0.6,5,0.909,0.7741,0.0032,0.7723,1.1743,1.1771
kipling_junglebook.txt,151161,49928,49522,0.7753,0.8275,0.6,6,0.9201,0.775,0.0061,0.7798,1.1873,1.1799
kipling_junglebook.txt,151161,49928,49522,0.7753,0.8275,0.6,7,0.9517,0.7747,0.0051,0.7751,1.2284,1.2278
kipling_junglebook.txt,151161,49928,49522,0.7753,0.8275,0.6,8,0.866,0.7737,0.0051,0.7718,1.1192,1.122
kipling_junglebook.txt,151161,49928,49522,0.7753,0.8275,0.6,9,0.8753,0.776,0.005,0.7771,1.128,1.1264
kipling_junglebook.txt,151161,49928,49522,0.7753,0.8275,0.6,10,0.874,0.7765,0.0058,0.7619,1.1256,1.1471
kipling_junglebook.txt,151161,49928,49522,0.7753,0.8275,0.6,11,0.8778,0.7746,0.0062,0.7701,1.1332,1.1399
kipling_junglebook.txt,151161,49928,49522,0.7753,0.8275,0.6,12,0.8599,0.7723,0.0047,0.7814,1.1135,1.1006
kipling_junglebook.txt,151161,49928,49522,0.7753,0.8275,0.6,13,0.8777,0.7745,0.0043,0.773,1.1332,1.1355
kipling_junglebook.txt,151161,49928,49522,0.7753,0.8275,0.6,14,0.8788,0.776,0.0048,0.7683,1.1325,1.1438
kipling_junglebook.txt,151161,49928,49522,0.7753,0.8275,0.6,15,0.8647,0.7748,0.0039,0.7795,1.116,1.1093
kipling_junglebook.txt,151161,49928,49522,0.7753,0.8275,0.6,16,0.8455,0.7756,0.0051,0.7802,1.0901,1.0836
kipling_junglebook.txt,151161,49928,49522,0.7753,0.8275,0.6,17,0.8545,0.7734,0.0047,0.7783,1.1049,1.098
kipling_junglebook.txt,151161,49928,49522,0.7753,0.8275,0.6,18,0.8438,0.7749,0.0048,0.7723,1.089,1.0927
kipling_junglebook.txt,151161,49928,49522,0.7753,0.8275,0.6,19,0.8191,0.7753,0.0045,0.7823,1.0566,1.0471
kipling_junglebook.txt,151161,49928,49522,0.7753,0.8275,0.6,20,0.8368,0.7708,0.0056,0.7706,1.0857,1.0858
kipling_junglebook.txt,151161,49928,49522,0.7753,0.8275,0.7,1,1.0436,0.836,0.0073,0.847,1.2483,1.2322
kipling_junglebook.txt,151161,49928,49522,0.7753,0.8275,0.7,2,1.1213,0.8372,0.0061,0.8257,1.3394,1.358
kipling_junglebook.txt,151161,49928,49522,0.7753,0.8275,0.7,3,1.0037,0.8341,0.0075,0.8469,1.2033,1.1851
kipling_junglebook.txt,151161,49928,49522,0.7753,0.8275,0.7,4,1.0969,0.8359,0.0057,0.8293,1.3122,1.3227
kipling_junglebook.txt,151161,49928,49522,0.7753,0.8275,0.7,5,1.0128,0.8374,0.0065,0.8321,1.2095,1.2172
kipling_junglebook.txt,151161,49928,49522,0.7753,0.8275,0.7,6,0.9975,0.8366,0.0082,0.8342,1.1923,1.1957
kipling_junglebook.txt,151161,49928,49522,0.7753,0.8275,0.7,7,1.0182,0.8365,0.0065,0.8438,1.2173,1.2067
kipling_junglebook.txt,151161,49928,49522,0.7753,0.8275,0.7,8,0.9374,0.8362,0.0076,0.8293,1.121,1.1303
kipling_junglebook.txt,151161,49928,49522,0.7753,0.8275,0.7,9,0.9781,0.8388,0.0056,0.8353,1.166,1.1708
kipling_junglebook.txt,151161,49928,49522,0.7753,0.8275,0.7,10,0.9576,0.8396,0.0067,0.8177,1.1405,1.171
kipling_junglebook.txt,151161,49928,49522,0.7753,0.8275,0.7,11,0.9566,0.8364,0.0108,0.8375,1.1437,1.1421
kipling_junglebook.txt,151161,49928,49522,0.7753,0.8275,0.7,12,0.9363,0.834,0.0068,0.8373,1.1226,1.1182
kipling_junglebook.txt,151161,49928,49522,0.7753,0.8275,0.7,13,0.9428,0.8343,0.0065,0.8348,1.1301,1.1294
kipling_junglebook.txt,151161,49928,49522,0.7753,0.8275,0.7,14,0.9696,0.8378,0.0055,0.8263,1.1573,1.1734
kipling_junglebook.txt,151161,49928,49522,0.7753,0.8275,0.7,15,0.94,0.8385,0.0053,0.8293,1.1209,1.1335
kipling_junglebook.txt,151161,49928,49522,0.7753,0.8275,0.7,16,0.9336,0.8359,0.0073,0.8469,1.1168,1.1024
kipling_junglebook.txt,151161,49928,49522,0.7753,0.8275,0.7,17,0.9396,0.8339,0.0063,0.844,1.1268,1.1133
kipling_junglebook.txt,151161,49928,49522,0.7753,0.8275,0.7,18,0.9098,0.8364,0.0062,0.8364,1.0878,1.0878
kipling_junglebook.txt,151161,49928,49522,0.7753,0.8275,0.7,19,0.8979,0.8369,0.0056,0.8412,1.0729,1.0675
kipling_junglebook.txt,151161,49928,49522,0.7753,0.8275,0.7,20,0.9057,0.8351,0.0064,0.8253,1.0844,1.0974
kipling_junglebook.txt,151161,49928,49522,0.7753,0.8275,0.8,1,1.1449,0.8941,0.0095,0.9134,1.2806,1.2535
kipling_junglebook.txt,151161,49928,49522,0.7753,0.8275,0.8,2,1.226,0.8944,0.0087,0.8886,1.3707,1.3798
kipling_junglebook.txt,151161,49928,49522,0.7753,0.8275,0.8,3,1.1056,0.8952,0.0099,0.9044,1.2351,1.2225
kipling_junglebook.txt,151161,49928,49522,0.7753,0.8275,0.8,4,1.2251,0.8925,0.0097,0.8915,1.3726,1.3742
kipling_junglebook.txt,151161,49928,49522,0.7753,0.8275,0.8,5,1.1085,0.8967,0.0063,0.901,1.2362,1.2303
kipling_junglebook.txt,151161,49928,49522,0.7753,0.8275,0.8,6,1.1119,0.8956,0.0059,0.8914,1.2415,1.2474
kipling_junglebook.txt,151161,49928,49522,0.7753,0.8275,0.8,7,1.1227,0.8944,0.0083,0.8985,1.2552,1.2494
kipling_junglebook.txt,151161,49928,49522,0.7753,0.8275,0.8,8,1.0181,0.8964,0.0066,0.8877,1.1358,1.1469
kipling_junglebook.txt,151161,49928,49522,0.7753,0.8275,0.8,9,1.0783,0.8973,0.0072,0.8928,1.2017,1.2078
kipling_junglebook.txt,151161,49928,49522,0.7753,0.8275,0.8,10,1.0712,0.8973,0.0067,0.8858,1.1938,1.2092
kipling_junglebook.txt,151161,49928,49522,0.7753,0.8275,0.8,11,1.0469,0.8933,0.0095,0.8944,1.172,1.1706
kipling_junglebook.txt,151161,49928,49522,0.7753,0.8275,0.8,12,0.9943,0.8937,0.0099,0.9063,1.1126,1.0971
kipling_junglebook.txt,151161,49928,49522,0.7753,0.8275,0.8,13,1.0432,0.8936,0.0072,0.9,1.1674,1.1591
kipling_junglebook.txt,151161,49928,49522,0.7753,0.8275,0.8,14,1.0532,0.8953,0.0088,0.8957,1.1764,1.1758
kipling_junglebook.txt,151161,49928,49522,0.7753,0.8275,0.8,15,1.029,0.8972,0.0095,0.9005,1.147,1.1428
kipling_junglebook.txt,151161,49928,49522,0.7753,0.8275,0.8,16,1.0026,0.8945,0.0082,0.902,1.1208,1.1115
kipling_junglebook.txt,151161,49928,49522,0.7753,0.8275,0.8,17,1.0037,0.8908,0.0107,0.893,1.1267,1.124
kipling_junglebook.txt,151161,49928,49522,0.7753,0.8275,0.8,18,0.9821,0.8963,0.0073,0.903,1.0957,1.0876
kipling_junglebook.txt,151161,49928,49522,0.7753,0.8275,0.8,19,0.9966,0.8944,0.0106,0.8859,1.1142,1.125
kipling_junglebook.txt,151161,49928,49522,0.7753,0.8275,0.8,20,0.97,0.8937,0.0083,0.8908,1.0854,1.089
kipling_junglebook.txt,151161,49928,49522,0.7753,0.8275,0.9,1,1.2202,0.9452,0.0122,0.9548,1.2909,1.278
kipling_junglebook.txt,151161,49928,49522,0.7753,0.8275,0.9,2,1.3762,0.9453,0.01,0.9358,1.4558,1.4706
kipling_junglebook.txt,151161,49928,49522,0.7753,0.8275,0.9,3,1.3651,0.9449,0.0102,0.9511,1.4447,1.4353
kipling_junglebook.txt,151161,49928,49522,0.7753,0.8275,0.9,4,1.462,0.9523,0.0124,0.9404,1.5352,1.5547
kipling_junglebook.txt,151161,49928,49522,0.7753,0.8275,0.9,5,1.1828,0.9476,0.013,0.9532,1.2482,1.2408
kipling_junglebook.txt,151161,49928,49522,0.7753,0.8275,0.9,6,1.2778,0.9444,0.0099,0.9489,1.3531,1.3466
kipling_junglebook.txt,151161,49928,49522,0.7753,0.8275,0.9,7,1.1923,0.9448,0.0096,0.9549,1.2619,1.2486
kipling_junglebook.txt,151161,49928,49522,0.7753,0.8275,0.9,8,1.0808,0.9506,0.0095,0.9361,1.137,1.1546
kipling_junglebook.txt,151161,49928,49522,0.7753,0.8275,0.9,9,1.2208,0.9469,0.0121,0.9687,1.2893,1.2602
kipling_junglebook.txt,151161,49928,49522,0.7753,0.8275,0.9,10,1.215,0.9477,0.0151,0.9305,1.282,1.3057
kipling_junglebook.txt,151161,49928,49522,0.7753,0.8275,0.9,11,1.1267,0.9458,0.0131,0.9501,1.1912,1.1859
kipling_junglebook.txt,151161,49928,49522,0.7753,0.8275,0.9,12,1.0506,0.9533,0.0131,0.9471,1.102,1.1092
kipling_junglebook.txt,151161,49928,49522,0.7753,0.8275,0.9,13,1.1435,0.9469,0.0128,0.96,1.2076,1.1912
kipling_junglebook.txt,151161,49928,49522,0.7753,0.8275,0.9,14,1.1373,0.9494,0.0101,0.9347,1.198,1.2168
kipling_junglebook.txt,151161,49928,49522,0.7753,0.8275,0.9,15,1.1397,0.9486,0.0159,0.9598,1.2015,1.1874
kipling_junglebook.txt,151161,49928,49522,0.7753,0.8275,0.9,16,1.1352,0.9509,0.0124,0.9557,1.1938,1.1878
kipling_junglebook.txt,151161,49928,49522,0.7753,0.8275,0.9,17,1.0948,0.9499,0.0157,0.9428,1.1526,1.1612
kipling_junglebook.txt,151161,49928,49522,0.7753,0.8275,0.9,18,1.0812,0.9528,0.015,0.9405,1.1348,1.1496
kipling_junglebook.txt,151161,49928,49522,0.7753,0.8275,0.9,19,1.0688,0.9489,0.0166,0.9325,1.1264,1.1462
kipling_junglebook.txt,151161,49928,49522,0.7753,0.8275,0.9,20,1.0607,0.9476,0.0152,0.9476,1.1193,1.1194
kipling_junglebook.txt,151161,49928,49522,0.7753,0.8275,0.95,1,1.2998,0.9737,0.015,0.9729,1.3349,1.3359
kipling_junglebook.txt,151161,49928,49522,0.7753,0.8275,0.95,2,1.5303,0.9676,0.0187,0.9695,1.5816,1.5785
kipling_junglebook.txt,151161,49928,49522,0.7753,0.8275,0.95,3,1.5978,0.9736,0.0168,0.9797,1.641,1.6309
kipling_junglebook.txt,151161,49928,49522,0.7753,0.8275,0.95,4,1.4788,0.98,0.0227,0.9516,1.5089,1.5541
kipling_junglebook.txt,151161,49928,49522,0.7753,0.8275,0.95,5,1.1799,0.9763,0.0225,0.9856,1.2085,1.1971
kipling_junglebook.txt,151161,49928,49522,0.7753,0.8275,0.95,6,1.2982,0.9741,0.0137,0.9771,1.3328,1.3287
kipling_junglebook.txt,151161,49928,49522,0.7753,0.8275,0.95,7,1.284,0.9649,0.0185,0.987,1.3306,1.3009
kipling_junglebook.txt,151161,49928,49522,0.7753,0.8275,0.95,8,1.1279,0.9808,0.016,0.9684,1.15,1.1647
kipling_junglebook.txt,151161,49928,49522,0.7753,0.8275,0.95,9,1.2356,0.9812,0.0249,0.9829,1.2592,1.2571
kipling_junglebook.txt,151161,49928,49522,0.7753,0.8275,0.95,10,1.3681,0.9627,0.0156,1.0011,1.4211,1.3665
kipling_junglebook.txt,151161,49928,49522,0.7753,0.8275,0.95,11,1.2045,0.9749,0.018,0.964,1.2355,1.2494
kipling_junglebook.txt,151161,49928,49522,0.7753,0.8275,0.95,12,1.0486,0.9818,0.0214,0.9652,1.0681,1.0864
kipling_junglebook.txt,151161,49928,49522,0.7753,0.8275,0.95,13,1.1684,0.9741,0.0179,0.9869,1.1995,1.1839
kipling_junglebook.txt,151161,49928,49522,0.7753,0.8275,0.95,14,1.1685,0.9763,0.0173,0.9644,1.197,1.2117
kipling_junglebook.txt,151161,49928,49522,0.7753,0.8275,0.95,15,1.1527,0.9746,0.02,1.0101,1.1827,1.1412
kipling_junglebook.txt,151161,49928,49522,0.7753,0.8275,0.95,16,1.1918,0.9738,0.0213,0.955,1.2238,1.248
kipling_junglebook.txt,151161,49928,49522,0.7753,0.8275,0.95,17,1.1051,0.9765,0.0174,0.9471,1.1316,1.1667
kipling_junglebook.txt,151161,49928,49522,0.7753,0.8275,0.95,18,1.2855,0.9794,0.0198,0.976,1.3126,1.3171
kipling_junglebook.txt,151161,49928,49522,0.7753,0.8275,0.95,19,1.0929,0.9705,0.0198,0.9719,1.1261,1.1244
kipling_junglebook.txt,151161,49928,49522,0.7753,0.8275,0.95,20,1.1166,0.9675,0.0198,0.9565,1.1542,1.1674
kipling_junglebook.txt,151161,49928,49522,0.7753,0.8275,0.99,1,1.6378,0.986,0.0396,1.0394,1.661,1.5756
kipling_junglebook.txt,151161,49928,49522,0.7753,0.8275,0.99,2,1.392,0.9907,0.0271,0.9961,1.405,1.3974
kipling_junglebook.txt,151161,49928,49522,0.7753,0.8275,0.99,3,1.9215,0.9791,0.0369,0.9378,1.9625,2.049
kipling_junglebook.txt,151161,49928,49522,0.7753,0.8275,0.99,4,1.4452,1.0008,0.0411,0.9971,1.444,1.4494
kipling_junglebook.txt,151161,49928,49522,0.7753,0.8275,0.99,5,1.2791,0.9858,0.0482,1.0375,1.2975,1.2328
kipling_junglebook.txt,151161,49928,49522,0.7753,0.8275,0.99,6,1.344,0.9908,0.0539,0.9513,1.3564,1.4128
kipling_junglebook.txt,151161,49928,49522,0.7753,0.8275,0.99,7,1.3511,0.9838,0.0288,1.0596,1.3734,1.2751
kipling_junglebook.txt,151161,49928,49522,0.7753,0.8275,0.99,8,1.1816,1.0,0.046,0.9728,1.1816,1.2146
kipling_junglebook.txt,151161,49928,49522,0.7753,0.8275,0.99,9,1.3607,0.9797,0.0423,1.0151,1.389,1.3405
kipling_junglebook.txt,151161,49928,49522,0.7753,0.8275,0.99,10,1.2621,0.9907,0.0507,0.9602,1.274,1.3145
kipling_junglebook.txt,151161,49928,49522,0.7753,0.8275,0.99,11,1.457,0.9995,0.0346,1.0936,1.4577,1.3323
kipling_junglebook.txt,151161,49928,49522,0.7753,0.8275,0.99,12,1.1558,1.0048,0.0392,0.9432,1.1503,1.2254
kipling_junglebook.txt,151161,49928,49522,0.7753,0.8275,0.99,13,1.0429,0.9846,0.044,0.945,1.0591,1.1036
kipling_junglebook.txt,151161,49928,49522,0.7753,0.8275,0.99,14,1.4021,0.9952,0.0377,1.1078,1.4088,1.2656
kipling_junglebook.txt,151161,49928,49522,0.7753,0.8275,0.99,15,1.34,0.9959,0.0449,1.0132,1.3456,1.3226
kipling_junglebook.txt,151161,49928,49522,0.7753,0.8275,0.99,16,1.4587,0.9956,0.0443,1.0562,1.4651,1.381
kipling_junglebook.txt,151161,49928,49522,0.7753,0.8275,0.99,17,1.1702,0.991,0.0393,0.9193,1.1808,1.273
kipling_junglebook.txt,151161,49928,49522,0.7753,0.8275,0.99,18,1.5927,0.999,0.0382,0.9618,1.5943,1.656
kipling_junglebook.txt,151161,49928,49522,0.7753,0.8275,0.99,19,1.0834,1.0021,0.0398,0.9643,1.0811,1.1235
kipling_junglebook.txt,151161,49928,49522,0.7753,0.8275,0.99,20,1.274,0.9968,0.0455,0.9906,1.2781,1.2861
olivertwist_cut_clean.txt,161529,60377,59729,0.7112,0.7581,0.6,1,0.8524,0.7753,0.0051,0.7834,1.0994,1.088
olivertwist_cut_clean.txt,161529,60377,59729,0.7112,0.7581,0.6,2,0.9678,0.7739,0.0035,0.7761,1.2506,1.2469
olivertwist_cut_clean.txt,161529,60377,59729,0.7112,0.7581,0.6,3,0.9118,0.7733,0.004,0.7776,1.179,1.1726
olivertwist_cut_clean.txt,161529,60377,59729,0.7112,0.7581,0.6,4,0.9404,0.7729,0.0055,0.78,1.2168,1.2056
olivertwist_cut_clean.txt,161529,60377,59729,0.7112,0.7581,0.6,5,0.854,0.7765,0.0055,0.7732,1.0999,1.1045
olivertwist_cut_clean.txt,161529,60377,59729,0.7112,0.7581,0.6,6,0.8998,0.7745,0.0048,0.7718,1.1618,1.1658
olivertwist_cut_clean.txt,161529,60377,59729,0.7112,0.7581,0.6,7,0.8589,0.7774,0.0051,0.7781,1.1048,1.1039
olivertwist_cut_clean.txt,161529,60377,59729,0.7112,0.7581,0.6,8,0.8738,0.7759,0.0048,0.781,1.1262,1.1189
olivertwist_cut_clean.txt,161529,60377,59729,0.7112,0.7581,0.6,9,0.8629,0.7763,0.0064,0.7769,1.1116,1.1107
olivertwist_cut_clean.txt,161529,60377,59729,0.7112,0.7581,0.6,10,0.8685,0.7748,0.0055,0.7719,1.121,1.1252
olivertwist_cut_clean.txt,161529,60377,59729,0.7112,0.7581,0.6,11,0.8287,0.7729,0.0056,0.7815,1.0722,1.0603
olivertwist_cut_clean.txt,161529,60377,59729,0.7112,0.7581,0.6,12,0.8406,0.7735,0.0045,0.769,1.0867,1.0931
olivertwist_cut_clean.txt,161529,60377,59729,0.7112,0.7581,0.6,13,0.8444,0.774,0.0062,0.7782,1.0909,1.0851
olivertwist_cut_clean.txt,161529,60377,59729,0.7112,0.7581,0.6,14,0.8363,0.7739,0.0052,0.7773,1.0807,1.0759
olivertwist_cut_clean.txt,161529,60377,59729,0.7112,0.7581,0.6,15,0.8529,0.7764,0.0031,0.7821,1.0986,1.0906
olivertwist_cut_clean.txt,161529,60377,59729,0.7112,0.7581,0.6,16,0.8342,0.7753,0.0054,0.7776,1.076,1.0727
olivertwist_cut_clean.txt,161529,60377,59729,0.7112,0.7581,0.6,17,0.8281,0.7739,0.0043,0.7798,1.07,1.0619
olivertwist_cut_clean.txt,161529,60377,59729,0.7112,0.7581,0.6,18,0.8312,0.7724,0.0041,0.7687,1.0761,1.0812
olivertwist_cut_clean.txt,161529,60377,59729,0.7112,0.7581,0.6,19,0.8222,0.7738,0.0061,0.783,1.0625,1.0501
olivertwist_cut_clean.txt,161529,60377,59729,0.7112,0.7581,0.6,20,0.8225,0.7745,0.0058,0.7738,1.0619,1.0629
olivertwist_cut_clean.txt,161529,60377,59729,0.7112,0.7581,0.7,1,0.9417,0.8363,0.0071,0.8501,1.126,1.1078
olivertwist_cut_clean.txt,161529,60377,59729,0.7112,0.7581,0.7,2,1.0361,0.8368,0.0056,0.8417,1.2383,1.231
olivertwist_cut_clean.txt,161529,60377,59729,0.7112,0.7581,0.7,3,0.9818,0.8344,0.0049,0.8376,1.1766,1.1721
olivertwist_cut_clean.txt,161529,60377,59729,0.7112,0.7581,0.7,4,1.0244,0.8335,0.0065,0.8459,1.229,1.2111
olivertwist_cut_clean.txt,161529,60377,59729,0.7112,0.7581,0.7,5,0.9299,0.8374,0.0067,0.8237,1.1105,1.1289
olivertwist_cut_clean.txt,161529,60377,59729,0.7112,0.7581,0.7,6,1.0042,0.8392,0.006,0.8296,1.1967,1.2104
olivertwist_cut_clean.txt,161529,60377,59729,0.7112,0.7581,0.7,7,0.9222,0.8367,0.005,0.8424,1.1022,1.0947
olivertwist_cut_clean.txt,161529,60377,59729,0.7112,0.7581,0.7,8,0.9644,0.8367,0.0078,0.8486,1.1526,1.1365
olivertwist_cut_clean.txt,161529,60377,59729,0.7112,0.7581,0.7,9,0.9305,0.8375,0.0048,0.8424,1.111,1.1045
olivertwist_cut_clean.txt,161529,60377,59729,0.7112,0.7581,0.7,10,0.9578,0.8363,0.005,0.8368,1.1453,1.1446
olivertwist_cut_clean.txt,161529,60377,59729,0.7112,0.7581,0.7,11,0.8986,0.836,0.0056,0.845,1.0749,1.0635
olivertwist_cut_clean.txt,161529,60377,59729,0.7112,0.7581,0.7,12,0.9186,0.8354,0.0057,0.8315,1.0996,1.1048
olivertwist_cut_clean.txt,161529,60377,59729,0.7112,0.7581,0.7,13,0.9182,0.8363,0.0065,0.8358,1.098,1.0987
olivertwist_cut_clean.txt,161529,60377,59729,0.7112,0.7581,0.7,14,0.9152,0.8349,0.0064,0.8341,1.0961,1.0972
olivertwist_cut_clean.txt,161529,60377,59729,0.7112,0.7581,0.7,15,0.9314,0.8381,0.0049,0.8395,1.1114,1.1095
olivertwist_cut_clean.txt,161529,60377,59729,0.7112,0.7581,0.7,16,0.904,0.838,0.0069,0.8352,1.0789,1.0824
olivertwist_cut_clean.txt,161529,60377,59729,0.7112,0.7581,0.7,17,0.9076,0.8353,0.0072,0.8375,1.0866,1.0838
olivertwist_cut_clean.txt,161529,60377,59729,0.7112,0.7581,0.7,18,0.9001,0.8357,0.0052,0.8313,1.0771,1.0827
olivertwist_cut_clean.txt,161529,60377,59729,0.7112,0.7581,0.7,19,0.8939,0.8369,0.0067,0.8317,1.0681,1.0747
olivertwist_cut_clean.txt,161529,60377,59729,0.7112,0.7581,0.7,20,0.8985,0.836,0.0061,0.8396,1.0747,1.0701
olivertwist_cut_clean.txt,161529,60377,59729,0.7112,0.7581,0.8,1,1.0207,0.8955,0.0085,0.9047,1.1398,1.1282
olivertwist_cut_clean.txt,161529,60377,59729,0.7112,0.7581,0.8,2,1.1299,0.8946,0.0077,0.8971,1.263,1.2595
olivertwist_cut_clean.txt,161529,60377,59729,0.7112,0.7581,0.8,3,1.0399,0.8947,0.0065,0.9037,1.1624,1.1507
olivertwist_cut_clean.txt,161529,60377,59729,0.7112,0.7581,0.8,4,1.1214,0.8932,0.0093,0.8986,1.2555,1.2479
olivertwist_cut_clean.txt,161529,60377,59729,0.7112,0.7581,0.8,5,1.0092,0.895,0.0073,0.8782,1.1275,1.1491
olivertwist_cut_clean.txt,161529,60377,59729,0.7112,0.7581,0.8,6,1.1297,0.8971,0.0081,0.8931,1.2593,1.2649
olivertwist_cut_clean.txt,161529,60377,59729,0.7112,0.7581,0.8,7,0.9781,0.8975,0.0079,0.8997,1.0899,1.0872
olivertwist_cut_clean.txt,161529,60377,59729,0.7112,0.7581,0.8,8,1.0645,0.8915,0.0091,0.8999,1.1941,1.1829
olivertwist_cut_clean.txt,161529,60377,59729,0.7112,0.7581,0.8,9,1.0466,0.8946,0.0074,0.8856,1.17,1.1819
olivertwist_cut_clean.txt,161529,60377,59729,0.7112,0.7581,0.8,10,1.0722,0.8927,0.0078,0.8893,1.2012,1.2057
olivertwist_cut_clean.txt,161529,60377,59729,0.7112,0.7581,0.8,11,0.9645,0.8945,0.0092,0.8886,1.0783,1.0855
olivertwist_cut_clean.txt,161529,60377,59729,0.7112,0.7581,0.8,12,1.0067,0.8942,0.0065,0.892,1.1259,1.1286
olivertwist_cut_clean.txt,161529,60377,59729,0.7112,0.7581,0.8,13,0.9906,0.896,0.009,0.8948,1.1056,1.1071
olivertwist_cut_clean.txt,161529,60377,59729,0.7112,0.7581,0.8,14,0.9897,0.8913,0.0088,0.8819,1.1104,1.1222
olivertwist_cut_clean.txt,161529,60377,59729,0.7112,0.7581,0.8,15,1.0119,0.8958,0.0086,0.8895,1.1297,1.1376
olivertwist_cut_clean.txt,161529,60377,59729,0.7112,0.7581,0.8,16,0.979,0.8944,0.0074,0.8918,1.0945,1.0977
olivertwist_cut_clean.txt,161529,60377,59729,0.7112,0.7581,0.8,17,0.977,0.893,0.0074,0.8913,1.0941,1.0962
olivertwist_cut_clean.txt,161529,60377,59729,0.7112,0.7581,0.8,18,0.9591,0.8943,0.0094,0.8895,1.0724,1.0782
olivertwist_cut_clean.txt,161529,60377,59729,0.7112,0.7581,0.8,19,0.9595,0.8933,0.0077,0.8953,1.074,1.0717
olivertwist_cut_clean.txt,161529,60377,59729,0.7112,0.7581,0.8,20,0.9707,0.8941,0.0093,0.8976,1.0857,1.0813
olivertwist_cut_clean.txt,161529,60377,59729,0.7112,0.7581,0.9,1,1.1523,0.9471,0.0106,0.9629,1.2167,1.1967
olivertwist_cut_clean.txt,161529,60377,59729,0.7112,0.7581,0.9,2,1.1488,0.9489,0.0108,0.9661,1.2106,1.1891
olivertwist_cut_clean.txt,161529,60377,59729,0.7112,0.7581,0.9,3,1.1624,0.9528,0.0064,0.9526,1.22,1.2203
olivertwist_cut_clean.txt,161529,60377,59729,0.7112,0.7581,0.9,4,1.2751,0.9434,0.0132,0.9544,1.3516,1.336
olivertwist_cut_clean.txt,161529,60377,59729,0.7112,0.7581,0.9,5,1.0702,0.9466,0.0114,0.9477,1.1306,1.1292
olivertwist_cut_clean.txt,161529,60377,59729,0.7112,0.7581,0.9,6,1.2797,0.9474,0.0083,0.9476,1.3508,1.3504
olivertwist_cut_clean.txt,161529,60377,59729,0.7112,0.7581,0.9,7,1.0397,0.9488,0.0091,0.9537,1.0958,1.0901
olivertwist_cut_clean.txt,161529,60377,59729,0.7112,0.7581,0.9,8,1.1215,0.9463,0.0098,0.9495,1.1851,1.1811
olivertwist_cut_clean.txt,161529,60377,59729,0.7112,0.7581,0.9,9,1.1558,0.9508,0.0103,0.9341,1.2157,1.2373
olivertwist_cut_clean.txt,161529,60377,59729,0.7112,0.7581,0.9,10,1.1984,0.9473,0.011,0.9663,1.2651,1.2401
olivertwist_cut_clean.txt,161529,60377,59729,0.7112,0.7581,0.9,11,1.0308,0.9528,0.0112,0.963,1.0819,1.0704
olivertwist_cut_clean.txt,161529,60377,59729,0.7112,0.7581,0.9,12,1.0951,0.9466,0.0124,0.948,1.1569,1.1552
olivertwist_cut_clean.txt,161529,60377,59729,0.7112,0.7581,0.9,13,1.0834,0.9514,0.0098,0.952,1.1388,1.138
olivertwist_cut_clean.txt,161529,60377,59729,0.7112,0.7581,0.9,14,1.0434,0.9488,0.0109,0.9082,1.0996,1.1488
olivertwist_cut_clean.txt,161529,60377,59729,0.7112,0.7581,0.9,15,1.087,0.9485,0.0109,0.9611,1.1461,1.131
olivertwist_cut_clean.txt,161529,60377,59729,0.7112,0.7581,0.9,16,1.0724,0.9488,0.0092,0.9562,1.1303,1.1215
olivertwist_cut_clean.txt,161529,60377,59729,0.7112,0.7581,0.9,17,1.043,0.9497,0.0131,0.9626,1.0983,1.0836
olivertwist_cut_clean.txt,161529,60377,59729,0.7112,0.7581,0.9,18,1.0376,0.9467,0.0108,0.9371,1.096,1.1073
olivertwist_cut_clean.txt,161529,60377,59729,0.7112,0.7581,0.9,19,1.0577,0.9473,0.0128,0.9417,1.1165,1.1232
olivertwist_cut_clean.txt,161529,60377,59729,0.7112,0.7581,0.9,20,1.0288,0.9448,0.0108,0.9736,1.0889,1.0567
olivertwist_cut_clean.txt,161529,60377,59729,0.7112,0.7581,0.95,1,1.254,0.9755,0.0195,0.9859,1.2855,1.2719
olivertwist_cut_clean.txt,161529,60377,59729,0.7112,0.7581,0.95,2,1.0923,0.9721,0.014,0.9437,1.1236,1.1574
olivertwist_cut_clean.txt,161529,60377,59729,0.7112,0.7581,0.95,3,1.2141,0.9801,0.0141,0.9902,1.2388,1.2261
olivertwist_cut_clean.txt,161529,60377,59729,0.7112,0.7581,0.95,4,1.4167,0.9746,0.0132,0.9542,1.4537,1.4848
olivertwist_cut_clean.txt,161529,60377,59729,0.7112,0.7581,0.95,5,1.1226,0.9713,0.0119,0.963,1.1558,1.1657
olivertwist_cut_clean.txt,161529,60377,59729,0.7112,0.7581,0.95,6,1.4054,0.9825,0.0156,0.9864,1.4305,1.4248
olivertwist_cut_clean.txt,161529,60377,59729,0.7112,0.7581,0.95,7,1.0766,0.967,0.012,0.9756,1.1133,1.1035
olivertwist_cut_clean.txt,161529,60377,59729,0.7112,0.7581,0.95,8,1.2021,0.9755,0.0264,0.9833,1.2323,1.2225
olivertwist_cut_clean.txt,161529,60377,59729,0.7112,0.7581,0.95,9,1.2095,0.9742,0.0183,0.9798,1.2415,1.2344
olivertwist_cut_clean.txt,161529,60377,59729,0.7112,0.7581,0.95,10,1.2674,0.9782,0.0167,0.9879,1.2956,1.2828
olivertwist_cut_clean.txt,161529,60377,59729,0.7112,0.7581,0.95,11,1.0477,0.9701,0.0169,0.9677,1.08,1.0826
olivertwist_cut_clean.txt,161529,60377,59729,0.7112,0.7581,0.95,12,1.1435,0.9802,0.0171,0.9684,1.1666,1.1808
olivertwist_cut_clean.txt,161529,60377,59729,0.7112,0.7581,0.95,13,1.1894,0.9739,0.016,0.9589,1.2212,1.2403
olivertwist_cut_clean.txt,161529,60377,59729,0.7112,0.7581,0.95,14,1.1331,0.9746,0.0191,0.9537,1.1626,1.1881
olivertwist_cut_clean.txt,161529,60377,59729,0.7112,0.7581,0.95,15,1.1287,0.9703,0.0154,1.0115,1.1633,1.116
olivertwist_cut_clean.txt,161529,60377,59729,0.7112,0.7581,0.95,16,1.1372,0.9771,0.0195,1.0012,1.1639,1.1359
olivertwist_cut_clean.txt,161529,60377,59729,0.7112,0.7581,0.95,17,1.1673,0.9753,0.0196,0.9743,1.1968,1.198
olivertwist_cut_clean.txt,161529,60377,59729,0.7112,0.7581,0.95,18,1.1278,0.9766,0.0251,0.981,1.1548,1.1497
olivertwist_cut_clean.txt,161529,60377,59729,0.7112,0.7581,0.95,19,1.1839,0.9755,0.0166,0.9714,1.2136,1.2187
olivertwist_cut_clean.txt,161529,60377,59729,0.7112,0.7581,0.95,20,1.1078,0.9735,0.0252,1.0041,1.138,1.1033
olivertwist_cut_clean.txt,161529,60377,59729,0.7112,0.7581,0.99,1,1.5451,1.0001,0.0389,1.0219,1.545,1.512
olivertwist_cut_clean.txt,161529,60377,59729,0.7112,0.7581,0.99,2,1.3317,1.0056,0.0588,1.0008,1.3243,1.3306
olivertwist_cut_clean.txt,161529,60377,59729,0.7112,0.7581,0.99,3,1.1954,1.0059,0.0454,1.0605,1.1884,1.1272
olivertwist_cut_clean.txt,161529,60377,59729,0.7112,0.7581,0.99,4,1.36,0.9954,0.0256,0.9692,1.3664,1.4033
olivertwist_cut_clean.txt,161529,60377,59729,0.7112,0.7581,0.99,5,1.181,0.997,0.0322,0.9325,1.1846,1.2664
olivertwist_cut_clean.txt,161529,60377,59729,0.7112,0.7581,0.99,6,1.8979,0.9951,0.0344,0.9336,1.9073,2.0329
olivertwist_cut_clean.txt,161529,60377,59729,0.7112,0.7581,0.99,7,1.3126,0.983,0.0365,0.9412,1.3353,1.3947
olivertwist_cut_clean.txt,161529,60377,59729,0.7112,0.7581,0.99,8,1.3774,0.9967,0.0546,1.0258,1.3819,1.3427
olivertwist_cut_clean.txt,161529,60377,59729,0.7112,0.7581,0.99,9,1.2339,1.0132,0.0458,0.9718,1.2179,1.2697
olivertwist_cut_clean.txt,161529,60377,59729,0.7112,0.7581,0.99,10,1.785,0.9891,0.0376,0.9743,1.8046,1.8321
olivertwist_cut_clean.txt,161529,60377,59729,0.7112,0.7581,0.99,11,1.4244,1.0041,0.0431,0.9548,1.4186,1.4918
olivertwist_cut_clean.txt,161529,60377,59729,0.7112,0.7581,0.99,12,1.4583,0.9974,0.0387,0.9406,1.4621,1.5504
olivertwist_cut_clean.txt,161529,60377,59729,0.7112,0.7581,0.99,13,1.4349,0.993,0.0512,0.9864,1.4451,1.4547
olivertwist_cut_clean.txt,161529,60377,59729,0.7112,0.7581,0.99,14,1.2232,1.0004,0.0294,0.9947,1.2227,1.2298
olivertwist_cut_clean.txt,161529,60377,59729,0.7112,0.7581,0.99,15,1.4232,1.0015,0.0461,1.0034,1.421,1.4183
olivertwist_cut_clean.txt,161529,60377,59729,0.7112,0.7581,0.99,16,1.2237,0.9911,0.0423,1.0714,1.2347,1.1421
olivertwist_cut_clean.txt,161529,60377,59729,0.7112,0.7581,0.99,17,1.6774,0.9911,0.0404,0.9731,1.6925,1.7238
olivertwist_cut_clean.txt,161529,60377,59729,0.7112,0.7581,0.99,18,1.3406,0.9873,0.0319,1.0325,1.3578,1.2984
olivertwist_cut_clean.txt,161529,60377,59729,0.7112,0.7581,0.99,19,2.0474,0.9836,0.0447,0.9796,2.0815,2.0902
olivertwist_cut_clean.txt,161529,60377,59729,0.7112,0.7581,0.99,20,1.1894,0.9903,0.0425,0.976,1.201,1.2187
principia_newton.txt,112225,58475,26347,0.8152,0.8506,0.6,1,1.2452,0.7762,0.0079,0.7688,1.6042,1.6197
principia_newton.txt,112225,58475,26347,0.8152,0.8506,0.6,2,1.1348,0.7763,0.0059,0.7805,1.4617,1.4539
principia_newton.txt,112225,58475,26347,0.8152,0.8506,0.6,3,0.9502,0.7768,0.0084,0.7857,1.2232,1.2094
principia_newton.txt,112225,58475,26347,0.8152,0.8506,0.6,4,0.9017,0.7737,0.0074,0.7731,1.1655,1.1664
principia_newton.txt,112225,58475,26347,0.8152,0.8506,0.6,5,0.8717,0.774,0.0067,0.7671,1.1262,1.1363
principia_newton.txt,112225,58475,26347,0.8152,0.8506,0.6,6,0.9075,0.7755,0.0061,0.7843,1.1702,1.1571
principia_newton.txt,112225,58475,26347,0.8152,0.8506,0.6,7,0.8899,0.7764,0.0074,0.7881,1.1462,1.1292
principia_newton.txt,112225,58475,26347,0.8152,0.8506,0.6,8,0.8649,0.7736,0.0082,0.7653,1.118,1.1301
principia_newton.txt,112225,58475,26347,0.8152,0.8506,0.6,9,0.8499,0.7755,0.0086,0.7723,1.096,1.1004
principia_newton.txt,112225,58475,26347,0.8152,0.8506,0.6,10,0.8811,0.7735,0.0074,0.7845,1.1392,1.1231
principia_newton.txt,112225,58475,26347,0.8152,0.8506,0.6,11,0.8851,0.7785,0.0072,0.7661,1.137,1.1553
principia_newton.txt,112225,58475,26347,0.8152,0.8506,0.6,12,0.8509,0.7743,0.0078,0.7803,1.0989,1.0904
principia_newton.txt,112225,58475,26347,0.8152,0.8506,0.6,13,0.8774,0.7745,0.0057,0.7842,1.1328,1.1189
principia_newton.txt,112225,58475,26347,0.8152,0.8506,0.6,14,0.8624,0.7737,0.0096,0.7826,1.1147,1.102
principia_newton.txt,112225,58475,26347,0.8152,0.8506,0.6,15,0.8892,0.7724,0.0082,0.7753,1.1512,1.1469
principia_newton.txt,112225,58475,26347,0.8152,0.8506,0.6,16,0.9101,0.775,0.0073,0.7799,1.1743,1.167
principia_newton.txt,112225,58475,26347,0.8152,0.8506,0.6,17,0.8975,0.7737,0.007,0.7776,1.1599,1.1541
principia_newton.txt,112225,58475,26347,0.8152,0.8506,0.6,18,0.8766,0.7738,0.0076,0.7768,1.1328,1.1285
principia_newton.txt,112225,58475,26347,0.8152,0.8506,0.6,19,0.8793,0.7764,0.0068,0.767,1.1325,1.1464
principia_newton.txt,112225,58475,26347,0.8152,0.8506,0.6,20,0.892,0.7743,0.008,0.7781,1.152,1.1464
principia_newton.txt,112225,58475,26347,0.8152,0.8506,0.7,1,1.2525,0.8397,0.0094,0.8376,1.4915,1.4953
principia_newton.txt,112225,58475,26347,0.8152,0.8506,0.7,2,1.4498,0.8372,0.0049,0.8418,1.7317,1.7223
principia_newton.txt,112225,58475,26347,0.8152,0.8506,0.7,3,1.0602,0.8398,0.0113,0.8427,1.2624,1.2581
principia_newton.txt,112225,58475,26347,0.8152,0.8506,0.7,4,0.9899,0.8357,0.0089,0.8401,1.1844,1.1783
principia_newton.txt,112225,58475,26347,0.8152,0.8506,0.7,5,0.9773,0.8373,0.0078,0.8427,1.1671,1.1597
principia_newton.txt,112225,58475,26347,0.8152,0.8506,0.7,6,1.0018,0.8362,0.0076,0.8329,1.198,1.2028
principia_newton.txt,112225,58475,26347,0.8152,0.8506,0.7,7,1.0018,0.8349,0.0091,0.8425,1.2,1.1891
principia_newton.txt,112225,58475,26347,0.8152,0.8506,0.7,8,0.994,0.8381,0.0071,0.8394,1.186,1.1841
principia_newton.txt,112225,58475,26347,0.8152,0.8506,0.7,9,0.9832,0.8354,0.0061,0.8319,1.1769,1.1818
principia_newton.txt,112225,58475,26347,0.8152,0.8506,0.7,10,1.024,0.8369,0.0101,0.8443,1.2235,1.2127
principia_newton.txt,112225,58475,26347,0.8152,0.8506,0.7,11,0.9868,0.8364,0.0098,0.8268,1.1798,1.1934
principia_newton.txt,112225,58475,26347,0.8152,0.8506,0.7,12,0.9714,0.8342,0.0077,0.8614,1.1646,1.1277
principia_newton.txt,112225,58475,26347,0.8152,0.8506,0.7,13,1.0141,0.8383,0.0066,0.8429,1.2098,1.2032
principia_newton.txt,112225,58475,26347,0.8152,0.8506,0.7,14,0.9705,0.837,0.0096,0.8286,1.1595,1.1711
principia_newton.txt,112225,58475,26347,0.8152,0.8506,0.7,15,1.0252,0.8362,0.0078,0.8417,1.226,1.218
principia_newton.txt,112225,58475,26347,0.8152,0.8506,0.7,16,1.0098,0.8374,0.008,0.8415,1.2058,1.2001
principia_newton.txt,112225,58475,26347,0.8152,0.8506,0.7,17,1.012,0.8366,0.01,0.8447,1.2096,1.198
principia_newton.txt,112225,58475,26347,0.8152,0.8506,0.7,18,0.9835,0.8398,0.0102,0.8338,1.1711,1.1795
principia_newton.txt,112225,58475,26347,0.8152,0.8506,0.7,19,0.9827,0.8375,0.008,0.8351,1.1734,1.1767
principia_newton.txt,112225,58475,26347,0.8152,0.8506,0.7,20,0.9877,0.8352,0.0112,0.8467,1.1827,1.1665
principia_newton.txt,112225,58475,26347,0.8152,0.8506,0.8,1,1.4075,0.8965,0.0131,0.8701,1.57,1.6177
principia_newton.txt,112225,58475,26347,0.8152,0.8506,0.8,2,1.987,0.8954,0.0117,0.8969,2.219,2.2153
principia_newton.txt,112225,58475,26347,0.8152,0.8506,0.8,3,1.1921,0.8996,0.0107,0.8859,1.3251,1.3457
principia_newton.txt,112225,58475,26347,0.8152,0.8506,0.8,4,1.1041,0.8883,0.01,0.8885,1.2429,1.2427
principia_newton.txt,112225,58475,26347,0.8152,0.8506,0.8,5,1.0959,0.8981,0.0132,0.9056,1.2202,1.2101
principia_newton.txt,112225,58475,26347,0.8152,0.8506,0.8,6,1.1484,0.8936,0.0108,0.8883,1.2851,1.2929
principia_newton.txt,112225,58475,26347,0.8152,0.8506,0.8,7,1.0909,0.8939,0.0087,0.899,1.2204,1.2134
principia_newton.txt,112225,58475,26347,0.8152,0.8506,0.8,8,1.1799,0.8995,0.0114,0.8978,1.3118,1.3143
principia_newton.txt,112225,58475,26347,0.8152,0.8506,0.8,9,1.1327,0.8946,0.0118,0.9006,1.2661,1.2577
principia_newton.txt,112225,58475,26347,0.8152,0.8506,0.8,10,1.1639,0.8905,0.0124,0.9104,1.3071,1.2785
principia_newton.txt,112225,58475,26347,0.8152,0.8506,0.8,11,1.1284,0.8948,0.0117,0.8911,1.261,1.2662
principia_newton.txt,112225,58475,26347,0.8152,0.8506,0.8,12,1.0877,0.8917,0.0083,0.8902,1.2199,1.2219
principia_newton.txt,112225,58475,26347,0.8152,0.8506,0.8,13,1.1503,0.9029,0.0098,0.9133,1.274,1.2595
principia_newton.txt,112225,58475,26347,0.8152,0.8506,0.8,14,1.1155,0.8917,0.0139,0.8715,1.251,1.28
principia_newton.txt,112225,58475,26347,0.8152,0.8506,0.8,15,1.1683,0.8967,0.0131,0.9046,1.3029,1.2915
principia_newton.txt,112225,58475,26347,0.8152,0.8506,0.8,16,1.1928,0.894,0.0102,0.8995,1.3343,1.3262
principia_newton.txt,112225,58475,26347,0.8152,0.8506,0.8,17,1.1588,0.8908,0.011,0.9187,1.301,1.2614
principia_newton.txt,112225,58475,26347,0.8152,0.8506,0.8,18,1.0977,0.8982,0.0125,0.8776,1.222,1.2508
principia_newton.txt,112225,58475,26347,0.8152,0.8506,0.8,19,1.0692,0.8936,0.0095,0.9047,1.1966,1.1818
principia_newton.txt,112225,58475,26347,0.8152,0.8506,0.8,20,1.0774,0.8956,0.0112,0.9115,1.203,1.1821
principia_newton.txt,112225,58475,26347,0.8152,0.8506,0.9,1,1.4072,0.9535,0.0178,0.9484,1.4758,1.4837
principia_newton.txt,112225,58475,26347,0.8152,0.8506,0.9,2,2.0369,0.9472,0.0219,0.9329,2.1504,2.1833
principia_newton.txt,112225,58475,26347,0.8152,0.8506,0.9,3,1.3524,0.9483,0.0157,0.948,1.4261,1.4265
principia_newton.txt,112225,58475,26347,0.8152,0.8506,0.9,4,1.3782,0.9452,0.0126,0.9276,1.4581,1.4859
principia_newton.txt,112225,58475,26347,0.8152,0.8506,0.9,5,1.3007,0.95,0.023,0.964,1.3691,1.3493
principia_newton.txt,112225,58475,26347,0.8152,0.8506,0.9,6,1.4294,0.9511,0.0175,0.9411,1.503,1.5189
principia_newton.txt,112225,58475,26347,0.8152,0.8506,0.9,7,1.294,0.9529,0.0181,0.9401,1.3579,1.3765
principia_newton.txt,112225,58475,26347,0.8152,0.8506,0.9,8,1.2944,0.9499,0.017,0.9788,1.3628,1.3225
principia_newton.txt,112225,58475,26347,0.8152,0.8506,0.9,9,1.2751,0.9425,0.0165,0.9603,1.3529,1.3278
principia_newton.txt,112225,58475,26347,0.8152,0.8506,0.9,10,1.5047,0.9527,0.0202,0.9578,1.5794,1.5711
principia_newton.txt,112225,58475,26347,0.8152,0.8506,0.9,11,1.2528,0.9518,0.0213,0.987,1.3162,1.2692
principia_newton.txt,112225,58475,26347,0.8152,0.8506,0.9,12,1.3062,0.9382,0.0184,0.9469,1.3923,1.3795
principia_newton.txt,112225,58475,26347,0.8152,0.8506,0.9,13,1.337,0.9533,0.0174,0.9456,1.4026,1.414
principia_newton.txt,112225,58475,26347,0.8152,0.8506,0.9,14,1.3307,0.9439,0.0168,0.9625,1.4097,1.3824
principia_newton.txt,112225,58475,26347,0.8152,0.8506,0.9,15,1.3254,0.9534,0.0212,0.9179,1.3902,1.444
principia_newton.txt,112225,58475,26347,0.8152,0.8506,0.9,16,1.4037,0.9499,0.0218,0.9463,1.4778,1.4833
principia_newton.txt,112225,58475,26347,0.8152,0.8506,0.9,17,1.3219,0.9411,0.0144,0.9738,1.4046,1.3575
principia_newton.txt,112225,58475,26347,0.8152,0.8506,0.9,18,1.3194,0.9556,0.0161,0.9232,1.3806,1.4292
principia_newton.txt,112225,58475,26347,0.8152,0.8506,0.9,19,1.3037,0.9488,0.0194,0.9458,1.3741,1.3784
principia_newton.txt,112225,58475,26347,0.8152,0.8506,0.9,20,1.2356,0.9508,0.0144,0.981,1.2996,1.2595
principia_newton.txt,112225,58475,26347,0.8152,0.8506,0.95,1,1.6263,0.9749,0.0189,0.9821,1.6681,1.6559
principia_newton.txt,112225,58475,26347,0.8152,0.8506,0.95,2,3.714,0.965,0.0305,0.9419,3.8488,3.9432
principia_newton.txt,112225,58475,26347,0.8152,0.8506,0.95,3,1.4607,0.975,0.0248,0.9558,1.4982,1.5283
principia_newton.txt,112225,58475,26347,0.8152,0.8506,0.95,4,1.7297,0.974,0.0292,0.9229,1.7759,1.8743
principia_newton.txt,112225,58475,26347,0.8152,0.8506,0.95,5,1.4617,0.9779,0.0284,1.0187,1.4947,1.4348
principia_newton.txt,112225,58475,26347,0.8152,0.8506,0.95,6,1.6444,0.969,0.0247,0.9719,1.697,1.692
principia_newton.txt,112225,58475,26347,0.8152,0.8506,0.95,7,1.4773,0.9764,0.0282,0.9948,1.5129,1.4849
principia_newton.txt,112225,58475,26347,0.8152,0.8506,0.95,8,1.5299,0.9791,0.0236,0.988,1.5626,1.5485
principia_newton.txt,112225,58475,26347,0.8152,0.8506,0.95,9,1.7006,0.9756,0.0273,0.9943,1.7431,1.7104
principia_newton.txt,112225,58475,26347,0.8152,0.8506,0.95,10,1.5256,0.9875,0.021,0.9886,1.5448,1.5431
principia_newton.txt,112225,58475,26347,0.8152,0.8506,0.95,11,1.4661,0.9786,0.0298,1.0088,1.4983,1.4533
principia_newton.txt,112225,58475,26347,0.8152,0.8506,0.95,12,1.7552,0.9786,0.0207,0.9711,1.7936,1.8075
principia_newton.txt,112225,58475,26347,0.8152,0.8506,0.95,13,1.6372,0.9764,0.0359,0.9654,1.6768,1.6959
principia_newton.txt,112225,58475,26347,0.8152,0.8506,0.95,14,1.5725,0.9722,0.0264,1.0066,1.6175,1.5622
principia_newton.txt,112225,58475,26347,0.8152,0.8506,0.95,15,1.5276,0.981,0.0236,0.8913,1.5571,1.7139
principia_newton.txt,112225,58475,26347,0.8152,0.8506,0.95,16,1.7908,0.9795,0.0201,1.0025,1.8283,1.7864
principia_newton.txt,112225,58475,26347,0.8152,0.8506,0.95,17,1.579,0.9682,0.031,0.9439,1.6308,1.6728
principia_newton.txt,112225,58475,26347,0.8152,0.8506,0.95,18,1.5029,0.9948,0.0242,0.9428,1.5107,1.594
principia_newton.txt,112225,58475,26347,0.8152,0.8506,0.95,19,1.6465,0.9818,0.0251,0.9923,1.6769,1.6592
principia_newton.txt,112225,58475,26347,0.8152,0.8506,0.95,20,1.4711,0.9733,0.0268,1.0122,1.5114,1.4534
principia_newton.txt,112225,58475,26347,0.8152,0.8506,0.99,1,1.7171,1.0054,0.0629,1.0039,1.7078,1.7104
principia_newton.txt,112225,58475,26347,0.8152,0.8506,0.99,2,3.6624,0.9903,0.081,0.9763,3.6983,3.7512
principia_newton.txt,112225,58475,26347,0.8152,0.8506,0.99,3,1.8928,0.9609,0.0539,0.9113,1.9699,2.077
principia_newton.txt,112225,58475,26347,0.8152,0.8506,0.99,4,1.9681,0.9657,0.0613,1.0201,2.038,1.9293
principia_newton.txt,112225,58475,26347,0.8152,0.8506,0.99,5,1.6956,1.0034,0.0477,0.9797,1.69,1.7309
principia_newton.txt,112225,58475,26347,0.8152,0.8506,0.99,6,1.6953,1.01,0.0609,1.0118,1.6784,1.6755
principia_newton.txt,112225,58475,26347,0.8152,0.8506,0.99,7,1.3963,0.9856,0.0485,1.062,1.4167,1.3148
principia_newton.txt,112225,58475,26347,0.8152,0.8506,0.99,8,3.077,1.0019,0.0614,0.8754,3.0712,3.5149
principia_newton.txt,112225,58475,26347,0.8152,0.8506,0.99,9,2.5682,0.9791,0.0704,1.0384,2.6229,2.4732
principia_newton.txt,112225,58475,26347,0.8152,0.8506,0.99,10,2.0549,0.979,0.063,1.0789,2.0991,1.9046
principia_newton.txt,112225,58475,26347,0.8152,0.8506,0.99,11,2.4436,0.9746,0.0618,0.955,2.5074,2.5588
principia_newton.txt,112225,58475,26347,0.8152,0.8506,0.99,12,1.8543,0.9681,0.0568,0.9733,1.9155,1.9052
principia_newton.txt,112225,58475,26347,0.8152,0.8506,0.99,13,1.8106,0.9727,0.0687,1.044,1.8614,1.7343
principia_newton.txt,112225,58475,26347,0.8152,0.8506,0.99,14,1.8775,0.978,0.0512,0.9946,1.9198,1.8877
principia_newton.txt,112225,58475,26347,0.8152,0.8506,0.99,15,2.4078,0.9661,0.0528,0.9238,2.4922,2.6065
principia_newton.txt,112225,58475,26347,0.8152,0.8506,0.99,16,2.2063,0.9982,0.0652,1.0032,2.2104,2.1993
principia_newton.txt,112225,58475,26347,0.8152,0.8506,0.99,17,1.7108,1.0055,0.0647,1.0215,1.7014,1.6747
principia_newton.txt,112225,58475,26347,0.8152,0.8506,0.99,18,2.4209,0.9676,0.0457,0.9142,2.502,2.6479
principia_newton.txt,112225,58475,26347,0.8152,0.8506,0.99,19,2.4205,0.9865,0.0786,1.0723,2.4536,2.2573
principia_newton.txt,112225,58475,26347,0.8152,0.8506,0.99,20,1.6772,0.9927,0.0727,1.0136,1.6895,1.6547
