file,M_filtered,alpha,k,lag,rho_orig,rho_fgn,rho_surr,ci_95,orig_sig,fgn_sig,surr_sig
THE_ANALYSIS_OF_MIND.txt,30449,0.7426,1,1,0.12541,-0.00085,0.00563,0.01123,1,0,0
THE_ANALYSIS_OF_MIND.txt,30449,0.7426,1,2,0.06383,0.0023,-0.0041,0.01123,1,0,0
THE_ANALYSIS_OF_MIND.txt,30449,0.7426,1,5,0.06146,-0.00489,-0.00234,0.01123,1,0,0
THE_ANALYSIS_OF_MIND.txt,30449,0.7426,1,10,0.03973,-0.00258,0.0063,0.01123,1,0,0
THE_ANALYSIS_OF_MIND.txt,30449,0.7426,1,20,0.02277,0.00471,0.0087,0.01123,1,0,0
THE_ANALYSIS_OF_MIND.txt,30449,0.7426,1,50,0.01362,0.00013,0.00556,0.01123,1,0,0
THE_ANALYSIS_OF_MIND.txt,30449,0.7426,1,100,0.00472,-0.00178,-0.00688,0.01123,0,0,0
THE_ANALYSIS_OF_MIND.txt,30449,0.7426,1,200,0.00502,-0.00224,0.00549,0.01123,0,0,0
THE_ANALYSIS_OF_MIND.txt,30449,0.7426,1,300,0.00864,0.0049,-0.00248,0.01123,0,0,0
THE_ANALYSIS_OF_MIND.txt,30449,0.7426,2,1,0.08137,-0.00064,-0.00529,0.01123,1,0,0
THE_ANALYSIS_OF_MIND.txt,30449,0.7426,2,2,0.07383,-0.00648,-0.01192,0.01123,1,0,1
THE_ANALYSIS_OF_MIND.txt,30449,0.7426,2,5,0.04796,0.00437,-0.00435,0.01123,1,0,0
THE_ANALYSIS_OF_MIND.txt,30449,0.7426,2,10,0.0402,0.00044,0.01527,0.01123,1,0,1
THE_ANALYSIS_OF_MIND.txt,30449,0.7426,2,20,0.0254,-0.0061,0.00456,0.01123,1,0,0
THE_ANALYSIS_OF_MIND.txt,30449,0.7426,2,50,0.01636,6e-05,-0.00359,0.01123,1,0,0
THE_ANALYSIS_OF_MIND.txt,30449,0.7426,2,100,0.00916,0.00519,0.001,0.01123,0,0,0
THE_ANALYSIS_OF_MIND.txt,30449,0.7426,2,200,0.00503,-0.00721,0.00031,0.01123,0,0,0
THE_ANALYSIS_OF_MIND.txt,30449,0.7426,2,300,0.01182,-0.00603,-0.00797,0.01123,1,0,0
THE_ANALYSIS_OF_MIND.txt,30449,0.7426,3,1,0.10353,-0.00066,-0.00105,0.01123,1,0,0
THE_ANALYSIS_OF_MIND.txt,30449,0.7426,3,2,0.06228,-0.01506,-0.0042,0.01123,1,1,0
THE_ANALYSIS_OF_MIND.txt,30449,0.7426,3,5,0.04502,-0.00617,-0.00039,0.01123,1,0,0
THE_ANALYSIS_OF_MIND.txt,30449,0.7426,3,10,0.02808,0.00332,-0.01175,0.01123,1,0,1
THE_ANALYSIS_OF_MIND.txt,30449,0.7426,3,20,0.01608,-0.00464,0.00184,0.01123,1,0,0
THE_ANALYSIS_OF_MIND.txt,30449,0.7426,3,50,0.01682,-0.00132,0.0021,0.01123,1,0,0
THE_ANALYSIS_OF_MIND.txt,30449,0.7426,3,100,0.00807,-0.00836,0.00812,0.01123,0,0,0
THE_ANALYSIS_OF_MIND.txt,30449,0.7426,3,200,-0.00065,-0.00587,-0.00074,0.01123,0,0,0
THE_ANALYSIS_OF_MIND.txt,30449,0.7426,3,300,0.00577,0.00468,-0.00693,0.01123,0,0,0
THE_ANALYSIS_OF_MIND.txt,30449,0.7426,4,1,0.08742,-0.00169,-0.00417,0.01123,1,0,0
THE_ANALYSIS_OF_MIND.txt,30449,0.7426,4,2,0.06351,-0.00311,-0.001,0.01123,1,0,0
THE_ANALYSIS_OF_MIND.txt,30449,0.7426,4,5,0.04749,-0.00446,0.00297,0.01123,1,0,0
THE_ANALYSIS_OF_MIND.txt,30449,0.7426,4,10,0.02129,-0.00896,0.01205,0.01123,1,0,1
THE_ANALYSIS_OF_MIND.txt,30449,0.7426,4,20,0.01342,-0.00342,0.0072,0.01123,1,0,0
THE_ANALYSIS_OF_MIND.txt,30449,0.7426,4,50,0.01856,0.00485,0.01368,0.01123,1,0,1
THE_ANALYSIS_OF_MIND.txt,30449,0.7426,4,100,0.01341,-0.00385,0.01025,0.01123,1,0,0
THE_ANALYSIS_OF_MIND.txt,30449,0.7426,4,200,0.01123,-0.00295,0.00047,0.01123,1,0,0
THE_ANALYSIS_OF_MIND.txt,30449,0.7426,4,300,0.01239,0.01128,0.00382,0.01123,1,1,0
THE_ANALYSIS_OF_MIND.txt,30449,0.7426,5,1,0.10757,0.01498,0.00589,0.01123,1,1,0
THE_ANALYSIS_OF_MIND.txt,30449,0.7426,5,2,0.07746,-0.00225,0.00542,0.01123,1,0,0
THE_ANALYSIS_OF_MIND.txt,30449,0.7426,5,5,0.06301,0.00245,0.00105,0.01123,1,0,0
THE_ANALYSIS_OF_MIND.txt,30449,0.7426,5,10,0.05856,-0.00845,-0.00147,0.01123,1,0,0
THE_ANALYSIS_OF_MIND.txt,30449,0.7426,5,20,0.04142,0.00289,0.00383,0.01123,1,0,0
THE_ANALYSIS_OF_MIND.txt,30449,0.7426,5,50,0.02228,-0.0012,0.00437,0.01123,1,0,0
THE_ANALYSIS_OF_MIND.txt,30449,0.7426,5,100,0.02235,-0.00066,0.00025,0.01123,1,0,0
THE_ANALYSIS_OF_MIND.txt,30449,0.7426,5,200,0.02087,0.00541,-0.0022,0.01123,1,0,0
THE_ANALYSIS_OF_MIND.txt,30449,0.7426,5,300,0.02086,-0.00652,0.00511,0.01123,1,0,0
THE_ANALYSIS_OF_MIND.txt,30449,0.7426,6,1,0.08273,-0.00591,0.00701,0.01123,1,0,0
THE_ANALYSIS_OF_MIND.txt,30449,0.7426,6,2,0.05307,0.00153,-0.00051,0.01123,1,0,0
THE_ANALYSIS_OF_MIND.txt,30449,0.7426,6,5,0.05282,-0.00316,-0.00461,0.01123,1,0,0
THE_ANALYSIS_OF_MIND.txt,30449,0.7426,6,10,0.0513,-0.00505,-0.00442,0.01123,1,0,0
THE_ANALYSIS_OF_MIND.txt,30449,0.7426,6,20,0.03033,-0.0043,0.00521,0.01123,1,0,0
THE_ANALYSIS_OF_MIND.txt,30449,0.7426,6,50,0.02613,-0.00661,0.00277,0.01123,1,0,0
THE_ANALYSIS_OF_MIND.txt,30449,0.7426,6,100,0.02496,0.01133,-0.00389,0.01123,1,1,0
THE_ANALYSIS_OF_MIND.txt,30449,0.7426,6,200,0.0204,-0.00595,0.00238,0.01123,1,0,0
THE_ANALYSIS_OF_MIND.txt,30449,0.7426,6,300,0.01289,0.00657,-0.00219,0.01123,1,0,0
THE_ANALYSIS_OF_MIND.txt,30449,0.7426,7,1,0.10308,0.00112,-0.00826,0.01123,1,0,0
THE_ANALYSIS_OF_MIND.txt,30449,0.7426,7,2,0.04658,-0.00955,0.00382,0.01123,1,0,0
THE_ANALYSIS_OF_MIND.txt,30449,0.7426,7,5,0.05305,-0.01418,-0.00017,0.01123,1,1,0
THE_ANALYSIS_OF_MIND.txt,30449,0.7426,7,10,0.0355,-0.00317,-0.00572,0.01123,1,0,0
THE_ANALYSIS_OF_MIND.txt,30449,0.7426,7,20,0.02999,0.00561,-0.00011,0.01123,1,0,0
THE_ANALYSIS_OF_MIND.txt,30449,0.7426,7,50,0.01646,-0.00798,0.00038,0.01123,1,0,0
THE_ANALYSIS_OF_MIND.txt,30449,0.7426,7,100,0.00571,-0.00067,-0.0049,0.01123,0,0,0
THE_ANALYSIS_OF_MIND.txt,30449,0.7426,7,200,0.00828,0.0008,5e-05,0.01123,0,0,0
THE_ANALYSIS_OF_MIND.txt,30449,0.7426,7,300,0.01305,-0.00491,-0.00152,0.01123,1,0,0
THE_ANALYSIS_OF_MIND.txt,30449,0.7426,8,1,0.06615,0.00789,0.01343,0.01123,1,0,1
THE_ANALYSIS_OF_MIND.txt,30449,0.7426,8,2,0.03845,0.00674,0.00616,0.01123,1,0,0
THE_ANALYSIS_OF_MIND.txt,30449,0.7426,8,5,0.03765,-0.00726,0.01912,0.01123,1,0,1
THE_ANALYSIS_OF_MIND.txt,30449,0.7426,8,10,0.02739,0.00297,0.00695,0.01123,1,0,0
THE_ANALYSIS_OF_MIND.txt,30449,0.7426,8,20,0.00528,0.00704,-0.00033,0.01123,0,0,0
THE_ANALYSIS_OF_MIND.txt,30449,0.7426,8,50,0.02165,0.0126,0.00342,0.01123,1,1,0
THE_ANALYSIS_OF_MIND.txt,30449,0.7426,8,100,0.00805,-0.00568,-0.00222,0.01123,0,0,0
THE_ANALYSIS_OF_MIND.txt,30449,0.7426,8,200,0.01802,-0.00606,-0.00863,0.01123,1,0,0
THE_ANALYSIS_OF_MIND.txt,30449,0.7426,8,300,0.01593,0.00951,-0.00086,0.01123,1,0,0
THE_ANALYSIS_OF_MIND.txt,30449,0.7426,9,1,0.08254,0.00026,-0.00538,0.01123,1,0,0
THE_ANALYSIS_OF_MIND.txt,30449,0.7426,9,2,0.04616,0.00358,-0.00117,0.01123,1,0,0
THE_ANALYSIS_OF_MIND.txt,30449,0.7426,9,5,0.03965,-0.00239,0.0016,0.01123,1,0,0
THE_ANALYSIS_OF_MIND.txt,30449,0.7426,9,10,0.03655,-0.00044,-0.00719,0.01123,1,0,0
THE_ANALYSIS_OF_MIND.txt,30449,0.7426,9,20,0.0214,-0.0043,0.00464,0.01123,1,0,0
THE_ANALYSIS_OF_MIND.txt,30449,0.7426,9,50,0.01452,-0.01064,-0.00306,0.01123,1,0,0
THE_ANALYSIS_OF_MIND.txt,30449,0.7426,9,100,0.0001,-0.01116,0.00376,0.01123,0,0,0
THE_ANALYSIS_OF_MIND.txt,30449,0.7426,9,200,-0.00133,0.00833,0.00618,0.01123,0,0,0
THE_ANALYSIS_OF_MIND.txt,30449,0.7426,9,300,-0.00482,-0.007,-0.01104,0.01123,0,0,0
THE_ANALYSIS_OF_MIND.txt,30449,0.7426,10,1,0.06839,0.00503,-0.00584,0.01123,1,0,0
THE_ANALYSIS_OF_MIND.txt,30449,0.7426,10,2,0.04019,0.00799,0.0058,0.01123,1,0,0
THE_ANALYSIS_OF_MIND.txt,30449,0.7426,10,5,0.03915,0.01039,-0.00047,0.01123,1,0,0
THE_ANALYSIS_OF_MIND.txt,30449,0.7426,10,10,0.03695,-0.00051,-0.00079,0.01123,1,0,0
THE_ANALYSIS_OF_MIND.txt,30449,0.7426,10,20,0.02627,-0.00241,-0.00061,0.01123,1,0,0
THE_ANALYSIS_OF_MIND.txt,30449,0.7426,10,50,0.02448,0.00107,0.00212,0.01123,1,0,0
THE_ANALYSIS_OF_MIND.txt,30449,0.7426,10,100,0.01368,0.00824,-0.0029,0.01123,1,0,0
THE_ANALYSIS_OF_MIND.txt,30449,0.7426,10,200,0.01614,-0.00988,0.00729,0.01123,1,0,0
THE_ANALYSIS_OF_MIND.txt,30449,0.7426,10,300,0.01264,0.00339,-0.00926,0.01123,1,0,0
THE_ANALYSIS_OF_MIND.txt,30449,0.7426,11,1,0.05893,-0.00549,0.0082,0.01123,1,0,0
THE_ANALYSIS_OF_MIND.txt,30449,0.7426,11,2,0.04704,0.0035,0.00294,0.01123,1,0,0
THE_ANALYSIS_OF_MIND.txt,30449,0.7426,11,5,0.04103,-0.00413,0.0004,0.01123,1,0,0
THE_ANALYSIS_OF_MIND.txt,30449,0.7426,11,10,0.02248,0.00376,0.00026,0.01123,1,0,0
THE_ANALYSIS_OF_MIND.txt,30449,0.7426,11,20,0.01645,-0.00756,-0.00231,0.01123,1,0,0
THE_ANALYSIS_OF_MIND.txt,30449,0.7426,11,50,0.01321,-0.00382,0.01044,0.01123,1,0,0
THE_ANALYSIS_OF_MIND.txt,30449,0.7426,11,100,0.00979,-0.00749,0.00812,0.01123,0,0,0
THE_ANALYSIS_OF_MIND.txt,30449,0.7426,11,200,0.00765,0.00886,0.00836,0.01123,0,0,0
THE_ANALYSIS_OF_MIND.txt,30449,0.7426,11,300,-0.00073,0.00703,0.00256,0.01123,0,0,0
THE_ANALYSIS_OF_MIND.txt,30449,0.7426,12,1,0.0668,-0.00945,-0.00277,0.01123,1,0,0
THE_ANALYSIS_OF_MIND.txt,30449,0.7426,12,2,0.04587,0.00139,0.00207,0.01123,1,0,0
THE_ANALYSIS_OF_MIND.txt,30449,0.7426,12,5,0.0329,0.00138,-0.0065,0.01123,1,0,0
THE_ANALYSIS_OF_MIND.txt,30449,0.7426,12,10,0.04301,-0.00543,-0.00095,0.01123,1,0,0
THE_ANALYSIS_OF_MIND.txt,30449,0.7426,12,20,0.02774,-0.00328,-0.00101,0.01123,1,0,0
THE_ANALYSIS_OF_MIND.txt,30449,0.7426,12,50,0.0083,0.01118,-0.0041,0.01123,0,0,0
THE_ANALYSIS_OF_MIND.txt,30449,0.7426,12,100,-0.00322,-0.00355,0.00352,0.01123,0,0,0
THE_ANALYSIS_OF_MIND.txt,30449,0.7426,12,200,0.01753,-0.00645,-0.00261,0.01123,1,0,0
THE_ANALYSIS_OF_MIND.txt,30449,0.7426,12,300,0.00698,0.00078,0.00459,0.01123,0,0,0
THE_ANALYSIS_OF_MIND.txt,30449,0.7426,13,1,0.07448,0.01772,-0.00046,0.01123,1,1,0
THE_ANALYSIS_OF_MIND.txt,30449,0.7426,13,2,0.05414,-0.00383,6e-05,0.01123,1,0,0
THE_ANALYSIS_OF_MIND.txt,30449,0.7426,13,5,0.03728,0.00277,0.00115,0.01123,1,0,0
THE_ANALYSIS_OF_MIND.txt,30449,0.7426,13,10,0.03309,-0.00772,0.00046,0.01123,1,0,0
THE_ANALYSIS_OF_MIND.txt,30449,0.7426,13,20,0.02946,0.00335,-0.00473,0.01123,1,0,0
THE_ANALYSIS_OF_MIND.txt,30449,0.7426,13,50,0.02342,-0.00036,-0.00444,0.01123,1,0,0
THE_ANALYSIS_OF_MIND.txt,30449,0.7426,13,100,0.0158,4e-05,0.00608,0.01123,1,0,0
THE_ANALYSIS_OF_MIND.txt,30449,0.7426,13,200,0.00715,-0.00409,-0.00095,0.01123,0,0,0
THE_ANALYSIS_OF_MIND.txt,30449,0.7426,13,300,0.01366,0.01379,0.00565,0.01123,1,1,0
THE_ANALYSIS_OF_MIND.txt,30449,0.7426,14,1,0.03624,0.0063,0.00493,0.01123,1,0,0
THE_ANALYSIS_OF_MIND.txt,30449,0.7426,14,2,0.03782,-0.00395,0.00056,0.01123,1,0,0
THE_ANALYSIS_OF_MIND.txt,30449,0.7426,14,5,0.02919,0.00651,-0.00092,0.01123,1,0,0
THE_ANALYSIS_OF_MIND.txt,30449,0.7426,14,10,0.02349,0.00028,-0.00694,0.01123,1,0,0
THE_ANALYSIS_OF_MIND.txt,30449,0.7426,14,20,0.01189,-3e-05,0.00035,0.01123,1,0,0
THE_ANALYSIS_OF_MIND.txt,30449,0.7426,14,50,0.00131,0.00197,0.00174,0.01123,0,0,0
THE_ANALYSIS_OF_MIND.txt,30449,0.7426,14,100,0.00371,-0.00116,-0.00358,0.01123,0,0,0
THE_ANALYSIS_OF_MIND.txt,30449,0.7426,14,200,0.00381,-0.00328,-0.00214,0.01123,0,0,0
THE_ANALYSIS_OF_MIND.txt,30449,0.7426,14,300,0.00922,-0.01618,0.00094,0.01123,0,1,0
THE_ANALYSIS_OF_MIND.txt,30449,0.7426,15,1,0.05541,-0.00707,0.00167,0.01123,1,0,0
THE_ANALYSIS_OF_MIND.txt,30449,0.7426,15,2,0.0166,-0.00206,0.0091,0.01123,1,0,0
THE_ANALYSIS_OF_MIND.txt,30449,0.7426,15,5,0.02393,-0.00473,-0.00846,0.01123,1,0,0
THE_ANALYSIS_OF_MIND.txt,30449,0.7426,15,10,0.03041,0.00349,0.00268,0.01123,1,0,0
THE_ANALYSIS_OF_MIND.txt,30449,0.7426,15,20,0.01075,0.00211,-0.00021,0.01123,0,0,0
THE_ANALYSIS_OF_MIND.txt,30449,0.7426,15,50,0.00215,0.0033,-0.01309,0.01123,0,0,1
THE_ANALYSIS_OF_MIND.txt,30449,0.7426,15,100,0.00334,-0.00013,-0.00515,0.01123,0,0,0
THE_ANALYSIS_OF_MIND.txt,30449,0.7426,15,200,0.0128,0.00492,0.00451,0.01123,1,0,0
THE_ANALYSIS_OF_MIND.txt,30449,0.7426,15,300,-0.00045,0.00058,-0.00302,0.01123,0,0,0
THE_ANALYSIS_OF_MIND.txt,30449,0.7426,16,1,0.05058,0.00361,-0.00356,0.01123,1,0,0
THE_ANALYSIS_OF_MIND.txt,30449,0.7426,16,2,0.0224,-0.00066,0.00385,0.01123,1,0,0
THE_ANALYSIS_OF_MIND.txt,30449,0.7426,16,5,0.01673,-0.01052,-0.00466,0.01123,1,0,0
THE_ANALYSIS_OF_MIND.txt,30449,0.7426,16,10,0.00853,-0.00233,0.0075,0.01123,0,0,0
THE_ANALYSIS_OF_MIND.txt,30449,0.7426,16,20,0.01293,-0.00556,0.00687,0.01123,1,0,0
THE_ANALYSIS_OF_MIND.txt,30449,0.7426,16,50,0.01722,-0.00201,0.00718,0.01123,1,0,0
THE_ANALYSIS_OF_MIND.txt,30449,0.7426,16,100,-0.00788,-0.00165,-0.01393,0.01123,0,0,1
THE_ANALYSIS_OF_MIND.txt,30449,0.7426,16,200,-0.00865,0.00936,0.00214,0.01123,0,0,0
THE_ANALYSIS_OF_MIND.txt,30449,0.7426,16,300,0.0183,-0.01695,-0.00395,0.01123,1,1,0
THE_ANALYSIS_OF_MIND.txt,30449,0.7426,17,1,0.03366,-0.00033,0.0062,0.01123,1,0,0
THE_ANALYSIS_OF_MIND.txt,30449,0.7426,17,2,0.02616,-0.00151,0.00159,0.01123,1,0,0
THE_ANALYSIS_OF_MIND.txt,30449,0.7426,17,5,0.03041,0.01004,-0.00135,0.01123,1,0,0
THE_ANALYSIS_OF_MIND.txt,30449,0.7426,17,10,0.03364,0.00538,-0.00257,0.01123,1,0,0
THE_ANALYSIS_OF_MIND.txt,30449,0.7426,17,20,0.00892,-0.00561,-0.00404,0.01123,0,0,0
THE_ANALYSIS_OF_MIND.txt,30449,0.7426,17,50,0.00378,0.00667,-0.00058,0.01123,0,0,0
THE_ANALYSIS_OF_MIND.txt,30449,0.7426,17,100,-0.00047,0.0175,-0.00538,0.01123,0,1,0
THE_ANALYSIS_OF_MIND.txt,30449,0.7426,17,200,0.00779,6e-05,0.01304,0.01123,0,0,1
THE_ANALYSIS_OF_MIND.txt,30449,0.7426,17,300,0.01699,0.00687,0.01014,0.01123,1,0,0
THE_ANALYSIS_OF_MIND.txt,30449,0.7426,18,1,0.04775,0.00773,0.00128,0.01123,1,0,0
THE_ANALYSIS_OF_MIND.txt,30449,0.7426,18,2,0.02576,0.00385,-0.00398,0.01123,1,0,0
THE_ANALYSIS_OF_MIND.txt,30449,0.7426,18,5,0.01421,-0.00256,0.00042,0.01123,1,0,0
THE_ANALYSIS_OF_MIND.txt,30449,0.7426,18,10,0.03503,-0.00301,0.00412,0.01123,1,0,0
THE_ANALYSIS_OF_MIND.txt,30449,0.7426,18,20,0.02612,-0.0135,-0.00053,0.01123,1,1,0
THE_ANALYSIS_OF_MIND.txt,30449,0.7426,18,50,0.01231,0.00024,0.00407,0.01123,1,0,0
THE_ANALYSIS_OF_MIND.txt,30449,0.7426,18,100,0.00753,0.00425,-0.00572,0.01123,0,0,0
THE_ANALYSIS_OF_MIND.txt,30449,0.7426,18,200,-0.0006,0.00687,-0.00903,0.01123,0,0,0
THE_ANALYSIS_OF_MIND.txt,30449,0.7426,18,300,0.00799,-0.00458,-0.0023,0.01123,0,0,0
THE_ANALYSIS_OF_MIND.txt,30449,0.7426,19,1,0.0375,0.0021,-0.0055,0.01123,1,0,0
THE_ANALYSIS_OF_MIND.txt,30449,0.7426,19,2,0.0335,-0.00365,-0.00031,0.01123,1,0,0
THE_ANALYSIS_OF_MIND.txt,30449,0.7426,19,5,0.04154,0.00286,0.00465,0.01123,1,0,0
THE_ANALYSIS_OF_MIND.txt,30449,0.7426,19,10,0.03819,-0.00231,0.00764,0.01123,1,0,0
THE_ANALYSIS_OF_MIND.txt,30449,0.7426,19,20,0.02615,-0.0002,-0.00532,0.01123,1,0,0
THE_ANALYSIS_OF_MIND.txt,30449,0.7426,19,50,0.02028,-0.0018,-0.01128,0.01123,1,0,1
THE_ANALYSIS_OF_MIND.txt,30449,0.7426,19,100,0.00781,0.00102,0.00893,0.01123,0,0,0
THE_ANALYSIS_OF_MIND.txt,30449,0.7426,19,200,0.00839,0.00023,0.01058,0.01123,0,0,0
THE_ANALYSIS_OF_MIND.txt,30449,0.7426,19,300,0.0053,-0.00318,0.0026,0.01123,0,0,0
THE_ANALYSIS_OF_MIND.txt,30449,0.7426,20,1,0.06456,-0.00248,-0.00448,0.01123,1,0,0
THE_ANALYSIS_OF_MIND.txt,30449,0.7426,20,2,0.04878,0.00619,-0.004,0.01123,1,0,0
THE_ANALYSIS_OF_MIND.txt,30449,0.7426,20,5,0.03427,-0.0005,0.00829,0.01123,1,0,0
THE_ANALYSIS_OF_MIND.txt,30449,0.7426,20,10,0.02857,0.00279,-0.00504,0.01123,1,0,0
THE_ANALYSIS_OF_MIND.txt,30449,0.7426,20,20,0.01543,-0.00797,-0.00772,0.01123,1,0,0
THE_ANALYSIS_OF_MIND.txt,30449,0.7426,20,50,0.01488,-0.00288,-0.01092,0.01123,1,0,0
THE_ANALYSIS_OF_MIND.txt,30449,0.7426,20,100,0.00842,-0.00722,-0.00877,0.01123,0,0,0
THE_ANALYSIS_OF_MIND.txt,30449,0.7426,20,200,0.01066,0.00792,-0.00461,0.01123,0,0,0
THE_ANALYSIS_OF_MIND.txt,30449,0.7426,20,300,-0.00182,0.00575,-0.00087,0.01123,0,0,0
darwin_beagle.txt,84931,0.6295,1,1,0.1232,0.0027,-0.00012,0.00673,1,0,0
darwin_beagle.txt,84931,0.6295,1,2,0.07951,-0.00332,0.00302,0.00673,1,0,0
darwin_beagle.txt,84931,0.6295,1,5,0.06642,-0.00353,0.00157,0.00673,1,0,0
darwin_beagle.txt,84931,0.6295,1,10,0.06181,0.00027,0.00468,0.00673,1,0,0
darwin_beagle.txt,84931,0.6295,1,20,0.04771,0.00296,-0.00299,0.00673,1,0,0
darwin_beagle.txt,84931,0.6295,1,50,0.02448,0.00319,-0.00266,0.00673,1,0,0
darwin_beagle.txt,84931,0.6295,1,100,0.02267,0.00314,0.00173,0.00673,1,0,0
darwin_beagle.txt,84931,0.6295,1,200,0.00615,-0.0009,0.00376,0.00673,0,0,0
darwin_beagle.txt,84931,0.6295,1,300,0.01442,-0.00104,0.00541,0.00673,1,0,0
darwin_beagle.txt,84931,0.6295,2,1,0.23862,0.00219,0.00126,0.00673,1,0,0
darwin_beagle.txt,84931,0.6295,2,2,0.14113,-0.0006,-0.00065,0.00673,1,0,0
darwin_beagle.txt,84931,0.6295,2,5,0.07661,-0.00444,-8e-05,0.00673,1,0,0
darwin_beagle.txt,84931,0.6295,2,10,0.05359,0.00016,0.00121,0.00673,1,0,0
darwin_beagle.txt,84931,0.6295,2,20,0.03798,-0.00034,0.00084,0.00673,1,0,0
darwin_beagle.txt,84931,0.6295,2,50,0.03896,0.00246,0.00044,0.00673,1,0,0
darwin_beagle.txt,84931,0.6295,2,100,0.01503,0.00159,-0.00459,0.00673,1,0,0
darwin_beagle.txt,84931,0.6295,2,200,0.009,-0.00309,-0.00323,0.00673,1,0,0
darwin_beagle.txt,84931,0.6295,2,300,0.00925,0.00103,-0.00304,0.00673,1,0,0
darwin_beagle.txt,84931,0.6295,3,1,0.21569,0.00389,-0.00177,0.00673,1,0,0
darwin_beagle.txt,84931,0.6295,3,2,0.13674,0.00506,0.00574,0.00673,1,0,0
darwin_beagle.txt,84931,0.6295,3,5,0.08754,0.00169,0.00378,0.00673,1,0,0
darwin_beagle.txt,84931,0.6295,3,10,0.06752,0.0045,-0.00211,0.00673,1,0,0
darwin_beagle.txt,84931,0.6295,3,20,0.05206,-0.00272,0.00089,0.00673,1,0,0
darwin_beagle.txt,84931,0.6295,3,50,0.03164,0.00117,0.00329,0.00673,1,0,0
darwin_beagle.txt,84931,0.6295,3,100,0.02189,-0.00177,0.00433,0.00673,1,0,0
darwin_beagle.txt,84931,0.6295,3,200,0.02082,0.00516,-0.00067,0.00673,1,0,0
darwin_beagle.txt,84931,0.6295,3,300,0.01577,0.00316,0.00152,0.00673,1,0,0
darwin_beagle.txt,84931,0.6295,4,1,0.1956,-0.00548,0.0017,0.00673,1,0,0
darwin_beagle.txt,84931,0.6295,4,2,0.13258,0.00103,-0.00467,0.00673,1,0,0
darwin_beagle.txt,84931,0.6295,4,5,0.09243,0.00345,-6e-05,0.00673,1,0,0
darwin_beagle.txt,84931,0.6295,4,10,0.0787,-0.00078,-0.00116,0.00673,1,0,0
darwin_beagle.txt,84931,0.6295,4,20,0.0588,0.00856,-0.00013,0.00673,1,1,0
darwin_beagle.txt,84931,0.6295,4,50,0.04661,0.00066,0.00122,0.00673,1,0,0
darwin_beagle.txt,84931,0.6295,4,100,0.03263,0.00383,0.00121,0.00673,1,0,0
darwin_beagle.txt,84931,0.6295,4,200,0.0241,2e-05,0.00502,0.00673,1,0,0
darwin_beagle.txt,84931,0.6295,4,300,0.01449,-0.00308,0.00079,0.00673,1,0,0
darwin_beagle.txt,84931,0.6295,5,1,0.20057,-0.00031,-0.00087,0.00673,1,0,0
darwin_beagle.txt,84931,0.6295,5,2,0.11995,-0.00313,-0.00448,0.00673,1,0,0
darwin_beagle.txt,84931,0.6295,5,5,0.08325,0.00708,-0.00617,0.00673,1,1,0
darwin_beagle.txt,84931,0.6295,5,10,0.07856,0.00207,0.00384,0.00673,1,0,0
darwin_beagle.txt,84931,0.6295,5,20,0.05463,0.00415,0.00579,0.00673,1,0,0
darwin_beagle.txt,84931,0.6295,5,50,0.03291,0.00821,0.00264,0.00673,1,1,0
darwin_beagle.txt,84931,0.6295,5,100,0.02637,0.00404,-0.00235,0.00673,1,0,0
darwin_beagle.txt,84931,0.6295,5,200,0.01753,0.00498,-0.0018,0.00673,1,0,0
darwin_beagle.txt,84931,0.6295,5,300,0.01807,0.00059,-0.00082,0.00673,1,0,0
darwin_beagle.txt,84931,0.6295,6,1,0.17319,0.00838,-0.00601,0.00673,1,1,0
darwin_beagle.txt,84931,0.6295,6,2,0.09725,0.00204,0.00134,0.00673,1,0,0
darwin_beagle.txt,84931,0.6295,6,5,0.06046,-0.00227,-0.00054,0.00673,1,0,0
darwin_beagle.txt,84931,0.6295,6,10,0.04512,-0.00103,-0.00142,0.00673,1,0,0
darwin_beagle.txt,84931,0.6295,6,20,0.03261,-0.00434,0.00194,0.00673,1,0,0
darwin_beagle.txt,84931,0.6295,6,50,0.01529,-0.00507,0.00209,0.00673,1,0,0
darwin_beagle.txt,84931,0.6295,6,100,0.01223,-0.00354,-0.00227,0.00673,1,0,0
darwin_beagle.txt,84931,0.6295,6,200,0.00494,-0.00148,0.00041,0.00673,0,0,0
darwin_beagle.txt,84931,0.6295,6,300,0.01083,-0.00543,0.00141,0.00673,1,0,0
darwin_beagle.txt,84931,0.6295,7,1,0.13909,0.00396,-0.00313,0.00673,1,0,0
darwin_beagle.txt,84931,0.6295,7,2,0.08001,-0.00202,-0.00436,0.00673,1,0,0
darwin_beagle.txt,84931,0.6295,7,5,0.04318,-0.00211,0.00386,0.00673,1,0,0
darwin_beagle.txt,84931,0.6295,7,10,0.03828,0.00201,-0.00292,0.00673,1,0,0
darwin_beagle.txt,84931,0.6295,7,20,0.02353,-0.00141,0.00136,0.00673,1,0,0
darwin_beagle.txt,84931,0.6295,7,50,0.01791,0.0026,0.00144,0.00673,1,0,0
darwin_beagle.txt,84931,0.6295,7,100,0.00908,0.00192,-0.00805,0.00673,1,0,1
darwin_beagle.txt,84931,0.6295,7,200,0.00458,-0.00169,0.00328,0.00673,0,0,0
darwin_beagle.txt,84931,0.6295,7,300,0.00089,-0.0018,-0.00054,0.00673,0,0,0
darwin_beagle.txt,84931,0.6295,8,1,0.14194,0.00248,0.00378,0.00673,1,0,0
darwin_beagle.txt,84931,0.6295,8,2,0.06571,0.00092,0.00379,0.00673,1,0,0
darwin_beagle.txt,84931,0.6295,8,5,0.03128,-0.00086,-0.0011,0.00673,1,0,0
darwin_beagle.txt,84931,0.6295,8,10,0.02202,-0.00434,0.0006,0.00673,1,0,0
darwin_beagle.txt,84931,0.6295,8,20,0.01865,0.0017,-0.00551,0.00673,1,0,0
darwin_beagle.txt,84931,0.6295,8,50,0.00831,0.00298,-0.00503,0.00673,1,0,0
darwin_beagle.txt,84931,0.6295,8,100,0.00978,-0.00082,0.00542,0.00673,1,0,0
darwin_beagle.txt,84931,0.6295,8,200,0.00655,-0.00083,0.00332,0.00673,0,0,0
darwin_beagle.txt,84931,0.6295,8,300,0.0032,0.00477,-0.00118,0.00673,0,0,0
darwin_beagle.txt,84931,0.6295,9,1,0.11772,0.0035,-0.00074,0.00673,1,0,0
darwin_beagle.txt,84931,0.6295,9,2,0.058,0.00086,0.00485,0.00673,1,0,0
darwin_beagle.txt,84931,0.6295,9,5,0.04164,-0.00102,0.00745,0.00673,1,0,1
darwin_beagle.txt,84931,0.6295,9,10,0.03239,0.00235,-0.00137,0.00673,1,0,0
darwin_beagle.txt,84931,0.6295,9,20,0.02556,-0.00187,0.00137,0.00673,1,0,0
darwin_beagle.txt,84931,0.6295,9,50,0.01562,0.00814,0.00192,0.00673,1,1,0
darwin_beagle.txt,84931,0.6295,9,100,0.00788,-0.00215,0.00405,0.00673,1,0,0
darwin_beagle.txt,84931,0.6295,9,200,0.01391,0.00029,-0.00475,0.00673,1,0,0
darwin_beagle.txt,84931,0.6295,9,300,0.0075,-0.00209,0.00174,0.00673,1,0,0
darwin_beagle.txt,84931,0.6295,10,1,0.14117,-0.00094,-0.00242,0.00673,1,0,0
darwin_beagle.txt,84931,0.6295,10,2,0.07158,-0.00119,-0.00461,0.00673,1,0,0
darwin_beagle.txt,84931,0.6295,10,5,0.03639,-0.0042,-0.00386,0.00673,1,0,0
darwin_beagle.txt,84931,0.6295,10,10,0.03307,0.00491,0.00078,0.00673,1,0,0
darwin_beagle.txt,84931,0.6295,10,20,0.02467,-0.006,-0.00445,0.00673,1,0,0
darwin_beagle.txt,84931,0.6295,10,50,0.02023,-0.00086,0.00144,0.00673,1,0,0
darwin_beagle.txt,84931,0.6295,10,100,0.00951,-0.00121,0.00103,0.00673,1,0,0
darwin_beagle.txt,84931,0.6295,10,200,0.00412,0.0039,-0.00149,0.00673,0,0,0
darwin_beagle.txt,84931,0.6295,10,300,0.00292,-0.00387,0.00446,0.00673,0,0,0
darwin_beagle.txt,84931,0.6295,11,1,0.12889,-0.00105,0.00504,0.00673,1,0,0
darwin_beagle.txt,84931,0.6295,11,2,0.09394,0.00117,0.00104,0.00673,1,0,0
darwin_beagle.txt,84931,0.6295,11,5,0.05848,0.00552,0.00407,0.00673,1,0,0
darwin_beagle.txt,84931,0.6295,11,10,0.05341,7e-05,0.00075,0.00673,1,0,0
darwin_beagle.txt,84931,0.6295,11,20,0.04068,0.00151,0.00922,0.00673,1,0,1
darwin_beagle.txt,84931,0.6295,11,50,0.03166,-0.00601,0.00348,0.00673,1,0,0
darwin_beagle.txt,84931,0.6295,11,100,0.02701,0.00205,0.00171,0.00673,1,0,0
darwin_beagle.txt,84931,0.6295,11,200,0.01608,0.00257,-0.00282,0.00673,1,0,0
darwin_beagle.txt,84931,0.6295,11,300,0.01732,-0.00368,0.00369,0.00673,1,0,0
darwin_beagle.txt,84931,0.6295,12,1,0.14568,0.00273,-0.00063,0.00673,1,0,0
darwin_beagle.txt,84931,0.6295,12,2,0.08892,0.00231,0.00337,0.00673,1,0,0
darwin_beagle.txt,84931,0.6295,12,5,0.05703,0.00122,0.0018,0.00673,1,0,0
darwin_beagle.txt,84931,0.6295,12,10,0.05457,0.00295,0.00272,0.00673,1,0,0
darwin_beagle.txt,84931,0.6295,12,20,0.03383,0.0023,0.00017,0.00673,1,0,0
darwin_beagle.txt,84931,0.6295,12,50,0.03021,-0.00023,0.00166,0.00673,1,0,0
darwin_beagle.txt,84931,0.6295,12,100,0.01696,0.00836,-0.00218,0.00673,1,1,0
darwin_beagle.txt,84931,0.6295,12,200,0.00795,-0.00262,0.00359,0.00673,1,0,0
darwin_beagle.txt,84931,0.6295,12,300,0.01255,0.00498,0.00542,0.00673,1,0,0
darwin_beagle.txt,84931,0.6295,13,1,0.08715,-0.00582,0.00484,0.00673,1,0,0
darwin_beagle.txt,84931,0.6295,13,2,0.04216,-0.00085,-0.00042,0.00673,1,0,0
darwin_beagle.txt,84931,0.6295,13,5,0.02626,-0.00435,-0.00494,0.00673,1,0,0
darwin_beagle.txt,84931,0.6295,13,10,0.02348,-0.00095,0.00753,0.00673,1,0,1
darwin_beagle.txt,84931,0.6295,13,20,0.00693,-0.00157,0.0009,0.00673,1,0,0
darwin_beagle.txt,84931,0.6295,13,50,0.00988,0.00151,-0.00608,0.00673,1,0,0
darwin_beagle.txt,84931,0.6295,13,100,0.00867,-0.00164,-0.00093,0.00673,1,0,0
darwin_beagle.txt,84931,0.6295,13,200,0.00518,-0.00016,0.00131,0.00673,0,0,0
darwin_beagle.txt,84931,0.6295,13,300,0.00644,-0.00687,0.00016,0.00673,0,1,0
darwin_beagle.txt,84931,0.6295,14,1,0.1128,0.00033,0.00129,0.00673,1,0,0
darwin_beagle.txt,84931,0.6295,14,2,0.06418,-0.00112,-0.00201,0.00673,1,0,0
darwin_beagle.txt,84931,0.6295,14,5,0.03775,0.0067,0.00634,0.00673,1,0,0
darwin_beagle.txt,84931,0.6295,14,10,0.03445,0.00423,-0.00297,0.00673,1,0,0
darwin_beagle.txt,84931,0.6295,14,20,0.03129,-6e-05,-0.00437,0.00673,1,0,0
darwin_beagle.txt,84931,0.6295,14,50,0.02481,0.00313,0.0006,0.00673,1,0,0
darwin_beagle.txt,84931,0.6295,14,100,0.01603,-0.00059,-0.00487,0.00673,1,0,0
darwin_beagle.txt,84931,0.6295,14,200,0.01311,0.00195,0.00592,0.00673,1,0,0
darwin_beagle.txt,84931,0.6295,14,300,0.00688,-0.00273,-0.00063,0.00673,1,0,0
darwin_beagle.txt,84931,0.6295,15,1,0.10503,0.00346,-0.00247,0.00673,1,0,0
darwin_beagle.txt,84931,0.6295,15,2,0.0493,-3e-05,-0.00075,0.00673,1,0,0
darwin_beagle.txt,84931,0.6295,15,5,0.03744,0.00739,-0.00109,0.00673,1,1,0
darwin_beagle.txt,84931,0.6295,15,10,0.03221,-0.01112,0.00414,0.00673,1,1,0
darwin_beagle.txt,84931,0.6295,15,20,0.02468,-0.00671,-0.00279,0.00673,1,0,0
darwin_beagle.txt,84931,0.6295,15,50,0.02154,0.00397,0.00335,0.00673,1,0,0
darwin_beagle.txt,84931,0.6295,15,100,0.02021,-0.00134,-0.0051,0.00673,1,0,0
darwin_beagle.txt,84931,0.6295,15,200,0.01649,-0.00181,-0.00028,0.00673,1,0,0
darwin_beagle.txt,84931,0.6295,15,300,0.01522,0.00255,0.00047,0.00673,1,0,0
darwin_beagle.txt,84931,0.6295,16,1,0.09071,-0.00913,-0.00145,0.00673,1,1,0
darwin_beagle.txt,84931,0.6295,16,2,0.03159,-0.00305,-0.00437,0.00673,1,0,0
darwin_beagle.txt,84931,0.6295,16,5,0.01581,0.00167,-0.00332,0.00673,1,0,0
darwin_beagle.txt,84931,0.6295,16,10,0.01985,0.00124,-0.0023,0.00673,1,0,0
darwin_beagle.txt,84931,0.6295,16,20,0.01082,0.00678,-0.00148,0.00673,1,1,0
darwin_beagle.txt,84931,0.6295,16,50,0.01075,-0.00378,0.00224,0.00673,1,0,0
darwin_beagle.txt,84931,0.6295,16,100,0.00592,0.00221,0.00123,0.00673,0,0,0
darwin_beagle.txt,84931,0.6295,16,200,0.00626,-0.00501,-0.00815,0.00673,0,0,1
darwin_beagle.txt,84931,0.6295,16,300,0.00164,0.00668,0.00297,0.00673,0,0,0
darwin_beagle.txt,84931,0.6295,17,1,0.08289,0.0047,-0.00114,0.00673,1,0,0
darwin_beagle.txt,84931,0.6295,17,2,0.0395,0.003,0.00717,0.00673,1,0,1
darwin_beagle.txt,84931,0.6295,17,5,0.02635,0.00059,-0.00334,0.00673,1,0,0
darwin_beagle.txt,84931,0.6295,17,10,0.02622,-0.00083,0.00342,0.00673,1,0,0
darwin_beagle.txt,84931,0.6295,17,20,0.01861,0.00487,-0.0033,0.00673,1,0,0
darwin_beagle.txt,84931,0.6295,17,50,0.0054,-0.0019,0.00192,0.00673,0,0,0
darwin_beagle.txt,84931,0.6295,17,100,0.00313,-0.00578,-0.00027,0.00673,0,0,0
darwin_beagle.txt,84931,0.6295,17,200,0.00044,0.00057,-0.0003,0.00673,0,0,0
darwin_beagle.txt,84931,0.6295,17,300,0.00214,-0.00044,0.00324,0.00673,0,0,0
darwin_beagle.txt,84931,0.6295,18,1,0.12485,-0.00067,-0.0029,0.00673,1,0,0
darwin_beagle.txt,84931,0.6295,18,2,0.07273,-0.00757,-1e-05,0.00673,1,1,0
darwin_beagle.txt,84931,0.6295,18,5,0.036,0.00096,-0.00576,0.00673,1,0,0
darwin_beagle.txt,84931,0.6295,18,10,0.03205,-0.00246,0.00099,0.00673,1,0,0
darwin_beagle.txt,84931,0.6295,18,20,0.02618,0.0016,0.00379,0.00673,1,0,0
darwin_beagle.txt,84931,0.6295,18,50,0.01731,-0.0001,-0.00295,0.00673,1,0,0
darwin_beagle.txt,84931,0.6295,18,100,0.01724,-0.00125,-0.00157,0.00673,1,0,0
darwin_beagle.txt,84931,0.6295,18,200,0.00777,0.00155,-0.00037,0.00673,1,0,0
darwin_beagle.txt,84931,0.6295,18,300,0.01202,0.01137,-0.0031,0.00673,1,1,0
darwin_beagle.txt,84931,0.6295,19,1,0.08043,0.00051,-0.0003,0.00673,1,0,0
darwin_beagle.txt,84931,0.6295,19,2,0.03868,0.00233,-0.00404,0.00673,1,0,0
darwin_beagle.txt,84931,0.6295,19,5,0.02371,-0.00175,0.00082,0.00673,1,0,0
darwin_beagle.txt,84931,0.6295,19,10,0.01799,-0.00122,-0.00255,0.00673,1,0,0
darwin_beagle.txt,84931,0.6295,19,20,0.0108,-0.00314,-0.00188,0.00673,1,0,0
darwin_beagle.txt,84931,0.6295,19,50,0.00509,0.00494,0.003,0.00673,0,0,0
darwin_beagle.txt,84931,0.6295,19,100,0.01342,-0.0039,-0.00181,0.00673,1,0,0
darwin_beagle.txt,84931,0.6295,19,200,0.00799,0.00353,-0.00545,0.00673,1,0,0
darwin_beagle.txt,84931,0.6295,19,300,0.00522,0.003,-0.00055,0.00673,0,0,0
darwin_beagle.txt,84931,0.6295,20,1,0.06504,-0.00257,0.00231,0.00673,1,0,0
darwin_beagle.txt,84931,0.6295,20,2,0.02485,-0.00121,-0.00967,0.00673,1,0,1
darwin_beagle.txt,84931,0.6295,20,5,0.02183,0.00213,-0.00217,0.00673,1,0,0
darwin_beagle.txt,84931,0.6295,20,10,0.01892,-0.00348,0.00283,0.00673,1,0,0
darwin_beagle.txt,84931,0.6295,20,20,0.0188,-0.00471,-0.00101,0.00673,1,0,0
darwin_beagle.txt,84931,0.6295,20,50,0.01109,0.00467,0.00066,0.00673,1,0,0
darwin_beagle.txt,84931,0.6295,20,100,0.01048,-0.00167,-0.00428,0.00673,1,0,0
darwin_beagle.txt,84931,0.6295,20,200,0.01311,-0.00564,-0.00418,0.00673,1,0,0
darwin_beagle.txt,84931,0.6295,20,300,0.00132,0.0032,-0.0012,0.00673,0,0,0
darwin_origin.txt,58913,0.7705,1,1,0.05681,0.00885,0.00391,0.00808,1,1,0
darwin_origin.txt,58913,0.7705,1,2,0.02495,0.00351,-0.00976,0.00808,1,0,1
darwin_origin.txt,58913,0.7705,1,5,0.03522,0.00696,0.00284,0.00808,1,0,0
darwin_origin.txt,58913,0.7705,1,10,0.02224,0.00037,0.00768,0.00808,1,0,0
darwin_origin.txt,58913,0.7705,1,20,0.01626,-0.00437,-0.00724,0.00808,1,0,0
darwin_origin.txt,58913,0.7705,1,50,0.01072,0.00538,-0.00794,0.00808,1,0,0
darwin_origin.txt,58913,0.7705,1,100,0.00578,-0.00262,-0.0047,0.00808,0,0,0
darwin_origin.txt,58913,0.7705,1,200,0.0086,-0.00895,0.00264,0.00808,1,1,0
darwin_origin.txt,58913,0.7705,1,300,0.00587,-0.00259,-0.00022,0.00808,0,0,0
darwin_origin.txt,58913,0.7705,2,1,0.21925,0.00954,0.00286,0.00808,1,1,0
darwin_origin.txt,58913,0.7705,2,2,0.13672,0.00814,0.00402,0.00808,1,1,0
darwin_origin.txt,58913,0.7705,2,5,0.07693,0.00148,-0.00173,0.00808,1,0,0
darwin_origin.txt,58913,0.7705,2,10,0.07532,0.00389,-0.00062,0.00808,1,0,0
darwin_origin.txt,58913,0.7705,2,20,0.05725,-0.00222,0.00293,0.00808,1,0,0
darwin_origin.txt,58913,0.7705,2,50,0.04708,-0.00088,0.00884,0.00808,1,0,1
darwin_origin.txt,58913,0.7705,2,100,0.04323,0.00291,-0.0063,0.00808,1,0,0
darwin_origin.txt,58913,0.7705,2,200,0.03373,-0.00351,-0.00088,0.00808,1,0,0
darwin_origin.txt,58913,0.7705,2,300,0.03855,-0.00518,6e-05,0.00808,1,0,0
darwin_origin.txt,58913,0.7705,3,1,0.16254,-0.00215,-0.00106,0.00808,1,0,0
darwin_origin.txt,58913,0.7705,3,2,0.10678,0.00087,0.00141,0.00808,1,0,0
darwin_origin.txt,58913,0.7705,3,5,0.08383,0.00173,0.00208,0.00808,1,0,0
darwin_origin.txt,58913,0.7705,3,10,0.07606,-0.00304,-0.00311,0.00808,1,0,0
darwin_origin.txt,58913,0.7705,3,20,0.0615,0.00387,-0.0015,0.00808,1,0,0
darwin_origin.txt,58913,0.7705,3,50,0.05292,-0.00101,0.00169,0.00808,1,0,0
darwin_origin.txt,58913,0.7705,3,100,0.03543,0.00284,-0.00241,0.00808,1,0,0
darwin_origin.txt,58913,0.7705,3,200,0.02938,0.004,0.00378,0.00808,1,0,0
darwin_origin.txt,58913,0.7705,3,300,0.03711,-0.00563,0.00057,0.00808,1,0,0
darwin_origin.txt,58913,0.7705,4,1,0.11636,0.01257,-0.00028,0.00808,1,1,0
darwin_origin.txt,58913,0.7705,4,2,0.06649,-0.00347,0.00354,0.00808,1,0,0
darwin_origin.txt,58913,0.7705,4,5,0.03941,0.00233,0.00663,0.00808,1,0,0
darwin_origin.txt,58913,0.7705,4,10,0.03888,-0.00141,0.00037,0.00808,1,0,0
darwin_origin.txt,58913,0.7705,4,20,0.0394,0.00458,0.00125,0.00808,1,0,0
darwin_origin.txt,58913,0.7705,4,50,0.02458,0.0098,-0.0057,0.00808,1,1,0
darwin_origin.txt,58913,0.7705,4,100,0.02208,-0.01055,-0.00366,0.00808,1,1,0
darwin_origin.txt,58913,0.7705,4,200,0.01761,0.00371,-0.00456,0.00808,1,0,0
darwin_origin.txt,58913,0.7705,4,300,0.01333,0.00027,-0.0009,0.00808,1,0,0
darwin_origin.txt,58913,0.7705,5,1,0.1327,0.00758,0.00532,0.00808,1,0,0
darwin_origin.txt,58913,0.7705,5,2,0.07175,0.00433,-0.00227,0.00808,1,0,0
darwin_origin.txt,58913,0.7705,5,5,0.05,0.00247,-0.00086,0.00808,1,0,0
darwin_origin.txt,58913,0.7705,5,10,0.04181,-0.00458,4e-05,0.00808,1,0,0
darwin_origin.txt,58913,0.7705,5,20,0.04016,-0.00136,9e-05,0.00808,1,0,0
darwin_origin.txt,58913,0.7705,5,50,0.0212,0.00369,0.00471,0.00808,1,0,0
darwin_origin.txt,58913,0.7705,5,100,0.02325,0.00443,0.00363,0.00808,1,0,0
darwin_origin.txt,58913,0.7705,5,200,0.01919,-0.00106,0.006,0.00808,1,0,0
darwin_origin.txt,58913,0.7705,5,300,0.00723,0.00048,0.00888,0.00808,0,0,1
darwin_origin.txt,58913,0.7705,6,1,0.1439,-0.00268,0.00162,0.00808,1,0,0
darwin_origin.txt,58913,0.7705,6,2,0.1017,-0.00662,-0.00343,0.00808,1,0,0
darwin_origin.txt,58913,0.7705,6,5,0.07673,-0.00323,0.00439,0.00808,1,0,0
darwin_origin.txt,58913,0.7705,6,10,0.0787,0.00084,0.0045,0.00808,1,0,0
darwin_origin.txt,58913,0.7705,6,20,0.07481,0.00193,-0.00182,0.00808,1,0,0
darwin_origin.txt,58913,0.7705,6,50,0.06263,-0.00487,-0.00316,0.00808,1,0,0
darwin_origin.txt,58913,0.7705,6,100,0.05505,0.00421,-0.00226,0.00808,1,0,0
darwin_origin.txt,58913,0.7705,6,200,0.04467,-0.00585,-0.00681,0.00808,1,0,0
darwin_origin.txt,58913,0.7705,6,300,0.04333,-0.00634,-0.00754,0.00808,1,0,0
darwin_origin.txt,58913,0.7705,7,1,0.0983,0.00405,0.00848,0.00808,1,0,1
darwin_origin.txt,58913,0.7705,7,2,0.05745,-0.0022,0.00299,0.00808,1,0,0
darwin_origin.txt,58913,0.7705,7,5,0.05535,0.00632,0.00407,0.00808,1,0,0
darwin_origin.txt,58913,0.7705,7,10,0.04722,-0.00268,-0.002,0.00808,1,0,0
darwin_origin.txt,58913,0.7705,7,20,0.04916,-0.00524,0.00386,0.00808,1,0,0
darwin_origin.txt,58913,0.7705,7,50,0.03743,-0.00203,0.00891,0.00808,1,0,1
darwin_origin.txt,58913,0.7705,7,100,0.03549,-0.00344,-0.00147,0.00808,1,0,0
darwin_origin.txt,58913,0.7705,7,200,0.02915,-0.00012,0.0017,0.00808,1,0,0
darwin_origin.txt,58913,0.7705,7,300,0.02247,0.00371,0.00231,0.00808,1,0,0
darwin_origin.txt,58913,0.7705,8,1,0.09953,0.00406,0.00113,0.00808,1,0,0
darwin_origin.txt,58913,0.7705,8,2,0.05771,-0.00145,0.00098,0.00808,1,0,0
darwin_origin.txt,58913,0.7705,8,5,0.03617,0.001,-0.00552,0.00808,1,0,0
darwin_origin.txt,58913,0.7705,8,10,0.03931,0.00129,0.00497,0.00808,1,0,0
darwin_origin.txt,58913,0.7705,8,20,0.03917,-0.00842,-0.0028,0.00808,1,1,0
darwin_origin.txt,58913,0.7705,8,50,0.03046,-0.00851,-0.00132,0.00808,1,1,0
darwin_origin.txt,58913,0.7705,8,100,0.02454,0.00868,-0.00224,0.00808,1,1,0
darwin_origin.txt,58913,0.7705,8,200,0.02058,0.00376,-0.00305,0.00808,1,0,0
darwin_origin.txt,58913,0.7705,8,300,0.01673,-0.00057,0.0028,0.00808,1,0,0
darwin_origin.txt,58913,0.7705,9,1,0.10243,0.00419,0.00047,0.00808,1,0,0
darwin_origin.txt,58913,0.7705,9,2,0.04592,0.00059,0.00688,0.00808,1,0,0
darwin_origin.txt,58913,0.7705,9,5,0.02139,0.00629,-0.00055,0.00808,1,0,0
darwin_origin.txt,58913,0.7705,9,10,0.02039,-0.00026,0.00299,0.00808,1,0,0
darwin_origin.txt,58913,0.7705,9,20,0.01451,0.00534,0.00365,0.00808,1,0,0
darwin_origin.txt,58913,0.7705,9,50,0.01106,0.00444,-0.00335,0.00808,1,0,0
darwin_origin.txt,58913,0.7705,9,100,0.01282,-0.00262,0.00091,0.00808,1,0,0
darwin_origin.txt,58913,0.7705,9,200,0.00183,0.0024,-0.00439,0.00808,0,0,0
darwin_origin.txt,58913,0.7705,9,300,0.00539,-0.0016,0.00082,0.00808,0,0,0
darwin_origin.txt,58913,0.7705,10,1,0.0731,0.00119,-0.00269,0.00808,1,0,0
darwin_origin.txt,58913,0.7705,10,2,0.03368,0.00042,-0.00297,0.00808,1,0,0
darwin_origin.txt,58913,0.7705,10,5,0.01976,-0.00382,0.00017,0.00808,1,0,0
darwin_origin.txt,58913,0.7705,10,10,0.01972,-0.00561,-0.00464,0.00808,1,0,0
darwin_origin.txt,58913,0.7705,10,20,0.0119,-0.00827,0.00629,0.00808,1,1,0
darwin_origin.txt,58913,0.7705,10,50,0.01668,-0.00226,0.00134,0.00808,1,0,0
darwin_origin.txt,58913,0.7705,10,100,0.0115,0.00486,0.00236,0.00808,1,0,0
darwin_origin.txt,58913,0.7705,10,200,0.00676,-0.00672,-0.00101,0.00808,0,0,0
darwin_origin.txt,58913,0.7705,10,300,0.0114,0.00251,-0.01085,0.00808,1,0,1
darwin_origin.txt,58913,0.7705,11,1,0.06416,0.00645,0.00646,0.00808,1,0,0
darwin_origin.txt,58913,0.7705,11,2,0.0357,4e-05,-0.00373,0.00808,1,0,0
darwin_origin.txt,58913,0.7705,11,5,0.01968,-0.00286,0.00036,0.00808,1,0,0
darwin_origin.txt,58913,0.7705,11,10,0.01123,0.00388,0.00151,0.00808,1,0,0
darwin_origin.txt,58913,0.7705,11,20,0.01911,-0.00421,0.00058,0.00808,1,0,0
darwin_origin.txt,58913,0.7705,11,50,0.00901,-0.00164,0.00227,0.00808,1,0,0
darwin_origin.txt,58913,0.7705,11,100,0.01101,-0.00473,-0.00537,0.00808,1,0,0
darwin_origin.txt,58913,0.7705,11,200,0.00644,-0.00186,-0.00162,0.00808,0,0,0
darwin_origin.txt,58913,0.7705,11,300,0.00687,0.00857,0.001,0.00808,0,1,0
darwin_origin.txt,58913,0.7705,12,1,0.10163,-0.00227,-0.00573,0.00808,1,0,0
darwin_origin.txt,58913,0.7705,12,2,0.04237,0.00674,0.00306,0.00808,1,0,0
darwin_origin.txt,58913,0.7705,12,5,0.03603,0.00122,0.00111,0.00808,1,0,0
darwin_origin.txt,58913,0.7705,12,10,0.02472,0.00157,0.00279,0.00808,1,0,0
darwin_origin.txt,58913,0.7705,12,20,0.02751,0.0041,-0.00034,0.00808,1,0,0
darwin_origin.txt,58913,0.7705,12,50,0.0122,0.00142,-0.00114,0.00808,1,0,0
darwin_origin.txt,58913,0.7705,12,100,0.00591,0.00151,-0.00549,0.00808,0,0,0
darwin_origin.txt,58913,0.7705,12,200,0.01147,0.00629,0.00336,0.00808,1,0,0
darwin_origin.txt,58913,0.7705,12,300,0.00449,0.00271,0.00045,0.00808,0,0,0
darwin_origin.txt,58913,0.7705,13,1,0.06921,-0.00511,-0.00402,0.00808,1,0,0
darwin_origin.txt,58913,0.7705,13,2,0.02193,-0.00037,-0.00748,0.00808,1,0,0
darwin_origin.txt,58913,0.7705,13,5,0.01394,0.00259,0.00092,0.00808,1,0,0
darwin_origin.txt,58913,0.7705,13,10,0.02197,0.00372,0.0044,0.00808,1,0,0
darwin_origin.txt,58913,0.7705,13,20,0.01642,-0.00443,0.00201,0.00808,1,0,0
darwin_origin.txt,58913,0.7705,13,50,0.00758,-0.00348,-0.00143,0.00808,0,0,0
darwin_origin.txt,58913,0.7705,13,100,0.01184,-0.00491,0.0039,0.00808,1,0,0
darwin_origin.txt,58913,0.7705,13,200,-0.00415,-0.00217,-0.00066,0.00808,0,0,0
darwin_origin.txt,58913,0.7705,13,300,0.00127,0.00881,-0.00152,0.00808,0,1,0
darwin_origin.txt,58913,0.7705,14,1,0.11307,0.00124,-0.00431,0.00808,1,0,0
darwin_origin.txt,58913,0.7705,14,2,0.06496,0.00186,-0.00404,0.00808,1,0,0
darwin_origin.txt,58913,0.7705,14,5,0.04982,0.00072,-0.0023,0.00808,1,0,0
darwin_origin.txt,58913,0.7705,14,10,0.03922,0.00521,0.00084,0.00808,1,0,0
darwin_origin.txt,58913,0.7705,14,20,0.02365,0.0057,-0.00646,0.00808,1,0,0
darwin_origin.txt,58913,0.7705,14,50,0.02047,-0.0011,-0.00773,0.00808,1,0,0
darwin_origin.txt,58913,0.7705,14,100,0.02247,0.00635,0.0041,0.00808,1,0,0
darwin_origin.txt,58913,0.7705,14,200,0.01553,-0.00775,0.00137,0.00808,1,0,0
darwin_origin.txt,58913,0.7705,14,300,0.01688,0.00064,-0.00235,0.00808,1,0,0
darwin_origin.txt,58913,0.7705,15,1,0.07786,0.00318,-0.00059,0.00808,1,0,0
darwin_origin.txt,58913,0.7705,15,2,0.05133,0.00295,-0.00085,0.00808,1,0,0
darwin_origin.txt,58913,0.7705,15,5,0.02466,0.00372,-0.00022,0.00808,1,0,0
darwin_origin.txt,58913,0.7705,15,10,0.0303,0.00129,-7e-05,0.00808,1,0,0
darwin_origin.txt,58913,0.7705,15,20,0.01222,0.00086,0.00432,0.00808,1,0,0
darwin_origin.txt,58913,0.7705,15,50,0.01542,0.00095,0.00042,0.00808,1,0,0
darwin_origin.txt,58913,0.7705,15,100,0.0112,0.00385,0.00589,0.00808,1,0,0
darwin_origin.txt,58913,0.7705,15,200,0.00537,0.00128,-0.00312,0.00808,0,0,0
darwin_origin.txt,58913,0.7705,15,300,0.00596,-0.00636,0.0006,0.00808,0,0,0
darwin_origin.txt,58913,0.7705,16,1,0.06756,-0.00062,-0.00052,0.00808,1,0,0
darwin_origin.txt,58913,0.7705,16,2,0.0375,0.00482,0.00673,0.00808,1,0,0
darwin_origin.txt,58913,0.7705,16,5,0.02124,0.0003,-0.00518,0.00808,1,0,0
darwin_origin.txt,58913,0.7705,16,10,0.01802,-0.00268,0.00177,0.00808,1,0,0
darwin_origin.txt,58913,0.7705,16,20,0.01137,0.0046,-0.00132,0.00808,1,0,0
darwin_origin.txt,58913,0.7705,16,50,0.01647,-0.00423,-0.00279,0.00808,1,0,0
darwin_origin.txt,58913,0.7705,16,100,0.00801,0.00037,0.00375,0.00808,0,0,0
darwin_origin.txt,58913,0.7705,16,200,-0.00277,0.00175,0.00695,0.00808,0,0,0
darwin_origin.txt,58913,0.7705,16,300,0.00716,0.00633,-0.00152,0.00808,0,0,0
darwin_origin.txt,58913,0.7705,17,1,0.07402,-3e-05,-0.00114,0.00808,1,0,0
darwin_origin.txt,58913,0.7705,17,2,0.04792,0.00101,-0.00524,0.00808,1,0,0
darwin_origin.txt,58913,0.7705,17,5,0.039,0.00146,-0.00528,0.00808,1,0,0
darwin_origin.txt,58913,0.7705,17,10,0.03405,-0.00237,-0.00114,0.00808,1,0,0
darwin_origin.txt,58913,0.7705,17,20,0.03436,-0.00126,0.00481,0.00808,1,0,0
darwin_origin.txt,58913,0.7705,17,50,0.02852,-0.00031,0.0006,0.00808,1,0,0
darwin_origin.txt,58913,0.7705,17,100,0.02163,0.00104,0.00411,0.00808,1,0,0
darwin_origin.txt,58913,0.7705,17,200,0.02059,0.00028,0.00066,0.00808,1,0,0
darwin_origin.txt,58913,0.7705,17,300,0.01589,0.00169,0.00083,0.00808,1,0,0
darwin_origin.txt,58913,0.7705,18,1,0.07198,0.00055,-0.00231,0.00808,1,0,0
darwin_origin.txt,58913,0.7705,18,2,0.03776,-0.00462,0.00177,0.00808,1,0,0
darwin_origin.txt,58913,0.7705,18,5,0.02239,-0.00103,8e-05,0.00808,1,0,0
darwin_origin.txt,58913,0.7705,18,10,0.02122,0.00033,0.00368,0.00808,1,0,0
darwin_origin.txt,58913,0.7705,18,20,0.02492,0.0035,-0.00183,0.00808,1,0,0
darwin_origin.txt,58913,0.7705,18,50,0.022,0.00258,0.00732,0.00808,1,0,0
darwin_origin.txt,58913,0.7705,18,100,0.00933,-0.00551,0.0109,0.00808,1,0,1
darwin_origin.txt,58913,0.7705,18,200,0.00794,-0.00298,-0.01214,0.00808,0,0,1
darwin_origin.txt,58913,0.7705,18,300,0.01151,-0.00235,0.00073,0.00808,1,0,0
darwin_origin.txt,58913,0.7705,19,1,0.07218,-0.00083,-0.00169,0.00808,1,0,0
darwin_origin.txt,58913,0.7705,19,2,0.04024,0.00039,0.00862,0.00808,1,0,1
darwin_origin.txt,58913,0.7705,19,5,0.0339,-0.00406,-0.00531,0.00808,1,0,0
darwin_origin.txt,58913,0.7705,19,10,0.01597,0.00114,-0.00214,0.00808,1,0,0
darwin_origin.txt,58913,0.7705,19,20,0.01975,0.00183,-0.00069,0.00808,1,0,0
darwin_origin.txt,58913,0.7705,19,50,0.01786,0.0036,-0.00582,0.00808,1,0,0
darwin_origin.txt,58913,0.7705,19,100,0.00732,0.00173,0.0055,0.00808,0,0,0
darwin_origin.txt,58913,0.7705,19,200,0.00138,-0.00689,-0.00508,0.00808,0,0,0
darwin_origin.txt,58913,0.7705,19,300,0.00318,0.00215,0.00158,0.00808,0,0,0
darwin_origin.txt,58913,0.7705,20,1,0.0813,0.00325,0.00169,0.00808,1,0,0
darwin_origin.txt,58913,0.7705,20,2,0.04174,0.00156,-0.00851,0.00808,1,0,1
darwin_origin.txt,58913,0.7705,20,5,0.02547,-0.00055,0.00444,0.00808,1,0,0
darwin_origin.txt,58913,0.7705,20,10,0.0251,0.00386,-0.00403,0.00808,1,0,0
darwin_origin.txt,58913,0.7705,20,20,0.03257,-0.0006,0.00655,0.00808,1,0,0
darwin_origin.txt,58913,0.7705,20,50,0.01519,-0.00592,0.00628,0.00808,1,0,0
darwin_origin.txt,58913,0.7705,20,100,0.01676,0.0038,0.00075,0.00808,1,0,0
darwin_origin.txt,58913,0.7705,20,200,0.01606,0.00021,0.00173,0.00808,1,0,0
darwin_origin.txt,58913,0.7705,20,300,0.00858,-0.00071,0.00499,0.00808,1,0,0
davidcopperfield.txt,134409,0.7273,1,1,0.07964,0.01458,0.00087,0.00535,1,1,0
davidcopperfield.txt,134409,0.7273,1,2,0.04979,0.00515,-0.00348,0.00535,1,0,0
davidcopperfield.txt,134409,0.7273,1,5,0.02058,0.01052,-0.00388,0.00535,1,1,0
davidcopperfield.txt,134409,0.7273,1,10,0.01947,0.00221,0.00108,0.00535,1,0,0
davidcopperfield.txt,134409,0.7273,1,20,0.01759,0.00235,-0.00395,0.00535,1,0,0
davidcopperfield.txt,134409,0.7273,1,50,0.01223,0.00044,-0.00017,0.00535,1,0,0
davidcopperfield.txt,134409,0.7273,1,100,0.01186,-0.00234,0.00191,0.00535,1,0,0
davidcopperfield.txt,134409,0.7273,1,200,0.00632,0.00469,0.00149,0.00535,1,0,0
davidcopperfield.txt,134409,0.7273,1,300,0.00273,-0.00096,-0.00215,0.00535,0,0,0
davidcopperfield.txt,134409,0.7273,2,1,0.16481,-0.00145,-0.00094,0.00535,1,0,0
davidcopperfield.txt,134409,0.7273,2,2,0.10305,0.00265,0.00124,0.00535,1,0,0
davidcopperfield.txt,134409,0.7273,2,5,0.05549,0.00245,-0.00125,0.00535,1,0,0
davidcopperfield.txt,134409,0.7273,2,10,0.03904,-0.00101,-0.00166,0.00535,1,0,0
davidcopperfield.txt,134409,0.7273,2,20,0.02644,-0.00067,0.00054,0.00535,1,0,0
davidcopperfield.txt,134409,0.7273,2,50,0.01593,-0.00166,-0.00187,0.00535,1,0,0
davidcopperfield.txt,134409,0.7273,2,100,0.01247,-0.00245,-0.00524,0.00535,1,0,0
davidcopperfield.txt,134409,0.7273,2,200,0.00841,-0.00226,-0.00018,0.00535,1,0,0
davidcopperfield.txt,134409,0.7273,2,300,0.00546,0.00145,0.00271,0.00535,1,0,0
davidcopperfield.txt,134409,0.7273,3,1,0.11533,0.00584,0.00054,0.00535,1,1,0
davidcopperfield.txt,134409,0.7273,3,2,0.08146,0.00602,0.00294,0.00535,1,1,0
davidcopperfield.txt,134409,0.7273,3,5,0.05193,0.00164,-0.00397,0.00535,1,0,0
davidcopperfield.txt,134409,0.7273,3,10,0.04358,0.00071,0.00328,0.00535,1,0,0
davidcopperfield.txt,134409,0.7273,3,20,0.03594,0.00014,0.00492,0.00535,1,0,0
davidcopperfield.txt,134409,0.7273,3,50,0.02352,-0.00165,-0.00117,0.00535,1,0,0
davidcopperfield.txt,134409,0.7273,3,100,0.01898,-0.00047,-0.00192,0.00535,1,0,0
davidcopperfield.txt,134409,0.7273,3,200,0.01496,-0.00209,0.00205,0.00535,1,0,0
davidcopperfield.txt,134409,0.7273,3,300,0.01206,0.0009,-0.00093,0.00535,1,0,0
davidcopperfield.txt,134409,0.7273,4,1,0.20585,-0.00178,0.00032,0.00535,1,0,0
davidcopperfield.txt,134409,0.7273,4,2,0.13231,0.0056,0.00335,0.00535,1,1,0
davidcopperfield.txt,134409,0.7273,4,5,0.08387,0.00208,-7e-05,0.00535,1,0,0
davidcopperfield.txt,134409,0.7273,4,10,0.05562,-0.00258,0.00406,0.00535,1,0,0
davidcopperfield.txt,134409,0.7273,4,20,0.04189,0.00375,0.00403,0.00535,1,0,0
davidcopperfield.txt,134409,0.7273,4,50,0.0253,-0.00327,-0.00011,0.00535,1,0,0
davidcopperfield.txt,134409,0.7273,4,100,0.01912,-0.00576,0.00587,0.00535,1,1,1
davidcopperfield.txt,134409,0.7273,4,200,0.01734,0.00252,0.00035,0.00535,1,0,0
davidcopperfield.txt,134409,0.7273,4,300,0.00983,-0.00015,-0.00255,0.00535,1,0,0
davidcopperfield.txt,134409,0.7273,5,1,0.10254,-0.00011,0.00053,0.00535,1,0,0
davidcopperfield.txt,134409,0.7273,5,2,0.06013,-0.00309,-0.00109,0.00535,1,0,0
davidcopperfield.txt,134409,0.7273,5,5,0.03777,0.00296,0.0005,0.00535,1,0,0
davidcopperfield.txt,134409,0.7273,5,10,0.02372,-0.00043,0.00156,0.00535,1,0,0
davidcopperfield.txt,134409,0.7273,5,20,0.0157,-0.00067,0.00385,0.00535,1,0,0
davidcopperfield.txt,134409,0.7273,5,50,0.01079,0.00288,0.00106,0.00535,1,0,0
davidcopperfield.txt,134409,0.7273,5,100,0.0069,0.00521,0.00271,0.00535,1,0,0
davidcopperfield.txt,134409,0.7273,5,200,0.00219,-0.00333,-0.00013,0.00535,0,0,0
davidcopperfield.txt,134409,0.7273,5,300,0.00045,-0.0009,0.0005,0.00535,0,0,0
davidcopperfield.txt,134409,0.7273,6,1,0.12623,0.0038,-0.00139,0.00535,1,0,0
davidcopperfield.txt,134409,0.7273,6,2,0.08147,0.00122,-0.00455,0.00535,1,0,0
davidcopperfield.txt,134409,0.7273,6,5,0.04137,-0.00247,0.00023,0.00535,1,0,0
davidcopperfield.txt,134409,0.7273,6,10,0.03023,-0.00374,-0.00179,0.00535,1,0,0
davidcopperfield.txt,134409,0.7273,6,20,0.01827,-0.00095,0.00035,0.00535,1,0,0
davidcopperfield.txt,134409,0.7273,6,50,0.01071,-0.0014,0.002,0.00535,1,0,0
davidcopperfield.txt,134409,0.7273,6,100,0.01116,-0.00222,-0.00306,0.00535,1,0,0
davidcopperfield.txt,134409,0.7273,6,200,0.00343,0.00159,0.00151,0.00535,0,0,0
davidcopperfield.txt,134409,0.7273,6,300,-0.00019,-0.00201,-0.00563,0.00535,0,0,1
davidcopperfield.txt,134409,0.7273,7,1,0.10221,0.00064,0.0033,0.00535,1,0,0
davidcopperfield.txt,134409,0.7273,7,2,0.06369,0.00288,-0.00041,0.00535,1,0,0
davidcopperfield.txt,134409,0.7273,7,5,0.03463,0.00369,0.00102,0.00535,1,0,0
davidcopperfield.txt,134409,0.7273,7,10,0.02106,0.00313,0.00369,0.00535,1,0,0
davidcopperfield.txt,134409,0.7273,7,20,0.01084,-0.00437,-0.00067,0.00535,1,0,0
davidcopperfield.txt,134409,0.7273,7,50,0.00945,0.00102,0.00166,0.00535,1,0,0
davidcopperfield.txt,134409,0.7273,7,100,0.0028,-0.00238,0.00131,0.00535,0,0,0
davidcopperfield.txt,134409,0.7273,7,200,0.00685,-0.00268,0.00042,0.00535,1,0,0
davidcopperfield.txt,134409,0.7273,7,300,0.00547,0.00237,0.00094,0.00535,1,0,0
davidcopperfield.txt,134409,0.7273,8,1,0.10593,0.00511,0.00013,0.00535,1,0,0
davidcopperfield.txt,134409,0.7273,8,2,0.07208,0.00054,0.00273,0.00535,1,0,0
davidcopperfield.txt,134409,0.7273,8,5,0.04315,0.00322,-0.00367,0.00535,1,0,0
davidcopperfield.txt,134409,0.7273,8,10,0.03434,-0.0046,-0.00296,0.00535,1,0,0
davidcopperfield.txt,134409,0.7273,8,20,0.0278,-0.00102,0.00293,0.00535,1,0,0
davidcopperfield.txt,134409,0.7273,8,50,0.01795,-7e-05,0.00174,0.00535,1,0,0
davidcopperfield.txt,134409,0.7273,8,100,0.00574,-0.00133,0.00122,0.00535,1,0,0
davidcopperfield.txt,134409,0.7273,8,200,0.01029,-0.00064,0.00156,0.00535,1,0,0
davidcopperfield.txt,134409,0.7273,8,300,0.00226,0.00515,-0.00275,0.00535,0,0,0
davidcopperfield.txt,134409,0.7273,9,1,0.08547,0.00208,-0.00587,0.00535,1,0,1
davidcopperfield.txt,134409,0.7273,9,2,0.04564,-0.00201,-0.00064,0.00535,1,0,0
davidcopperfield.txt,134409,0.7273,9,5,0.0275,0.00226,0.00135,0.00535,1,0,0
davidcopperfield.txt,134409,0.7273,9,10,0.02043,-0.00183,0.00462,0.00535,1,0,0
davidcopperfield.txt,134409,0.7273,9,20,0.01729,0.00106,0.0014,0.00535,1,0,0
davidcopperfield.txt,134409,0.7273,9,50,0.00766,0.00073,-0.00164,0.00535,1,0,0
davidcopperfield.txt,134409,0.7273,9,100,0.00994,-0.00052,0.00083,0.00535,1,0,0
davidcopperfield.txt,134409,0.7273,9,200,0.00554,0.00077,-0.00201,0.00535,1,0,0
davidcopperfield.txt,134409,0.7273,9,300,0.00131,0.00276,-0.00381,0.00535,0,0,0
davidcopperfield.txt,134409,0.7273,10,1,0.09743,0.00224,0.00076,0.00535,1,0,0
davidcopperfield.txt,134409,0.7273,10,2,0.05282,-0.00079,0.00294,0.00535,1,0,0
davidcopperfield.txt,134409,0.7273,10,5,0.036,-0.00027,0.0006,0.00535,1,0,0
davidcopperfield.txt,134409,0.7273,10,10,0.02801,-0.00202,0.00167,0.00535,1,0,0
davidcopperfield.txt,134409,0.7273,10,20,0.01661,-0.00417,-0.0028,0.00535,1,0,0
davidcopperfield.txt,134409,0.7273,10,50,0.01082,0.00144,0.00368,0.00535,1,0,0
davidcopperfield.txt,134409,0.7273,10,100,0.00722,0.00101,0.00068,0.00535,1,0,0
davidcopperfield.txt,134409,0.7273,10,200,0.00716,0.00143,-0.00693,0.00535,1,0,1
davidcopperfield.txt,134409,0.7273,10,300,0.00386,0.00398,0.00202,0.00535,0,0,0
davidcopperfield.txt,134409,0.7273,11,1,0.08576,-0.00237,-0.00418,0.00535,1,0,0
davidcopperfield.txt,134409,0.7273,11,2,0.04299,0.0013,0.00017,0.00535,1,0,0
davidcopperfield.txt,134409,0.7273,11,5,0.02853,0.00013,-0.00334,0.00535,1,0,0
davidcopperfield.txt,134409,0.7273,11,10,0.02087,0.00019,-0.00123,0.00535,1,0,0
davidcopperfield.txt,134409,0.7273,11,20,0.01315,5e-05,-0.00286,0.00535,1,0,0
davidcopperfield.txt,134409,0.7273,11,50,0.01361,0.00096,-0.00036,0.00535,1,0,0
davidcopperfield.txt,134409,0.7273,11,100,0.00846,-0.00083,-0.00493,0.00535,1,0,0
davidcopperfield.txt,134409,0.7273,11,200,0.0075,-0.00063,-0.00498,0.00535,1,0,0
davidcopperfield.txt,134409,0.7273,11,300,0.00114,-0.00067,0.00168,0.00535,0,0,0
davidcopperfield.txt,134409,0.7273,12,1,0.0738,0.00395,-0.00206,0.00535,1,0,0
davidcopperfield.txt,134409,0.7273,12,2,0.03922,-0.00016,0.00158,0.00535,1,0,0
davidcopperfield.txt,134409,0.7273,12,5,0.02452,-0.00104,-0.0032,0.00535,1,0,0
davidcopperfield.txt,134409,0.7273,12,10,0.01654,0.00556,0.00348,0.00535,1,1,0
davidcopperfield.txt,134409,0.7273,12,20,0.01326,0.00069,0.00178,0.00535,1,0,0
davidcopperfield.txt,134409,0.7273,12,50,0.00744,-0.00259,0.00047,0.00535,1,0,0
davidcopperfield.txt,134409,0.7273,12,100,0.00766,0.00148,-0.00053,0.00535,1,0,0
davidcopperfield.txt,134409,0.7273,12,200,0.00356,-0.00391,0.00157,0.00535,0,0,0
davidcopperfield.txt,134409,0.7273,12,300,0.00163,0.00044,-0.00108,0.00535,0,0,0
davidcopperfield.txt,134409,0.7273,13,1,0.11023,-0.00074,-0.00241,0.00535,1,0,0
davidcopperfield.txt,134409,0.7273,13,2,0.05782,0.00191,-0.00252,0.00535,1,0,0
davidcopperfield.txt,134409,0.7273,13,5,0.02971,-8e-05,-0.0005,0.00535,1,0,0
davidcopperfield.txt,134409,0.7273,13,10,0.01956,0.00412,-0.00194,0.00535,1,0,0
davidcopperfield.txt,134409,0.7273,13,20,0.0148,0.00154,-0.00095,0.00535,1,0,0
davidcopperfield.txt,134409,0.7273,13,50,0.0111,0.00412,0.00469,0.00535,1,0,0
davidcopperfield.txt,134409,0.7273,13,100,0.00938,-0.00355,-0.00338,0.00535,1,0,0
davidcopperfield.txt,134409,0.7273,13,200,0.0058,-0.0042,0.00418,0.00535,1,0,0
davidcopperfield.txt,134409,0.7273,13,300,0.00081,-0.00189,0.00273,0.00535,0,0,0
davidcopperfield.txt,134409,0.7273,14,1,0.07767,0.00126,-0.00379,0.00535,1,0,0
davidcopperfield.txt,134409,0.7273,14,2,0.04013,-0.00308,-0.00066,0.00535,1,0,0
davidcopperfield.txt,134409,0.7273,14,5,0.01557,-0.00071,0.00376,0.00535,1,0,0
davidcopperfield.txt,134409,0.7273,14,10,0.01943,4e-05,0.00336,0.00535,1,0,0
davidcopperfield.txt,134409,0.7273,14,20,0.00607,-0.00165,-0.00056,0.00535,1,0,0
davidcopperfield.txt,134409,0.7273,14,50,0.00503,0.00054,0.00117,0.00535,0,0,0
davidcopperfield.txt,134409,0.7273,14,100,0.0077,0.00275,-0.00565,0.00535,1,0,1
davidcopperfield.txt,134409,0.7273,14,200,0.00122,-0.00314,-0.00427,0.00535,0,0,0
davidcopperfield.txt,134409,0.7273,14,300,0.00584,0.00436,0.00016,0.00535,1,0,0
davidcopperfield.txt,134409,0.7273,15,1,0.08126,0.00252,-0.0007,0.00535,1,0,0
davidcopperfield.txt,134409,0.7273,15,2,0.03717,0.00058,0.00328,0.00535,1,0,0
davidcopperfield.txt,134409,0.7273,15,5,0.02103,0.0011,0.00287,0.00535,1,0,0
davidcopperfield.txt,134409,0.7273,15,10,0.01177,0.00013,-0.00238,0.00535,1,0,0
davidcopperfield.txt,134409,0.7273,15,20,0.00316,-0.00613,0.00495,0.00535,0,1,0
davidcopperfield.txt,134409,0.7273,15,50,0.00205,-0.00257,-0.00644,0.00535,0,0,1
davidcopperfield.txt,134409,0.7273,15,100,-0.00075,0.00212,-0.00074,0.00535,0,0,0
davidcopperfield.txt,134409,0.7273,15,200,0.00357,0.00083,-0.00057,0.00535,0,0,0
davidcopperfield.txt,134409,0.7273,15,300,0.00288,-0.00055,-0.00122,0.00535,0,0,0
davidcopperfield.txt,134409,0.7273,16,1,0.06367,-0.0005,-9e-05,0.00535,1,0,0
davidcopperfield.txt,134409,0.7273,16,2,0.02673,-0.00091,-0.00203,0.00535,1,0,0
davidcopperfield.txt,134409,0.7273,16,5,0.01662,0.0004,-0.00241,0.00535,1,0,0
davidcopperfield.txt,134409,0.7273,16,10,0.01153,0.00521,0.00158,0.00535,1,0,0
davidcopperfield.txt,134409,0.7273,16,20,0.00512,0.00445,-0.00236,0.00535,0,0,0
davidcopperfield.txt,134409,0.7273,16,50,0.00478,0.00429,0.0002,0.00535,0,0,0
davidcopperfield.txt,134409,0.7273,16,100,0.00428,0.00177,-0.00433,0.00535,0,0,0
davidcopperfield.txt,134409,0.7273,16,200,-0.00077,0.00237,0.00063,0.00535,0,0,0
davidcopperfield.txt,134409,0.7273,16,300,0.00088,0.00114,-0.00327,0.00535,0,0,0
davidcopperfield.txt,134409,0.7273,17,1,0.07892,-0.00643,-0.00204,0.00535,1,1,0
davidcopperfield.txt,134409,0.7273,17,2,0.02938,-0.00434,0.00254,0.00535,1,0,0
davidcopperfield.txt,134409,0.7273,17,5,0.01642,0.00076,-0.00187,0.00535,1,0,0
davidcopperfield.txt,134409,0.7273,17,10,0.00598,-0.0019,0.00238,0.00535,1,0,0
davidcopperfield.txt,134409,0.7273,17,20,0.01263,0.00517,0.00085,0.00535,1,0,0
davidcopperfield.txt,134409,0.7273,17,50,0.0022,0.0043,-0.00069,0.00535,0,0,0
davidcopperfield.txt,134409,0.7273,17,100,0.00697,-0.00291,0.00317,0.00535,1,0,0
davidcopperfield.txt,134409,0.7273,17,200,0.00149,-0.00178,-0.00513,0.00535,0,0,0
davidcopperfield.txt,134409,0.7273,17,300,0.00275,0.00442,0.00657,0.00535,0,0,1
davidcopperfield.txt,134409,0.7273,18,1,0.05316,-0.00342,0.00026,0.00535,1,0,0
davidcopperfield.txt,134409,0.7273,18,2,0.03502,-0.00216,-0.00384,0.00535,1,0,0
davidcopperfield.txt,134409,0.7273,18,5,0.02302,-0.00418,-0.0041,0.00535,1,0,0
davidcopperfield.txt,134409,0.7273,18,10,0.01785,-0.0029,3e-05,0.00535,1,0,0
davidcopperfield.txt,134409,0.7273,18,20,0.01197,-0.00146,-0.00237,0.00535,1,0,0
davidcopperfield.txt,134409,0.7273,18,50,0.0061,-0.00582,0.00193,0.00535,1,1,0
davidcopperfield.txt,134409,0.7273,18,100,0.00368,0.00067,0.00298,0.00535,0,0,0
davidcopperfield.txt,134409,0.7273,18,200,0.0002,0.00034,0.00115,0.00535,0,0,0
davidcopperfield.txt,134409,0.7273,18,300,0.00489,-0.00413,-0.00106,0.00535,0,0,0
davidcopperfield.txt,134409,0.7273,19,1,0.04314,0.00029,0.00339,0.00535,1,0,0
davidcopperfield.txt,134409,0.7273,19,2,0.02729,0.00139,0.00376,0.00535,1,0,0
davidcopperfield.txt,134409,0.7273,19,5,0.02022,0.00139,-0.0002,0.00535,1,0,0
davidcopperfield.txt,134409,0.7273,19,10,0.00904,0.00257,0.00113,0.00535,1,0,0
davidcopperfield.txt,134409,0.7273,19,20,0.00723,-0.00127,0.00088,0.00535,1,0,0
davidcopperfield.txt,134409,0.7273,19,50,0.00961,-8e-05,0.00385,0.00535,1,0,0
davidcopperfield.txt,134409,0.7273,19,100,0.0025,-0.00068,0.00155,0.00535,0,0,0
davidcopperfield.txt,134409,0.7273,19,200,0.00168,0.00105,0.00016,0.00535,0,0,0
davidcopperfield.txt,134409,0.7273,19,300,0.00169,-0.00459,0.00186,0.00535,0,0,0
davidcopperfield.txt,134409,0.7273,20,1,0.08001,-0.00114,-0.00351,0.00535,1,0,0
davidcopperfield.txt,134409,0.7273,20,2,0.04531,-0.00209,-0.0012,0.00535,1,0,0
davidcopperfield.txt,134409,0.7273,20,5,0.01966,0.00227,-0.00024,0.00535,1,0,0
davidcopperfield.txt,134409,0.7273,20,10,0.01512,0.00473,-0.00547,0.00535,1,0,1
davidcopperfield.txt,134409,0.7273,20,20,0.00987,0.00484,0.0002,0.00535,1,0,0
davidcopperfield.txt,134409,0.7273,20,50,0.00747,0.00044,-0.00088,0.00535,1,0,0
davidcopperfield.txt,134409,0.7273,20,100,0.00829,-0.0024,0.00421,0.00535,1,0,0
davidcopperfield.txt,134409,0.7273,20,200,0.00455,0.00397,-0.00239,0.00535,0,0,0
davidcopperfield.txt,134409,0.7273,20,300,0.00634,0.00181,-0.00072,0.00535,1,0,0
doriangray.txt,16776,0.8451,1,1,0.11266,0.0073,0.00052,0.01513,1,0,0
doriangray.txt,16776,0.8451,1,2,0.04573,0.01498,0.00921,0.01513,1,0,0
doriangray.txt,16776,0.8451,1,5,0.02299,0.00675,-0.00405,0.01513,1,0,0
doriangray.txt,16776,0.8451,1,10,0.01671,0.01414,0.00114,0.01513,1,0,0
doriangray.txt,16776,0.8451,1,20,0.01422,0.00901,-0.00155,0.01513,0,0,0
doriangray.txt,16776,0.8451,1,50,0.00756,0.00745,-0.0006,0.01513,0,0,0
doriangray.txt,16776,0.8451,1,100,0.00278,0.00848,-0.01094,0.01513,0,0,0
doriangray.txt,16776,0.8451,1,200,-0.00047,0.00756,0.00678,0.01513,0,0,0
doriangray.txt,16776,0.8451,1,300,0.00631,0.00524,0.00032,0.01513,0,0,0
doriangray.txt,16776,0.8451,2,1,0.26422,0.01802,0.00785,0.01513,1,1,0
doriangray.txt,16776,0.8451,2,2,0.17601,0.00563,0.01565,0.01513,1,0,1
doriangray.txt,16776,0.8451,2,5,0.13285,-0.01677,0.00292,0.01513,1,1,0
doriangray.txt,16776,0.8451,2,10,0.0865,-0.0074,-0.00101,0.01513,1,0,0
doriangray.txt,16776,0.8451,2,20,0.07776,0.00456,0.00688,0.01513,1,0,0
doriangray.txt,16776,0.8451,2,50,0.06297,-0.00521,0.00368,0.01513,1,0,0
doriangray.txt,16776,0.8451,2,100,0.04319,0.019,-0.00138,0.01513,1,1,0
doriangray.txt,16776,0.8451,2,200,0.02826,0.00619,-0.01009,0.01513,1,0,0
doriangray.txt,16776,0.8451,2,300,0.02695,-0.0021,0.00975,0.01513,1,0,0
doriangray.txt,16776,0.8451,3,1,0.18898,-0.00386,-0.00179,0.01513,1,0,0
doriangray.txt,16776,0.8451,3,2,0.14004,0.01923,0.00294,0.01513,1,1,0
doriangray.txt,16776,0.8451,3,5,0.1036,0.00167,-0.01445,0.01513,1,0,0
doriangray.txt,16776,0.8451,3,10,0.08142,-0.01113,0.00478,0.01513,1,0,0
doriangray.txt,16776,0.8451,3,20,0.0719,0.00715,-0.00506,0.01513,1,0,0
doriangray.txt,16776,0.8451,3,50,0.04634,0.00535,0.00093,0.01513,1,0,0
doriangray.txt,16776,0.8451,3,100,0.01619,0.00261,0.00206,0.01513,1,0,0
doriangray.txt,16776,0.8451,3,200,0.0329,-0.01664,0.00213,0.01513,1,1,0
doriangray.txt,16776,0.8451,3,300,0.02933,-0.0056,0.00376,0.01513,1,0,0
doriangray.txt,16776,0.8451,4,1,0.155,0.00378,0.01599,0.01513,1,0,1
doriangray.txt,16776,0.8451,4,2,0.09305,-0.00592,0.00821,0.01513,1,0,0
doriangray.txt,16776,0.8451,4,5,0.05698,0.00972,-0.00368,0.01513,1,0,0
doriangray.txt,16776,0.8451,4,10,0.03481,0.01196,-0.01237,0.01513,1,0,0
doriangray.txt,16776,0.8451,4,20,0.02182,0.00119,0.00489,0.01513,1,0,0
doriangray.txt,16776,0.8451,4,50,0.0184,-0.00527,0.0065,0.01513,1,0,0
doriangray.txt,16776,0.8451,4,100,0.00856,0.00199,0.01369,0.01513,0,0,0
doriangray.txt,16776,0.8451,4,200,0.00939,0.01579,0.00072,0.01513,0,1,0
doriangray.txt,16776,0.8451,4,300,0.00215,0.00635,0.00024,0.01513,0,0,0
doriangray.txt,16776,0.8451,5,1,0.05864,0.0004,-0.00696,0.01513,1,0,0
doriangray.txt,16776,0.8451,5,2,0.04453,0.02062,0.01083,0.01513,1,1,0
doriangray.txt,16776,0.8451,5,5,0.0256,0.00205,0.01561,0.01513,1,0,1
doriangray.txt,16776,0.8451,5,10,0.01314,-0.00213,0.00692,0.01513,0,0,0
doriangray.txt,16776,0.8451,5,20,0.01337,0.00774,-0.00552,0.01513,0,0,0
doriangray.txt,16776,0.8451,5,50,0.01645,0.00355,0.00554,0.01513,1,0,0
doriangray.txt,16776,0.8451,5,100,0.00094,0.02255,0.00082,0.01513,0,1,0
doriangray.txt,16776,0.8451,5,200,0.01054,-0.01419,0.00834,0.01513,0,0,0
doriangray.txt,16776,0.8451,5,300,0.01373,0.00037,0.00232,0.01513,0,0,0
doriangray.txt,16776,0.8451,6,1,0.11112,0.00621,-0.0097,0.01513,1,0,0
doriangray.txt,16776,0.8451,6,2,0.05037,0.0148,-0.00203,0.01513,1,0,0
doriangray.txt,16776,0.8451,6,5,0.02682,-0.00881,-0.00298,0.01513,1,0,0
doriangray.txt,16776,0.8451,6,10,0.0309,-0.00373,-0.00328,0.01513,1,0,0
doriangray.txt,16776,0.8451,6,20,0.00522,-0.00934,-0.00267,0.01513,0,0,0
doriangray.txt,16776,0.8451,6,50,0.01531,-0.0129,0.00188,0.01513,1,0,0
doriangray.txt,16776,0.8451,6,100,0.001,0.01194,-0.00027,0.01513,0,0,0
doriangray.txt,16776,0.8451,6,200,-0.00893,-0.00396,8e-05,0.01513,0,0,0
doriangray.txt,16776,0.8451,6,300,0.00165,-0.01733,-0.00688,0.01513,0,1,0
doriangray.txt,16776,0.8451,7,1,0.12598,0.01062,-0.00061,0.01513,1,0,0
doriangray.txt,16776,0.8451,7,2,0.06256,-0.02318,0.00384,0.01513,1,1,0
doriangray.txt,16776,0.8451,7,5,0.04599,-0.00738,0.00715,0.01513,1,0,0
doriangray.txt,16776,0.8451,7,10,0.03558,-0.00277,0.00689,0.01513,1,0,0
doriangray.txt,16776,0.8451,7,20,0.02416,-0.00198,0.01185,0.01513,1,0,0
doriangray.txt,16776,0.8451,7,50,0.00709,-0.00115,0.00829,0.01513,0,0,0
doriangray.txt,16776,0.8451,7,100,0.00765,-0.01353,0.0085,0.01513,0,0,0
doriangray.txt,16776,0.8451,7,200,-0.01235,-0.02208,-0.00278,0.01513,0,1,0
doriangray.txt,16776,0.8451,7,300,-0.00371,-0.01254,-0.00115,0.01513,0,0,0
doriangray.txt,16776,0.8451,8,1,0.09847,0.00548,-0.01676,0.01513,1,0,1
doriangray.txt,16776,0.8451,8,2,0.05941,-0.00357,-0.01044,0.01513,1,0,0
doriangray.txt,16776,0.8451,8,5,0.03965,-0.00054,0.00526,0.01513,1,0,0
doriangray.txt,16776,0.8451,8,10,0.02977,0.00554,-0.00084,0.01513,1,0,0
doriangray.txt,16776,0.8451,8,20,0.01252,0.00916,0.0089,0.01513,0,0,0
doriangray.txt,16776,0.8451,8,50,0.01746,-0.01469,0.00691,0.01513,1,0,0
doriangray.txt,16776,0.8451,8,100,-0.00211,0.00304,0.00442,0.01513,0,0,0
doriangray.txt,16776,0.8451,8,200,-0.00387,0.00633,0.0103,0.01513,0,0,0
doriangray.txt,16776,0.8451,8,300,-0.00631,-0.00115,-0.00396,0.01513,0,0,0
doriangray.txt,16776,0.8451,9,1,0.10283,0.00476,-0.00241,0.01513,1,0,0
doriangray.txt,16776,0.8451,9,2,0.05902,0.00707,-0.00762,0.01513,1,0,0
doriangray.txt,16776,0.8451,9,5,0.02741,-0.00341,0.004,0.01513,1,0,0
doriangray.txt,16776,0.8451,9,10,0.03017,-0.00126,-0.0025,0.01513,1,0,0
doriangray.txt,16776,0.8451,9,20,0.00939,-0.00791,0.01157,0.01513,0,0,0
doriangray.txt,16776,0.8451,9,50,0.0022,0.00119,0.00286,0.01513,0,0,0
doriangray.txt,16776,0.8451,9,100,0.00806,0.0021,-0.00601,0.01513,0,0,0
doriangray.txt,16776,0.8451,9,200,-0.0102,0.00313,-0.008,0.01513,0,0,0
doriangray.txt,16776,0.8451,9,300,0.01007,0.01321,0.00726,0.01513,0,0,0
doriangray.txt,16776,0.8451,10,1,0.08332,0.00813,-0.01045,0.01513,1,0,0
doriangray.txt,16776,0.8451,10,2,0.05932,0.00361,0.00324,0.01513,1,0,0
doriangray.txt,16776,0.8451,10,5,0.03155,0.00332,-0.0101,0.01513,1,0,0
doriangray.txt,16776,0.8451,10,10,0.02865,0.00102,-0.00164,0.01513,1,0,0
doriangray.txt,16776,0.8451,10,20,0.01578,0.00656,-0.00516,0.01513,1,0,0
doriangray.txt,16776,0.8451,10,50,0.01216,0.01703,0.01044,0.01513,0,1,0
doriangray.txt,16776,0.8451,10,100,0.00731,-0.00739,0.01228,0.01513,0,0,0
doriangray.txt,16776,0.8451,10,200,0.00486,-0.00018,0.01192,0.01513,0,0,0
doriangray.txt,16776,0.8451,10,300,-0.00448,0.00032,0.01148,0.01513,0,0,0
doriangray.txt,16776,0.8451,11,1,0.0956,0.01068,-0.00306,0.01513,1,0,0
doriangray.txt,16776,0.8451,11,2,0.04172,-0.01495,0.01045,0.01513,1,0,0
doriangray.txt,16776,0.8451,11,5,0.00263,0.00436,-0.00306,0.01513,0,0,0
doriangray.txt,16776,0.8451,11,10,0.00411,-0.00861,-0.00593,0.01513,0,0,0
doriangray.txt,16776,0.8451,11,20,0.01018,0.00101,-0.00342,0.01513,0,0,0
doriangray.txt,16776,0.8451,11,50,0.00793,0.00011,-0.01868,0.01513,0,0,1
doriangray.txt,16776,0.8451,11,100,-0.0077,0.00438,-0.0003,0.01513,0,0,0
doriangray.txt,16776,0.8451,11,200,-0.00252,0.00157,-0.00116,0.01513,0,0,0
doriangray.txt,16776,0.8451,11,300,0.00044,0.00213,0.00508,0.01513,0,0,0
doriangray.txt,16776,0.8451,12,1,0.05305,0.01406,-0.01134,0.01513,1,0,0
doriangray.txt,16776,0.8451,12,2,0.02583,0.00884,0.00527,0.01513,1,0,0
doriangray.txt,16776,0.8451,12,5,0.03166,-0.01519,-0.00484,0.01513,1,1,0
doriangray.txt,16776,0.8451,12,10,0.00735,-0.00031,0.00106,0.01513,0,0,0
doriangray.txt,16776,0.8451,12,20,0.00782,-0.01262,-0.00556,0.01513,0,0,0
doriangray.txt,16776,0.8451,12,50,-0.01342,-0.01155,0.0022,0.01513,0,0,0
doriangray.txt,16776,0.8451,12,100,-0.00184,-0.00104,-0.01699,0.01513,0,0,1
doriangray.txt,16776,0.8451,12,200,0.0026,-0.00744,0.00727,0.01513,0,0,0
doriangray.txt,16776,0.8451,12,300,0.00153,-0.00238,0.00666,0.01513,0,0,0
doriangray.txt,16776,0.8451,13,1,0.08675,0.00624,0.01416,0.01513,1,0,0
doriangray.txt,16776,0.8451,13,2,0.05271,0.0087,0.00109,0.01513,1,0,0
doriangray.txt,16776,0.8451,13,5,0.02262,-0.00164,-0.00405,0.01513,1,0,0
doriangray.txt,16776,0.8451,13,10,0.02085,-0.00501,0.00791,0.01513,1,0,0
doriangray.txt,16776,0.8451,13,20,2e-05,-0.00914,0.01035,0.01513,0,0,0
doriangray.txt,16776,0.8451,13,50,-0.00108,-0.00508,-0.00325,0.01513,0,0,0
doriangray.txt,16776,0.8451,13,100,0.00047,-0.00503,-0.00531,0.01513,0,0,0
doriangray.txt,16776,0.8451,13,200,0.01516,0.00894,0.00047,0.01513,1,0,0
doriangray.txt,16776,0.8451,13,300,-0.00016,0.0029,0.00315,0.01513,0,0,0
doriangray.txt,16776,0.8451,14,1,0.02867,-7e-05,-0.00139,0.01513,1,0,0
doriangray.txt,16776,0.8451,14,2,0.03318,0.00315,0.01037,0.01513,1,0,0
doriangray.txt,16776,0.8451,14,5,0.01976,-0.00114,-0.01084,0.01513,1,0,0
doriangray.txt,16776,0.8451,14,10,0.0166,0.00733,-0.00464,0.01513,1,0,0
doriangray.txt,16776,0.8451,14,20,-0.00645,0.00441,-0.00876,0.01513,0,0,0
doriangray.txt,16776,0.8451,14,50,0.006,0.00192,0.00096,0.01513,0,0,0
doriangray.txt,16776,0.8451,14,100,0.01548,-0.01284,-0.00717,0.01513,1,0,0
doriangray.txt,16776,0.8451,14,200,0.01003,-0.01417,0.00046,0.01513,0,0,0
doriangray.txt,16776,0.8451,14,300,0.00738,-0.00375,-0.00946,0.01513,0,0,0
doriangray.txt,16776,0.8451,15,1,0.08932,-0.00913,-0.00189,0.01513,1,0,0
doriangray.txt,16776,0.8451,15,2,0.04951,0.00607,0.00127,0.01513,1,0,0
doriangray.txt,16776,0.8451,15,5,0.02658,0.0025,-0.00277,0.01513,1,0,0
doriangray.txt,16776,0.8451,15,10,0.03323,-0.01453,0.00696,0.01513,1,0,0
doriangray.txt,16776,0.8451,15,20,0.01108,0.00764,0.00148,0.01513,0,0,0
doriangray.txt,16776,0.8451,15,50,0.00307,-0.00181,0.00131,0.01513,0,0,0
doriangray.txt,16776,0.8451,15,100,-0.00195,-0.01078,-0.00283,0.01513,0,0,0
doriangray.txt,16776,0.8451,15,200,0.00793,-0.00326,0.00433,0.01513,0,0,0
doriangray.txt,16776,0.8451,15,300,0.00427,0.00187,-0.00798,0.01513,0,0,0
doriangray.txt,16776,0.8451,16,1,0.03323,0.00078,-0.00108,0.01513,1,0,0
doriangray.txt,16776,0.8451,16,2,0.03852,-0.00339,0.00174,0.01513,1,0,0
doriangray.txt,16776,0.8451,16,5,0.01626,-0.00055,0.00715,0.01513,1,0,0
doriangray.txt,16776,0.8451,16,10,0.00533,-0.00548,0.01042,0.01513,0,0,0
doriangray.txt,16776,0.8451,16,20,0.01118,0.00143,0.00105,0.01513,0,0,0
doriangray.txt,16776,0.8451,16,50,0.00239,0.00365,-0.00458,0.01513,0,0,0
doriangray.txt,16776,0.8451,16,100,-0.00335,-0.00624,-0.00017,0.01513,0,0,0
doriangray.txt,16776,0.8451,16,200,-0.0032,0.00504,-0.00981,0.01513,0,0,0
doriangray.txt,16776,0.8451,16,300,0.00352,-0.00175,-0.00326,0.01513,0,0,0
doriangray.txt,16776,0.8451,17,1,0.06764,-0.00214,0.00156,0.01513,1,0,0
doriangray.txt,16776,0.8451,17,2,0.03291,-0.00416,-0.00068,0.01513,1,0,0
doriangray.txt,16776,0.8451,17,5,0.01609,0.0037,-0.0133,0.01513,1,0,0
doriangray.txt,16776,0.8451,17,10,0.00614,0.00066,-0.0011,0.01513,0,0,0
doriangray.txt,16776,0.8451,17,20,0.00786,0.00024,-0.00739,0.01513,0,0,0
doriangray.txt,16776,0.8451,17,50,0.00188,-0.00276,-0.0007,0.01513,0,0,0
doriangray.txt,16776,0.8451,17,100,-0.0027,-0.00193,0.00205,0.01513,0,0,0
doriangray.txt,16776,0.8451,17,200,-0.00622,-0.01587,0.00261,0.01513,0,1,0
doriangray.txt,16776,0.8451,17,300,0.01014,-0.00116,0.00012,0.01513,0,0,0
doriangray.txt,16776,0.8451,18,1,0.07216,0.01228,0.0118,0.01513,1,0,0
doriangray.txt,16776,0.8451,18,2,0.0516,0.00729,-0.00314,0.01513,1,0,0
doriangray.txt,16776,0.8451,18,5,0.01921,-0.00829,-0.01087,0.01513,1,0,0
doriangray.txt,16776,0.8451,18,10,0.00961,-0.0064,-0.00398,0.01513,0,0,0
doriangray.txt,16776,0.8451,18,20,0.00534,-0.00419,0.00194,0.01513,0,0,0
doriangray.txt,16776,0.8451,18,50,0.00754,0.00783,0.01231,0.01513,0,0,0
doriangray.txt,16776,0.8451,18,100,-0.00945,0.00113,0.01223,0.01513,0,0,0
doriangray.txt,16776,0.8451,18,200,-0.00725,-0.00015,-0.01163,0.01513,0,0,0
doriangray.txt,16776,0.8451,18,300,-0.00573,-0.00073,0.01011,0.01513,0,0,0
doriangray.txt,16776,0.8451,19,1,0.07383,-0.00913,0.00278,0.01513,1,0,0
doriangray.txt,16776,0.8451,19,2,0.03502,0.00884,0.00144,0.01513,1,0,0
doriangray.txt,16776,0.8451,19,5,0.02293,0.00731,0.00036,0.01513,1,0,0
doriangray.txt,16776,0.8451,19,10,-0.00704,0.00356,-0.00253,0.01513,0,0,0
doriangray.txt,16776,0.8451,19,20,-0.00184,-0.00159,-0.00753,0.01513,0,0,0
doriangray.txt,16776,0.8451,19,50,0.00124,0.00409,0.0028,0.01513,0,0,0
doriangray.txt,16776,0.8451,19,100,0.01274,0.0013,-0.00612,0.01513,0,0,0
doriangray.txt,16776,0.8451,19,200,-0.00667,-0.00305,-0.00012,0.01513,0,0,0
doriangray.txt,16776,0.8451,19,300,0.01122,0.01093,-0.00823,0.01513,0,0,0
doriangray.txt,16776,0.8451,20,1,0.05916,-0.0036,-0.00691,0.01513,1,0,0
doriangray.txt,16776,0.8451,20,2,0.02182,-0.00247,-0.00228,0.01513,1,0,0
doriangray.txt,16776,0.8451,20,5,0.01065,0.00998,-0.00486,0.01513,0,0,0
doriangray.txt,16776,0.8451,20,10,0.00118,0.00192,0.0106,0.01513,0,0,0
doriangray.txt,16776,0.8451,20,20,0.0054,-0.00193,-0.00402,0.01513,0,0,0
doriangray.txt,16776,0.8451,20,50,0.00782,0.00065,-0.00851,0.01513,0,0,0
doriangray.txt,16776,0.8451,20,100,0.0024,0.00062,-0.00229,0.01513,0,0,0
doriangray.txt,16776,0.8451,20,200,-0.00192,0.00662,0.0098,0.01513,0,0,0
doriangray.txt,16776,0.8451,20,300,-0.01315,-0.00352,-0.00568,0.01513,0,0,0
eng_missisipi.txt,52741,0.774,1,1,0.17685,0.01782,-0.00462,0.00853,1,1,0
eng_missisipi.txt,52741,0.774,1,2,0.11924,0.00435,-0.00698,0.00853,1,0,0
eng_missisipi.txt,52741,0.774,1,5,0.08423,0.01166,-0.00196,0.00853,1,1,0
eng_missisipi.txt,52741,0.774,1,10,0.06573,0.00278,-0.00609,0.00853,1,0,0
eng_missisipi.txt,52741,0.774,1,20,0.04738,0.00019,0.0028,0.00853,1,0,0
eng_missisipi.txt,52741,0.774,1,50,0.04202,0.00268,-0.00792,0.00853,1,0,0
eng_missisipi.txt,52741,0.774,1,100,0.03236,-0.00051,0.00493,0.00853,1,0,0
eng_missisipi.txt,52741,0.774,1,200,0.02441,0.00239,-0.00841,0.00853,1,0,0
eng_missisipi.txt,52741,0.774,1,300,0.00861,0.00058,0.00739,0.00853,1,0,0
eng_missisipi.txt,52741,0.774,2,1,0.16094,0.00513,0.00031,0.00853,1,0,0
eng_missisipi.txt,52741,0.774,2,2,0.10351,0.00469,-0.0008,0.00853,1,0,0
eng_missisipi.txt,52741,0.774,2,5,0.06188,-0.00151,0.00117,0.00853,1,0,0
eng_missisipi.txt,52741,0.774,2,10,0.05229,0.00478,-0.00076,0.00853,1,0,0
eng_missisipi.txt,52741,0.774,2,20,0.04784,0.00074,-0.01141,0.00853,1,0,1
eng_missisipi.txt,52741,0.774,2,50,0.03375,-0.00503,-0.0051,0.00853,1,0,0
eng_missisipi.txt,52741,0.774,2,100,0.02576,-0.00427,-0.00061,0.00853,1,0,0
eng_missisipi.txt,52741,0.774,2,200,0.0104,-0.00485,0.00679,0.00853,1,0,0
eng_missisipi.txt,52741,0.774,2,300,0.01273,0.00423,0.00377,0.00853,1,0,0
eng_missisipi.txt,52741,0.774,3,1,0.19544,0.00756,-0.00086,0.00853,1,0,0
eng_missisipi.txt,52741,0.774,3,2,0.12847,-0.00497,0.00525,0.00853,1,0,0
eng_missisipi.txt,52741,0.774,3,5,0.08824,0.00011,0.00417,0.00853,1,0,0
eng_missisipi.txt,52741,0.774,3,10,0.07996,-0.00282,-0.00342,0.00853,1,0,0
eng_missisipi.txt,52741,0.774,3,20,0.06485,-0.00629,4e-05,0.00853,1,0,0
eng_missisipi.txt,52741,0.774,3,50,0.0507,0.0024,0.00318,0.00853,1,0,0
eng_missisipi.txt,52741,0.774,3,100,0.03926,-0.00411,-0.00095,0.00853,1,0,0
eng_missisipi.txt,52741,0.774,3,200,0.02859,0.00754,0.00783,0.00853,1,0,0
eng_missisipi.txt,52741,0.774,3,300,0.02322,-0.00215,-0.00519,0.00853,1,0,0
eng_missisipi.txt,52741,0.774,4,1,0.16158,0.00228,0.00295,0.00853,1,0,0
eng_missisipi.txt,52741,0.774,4,2,0.11262,0.00622,-0.0044,0.00853,1,0,0
eng_missisipi.txt,52741,0.774,4,5,0.08299,0.00018,0.00041,0.00853,1,0,0
eng_missisipi.txt,52741,0.774,4,10,0.07974,0.00343,-0.00387,0.00853,1,0,0
eng_missisipi.txt,52741,0.774,4,20,0.0642,-0.00412,0.00232,0.00853,1,0,0
eng_missisipi.txt,52741,0.774,4,50,0.05222,0.0028,-0.00452,0.00853,1,0,0
eng_missisipi.txt,52741,0.774,4,100,0.03486,-0.00288,0.00141,0.00853,1,0,0
eng_missisipi.txt,52741,0.774,4,200,0.02718,0.0016,-0.00554,0.00853,1,0,0
eng_missisipi.txt,52741,0.774,4,300,0.02307,0.005,-0.00212,0.00853,1,0,0
eng_missisipi.txt,52741,0.774,5,1,0.10057,-0.00137,-0.00239,0.00853,1,0,0
eng_missisipi.txt,52741,0.774,5,2,0.07695,-0.00194,0.00503,0.00853,1,0,0
eng_missisipi.txt,52741,0.774,5,5,0.05059,-0.00321,0.00634,0.00853,1,0,0
eng_missisipi.txt,52741,0.774,5,10,0.05416,0.00634,-0.00089,0.00853,1,0,0
eng_missisipi.txt,52741,0.774,5,20,0.04053,-0.00544,-0.00319,0.00853,1,0,0
eng_missisipi.txt,52741,0.774,5,50,0.03178,0.00286,0.00034,0.00853,1,0,0
eng_missisipi.txt,52741,0.774,5,100,0.02617,0.00493,0.00566,0.00853,1,0,0
eng_missisipi.txt,52741,0.774,5,200,0.01876,0.00978,-0.00518,0.00853,1,1,0
eng_missisipi.txt,52741,0.774,5,300,0.00581,0.00094,-0.00927,0.00853,0,0,1
eng_missisipi.txt,52741,0.774,6,1,0.19985,0.00193,-0.00079,0.00853,1,0,0
eng_missisipi.txt,52741,0.774,6,2,0.09288,0.00106,0.00409,0.00853,1,0,0
eng_missisipi.txt,52741,0.774,6,5,0.0587,-0.00207,-0.00017,0.00853,1,0,0
eng_missisipi.txt,52741,0.774,6,10,0.03938,0.00484,0.00231,0.00853,1,0,0
eng_missisipi.txt,52741,0.774,6,20,0.04041,0.00209,0.00312,0.00853,1,0,0
eng_missisipi.txt,52741,0.774,6,50,0.01936,0.00674,0.00465,0.00853,1,0,0
eng_missisipi.txt,52741,0.774,6,100,0.01451,-0.00163,0.00123,0.00853,1,0,0
eng_missisipi.txt,52741,0.774,6,200,0.01066,0.00124,-0.00258,0.00853,1,0,0
eng_missisipi.txt,52741,0.774,6,300,0.00057,0.00309,0.00206,0.00853,0,0,0
eng_missisipi.txt,52741,0.774,7,1,0.08949,0.00447,-0.00225,0.00853,1,0,0
eng_missisipi.txt,52741,0.774,7,2,0.05192,0.00072,-0.00102,0.00853,1,0,0
eng_missisipi.txt,52741,0.774,7,5,0.03376,-0.00066,-0.00239,0.00853,1,0,0
eng_missisipi.txt,52741,0.774,7,10,0.02808,-0.00634,0.0056,0.00853,1,0,0
eng_missisipi.txt,52741,0.774,7,20,0.01631,-0.00379,-0.00418,0.00853,1,0,0
eng_missisipi.txt,52741,0.774,7,50,0.01636,0.00188,-0.00485,0.00853,1,0,0
eng_missisipi.txt,52741,0.774,7,100,0.00609,-0.0076,0.00184,0.00853,0,0,0
eng_missisipi.txt,52741,0.774,7,200,0.00215,9e-05,0.00668,0.00853,0,0,0
eng_missisipi.txt,52741,0.774,7,300,0.00219,-0.00138,0.00441,0.00853,0,0,0
eng_missisipi.txt,52741,0.774,8,1,0.12509,0.00275,-0.00126,0.00853,1,0,0
eng_missisipi.txt,52741,0.774,8,2,0.08855,-0.00056,-0.00309,0.00853,1,0,0
eng_missisipi.txt,52741,0.774,8,5,0.06675,-0.0035,-0.00669,0.00853,1,0,0
eng_missisipi.txt,52741,0.774,8,10,0.05237,-0.00185,-0.00355,0.00853,1,0,0
eng_missisipi.txt,52741,0.774,8,20,0.03504,0.00526,-0.00207,0.00853,1,0,0
eng_missisipi.txt,52741,0.774,8,50,0.02133,-0.00106,0.0005,0.00853,1,0,0
eng_missisipi.txt,52741,0.774,8,100,0.01926,0.00458,0.00203,0.00853,1,0,0
eng_missisipi.txt,52741,0.774,8,200,0.01482,-0.00598,-0.00181,0.00853,1,0,0
eng_missisipi.txt,52741,0.774,8,300,0.01785,-0.00094,0.00666,0.00853,1,0,0
eng_missisipi.txt,52741,0.774,9,1,0.1413,-0.00014,0.00375,0.00853,1,0,0
eng_missisipi.txt,52741,0.774,9,2,0.09058,-0.00016,0.00268,0.00853,1,0,0
eng_missisipi.txt,52741,0.774,9,5,0.06472,0.0089,0.00688,0.00853,1,1,0
eng_missisipi.txt,52741,0.774,9,10,0.04114,-0.00066,0.00909,0.00853,1,0,1
eng_missisipi.txt,52741,0.774,9,20,0.03279,-0.00593,-0.00332,0.00853,1,0,0
eng_missisipi.txt,52741,0.774,9,50,0.02928,0.00383,-0.00315,0.00853,1,0,0
eng_missisipi.txt,52741,0.774,9,100,0.01669,-0.0041,0.00273,0.00853,1,0,0
eng_missisipi.txt,52741,0.774,9,200,0.00332,-0.00148,0.00457,0.00853,0,0,0
eng_missisipi.txt,52741,0.774,9,300,0.00954,0.00706,-0.00416,0.00853,1,0,0
eng_missisipi.txt,52741,0.774,10,1,0.08263,0.00435,-0.00664,0.00853,1,0,0
eng_missisipi.txt,52741,0.774,10,2,0.05725,-0.00177,0.00627,0.00853,1,0,0
eng_missisipi.txt,52741,0.774,10,5,0.04488,0.0024,0.00355,0.00853,1,0,0
eng_missisipi.txt,52741,0.774,10,10,0.04148,-0.00408,0.00437,0.00853,1,0,0
eng_missisipi.txt,52741,0.774,10,20,0.02533,0.00945,-0.00413,0.00853,1,1,0
eng_missisipi.txt,52741,0.774,10,50,0.02506,0.00746,0.00367,0.00853,1,0,0
eng_missisipi.txt,52741,0.774,10,100,0.01996,-0.00057,0.00185,0.00853,1,0,0
eng_missisipi.txt,52741,0.774,10,200,0.01272,0.0005,-0.00236,0.00853,1,0,0
eng_missisipi.txt,52741,0.774,10,300,0.00782,0.00111,0.00624,0.00853,0,0,0
eng_missisipi.txt,52741,0.774,11,1,0.07518,-0.00027,-0.00425,0.00853,1,0,0
eng_missisipi.txt,52741,0.774,11,2,0.03471,0.00576,0.01062,0.00853,1,0,1
eng_missisipi.txt,52741,0.774,11,5,0.02985,-0.00028,0.00435,0.00853,1,0,0
eng_missisipi.txt,52741,0.774,11,10,0.02872,-0.00265,0.00941,0.00853,1,0,1
eng_missisipi.txt,52741,0.774,11,20,0.01773,-0.00323,0.005,0.00853,1,0,0
eng_missisipi.txt,52741,0.774,11,50,0.00892,-0.00059,-0.00453,0.00853,1,0,0
eng_missisipi.txt,52741,0.774,11,100,0.01075,0.00338,0.00038,0.00853,1,0,0
eng_missisipi.txt,52741,0.774,11,200,0.00904,-0.00238,0.00032,0.00853,1,0,0
eng_missisipi.txt,52741,0.774,11,300,0.00782,-0.00594,0.00187,0.00853,0,0,0
eng_missisipi.txt,52741,0.774,12,1,0.07009,7e-05,-0.00565,0.00853,1,0,0
eng_missisipi.txt,52741,0.774,12,2,0.04104,0.00326,-0.00385,0.00853,1,0,0
eng_missisipi.txt,52741,0.774,12,5,0.02955,-0.0071,-0.00226,0.00853,1,0,0
eng_missisipi.txt,52741,0.774,12,10,0.0283,-0.00459,-0.00281,0.00853,1,0,0
eng_missisipi.txt,52741,0.774,12,20,0.02061,-0.0015,0.0053,0.00853,1,0,0
eng_missisipi.txt,52741,0.774,12,50,0.00937,-0.0027,-0.00212,0.00853,1,0,0
eng_missisipi.txt,52741,0.774,12,100,0.00215,0.00363,-0.0028,0.00853,0,0,0
eng_missisipi.txt,52741,0.774,12,200,0.00096,-0.00901,-0.00474,0.00853,0,1,0
eng_missisipi.txt,52741,0.774,12,300,0.00552,-7e-05,-0.00291,0.00853,0,0,0
eng_missisipi.txt,52741,0.774,13,1,0.07253,-0.0088,0.00289,0.00853,1,1,0
eng_missisipi.txt,52741,0.774,13,2,0.05088,-0.00166,0.00891,0.00853,1,0,1
eng_missisipi.txt,52741,0.774,13,5,0.04311,0.00281,-0.00281,0.00853,1,0,0
eng_missisipi.txt,52741,0.774,13,10,0.02536,-0.00798,0.00383,0.00853,1,0,0
eng_missisipi.txt,52741,0.774,13,20,0.01892,-0.00633,0.00382,0.00853,1,0,0
eng_missisipi.txt,52741,0.774,13,50,0.00889,0.00346,0.00162,0.00853,1,0,0
eng_missisipi.txt,52741,0.774,13,100,0.00851,-0.00302,-0.00126,0.00853,0,0,0
eng_missisipi.txt,52741,0.774,13,200,0.00217,0.00063,-0.00422,0.00853,0,0,0
eng_missisipi.txt,52741,0.774,13,300,0.00011,-0.00013,-0.00174,0.00853,0,0,0
eng_missisipi.txt,52741,0.774,14,1,0.06439,-0.00284,0.00654,0.00853,1,0,0
eng_missisipi.txt,52741,0.774,14,2,0.04468,0.00947,0.00904,0.00853,1,1,1
eng_missisipi.txt,52741,0.774,14,5,0.03406,-0.00939,0.00047,0.00853,1,1,0
eng_missisipi.txt,52741,0.774,14,10,0.02603,0.01343,0.00176,0.00853,1,1,0
eng_missisipi.txt,52741,0.774,14,20,0.02005,0.00351,-0.00494,0.00853,1,0,0
eng_missisipi.txt,52741,0.774,14,50,0.01918,0.00425,-0.00538,0.00853,1,0,0
eng_missisipi.txt,52741,0.774,14,100,0.0102,0.00988,0.00959,0.00853,1,1,1
eng_missisipi.txt,52741,0.774,14,200,0.01385,-0.00032,-0.00276,0.00853,1,0,0
eng_missisipi.txt,52741,0.774,14,300,0.00168,0.00112,0.00112,0.00853,0,0,0
eng_missisipi.txt,52741,0.774,15,1,0.07722,-0.00437,0.00626,0.00853,1,0,0
eng_missisipi.txt,52741,0.774,15,2,0.03723,0.00194,-0.00692,0.00853,1,0,0
eng_missisipi.txt,52741,0.774,15,5,0.03015,0.00077,0.00173,0.00853,1,0,0
eng_missisipi.txt,52741,0.774,15,10,0.02809,0.00184,0.00131,0.00853,1,0,0
eng_missisipi.txt,52741,0.774,15,20,0.01708,0.00111,0.00551,0.00853,1,0,0
eng_missisipi.txt,52741,0.774,15,50,0.01413,-0.00242,-0.00047,0.00853,1,0,0
eng_missisipi.txt,52741,0.774,15,100,0.00521,0.00082,0.00133,0.00853,0,0,0
eng_missisipi.txt,52741,0.774,15,200,0.00364,0.00388,0.00334,0.00853,0,0,0
eng_missisipi.txt,52741,0.774,15,300,-0.00064,-0.00307,0.00288,0.00853,0,0,0
eng_missisipi.txt,52741,0.774,16,1,0.07051,-0.00265,0.00025,0.00853,1,0,0
eng_missisipi.txt,52741,0.774,16,2,0.02768,0.00383,0.00719,0.00853,1,0,0
eng_missisipi.txt,52741,0.774,16,5,0.01402,0.0022,0.00643,0.00853,1,0,0
eng_missisipi.txt,52741,0.774,16,10,0.0127,0.006,-0.00245,0.00853,1,0,0
eng_missisipi.txt,52741,0.774,16,20,0.00701,8e-05,0.00151,0.00853,0,0,0
eng_missisipi.txt,52741,0.774,16,50,0.00231,-0.00179,-0.00073,0.00853,0,0,0
eng_missisipi.txt,52741,0.774,16,100,0.00488,0.00475,-0.00182,0.00853,0,0,0
eng_missisipi.txt,52741,0.774,16,200,0.00435,0.00316,0.00134,0.00853,0,0,0
eng_missisipi.txt,52741,0.774,16,300,-0.0011,4e-05,-0.00166,0.00853,0,0,0
eng_missisipi.txt,52741,0.774,17,1,0.08461,-0.00125,0.00245,0.00853,1,0,0
eng_missisipi.txt,52741,0.774,17,2,0.0379,0.00508,-0.01032,0.00853,1,0,1
eng_missisipi.txt,52741,0.774,17,5,0.02599,0.00724,0.00256,0.00853,1,0,0
eng_missisipi.txt,52741,0.774,17,10,0.02326,0.00653,0.00126,0.00853,1,0,0
eng_missisipi.txt,52741,0.774,17,20,0.01062,-0.0005,0.00139,0.00853,1,0,0
eng_missisipi.txt,52741,0.774,17,50,0.00669,0.00379,-0.00802,0.00853,0,0,0
eng_missisipi.txt,52741,0.774,17,100,-0.00099,0.0067,-0.00203,0.00853,0,0,0
eng_missisipi.txt,52741,0.774,17,200,0.0085,-0.00347,0.00224,0.00853,0,0,0
eng_missisipi.txt,52741,0.774,17,300,0.00617,-0.00197,-0.00095,0.00853,0,0,0
eng_missisipi.txt,52741,0.774,18,1,0.06898,0.00303,-0.00266,0.00853,1,0,0
eng_missisipi.txt,52741,0.774,18,2,0.03208,0.00084,0.00766,0.00853,1,0,0
eng_missisipi.txt,52741,0.774,18,5,0.01886,-0.0047,-0.00276,0.00853,1,0,0
eng_missisipi.txt,52741,0.774,18,10,0.01131,-0.00212,0.00222,0.00853,1,0,0
eng_missisipi.txt,52741,0.774,18,20,0.01282,0.00044,0.0049,0.00853,1,0,0
eng_missisipi.txt,52741,0.774,18,50,0.00437,-0.0022,0.00099,0.00853,0,0,0
eng_missisipi.txt,52741,0.774,18,100,0.01415,-0.00942,0.00448,0.00853,1,1,0
eng_missisipi.txt,52741,0.774,18,200,0.00773,0.00161,0.00491,0.00853,0,0,0
eng_missisipi.txt,52741,0.774,18,300,-0.00096,-0.00147,0.00021,0.00853,0,0,0
eng_missisipi.txt,52741,0.774,19,1,0.07244,0.00153,0.0079,0.00853,1,0,0
eng_missisipi.txt,52741,0.774,19,2,0.03971,0.0023,0.0038,0.00853,1,0,0
eng_missisipi.txt,52741,0.774,19,5,0.02057,-7e-05,0.00155,0.00853,1,0,0
eng_missisipi.txt,52741,0.774,19,10,0.01995,0.00824,-0.00334,0.00853,1,0,0
eng_missisipi.txt,52741,0.774,19,20,0.01936,-0.00593,-0.00039,0.00853,1,0,0
eng_missisipi.txt,52741,0.774,19,50,0.01226,-0.00935,0.00061,0.00853,1,1,0
eng_missisipi.txt,52741,0.774,19,100,0.00398,0.00787,-0.00038,0.00853,0,0,0
eng_missisipi.txt,52741,0.774,19,200,-0.0003,-0.00801,0.01097,0.00853,0,0,1
eng_missisipi.txt,52741,0.774,19,300,0.00134,0.00627,-0.0013,0.00853,0,0,0
eng_missisipi.txt,52741,0.774,20,1,0.07139,0.00305,0.00278,0.00853,1,0,0
eng_missisipi.txt,52741,0.774,20,2,0.03849,0.00259,-0.00334,0.00853,1,0,0
eng_missisipi.txt,52741,0.774,20,5,0.02162,0.00054,0.00126,0.00853,1,0,0
eng_missisipi.txt,52741,0.774,20,10,0.01405,0.0041,0.00447,0.00853,1,0,0
eng_missisipi.txt,52741,0.774,20,20,0.00839,0.00951,0.00282,0.00853,0,1,0
eng_missisipi.txt,52741,0.774,20,50,0.01001,-0.00241,-0.00081,0.00853,1,0,0
eng_missisipi.txt,52741,0.774,20,100,0.00622,-0.01173,-0.00641,0.00853,0,1,0
eng_missisipi.txt,52741,0.774,20,200,-0.00275,-0.00426,-0.00762,0.00853,0,0,0
eng_missisipi.txt,52741,0.774,20,300,0.00086,-0.00065,-0.00054,0.00853,0,0,0
eng_moby.txt,82773,0.6942,1,1,0.06159,0.00802,0.00153,0.00681,1,1,0
eng_moby.txt,82773,0.6942,1,2,0.03527,0.0085,6e-05,0.00681,1,1,0
eng_moby.txt,82773,0.6942,1,5,0.02167,-0.00263,-0.00507,0.00681,1,0,0
eng_moby.txt,82773,0.6942,1,10,0.02388,0.00328,0.00169,0.00681,1,0,0
eng_moby.txt,82773,0.6942,1,20,0.02233,0.00391,-0.00245,0.00681,1,0,0
eng_moby.txt,82773,0.6942,1,50,0.00837,0.00189,-0.0007,0.00681,1,0,0
eng_moby.txt,82773,0.6942,1,100,0.01041,0.00166,0.00121,0.00681,1,0,0
eng_moby.txt,82773,0.6942,1,200,0.0113,-0.0053,0.00507,0.00681,1,0,0
eng_moby.txt,82773,0.6942,1,300,0.00525,-0.00263,0.00145,0.00681,0,0,0
eng_moby.txt,82773,0.6942,2,1,0.20344,-0.00097,-0.00459,0.00681,1,0,0
eng_moby.txt,82773,0.6942,2,2,0.14401,-0.00105,0.00086,0.00681,1,0,0
eng_moby.txt,82773,0.6942,2,5,0.09919,0.00171,-0.00063,0.00681,1,0,0
eng_moby.txt,82773,0.6942,2,10,0.06876,-0.00505,0.00169,0.00681,1,0,0
eng_moby.txt,82773,0.6942,2,20,0.05307,-0.00021,-0.00327,0.00681,1,0,0
eng_moby.txt,82773,0.6942,2,50,0.03743,0.00705,-0.00433,0.00681,1,1,0
eng_moby.txt,82773,0.6942,2,100,0.0249,-0.00228,0.00083,0.00681,1,0,0
eng_moby.txt,82773,0.6942,2,200,0.01727,-0.00077,-0.00197,0.00681,1,0,0
eng_moby.txt,82773,0.6942,2,300,0.01096,-0.00344,-0.00658,0.00681,1,0,0
eng_moby.txt,82773,0.6942,3,1,0.15006,0.00343,0.00112,0.00681,1,0,0
eng_moby.txt,82773,0.6942,3,2,0.10584,0.00726,0.00065,0.00681,1,1,0
eng_moby.txt,82773,0.6942,3,5,0.07668,0.0006,0.00164,0.00681,1,0,0
eng_moby.txt,82773,0.6942,3,10,0.05627,0.00601,0.0091,0.00681,1,0,1
eng_moby.txt,82773,0.6942,3,20,0.04785,0.00515,-0.00032,0.00681,1,0,0
eng_moby.txt,82773,0.6942,3,50,0.03568,-0.00088,0.00324,0.00681,1,0,0
eng_moby.txt,82773,0.6942,3,100,0.01751,-0.00203,0.00282,0.00681,1,0,0
eng_moby.txt,82773,0.6942,3,200,0.01407,0.00089,0.00293,0.00681,1,0,0
eng_moby.txt,82773,0.6942,3,300,0.01823,-0.00206,-0.00291,0.00681,1,0,0
eng_moby.txt,82773,0.6942,4,1,0.15806,0.00417,0.00224,0.00681,1,0,0
eng_moby.txt,82773,0.6942,4,2,0.12159,-0.00134,-0.00328,0.00681,1,0,0
eng_moby.txt,82773,0.6942,4,5,0.09235,0.00626,-0.00057,0.00681,1,0,0
eng_moby.txt,82773,0.6942,4,10,0.08724,-0.00498,0.00404,0.00681,1,0,0
eng_moby.txt,82773,0.6942,4,20,0.07159,-0.0014,0.00241,0.00681,1,0,0
eng_moby.txt,82773,0.6942,4,50,0.06109,0.00022,-0.00038,0.00681,1,0,0
eng_moby.txt,82773,0.6942,4,100,0.05124,0.0025,-0.00065,0.00681,1,0,0
eng_moby.txt,82773,0.6942,4,200,0.03787,-0.00221,-0.00122,0.00681,1,0,0
eng_moby.txt,82773,0.6942,4,300,0.03958,-0.00521,-0.00672,0.00681,1,0,0
eng_moby.txt,82773,0.6942,5,1,0.09497,0.00827,-0.0035,0.00681,1,1,0
eng_moby.txt,82773,0.6942,5,2,0.06536,-0.00234,0.00574,0.00681,1,0,0
eng_moby.txt,82773,0.6942,5,5,0.04915,0.00314,-0.00091,0.00681,1,0,0
eng_moby.txt,82773,0.6942,5,10,0.03923,0.00364,-0.00843,0.00681,1,0,1
eng_moby.txt,82773,0.6942,5,20,0.03441,-0.00611,-0.00432,0.00681,1,0,0
eng_moby.txt,82773,0.6942,5,50,0.01451,0.00411,-0.00028,0.00681,1,0,0
eng_moby.txt,82773,0.6942,5,100,0.01076,-0.00147,-0.00367,0.00681,1,0,0
eng_moby.txt,82773,0.6942,5,200,0.01377,0.00606,-0.00344,0.00681,1,0,0
eng_moby.txt,82773,0.6942,5,300,-0.00135,0.00439,0.00468,0.00681,0,0,0
eng_moby.txt,82773,0.6942,6,1,0.11061,-0.00512,-0.00358,0.00681,1,0,0
eng_moby.txt,82773,0.6942,6,2,0.07408,-0.00541,-0.0004,0.00681,1,0,0
eng_moby.txt,82773,0.6942,6,5,0.05086,-0.00495,0.00452,0.00681,1,0,0
eng_moby.txt,82773,0.6942,6,10,0.04381,-0.00245,0.00204,0.00681,1,0,0
eng_moby.txt,82773,0.6942,6,20,0.03438,-0.00124,0.00486,0.00681,1,0,0
eng_moby.txt,82773,0.6942,6,50,0.02333,0.00096,-0.00514,0.00681,1,0,0
eng_moby.txt,82773,0.6942,6,100,0.01909,-0.00328,0.00534,0.00681,1,0,0
eng_moby.txt,82773,0.6942,6,200,0.00611,-0.00539,0.0051,0.00681,0,0,0
eng_moby.txt,82773,0.6942,6,300,0.00894,0.00306,0.00262,0.00681,1,0,0
eng_moby.txt,82773,0.6942,7,1,0.12471,0.00322,0.00126,0.00681,1,0,0
eng_moby.txt,82773,0.6942,7,2,0.08208,-0.00391,-0.00595,0.00681,1,0,0
eng_moby.txt,82773,0.6942,7,5,0.06392,-0.00045,0.00289,0.00681,1,0,0
eng_moby.txt,82773,0.6942,7,10,0.04207,-0.00089,-0.00061,0.00681,1,0,0
eng_moby.txt,82773,0.6942,7,20,0.03224,-0.00182,0.00451,0.00681,1,0,0
eng_moby.txt,82773,0.6942,7,50,0.03236,0.00019,-0.00265,0.00681,1,0,0
eng_moby.txt,82773,0.6942,7,100,0.01858,0.00475,0.00325,0.00681,1,0,0
eng_moby.txt,82773,0.6942,7,200,0.01295,0.00023,0.00142,0.00681,1,0,0
eng_moby.txt,82773,0.6942,7,300,0.01003,0.00081,0.0009,0.00681,1,0,0
eng_moby.txt,82773,0.6942,8,1,0.10531,0.00045,0.00311,0.00681,1,0,0
eng_moby.txt,82773,0.6942,8,2,0.06474,0.00196,-0.00018,0.00681,1,0,0
eng_moby.txt,82773,0.6942,8,5,0.04215,-0.00893,0.00717,0.00681,1,1,1
eng_moby.txt,82773,0.6942,8,10,0.03484,0.00532,0.00103,0.00681,1,0,0
eng_moby.txt,82773,0.6942,8,20,0.02465,-0.00482,-0.00026,0.00681,1,0,0
eng_moby.txt,82773,0.6942,8,50,0.02241,-0.00138,-0.00231,0.00681,1,0,0
eng_moby.txt,82773,0.6942,8,100,0.01663,-0.00578,0.00182,0.00681,1,0,0
eng_moby.txt,82773,0.6942,8,200,0.00901,0.0002,-0.00029,0.00681,1,0,0
eng_moby.txt,82773,0.6942,8,300,0.00488,0.0005,-0.00118,0.00681,0,0,0
eng_moby.txt,82773,0.6942,9,1,0.09201,0.00262,0.00203,0.00681,1,0,0
eng_moby.txt,82773,0.6942,9,2,0.06174,-0.0008,-0.00399,0.00681,1,0,0
eng_moby.txt,82773,0.6942,9,5,0.05096,-0.00095,-3e-05,0.00681,1,0,0
eng_moby.txt,82773,0.6942,9,10,0.04071,-0.00341,0.01033,0.00681,1,0,1
eng_moby.txt,82773,0.6942,9,20,0.03329,-0.0026,3e-05,0.00681,1,0,0
eng_moby.txt,82773,0.6942,9,50,0.02526,-0.0021,0.00092,0.00681,1,0,0
eng_moby.txt,82773,0.6942,9,100,0.02574,-0.00347,-0.00089,0.00681,1,0,0
eng_moby.txt,82773,0.6942,9,200,0.01881,-0.00955,-0.00746,0.00681,1,1,1
eng_moby.txt,82773,0.6942,9,300,0.0144,-1e-05,-0.0089,0.00681,1,0,1
eng_moby.txt,82773,0.6942,10,1,0.09007,0.00077,0.00301,0.00681,1,0,0
eng_moby.txt,82773,0.6942,10,2,0.05183,0.00168,-0.00403,0.00681,1,0,0
eng_moby.txt,82773,0.6942,10,5,0.02907,-7e-05,-0.00024,0.00681,1,0,0
eng_moby.txt,82773,0.6942,10,10,0.02711,0.00111,-0.00445,0.00681,1,0,0
eng_moby.txt,82773,0.6942,10,20,0.01984,-0.00123,0.00253,0.00681,1,0,0
eng_moby.txt,82773,0.6942,10,50,0.0113,-0.00238,0.00702,0.00681,1,0,1
eng_moby.txt,82773,0.6942,10,100,0.01256,0.00401,0.00223,0.00681,1,0,0
eng_moby.txt,82773,0.6942,10,200,0.00764,-0.00563,-0.00094,0.00681,1,0,0
eng_moby.txt,82773,0.6942,10,300,0.0042,-0.00091,-0.00502,0.00681,0,0,0
eng_moby.txt,82773,0.6942,11,1,0.08949,-0.006,-0.0016,0.00681,1,0,0
eng_moby.txt,82773,0.6942,11,2,0.05079,-0.00064,0.00528,0.00681,1,0,0
eng_moby.txt,82773,0.6942,11,5,0.03207,-0.00495,-0.00252,0.00681,1,0,0
eng_moby.txt,82773,0.6942,11,10,0.03278,0.00075,-0.00295,0.00681,1,0,0
eng_moby.txt,82773,0.6942,11,20,0.02178,0.00195,0.00076,0.00681,1,0,0
eng_moby.txt,82773,0.6942,11,50,0.01754,-0.00553,-0.00429,0.00681,1,0,0
eng_moby.txt,82773,0.6942,11,100,0.01407,-0.00166,0.0029,0.00681,1,0,0
eng_moby.txt,82773,0.6942,11,200,0.00944,-2e-05,0.00327,0.00681,1,0,0
eng_moby.txt,82773,0.6942,11,300,0.01009,0.00491,0.00144,0.00681,1,0,0
eng_moby.txt,82773,0.6942,12,1,0.09843,0.00084,-0.00161,0.00681,1,0,0
eng_moby.txt,82773,0.6942,12,2,0.05548,0.00117,0.00012,0.00681,1,0,0
eng_moby.txt,82773,0.6942,12,5,0.03773,0.00088,0.00356,0.00681,1,0,0
eng_moby.txt,82773,0.6942,12,10,0.0238,0.00505,-0.00778,0.00681,1,0,1
eng_moby.txt,82773,0.6942,12,20,0.02327,-0.00448,5e-05,0.00681,1,0,0
eng_moby.txt,82773,0.6942,12,50,0.01273,-5e-05,-0.0035,0.00681,1,0,0
eng_moby.txt,82773,0.6942,12,100,0.00639,-0.00247,0.00124,0.00681,0,0,0
eng_moby.txt,82773,0.6942,12,200,0.00343,0.00982,0.00212,0.00681,0,1,0
eng_moby.txt,82773,0.6942,12,300,0.00039,-0.00286,-0.00205,0.00681,0,0,0
eng_moby.txt,82773,0.6942,13,1,0.09355,0.00131,0.00043,0.00681,1,0,0
eng_moby.txt,82773,0.6942,13,2,0.06025,-0.00494,-0.00248,0.00681,1,0,0
eng_moby.txt,82773,0.6942,13,5,0.03002,0.00382,-0.00152,0.00681,1,0,0
eng_moby.txt,82773,0.6942,13,10,0.0242,-0.00467,-0.00116,0.00681,1,0,0
eng_moby.txt,82773,0.6942,13,20,0.01967,0.00245,0.00704,0.00681,1,0,1
eng_moby.txt,82773,0.6942,13,50,0.00955,-0.0052,0.0013,0.00681,1,0,0
eng_moby.txt,82773,0.6942,13,100,0.00522,-0.00305,-0.001,0.00681,0,0,0
eng_moby.txt,82773,0.6942,13,200,0.00601,-0.00152,0.00073,0.00681,0,0,0
eng_moby.txt,82773,0.6942,13,300,0.00727,-0.00549,-0.00358,0.00681,1,0,0
eng_moby.txt,82773,0.6942,14,1,0.08578,0.00879,-0.00134,0.00681,1,1,0
eng_moby.txt,82773,0.6942,14,2,0.04387,-0.00563,-0.00255,0.00681,1,0,0
eng_moby.txt,82773,0.6942,14,5,0.02314,-0.00221,0.00104,0.00681,1,0,0
eng_moby.txt,82773,0.6942,14,10,0.02463,-0.00059,0.00389,0.00681,1,0,0
eng_moby.txt,82773,0.6942,14,20,0.01823,-0.00178,-0.00336,0.00681,1,0,0
eng_moby.txt,82773,0.6942,14,50,0.01436,-0.00228,0.0036,0.00681,1,0,0
eng_moby.txt,82773,0.6942,14,100,0.01619,-4e-05,-0.00422,0.00681,1,0,0
eng_moby.txt,82773,0.6942,14,200,0.00756,0.004,-0.00195,0.00681,1,0,0
eng_moby.txt,82773,0.6942,14,300,0.00266,0.00573,0.00289,0.00681,0,0,0
eng_moby.txt,82773,0.6942,15,1,0.0766,0.00032,-0.00132,0.00681,1,0,0
eng_moby.txt,82773,0.6942,15,2,0.04199,0.00269,0.00341,0.00681,1,0,0
eng_moby.txt,82773,0.6942,15,5,0.0291,-0.00246,-0.00011,0.00681,1,0,0
eng_moby.txt,82773,0.6942,15,10,0.01794,0.0014,-0.00225,0.00681,1,0,0
eng_moby.txt,82773,0.6942,15,20,0.00602,-0.00238,0.00281,0.00681,0,0,0
eng_moby.txt,82773,0.6942,15,50,0.00537,0.00221,9e-05,0.00681,0,0,0
eng_moby.txt,82773,0.6942,15,100,0.0006,0.00126,0.00088,0.00681,0,0,0
eng_moby.txt,82773,0.6942,15,200,0.00602,0.0021,-0.00123,0.00681,0,0,0
eng_moby.txt,82773,0.6942,15,300,0.00181,0.00244,-0.00198,0.00681,0,0,0
eng_moby.txt,82773,0.6942,16,1,0.07051,-0.00275,0.00092,0.00681,1,0,0
eng_moby.txt,82773,0.6942,16,2,0.0387,-0.00236,0.00274,0.00681,1,0,0
eng_moby.txt,82773,0.6942,16,5,0.02211,0.00115,-0.0035,0.00681,1,0,0
eng_moby.txt,82773,0.6942,16,10,0.01849,-0.00809,-0.00336,0.00681,1,1,0
eng_moby.txt,82773,0.6942,16,20,0.01446,0.00015,0.00013,0.00681,1,0,0
eng_moby.txt,82773,0.6942,16,50,0.01065,-0.00155,0.0029,0.00681,1,0,0
eng_moby.txt,82773,0.6942,16,100,0.00738,0.00042,0.00207,0.00681,1,0,0
eng_moby.txt,82773,0.6942,16,200,0.00295,0.00155,0.00042,0.00681,0,0,0
eng_moby.txt,82773,0.6942,16,300,0.00604,-0.00183,-0.00015,0.00681,0,0,0
eng_moby.txt,82773,0.6942,17,1,0.06004,-0.00152,-0.00416,0.00681,1,0,0
eng_moby.txt,82773,0.6942,17,2,0.04296,-0.00343,-0.00649,0.00681,1,0,0
eng_moby.txt,82773,0.6942,17,5,0.0273,-0.00292,0.00269,0.00681,1,0,0
eng_moby.txt,82773,0.6942,17,10,0.02164,-0.00711,-0.00417,0.00681,1,1,0
eng_moby.txt,82773,0.6942,17,20,0.0169,-0.00096,0.00135,0.00681,1,0,0
eng_moby.txt,82773,0.6942,17,50,0.01275,0.00097,0.00433,0.00681,1,0,0
eng_moby.txt,82773,0.6942,17,100,0.00248,-0.00143,0.00202,0.00681,0,0,0
eng_moby.txt,82773,0.6942,17,200,0.00191,0.00197,-0.00529,0.00681,0,0,0
eng_moby.txt,82773,0.6942,17,300,0.00076,-0.0055,0.00084,0.00681,0,0,0
eng_moby.txt,82773,0.6942,18,1,0.05066,-0.00051,0.00076,0.00681,1,0,0
eng_moby.txt,82773,0.6942,18,2,0.03347,-0.00034,0.00572,0.00681,1,0,0
eng_moby.txt,82773,0.6942,18,5,0.01749,-0.00512,0.00631,0.00681,1,0,0
eng_moby.txt,82773,0.6942,18,10,0.02384,0.00086,0.00403,0.00681,1,0,0
eng_moby.txt,82773,0.6942,18,20,0.01291,-0.00012,0.00602,0.00681,1,0,0
eng_moby.txt,82773,0.6942,18,50,0.00606,0.0004,-0.00359,0.00681,0,0,0
eng_moby.txt,82773,0.6942,18,100,0.01112,0.00171,-0.00041,0.00681,1,0,0
eng_moby.txt,82773,0.6942,18,200,0.00544,0.00256,0.00325,0.00681,0,0,0
eng_moby.txt,82773,0.6942,18,300,0.0025,0.0017,0.00118,0.00681,0,0,0
eng_moby.txt,82773,0.6942,19,1,0.05621,0.00155,-0.00298,0.00681,1,0,0
eng_moby.txt,82773,0.6942,19,2,0.02978,0.0016,-0.00066,0.00681,1,0,0
eng_moby.txt,82773,0.6942,19,5,0.02136,0.00749,0.00014,0.00681,1,1,0
eng_moby.txt,82773,0.6942,19,10,0.01323,0.00525,-0.00204,0.00681,1,0,0
eng_moby.txt,82773,0.6942,19,20,0.01491,0.00145,0.00892,0.00681,1,0,1
eng_moby.txt,82773,0.6942,19,50,0.0114,0.00096,0.00484,0.00681,1,0,0
eng_moby.txt,82773,0.6942,19,100,0.00998,-0.00147,-0.00202,0.00681,1,0,0
eng_moby.txt,82773,0.6942,19,200,-0.0002,-0.00241,-0.00039,0.00681,0,0,0
eng_moby.txt,82773,0.6942,19,300,0.00441,-0.00415,-0.00315,0.00681,0,0,0
eng_moby.txt,82773,0.6942,20,1,0.06012,0.00308,-0.0012,0.00681,1,0,0
eng_moby.txt,82773,0.6942,20,2,0.03596,-0.00147,-0.00193,0.00681,1,0,0
eng_moby.txt,82773,0.6942,20,5,0.02695,-0.00776,0.00084,0.00681,1,1,0
eng_moby.txt,82773,0.6942,20,10,0.02737,-0.00376,0.00238,0.00681,1,0,0
eng_moby.txt,82773,0.6942,20,20,0.01056,0.00723,0.00214,0.00681,1,1,0
eng_moby.txt,82773,0.6942,20,50,0.01177,0.00227,-0.00241,0.00681,1,0,0
eng_moby.txt,82773,0.6942,20,100,0.00484,0.00592,-0.00302,0.00681,0,0,0
eng_moby.txt,82773,0.6942,20,200,-0.00142,0.00384,0.00135,0.00681,0,0,0
eng_moby.txt,82773,0.6942,20,300,0.00307,0.00185,0.00026,0.00681,0,0,0
eng_pride.txt,42364,0.6417,1,1,0.06834,0.0025,-0.00254,0.00952,1,0,0
eng_pride.txt,42364,0.6417,1,2,0.02296,0.00671,0.00066,0.00952,1,0,0
eng_pride.txt,42364,0.6417,1,5,0.01352,0.00376,0.00111,0.00952,1,0,0
eng_pride.txt,42364,0.6417,1,10,0.00484,-0.00072,-0.00248,0.00952,0,0,0
eng_pride.txt,42364,0.6417,1,20,0.00184,0.00659,0.0129,0.00952,0,0,1
eng_pride.txt,42364,0.6417,1,50,0.00284,-0.00396,-0.00388,0.00952,0,0,0
eng_pride.txt,42364,0.6417,1,100,0.00278,0.00378,-0.00325,0.00952,0,0,0
eng_pride.txt,42364,0.6417,1,200,0.00021,0.00116,0.00086,0.00952,0,0,0
eng_pride.txt,42364,0.6417,1,300,0.00391,-0.00717,-0.00127,0.00952,0,0,0
eng_pride.txt,42364,0.6417,2,1,0.17361,0.0025,-0.00092,0.00952,1,0,0
eng_pride.txt,42364,0.6417,2,2,0.08174,0.00702,0.00466,0.00952,1,0,0
eng_pride.txt,42364,0.6417,2,5,0.05789,0.00472,0.0066,0.00952,1,0,0
eng_pride.txt,42364,0.6417,2,10,0.04356,-0.00796,0.00331,0.00952,1,0,0
eng_pride.txt,42364,0.6417,2,20,0.04121,0.00549,0.00505,0.00952,1,0,0
eng_pride.txt,42364,0.6417,2,50,0.01766,0.00692,0.00277,0.00952,1,0,0
eng_pride.txt,42364,0.6417,2,100,0.01368,-0.0028,0.00108,0.00952,1,0,0
eng_pride.txt,42364,0.6417,2,200,0.00212,-0.00547,0.00137,0.00952,0,0,0
eng_pride.txt,42364,0.6417,2,300,0.01156,0.00153,0.00368,0.00952,1,0,0
eng_pride.txt,42364,0.6417,3,1,0.10733,0.00294,0.00847,0.00952,1,0,0
eng_pride.txt,42364,0.6417,3,2,0.07027,0.00665,-0.00142,0.00952,1,0,0
eng_pride.txt,42364,0.6417,3,5,0.03656,0.00104,-0.00235,0.00952,1,0,0
eng_pride.txt,42364,0.6417,3,10,0.03742,-0.00477,-0.00184,0.00952,1,0,0
eng_pride.txt,42364,0.6417,3,20,0.03382,-6e-05,-0.01073,0.00952,1,0,1
eng_pride.txt,42364,0.6417,3,50,0.02119,0.00541,0.00889,0.00952,1,0,0
eng_pride.txt,42364,0.6417,3,100,0.00634,0.00961,0.00555,0.00952,0,1,0
eng_pride.txt,42364,0.6417,3,200,0.0158,-0.00544,0.01167,0.00952,1,0,1
eng_pride.txt,42364,0.6417,3,300,0.00059,0.0056,0.00086,0.00952,0,0,0
eng_pride.txt,42364,0.6417,4,1,0.14741,0.0039,-0.00857,0.00952,1,0,0
eng_pride.txt,42364,0.6417,4,2,0.0881,-0.00275,-0.01444,0.00952,1,0,1
eng_pride.txt,42364,0.6417,4,5,0.05803,-0.00116,0.00863,0.00952,1,0,0
eng_pride.txt,42364,0.6417,4,10,0.05244,0.00418,-0.00781,0.00952,1,0,0
eng_pride.txt,42364,0.6417,4,20,0.03416,0.00386,0.00584,0.00952,1,0,0
eng_pride.txt,42364,0.6417,4,50,0.02882,0.0049,0.01116,0.00952,1,0,1
eng_pride.txt,42364,0.6417,4,100,0.02004,0.00173,0.0023,0.00952,1,0,0
eng_pride.txt,42364,0.6417,4,200,0.01843,-0.00303,-0.00397,0.00952,1,0,0
eng_pride.txt,42364,0.6417,4,300,0.00946,0.00194,0.0076,0.00952,0,0,0
eng_pride.txt,42364,0.6417,5,1,0.09704,0.00595,0.00488,0.00952,1,0,0
eng_pride.txt,42364,0.6417,5,2,0.05262,0.00144,-0.00445,0.00952,1,0,0
eng_pride.txt,42364,0.6417,5,5,0.03537,-0.00124,-0.00117,0.00952,1,0,0
eng_pride.txt,42364,0.6417,5,10,0.02343,0.00054,-0.00065,0.00952,1,0,0
eng_pride.txt,42364,0.6417,5,20,0.01749,-0.0059,-0.00342,0.00952,1,0,0
eng_pride.txt,42364,0.6417,5,50,0.01777,-0.00279,0.00639,0.00952,1,0,0
eng_pride.txt,42364,0.6417,5,100,0.00862,0.00836,0.00446,0.00952,0,0,0
eng_pride.txt,42364,0.6417,5,200,0.0119,-0.00085,-0.00275,0.00952,1,0,0
eng_pride.txt,42364,0.6417,5,300,0.00894,0.00044,-0.00419,0.00952,0,0,0
eng_pride.txt,42364,0.6417,6,1,0.09357,-0.00574,-0.00238,0.00952,1,0,0
eng_pride.txt,42364,0.6417,6,2,0.07302,0.00292,0.00498,0.00952,1,0,0
eng_pride.txt,42364,0.6417,6,5,0.04517,-0.00058,-0.00087,0.00952,1,0,0
eng_pride.txt,42364,0.6417,6,10,0.04196,-0.00032,0.00705,0.00952,1,0,0
eng_pride.txt,42364,0.6417,6,20,0.02043,0.00362,-0.01387,0.00952,1,0,1
eng_pride.txt,42364,0.6417,6,50,0.0099,-0.00924,0.00231,0.00952,1,0,0
eng_pride.txt,42364,0.6417,6,100,0.0067,-7e-05,-0.00035,0.00952,0,0,0
eng_pride.txt,42364,0.6417,6,200,0.01102,-0.00828,-0.00444,0.00952,1,0,0
eng_pride.txt,42364,0.6417,6,300,0.00201,0.00189,-0.00181,0.00952,0,0,0
eng_pride.txt,42364,0.6417,7,1,0.07397,-0.00296,0.00258,0.00952,1,0,0
eng_pride.txt,42364,0.6417,7,2,0.02184,0.00168,-0.00345,0.00952,1,0,0
eng_pride.txt,42364,0.6417,7,5,0.0152,-0.00869,0.00669,0.00952,1,0,0
eng_pride.txt,42364,0.6417,7,10,0.01752,-0.00226,-0.00218,0.00952,1,0,0
eng_pride.txt,42364,0.6417,7,20,0.00995,0.00688,-0.00595,0.00952,1,0,0
eng_pride.txt,42364,0.6417,7,50,0.00966,-0.00315,0.00171,0.00952,1,0,0
eng_pride.txt,42364,0.6417,7,100,-0.00732,0.0017,0.00374,0.00952,0,0,0
eng_pride.txt,42364,0.6417,7,200,0.00137,0.00336,0.0005,0.00952,0,0,0
eng_pride.txt,42364,0.6417,7,300,0.00385,0.00484,0.00826,0.00952,0,0,0
eng_pride.txt,42364,0.6417,8,1,0.06548,-0.00152,0.00375,0.00952,1,0,0
eng_pride.txt,42364,0.6417,8,2,0.04066,0.00222,-0.00297,0.00952,1,0,0
eng_pride.txt,42364,0.6417,8,5,0.01813,-0.00667,-0.01071,0.00952,1,0,1
eng_pride.txt,42364,0.6417,8,10,0.02393,0.00088,-0.00151,0.00952,1,0,0
eng_pride.txt,42364,0.6417,8,20,0.01372,-0.01264,0.00711,0.00952,1,1,0
eng_pride.txt,42364,0.6417,8,50,0.01533,-0.00637,2e-05,0.00952,1,0,0
eng_pride.txt,42364,0.6417,8,100,-0.00207,0.00077,-0.00268,0.00952,0,0,0
eng_pride.txt,42364,0.6417,8,200,0.00121,0.00238,0.0084,0.00952,0,0,0
eng_pride.txt,42364,0.6417,8,300,0.00168,-0.00375,0.0014,0.00952,0,0,0
eng_pride.txt,42364,0.6417,9,1,0.06708,-0.00972,-0.00031,0.00952,1,1,0
eng_pride.txt,42364,0.6417,9,2,0.03518,-0.00022,0.00431,0.00952,1,0,0
eng_pride.txt,42364,0.6417,9,5,0.02155,-0.00557,0.00342,0.00952,1,0,0
eng_pride.txt,42364,0.6417,9,10,0.00227,-0.00128,0.00349,0.00952,0,0,0
eng_pride.txt,42364,0.6417,9,20,0.01211,-0.00364,-0.00079,0.00952,1,0,0
eng_pride.txt,42364,0.6417,9,50,0.00879,-0.00827,-0.00262,0.00952,0,0,0
eng_pride.txt,42364,0.6417,9,100,0.01042,-0.00412,0.00635,0.00952,1,0,0
eng_pride.txt,42364,0.6417,9,200,-0.0013,0.00372,0.00264,0.00952,0,0,0
eng_pride.txt,42364,0.6417,9,300,-0.00576,0.00457,0.00192,0.00952,0,0,0
eng_pride.txt,42364,0.6417,10,1,0.08226,-0.00517,-0.00186,0.00952,1,0,0
eng_pride.txt,42364,0.6417,10,2,0.04235,0.00776,0.00075,0.00952,1,0,0
eng_pride.txt,42364,0.6417,10,5,0.02289,0.01794,0.00553,0.00952,1,1,0
eng_pride.txt,42364,0.6417,10,10,0.00946,-0.0016,0.0079,0.00952,0,0,0
eng_pride.txt,42364,0.6417,10,20,0.00984,-0.00043,0.00375,0.00952,1,0,0
eng_pride.txt,42364,0.6417,10,50,0.00274,-0.00155,-0.00198,0.00952,0,0,0
eng_pride.txt,42364,0.6417,10,100,0.00757,-0.01374,-0.00538,0.00952,0,1,0
eng_pride.txt,42364,0.6417,10,200,0.00315,0.00613,0.00354,0.00952,0,0,0
eng_pride.txt,42364,0.6417,10,300,-0.00217,0.00279,0.00057,0.00952,0,0,0
eng_pride.txt,42364,0.6417,11,1,0.05581,0.0032,0.00735,0.00952,1,0,0
eng_pride.txt,42364,0.6417,11,2,0.01826,0.0012,0.00013,0.00952,1,0,0
eng_pride.txt,42364,0.6417,11,5,0.00855,-0.01039,-0.00153,0.00952,0,1,0
eng_pride.txt,42364,0.6417,11,10,0.01232,-0.00176,0.00302,0.00952,1,0,0
eng_pride.txt,42364,0.6417,11,20,0.00408,0.0055,-0.00012,0.00952,0,0,0
eng_pride.txt,42364,0.6417,11,50,0.00427,-0.00655,0.00487,0.00952,0,0,0
eng_pride.txt,42364,0.6417,11,100,0.00171,0.0038,-0.00464,0.00952,0,0,0
eng_pride.txt,42364,0.6417,11,200,0.00101,-0.00013,0.00366,0.00952,0,0,0
eng_pride.txt,42364,0.6417,11,300,-0.00093,0.00032,-0.00267,0.00952,0,0,0
eng_pride.txt,42364,0.6417,12,1,0.08399,0.00354,-0.0016,0.00952,1,0,0
eng_pride.txt,42364,0.6417,12,2,0.03289,0.00968,-0.00123,0.00952,1,1,0
eng_pride.txt,42364,0.6417,12,5,0.016,0.00761,0.00251,0.00952,1,0,0
eng_pride.txt,42364,0.6417,12,10,0.01596,-0.00123,0.0046,0.00952,1,0,0
eng_pride.txt,42364,0.6417,12,20,0.01622,0.00335,0.00095,0.00952,1,0,0
eng_pride.txt,42364,0.6417,12,50,0.00513,-0.00188,0.00371,0.00952,0,0,0
eng_pride.txt,42364,0.6417,12,100,0.00662,0.00744,0.00036,0.00952,0,0,0
eng_pride.txt,42364,0.6417,12,200,-0.00181,0.00235,-0.00096,0.00952,0,0,0
eng_pride.txt,42364,0.6417,12,300,0.00919,-0.00198,0.00281,0.00952,0,0,0
eng_pride.txt,42364,0.6417,13,1,0.06225,0.0044,-0.00814,0.00952,1,0,0
eng_pride.txt,42364,0.6417,13,2,0.02465,0.00211,0.00383,0.00952,1,0,0
eng_pride.txt,42364,0.6417,13,5,0.01883,-0.00314,-0.00067,0.00952,1,0,0
eng_pride.txt,42364,0.6417,13,10,0.01859,-0.01182,4e-05,0.00952,1,1,0
eng_pride.txt,42364,0.6417,13,20,0.00488,-0.00784,-0.00224,0.00952,0,0,0
eng_pride.txt,42364,0.6417,13,50,0.00162,0.00471,-1e-05,0.00952,0,0,0
eng_pride.txt,42364,0.6417,13,100,0.0019,-0.00518,0.00014,0.00952,0,0,0
eng_pride.txt,42364,0.6417,13,200,0.0081,0.00493,-0.00271,0.00952,0,0,0
eng_pride.txt,42364,0.6417,13,300,-0.00107,-0.00607,-0.0004,0.00952,0,0,0
eng_pride.txt,42364,0.6417,14,1,0.09716,0.00369,0.00058,0.00952,1,0,0
eng_pride.txt,42364,0.6417,14,2,0.03789,0.00768,0.00562,0.00952,1,0,0
eng_pride.txt,42364,0.6417,14,5,0.01872,0.00142,-0.00219,0.00952,1,0,0
eng_pride.txt,42364,0.6417,14,10,0.01376,-0.00248,0.00771,0.00952,1,0,0
eng_pride.txt,42364,0.6417,14,20,0.01,-0.00361,-0.00348,0.00952,1,0,0
eng_pride.txt,42364,0.6417,14,50,0.00337,0.00533,0.00475,0.00952,0,0,0
eng_pride.txt,42364,0.6417,14,100,-0.00471,0.00395,0.00155,0.00952,0,0,0
eng_pride.txt,42364,0.6417,14,200,0.0042,-0.00492,-0.01492,0.00952,0,0,1
eng_pride.txt,42364,0.6417,14,300,0.01045,-0.00402,-0.00075,0.00952,1,0,0
eng_pride.txt,42364,0.6417,15,1,0.08008,-0.00275,1e-05,0.00952,1,0,0
eng_pride.txt,42364,0.6417,15,2,0.02231,-0.00038,-0.00242,0.00952,1,0,0
eng_pride.txt,42364,0.6417,15,5,0.01652,-0.00257,-0.00671,0.00952,1,0,0
eng_pride.txt,42364,0.6417,15,10,0.0152,-0.00632,-0.00675,0.00952,1,0,0
eng_pride.txt,42364,0.6417,15,20,0.00673,-0.00662,-0.00111,0.00952,0,0,0
eng_pride.txt,42364,0.6417,15,50,0.00984,-0.00896,-0.00787,0.00952,1,0,0
eng_pride.txt,42364,0.6417,15,100,-0.00108,-0.00268,0.00189,0.00952,0,0,0
eng_pride.txt,42364,0.6417,15,200,0.00828,0.00129,-0.00092,0.00952,0,0,0
eng_pride.txt,42364,0.6417,15,300,-0.00858,0.00456,0.00161,0.00952,0,0,0
eng_pride.txt,42364,0.6417,16,1,0.05369,0.00138,0.00498,0.00952,1,0,0
eng_pride.txt,42364,0.6417,16,2,0.03153,-0.00101,-0.00171,0.00952,1,0,0
eng_pride.txt,42364,0.6417,16,5,0.01778,-0.00043,0.00229,0.00952,1,0,0
eng_pride.txt,42364,0.6417,16,10,0.01123,-0.00172,0.00669,0.00952,1,0,0
eng_pride.txt,42364,0.6417,16,20,0.00367,-0.00133,-0.0074,0.00952,0,0,0
eng_pride.txt,42364,0.6417,16,50,-0.00285,0.00506,-0.00592,0.00952,0,0,0
eng_pride.txt,42364,0.6417,16,100,0.00446,-0.00077,0.00048,0.00952,0,0,0
eng_pride.txt,42364,0.6417,16,200,0.01106,-0.00241,-0.00159,0.00952,1,0,0
eng_pride.txt,42364,0.6417,16,300,0.00381,-0.00785,0.00498,0.00952,0,0,0
eng_pride.txt,42364,0.6417,17,1,0.0844,-0.00093,0.00124,0.00952,1,0,0
eng_pride.txt,42364,0.6417,17,2,0.03321,-0.0022,-0.0023,0.00952,1,0,0
eng_pride.txt,42364,0.6417,17,5,0.01643,0.0006,0.00195,0.00952,1,0,0
eng_pride.txt,42364,0.6417,17,10,0.00958,0.0009,-0.00159,0.00952,1,0,0
eng_pride.txt,42364,0.6417,17,20,0.01139,-0.00603,-0.00174,0.00952,1,0,0
eng_pride.txt,42364,0.6417,17,50,0.00899,0.00249,0.00016,0.00952,0,0,0
eng_pride.txt,42364,0.6417,17,100,0.00439,-0.00352,-0.00388,0.00952,0,0,0
eng_pride.txt,42364,0.6417,17,200,-0.00247,0.0015,-0.00127,0.00952,0,0,0
eng_pride.txt,42364,0.6417,17,300,0.00253,0.00572,-0.00438,0.00952,0,0,0
eng_pride.txt,42364,0.6417,18,1,0.05414,0.00411,0.00767,0.00952,1,0,0
eng_pride.txt,42364,0.6417,18,2,0.0191,0.00408,0.00213,0.00952,1,0,0
eng_pride.txt,42364,0.6417,18,5,0.01095,0.01198,-0.00333,0.00952,1,1,0
eng_pride.txt,42364,0.6417,18,10,0.00241,0.00249,-0.00053,0.00952,0,0,0
eng_pride.txt,42364,0.6417,18,20,0.0073,0.00315,-0.00381,0.00952,0,0,0
eng_pride.txt,42364,0.6417,18,50,-0.00178,-0.00207,4e-05,0.00952,0,0,0
eng_pride.txt,42364,0.6417,18,100,0.00632,0.0002,0.00859,0.00952,0,0,0
eng_pride.txt,42364,0.6417,18,200,0.00189,-0.00397,0.00121,0.00952,0,0,0
eng_pride.txt,42364,0.6417,18,300,0.00052,0.00805,-0.00488,0.00952,0,0,0
eng_pride.txt,42364,0.6417,19,1,0.07345,0.00037,-0.00076,0.00952,1,0,0
eng_pride.txt,42364,0.6417,19,2,0.03103,-0.0016,0.00019,0.00952,1,0,0
eng_pride.txt,42364,0.6417,19,5,0.01154,0.00557,-0.00766,0.00952,1,0,0
eng_pride.txt,42364,0.6417,19,10,0.00815,0.00276,0.013,0.00952,0,0,1
eng_pride.txt,42364,0.6417,19,20,0.01376,-0.0018,-0.00653,0.00952,1,0,0
eng_pride.txt,42364,0.6417,19,50,0.00428,-0.0034,-0.0005,0.00952,0,0,0
eng_pride.txt,42364,0.6417,19,100,0.00763,-0.01271,0.00076,0.00952,0,1,0
eng_pride.txt,42364,0.6417,19,200,0.00754,0.00894,-0.00022,0.00952,0,0,0
eng_pride.txt,42364,0.6417,19,300,-0.002,0.00033,-0.00597,0.00952,0,0,0
eng_pride.txt,42364,0.6417,20,1,0.02596,0.00228,0.00738,0.00952,1,0,0
eng_pride.txt,42364,0.6417,20,2,0.01784,-0.00258,0.00267,0.00952,1,0,0
eng_pride.txt,42364,0.6417,20,5,0.01947,0.00377,0.00966,0.00952,1,0,1
eng_pride.txt,42364,0.6417,20,10,0.01239,0.00016,0.00412,0.00952,1,0,0
eng_pride.txt,42364,0.6417,20,20,-0.00025,0.00182,-0.00477,0.00952,0,0,0
eng_pride.txt,42364,0.6417,20,50,0.00512,0.00114,-0.00945,0.00952,0,0,0
eng_pride.txt,42364,0.6417,20,100,-0.00228,-0.00052,-0.00385,0.00952,0,0,0
eng_pride.txt,42364,0.6417,20,200,-0.00369,0.00299,-0.00481,0.00952,0,0,0
eng_pride.txt,42364,0.6417,20,300,0.00277,-0.00854,-0.00282,0.00952,0,0,0
eng_quixote.txt,147279,0.7108,1,1,0.06542,0.01874,0.00452,0.00511,1,1,0
eng_quixote.txt,147279,0.7108,1,2,0.03747,0.00717,0.00097,0.00511,1,1,0
eng_quixote.txt,147279,0.7108,1,5,0.02145,0.00669,-0.00394,0.00511,1,1,0
eng_quixote.txt,147279,0.7108,1,10,0.01956,-0.00247,0.00566,0.00511,1,0,1
eng_quixote.txt,147279,0.7108,1,20,0.01665,0.00899,-0.00323,0.00511,1,1,0
eng_quixote.txt,147279,0.7108,1,50,0.01053,0.00102,-0.00487,0.00511,1,0,0
eng_quixote.txt,147279,0.7108,1,100,0.00522,0.00026,-0.00074,0.00511,1,0,0
eng_quixote.txt,147279,0.7108,1,200,0.00164,-0.00037,0.00117,0.00511,0,0,0
eng_quixote.txt,147279,0.7108,1,300,0.00383,-0.00141,0.00028,0.00511,0,0,0
eng_quixote.txt,147279,0.7108,2,1,0.17935,0.0044,0.00034,0.00511,1,0,0
eng_quixote.txt,147279,0.7108,2,2,0.11419,0.0033,0.00013,0.00511,1,0,0
eng_quixote.txt,147279,0.7108,2,5,0.06882,0.00262,0.0043,0.00511,1,0,0
eng_quixote.txt,147279,0.7108,2,10,0.04866,0.0007,-0.00162,0.00511,1,0,0
eng_quixote.txt,147279,0.7108,2,20,0.03814,-0.0007,0.00131,0.00511,1,0,0
eng_quixote.txt,147279,0.7108,2,50,0.0184,-6e-05,0.0022,0.00511,1,0,0
eng_quixote.txt,147279,0.7108,2,100,0.00835,-0.00016,0.00307,0.00511,1,0,0
eng_quixote.txt,147279,0.7108,2,200,0.00633,0.00165,0.00087,0.00511,1,0,0
eng_quixote.txt,147279,0.7108,2,300,0.00508,-0.00057,-0.00011,0.00511,0,0,0
eng_quixote.txt,147279,0.7108,3,1,0.09712,0.01057,0.00149,0.00511,1,1,0
eng_quixote.txt,147279,0.7108,3,2,0.06029,0.00485,0.00216,0.00511,1,0,0
eng_quixote.txt,147279,0.7108,3,5,0.03877,0.00585,-0.00333,0.00511,1,1,0
eng_quixote.txt,147279,0.7108,3,10,0.02717,0.00227,-0.00415,0.00511,1,0,0
eng_quixote.txt,147279,0.7108,3,20,0.0193,0.0004,-0.00355,0.00511,1,0,0
eng_quixote.txt,147279,0.7108,3,50,0.01596,-0.00113,0.00677,0.00511,1,0,1
eng_quixote.txt,147279,0.7108,3,100,0.01578,0.00629,0.00185,0.00511,1,1,0
eng_quixote.txt,147279,0.7108,3,200,0.00575,-0.00287,0.00167,0.00511,1,0,0
eng_quixote.txt,147279,0.7108,3,300,0.01067,0.00569,-0.0051,0.00511,1,1,0
eng_quixote.txt,147279,0.7108,4,1,0.18211,-0.00177,0.00235,0.00511,1,0,0
eng_quixote.txt,147279,0.7108,4,2,0.13019,-0.00016,-0.00162,0.00511,1,0,0
eng_quixote.txt,147279,0.7108,4,5,0.08197,0.00417,0.00014,0.00511,1,0,0
eng_quixote.txt,147279,0.7108,4,10,0.06104,0.00158,-0.00169,0.00511,1,0,0
eng_quixote.txt,147279,0.7108,4,20,0.03944,0.00253,-0.00047,0.00511,1,0,0
eng_quixote.txt,147279,0.7108,4,50,0.02881,-0.00411,-0.0013,0.00511,1,0,0
eng_quixote.txt,147279,0.7108,4,100,0.01372,0.00183,-0.00016,0.00511,1,0,0
eng_quixote.txt,147279,0.7108,4,200,0.01744,-0.00283,0.00746,0.00511,1,0,1
eng_quixote.txt,147279,0.7108,4,300,0.00822,0.00281,-0.00333,0.00511,1,0,0
eng_quixote.txt,147279,0.7108,5,1,0.10947,0.00219,0.0009,0.00511,1,0,0
eng_quixote.txt,147279,0.7108,5,2,0.06297,0.00171,0.00023,0.00511,1,0,0
eng_quixote.txt,147279,0.7108,5,5,0.04263,-0.00027,0.00086,0.00511,1,0,0
eng_quixote.txt,147279,0.7108,5,10,0.03269,-0.00021,-0.0023,0.00511,1,0,0
eng_quixote.txt,147279,0.7108,5,20,0.02918,-0.00037,0.00123,0.00511,1,0,0
eng_quixote.txt,147279,0.7108,5,50,0.01883,0.00187,0.00651,0.00511,1,0,1
eng_quixote.txt,147279,0.7108,5,100,0.01041,-0.00267,0.00703,0.00511,1,0,1
eng_quixote.txt,147279,0.7108,5,200,0.01259,-0.00075,-0.00581,0.00511,1,0,1
eng_quixote.txt,147279,0.7108,5,300,0.00434,0.00285,0.00047,0.00511,0,0,0
eng_quixote.txt,147279,0.7108,6,1,0.11477,0.00056,0.00011,0.00511,1,0,0
eng_quixote.txt,147279,0.7108,6,2,0.06851,0.0017,0.00234,0.00511,1,0,0
eng_quixote.txt,147279,0.7108,6,5,0.04525,0.00299,-0.00373,0.00511,1,0,0
eng_quixote.txt,147279,0.7108,6,10,0.0291,0.00481,-0.00197,0.00511,1,0,0
eng_quixote.txt,147279,0.7108,6,20,0.0274,-0.00339,-0.00066,0.00511,1,0,0
eng_quixote.txt,147279,0.7108,6,50,0.01217,-0.00037,-0.00097,0.00511,1,0,0
eng_quixote.txt,147279,0.7108,6,100,0.011,-0.00714,-0.00015,0.00511,1,1,0
eng_quixote.txt,147279,0.7108,6,200,0.00729,0.00161,-0.00265,0.00511,1,0,0
eng_quixote.txt,147279,0.7108,6,300,0.00509,-0.00443,0.00114,0.00511,0,0,0
eng_quixote.txt,147279,0.7108,7,1,0.10426,0.0016,-0.00259,0.00511,1,0,0
eng_quixote.txt,147279,0.7108,7,2,0.06002,0.00098,-0.00115,0.00511,1,0,0
eng_quixote.txt,147279,0.7108,7,5,0.03793,0.00168,-0.0034,0.00511,1,0,0
eng_quixote.txt,147279,0.7108,7,10,0.02724,-0.00054,-0.00352,0.00511,1,0,0
eng_quixote.txt,147279,0.7108,7,20,0.02043,-0.00356,0.00125,0.00511,1,0,0
eng_quixote.txt,147279,0.7108,7,50,0.01573,0.00214,0.00098,0.00511,1,0,0
eng_quixote.txt,147279,0.7108,7,100,0.00722,0.00126,0.00076,0.00511,1,0,0
eng_quixote.txt,147279,0.7108,7,200,0.00876,0.0056,-0.00381,0.00511,1,1,0
eng_quixote.txt,147279,0.7108,7,300,0.00508,-0.00064,0.00079,0.00511,0,0,0
eng_quixote.txt,147279,0.7108,8,1,0.10159,-0.00258,0.00016,0.00511,1,0,0
eng_quixote.txt,147279,0.7108,8,2,0.06824,-8e-05,0.00464,0.00511,1,0,0
eng_quixote.txt,147279,0.7108,8,5,0.03988,0.00178,-0.00504,0.00511,1,0,0
eng_quixote.txt,147279,0.7108,8,10,0.02693,0.00255,-0.00053,0.00511,1,0,0
eng_quixote.txt,147279,0.7108,8,20,0.01173,-0.00017,0.00496,0.00511,1,0,0
eng_quixote.txt,147279,0.7108,8,50,0.00988,-0.00028,-0.00168,0.00511,1,0,0
eng_quixote.txt,147279,0.7108,8,100,0.00593,0.00077,0.00071,0.00511,1,0,0
eng_quixote.txt,147279,0.7108,8,200,0.00292,0.0022,-0.0001,0.00511,0,0,0
eng_quixote.txt,147279,0.7108,8,300,0.00502,0.00437,-0.0022,0.00511,0,0,0
eng_quixote.txt,147279,0.7108,9,1,0.10518,0.00462,-0.00072,0.00511,1,0,0
eng_quixote.txt,147279,0.7108,9,2,0.06028,0.00229,-0.0044,0.00511,1,0,0
eng_quixote.txt,147279,0.7108,9,5,0.03138,-0.00136,0.00243,0.00511,1,0,0
eng_quixote.txt,147279,0.7108,9,10,0.02321,0.00058,-0.0001,0.00511,1,0,0
eng_quixote.txt,147279,0.7108,9,20,0.01398,0.00195,0.00361,0.00511,1,0,0
eng_quixote.txt,147279,0.7108,9,50,0.01064,-0.00027,-0.00162,0.00511,1,0,0
eng_quixote.txt,147279,0.7108,9,100,0.01093,0.00459,-5e-05,0.00511,1,0,0
eng_quixote.txt,147279,0.7108,9,200,0.00313,-0.00332,-0.00199,0.00511,0,0,0
eng_quixote.txt,147279,0.7108,9,300,0.00488,0.0042,-0.00219,0.00511,0,0,0
eng_quixote.txt,147279,0.7108,10,1,0.12047,-0.006,0.00137,0.00511,1,1,0
eng_quixote.txt,147279,0.7108,10,2,0.07318,0.0002,0.00463,0.00511,1,0,0
eng_quixote.txt,147279,0.7108,10,5,0.03599,-0.00286,-0.00487,0.00511,1,0,0
eng_quixote.txt,147279,0.7108,10,10,0.026,-0.00199,0.00376,0.00511,1,0,0
eng_quixote.txt,147279,0.7108,10,20,0.0208,-0.0047,-0.00049,0.00511,1,0,0
eng_quixote.txt,147279,0.7108,10,50,0.01355,-0.00183,-0.00363,0.00511,1,0,0
eng_quixote.txt,147279,0.7108,10,100,0.00782,-0.00142,0.00109,0.00511,1,0,0
eng_quixote.txt,147279,0.7108,10,200,0.00106,-0.00372,0.00184,0.00511,0,0,0
eng_quixote.txt,147279,0.7108,10,300,-0.00049,-0.00096,0.00374,0.00511,0,0,0
eng_quixote.txt,147279,0.7108,11,1,0.1265,0.00112,-4e-05,0.00511,1,0,0
eng_quixote.txt,147279,0.7108,11,2,0.05958,-0.00137,0.00223,0.00511,1,0,0
eng_quixote.txt,147279,0.7108,11,5,0.02562,0.00181,0.00054,0.00511,1,0,0
eng_quixote.txt,147279,0.7108,11,10,0.02145,0.00195,0.00109,0.00511,1,0,0
eng_quixote.txt,147279,0.7108,11,20,0.01249,-0.00173,0.00503,0.00511,1,0,0
eng_quixote.txt,147279,0.7108,11,50,0.00445,0.00455,0.0016,0.00511,0,0,0
eng_quixote.txt,147279,0.7108,11,100,0.00693,9e-05,0.00135,0.00511,1,0,0
eng_quixote.txt,147279,0.7108,11,200,0.00077,0.00046,-0.00311,0.00511,0,0,0
eng_quixote.txt,147279,0.7108,11,300,0.00439,0.00392,-0.00217,0.00511,0,0,0
eng_quixote.txt,147279,0.7108,12,1,0.0943,0.00173,0.00193,0.00511,1,0,0
eng_quixote.txt,147279,0.7108,12,2,0.05471,0.00432,-0.00205,0.00511,1,0,0
eng_quixote.txt,147279,0.7108,12,5,0.03099,9e-05,-9e-05,0.00511,1,0,0
eng_quixote.txt,147279,0.7108,12,10,0.01963,0.00272,-0.00264,0.00511,1,0,0
eng_quixote.txt,147279,0.7108,12,20,0.01319,0.00423,-0.00095,0.00511,1,0,0
eng_quixote.txt,147279,0.7108,12,50,0.01174,-0.00418,0.00197,0.00511,1,0,0
eng_quixote.txt,147279,0.7108,12,100,0.01035,0.0047,0.00295,0.00511,1,0,0
eng_quixote.txt,147279,0.7108,12,200,0.00372,0.00038,-0.00463,0.00511,0,0,0
eng_quixote.txt,147279,0.7108,12,300,0.00349,-0.00204,0.00079,0.00511,0,0,0
eng_quixote.txt,147279,0.7108,13,1,0.08265,-0.00194,0.0013,0.00511,1,0,0
eng_quixote.txt,147279,0.7108,13,2,0.04816,-0.00271,0.00273,0.00511,1,0,0
eng_quixote.txt,147279,0.7108,13,5,0.02565,0.0027,0.00033,0.00511,1,0,0
eng_quixote.txt,147279,0.7108,13,10,0.01594,0.00054,-0.00307,0.00511,1,0,0
eng_quixote.txt,147279,0.7108,13,20,0.01463,-0.00216,-0.00093,0.00511,1,0,0
eng_quixote.txt,147279,0.7108,13,50,0.00056,-0.00123,-0.00293,0.00511,0,0,0
eng_quixote.txt,147279,0.7108,13,100,0.00271,0.0006,-0.00127,0.00511,0,0,0
eng_quixote.txt,147279,0.7108,13,200,0.00416,0.00143,0.00343,0.00511,0,0,0
eng_quixote.txt,147279,0.7108,13,300,6e-05,0.00377,0.00103,0.00511,0,0,0
eng_quixote.txt,147279,0.7108,14,1,0.0885,0.00364,-0.00236,0.00511,1,0,0
eng_quixote.txt,147279,0.7108,14,2,0.04385,-0.0002,0.00146,0.00511,1,0,0
eng_quixote.txt,147279,0.7108,14,5,0.02155,-0.00053,-0.00361,0.00511,1,0,0
eng_quixote.txt,147279,0.7108,14,10,0.01843,0.0013,0.00193,0.00511,1,0,0
eng_quixote.txt,147279,0.7108,14,20,0.01385,0.00281,0.0007,0.00511,1,0,0
eng_quixote.txt,147279,0.7108,14,50,0.0098,-0.00158,0.00119,0.00511,1,0,0
eng_quixote.txt,147279,0.7108,14,100,0.00932,-0.0025,-0.00269,0.00511,1,0,0
eng_quixote.txt,147279,0.7108,14,200,0.00327,-0.00234,0.00212,0.00511,0,0,0
eng_quixote.txt,147279,0.7108,14,300,0.00172,-0.00309,0.00048,0.00511,0,0,0
eng_quixote.txt,147279,0.7108,15,1,0.09063,0.00033,-0.00103,0.00511,1,0,0
eng_quixote.txt,147279,0.7108,15,2,0.05729,-0.00292,-9e-05,0.00511,1,0,0
eng_quixote.txt,147279,0.7108,15,5,0.03645,-0.00054,0.00047,0.00511,1,0,0
eng_quixote.txt,147279,0.7108,15,10,0.02736,0.00251,-0.00131,0.00511,1,0,0
eng_quixote.txt,147279,0.7108,15,20,0.02431,-0.00129,-0.00193,0.00511,1,0,0
eng_quixote.txt,147279,0.7108,15,50,0.01765,0.00082,0.00231,0.00511,1,0,0
eng_quixote.txt,147279,0.7108,15,100,0.0057,3e-05,-0.00043,0.00511,1,0,0
eng_quixote.txt,147279,0.7108,15,200,0.00423,-0.00399,0.00054,0.00511,0,0,0
eng_quixote.txt,147279,0.7108,15,300,0.00575,0.00031,0.00179,0.00511,1,0,0
eng_quixote.txt,147279,0.7108,16,1,0.05639,-0.00188,-0.0014,0.00511,1,0,0
eng_quixote.txt,147279,0.7108,16,2,0.02533,-0.00412,0.00079,0.00511,1,0,0
eng_quixote.txt,147279,0.7108,16,5,0.02039,-0.00157,0.00065,0.00511,1,0,0
eng_quixote.txt,147279,0.7108,16,10,0.01368,-0.00015,0.00528,0.00511,1,0,1
eng_quixote.txt,147279,0.7108,16,20,0.01423,-0.00338,0.00147,0.00511,1,0,0
eng_quixote.txt,147279,0.7108,16,50,0.00269,0.00045,-0.00296,0.00511,0,0,0
eng_quixote.txt,147279,0.7108,16,100,0.00571,0.00184,0.00088,0.00511,1,0,0
eng_quixote.txt,147279,0.7108,16,200,0.00805,-0.00434,0.00509,0.00511,1,0,0
eng_quixote.txt,147279,0.7108,16,300,0.00545,0.00353,0.00075,0.00511,1,0,0
eng_quixote.txt,147279,0.7108,17,1,0.06633,0.00041,-0.00039,0.00511,1,0,0
eng_quixote.txt,147279,0.7108,17,2,0.03533,0.00025,-0.00156,0.00511,1,0,0
eng_quixote.txt,147279,0.7108,17,5,0.01748,0.00567,-0.00363,0.00511,1,1,0
eng_quixote.txt,147279,0.7108,17,10,0.01767,-9e-05,0.00422,0.00511,1,0,0
eng_quixote.txt,147279,0.7108,17,20,0.01786,0.00019,0.00183,0.00511,1,0,0
eng_quixote.txt,147279,0.7108,17,50,0.01139,0.00224,-0.00204,0.00511,1,0,0
eng_quixote.txt,147279,0.7108,17,100,0.00231,0.00016,0.00318,0.00511,0,0,0
eng_quixote.txt,147279,0.7108,17,200,0.00319,0.00184,0.00285,0.00511,0,0,0
eng_quixote.txt,147279,0.7108,17,300,0.0061,-0.00104,0.00204,0.00511,1,0,0
eng_quixote.txt,147279,0.7108,18,1,0.06113,0.00425,-0.00205,0.00511,1,0,0
eng_quixote.txt,147279,0.7108,18,2,0.03273,0.00347,-0.00153,0.00511,1,0,0
eng_quixote.txt,147279,0.7108,18,5,0.01913,-0.00046,-0.00078,0.00511,1,0,0
eng_quixote.txt,147279,0.7108,18,10,0.01188,-0.00163,0.00475,0.00511,1,0,0
eng_quixote.txt,147279,0.7108,18,20,0.01137,-0.00508,0.00038,0.00511,1,0,0
eng_quixote.txt,147279,0.7108,18,50,0.00816,-0.00052,0.00325,0.00511,1,0,0
eng_quixote.txt,147279,0.7108,18,100,0.00272,-0.00284,0.00098,0.00511,0,0,0
eng_quixote.txt,147279,0.7108,18,200,0.00094,-0.00047,-0.00431,0.00511,0,0,0
eng_quixote.txt,147279,0.7108,18,300,0.008,-0.00182,0.00052,0.00511,1,0,0
eng_quixote.txt,147279,0.7108,19,1,0.0611,0.00081,-0.00449,0.00511,1,0,0
eng_quixote.txt,147279,0.7108,19,2,0.03942,-0.00109,-0.00059,0.00511,1,0,0
eng_quixote.txt,147279,0.7108,19,5,0.01976,-0.00437,-0.0003,0.00511,1,0,0
eng_quixote.txt,147279,0.7108,19,10,0.01773,0.00192,0.00129,0.00511,1,0,0
eng_quixote.txt,147279,0.7108,19,20,0.00716,-0.0012,-0.00097,0.00511,1,0,0
eng_quixote.txt,147279,0.7108,19,50,0.00603,0.00092,0.00194,0.00511,1,0,0
eng_quixote.txt,147279,0.7108,19,100,0.00269,-0.00024,-0.00062,0.00511,0,0,0
eng_quixote.txt,147279,0.7108,19,200,0.0022,-0.00106,-0.00258,0.00511,0,0,0
eng_quixote.txt,147279,0.7108,19,300,-0.00054,0.00245,0.00173,0.00511,0,0,0
eng_quixote.txt,147279,0.7108,20,1,0.05872,-0.00256,0.0053,0.00511,1,0,1
eng_quixote.txt,147279,0.7108,20,2,0.03509,-0.00242,0.00043,0.00511,1,0,0
eng_quixote.txt,147279,0.7108,20,5,0.01402,-0.00057,-0.00235,0.00511,1,0,0
eng_quixote.txt,147279,0.7108,20,10,0.00484,-0.00404,0.00627,0.00511,0,0,1
eng_quixote.txt,147279,0.7108,20,20,0.00593,-0.00162,0.00168,0.00511,1,0,0
eng_quixote.txt,147279,0.7108,20,50,0.00961,-0.00248,0.00315,0.00511,1,0,0
eng_quixote.txt,147279,0.7108,20,100,0.00184,0.00082,0.00215,0.00511,0,0,0
eng_quixote.txt,147279,0.7108,20,200,0.00105,-0.0032,0.001,0.00511,0,0,0
eng_quixote.txt,147279,0.7108,20,300,0.00212,-0.00176,0.00055,0.00511,0,0,0
eng_sawyer.txt,22085,0.7885,1,1,0.08307,0.00686,0.01371,0.01319,1,0,1
eng_sawyer.txt,22085,0.7885,1,2,0.05201,0.0125,-0.00984,0.01319,1,0,0
eng_sawyer.txt,22085,0.7885,1,5,0.03061,0.00024,-0.00249,0.01319,1,0,0
eng_sawyer.txt,22085,0.7885,1,10,0.01886,0.00573,-0.00143,0.01319,1,0,0
eng_sawyer.txt,22085,0.7885,1,20,0.01037,0.01635,0.01277,0.01319,0,1,0
eng_sawyer.txt,22085,0.7885,1,50,0.00646,-0.00206,0.00269,0.01319,0,0,0
eng_sawyer.txt,22085,0.7885,1,100,-0.00515,-0.00123,-0.00315,0.01319,0,0,0
eng_sawyer.txt,22085,0.7885,1,200,0.0051,0.00038,-0.00526,0.01319,0,0,0
eng_sawyer.txt,22085,0.7885,1,300,0.00115,-0.00271,-0.00708,0.01319,0,0,0
eng_sawyer.txt,22085,0.7885,2,1,0.22065,0.00741,0.00508,0.01319,1,0,0
eng_sawyer.txt,22085,0.7885,2,2,0.16898,-0.00346,0.0052,0.01319,1,0,0
eng_sawyer.txt,22085,0.7885,2,5,0.11753,-0.00651,0.0092,0.01319,1,0,0
eng_sawyer.txt,22085,0.7885,2,10,0.08801,-0.00864,0.00623,0.01319,1,0,0
eng_sawyer.txt,22085,0.7885,2,20,0.06381,-0.01236,0.00327,0.01319,1,0,0
eng_sawyer.txt,22085,0.7885,2,50,0.03113,0.0039,0.0115,0.01319,1,0,0
eng_sawyer.txt,22085,0.7885,2,100,0.02316,0.00578,-0.00756,0.01319,1,0,0
eng_sawyer.txt,22085,0.7885,2,200,-0.00338,0.00486,0.003,0.01319,0,0,0
eng_sawyer.txt,22085,0.7885,2,300,-0.00419,0.006,0.01186,0.01319,0,0,0
eng_sawyer.txt,22085,0.7885,3,1,0.15819,-0.00299,0.00338,0.01319,1,0,0
eng_sawyer.txt,22085,0.7885,3,2,0.09096,0.00471,-0.007,0.01319,1,0,0
eng_sawyer.txt,22085,0.7885,3,5,0.05689,0.01342,-0.0039,0.01319,1,1,0
eng_sawyer.txt,22085,0.7885,3,10,0.06148,-0.00042,0.0001,0.01319,1,0,0
eng_sawyer.txt,22085,0.7885,3,20,0.04334,0.00938,-0.00152,0.01319,1,0,0
eng_sawyer.txt,22085,0.7885,3,50,0.01778,-0.0048,-0.00487,0.01319,1,0,0
eng_sawyer.txt,22085,0.7885,3,100,0.00099,0.00282,-0.01194,0.01319,0,0,0
eng_sawyer.txt,22085,0.7885,3,200,0.00421,-0.00303,0.00201,0.01319,0,0,0
eng_sawyer.txt,22085,0.7885,3,300,0.01403,0.00598,-0.00712,0.01319,1,0,0
eng_sawyer.txt,22085,0.7885,4,1,0.08701,0.00679,0.0034,0.01319,1,0,0
eng_sawyer.txt,22085,0.7885,4,2,0.05143,0.00884,0.00789,0.01319,1,0,0
eng_sawyer.txt,22085,0.7885,4,5,0.03627,0.00969,-0.00584,0.01319,1,0,0
eng_sawyer.txt,22085,0.7885,4,10,0.03336,0.00803,0.00243,0.01319,1,0,0
eng_sawyer.txt,22085,0.7885,4,20,0.01987,-0.00655,-0.00318,0.01319,1,0,0
eng_sawyer.txt,22085,0.7885,4,50,0.01482,-0.00091,-0.01158,0.01319,1,0,0
eng_sawyer.txt,22085,0.7885,4,100,0.00379,-0.0014,-0.01036,0.01319,0,0,0
eng_sawyer.txt,22085,0.7885,4,200,0.00386,0.00159,0.00762,0.01319,0,0,0
eng_sawyer.txt,22085,0.7885,4,300,0.007,-0.00056,0.00697,0.01319,0,0,0
eng_sawyer.txt,22085,0.7885,5,1,0.04749,-0.00613,0.00323,0.01319,1,0,0
eng_sawyer.txt,22085,0.7885,5,2,0.02783,0.00363,-0.00187,0.01319,1,0,0
eng_sawyer.txt,22085,0.7885,5,5,0.0249,-0.00679,0.0056,0.01319,1,0,0
eng_sawyer.txt,22085,0.7885,5,10,0.0153,-0.00334,-0.00074,0.01319,1,0,0
eng_sawyer.txt,22085,0.7885,5,20,-0.0023,-0.00186,0.0067,0.01319,0,0,0
eng_sawyer.txt,22085,0.7885,5,50,0.00291,-0.0051,0.00412,0.01319,0,0,0
eng_sawyer.txt,22085,0.7885,5,100,0.00913,0.00704,-0.00021,0.01319,0,0,0
eng_sawyer.txt,22085,0.7885,5,200,0.0087,-0.00613,0.01011,0.01319,0,0,0
eng_sawyer.txt,22085,0.7885,5,300,-0.00794,0.00485,0.00228,0.01319,0,0,0
eng_sawyer.txt,22085,0.7885,6,1,0.14127,-0.00867,-0.00473,0.01319,1,0,0
eng_sawyer.txt,22085,0.7885,6,2,0.08987,-0.00158,0.00177,0.01319,1,0,0
eng_sawyer.txt,22085,0.7885,6,5,0.05555,0.00132,-0.00069,0.01319,1,0,0
eng_sawyer.txt,22085,0.7885,6,10,0.05314,0.00615,0.00143,0.01319,1,0,0
eng_sawyer.txt,22085,0.7885,6,20,0.02436,-0.00216,-0.00298,0.01319,1,0,0
eng_sawyer.txt,22085,0.7885,6,50,0.02318,-0.00638,0.02039,0.01319,1,0,1
eng_sawyer.txt,22085,0.7885,6,100,0.00676,0.00042,0.00291,0.01319,0,0,0
eng_sawyer.txt,22085,0.7885,6,200,0.00281,0.0044,0.00478,0.01319,0,0,0
eng_sawyer.txt,22085,0.7885,6,300,0.00155,0.00027,0.00618,0.01319,0,0,0
eng_sawyer.txt,22085,0.7885,7,1,0.1231,0.01241,0.00163,0.01319,1,0,0
eng_sawyer.txt,22085,0.7885,7,2,0.07735,-0.00747,-4e-05,0.01319,1,0,0
eng_sawyer.txt,22085,0.7885,7,5,0.05174,-0.0041,-0.01045,0.01319,1,0,0
eng_sawyer.txt,22085,0.7885,7,10,0.03677,-0.00668,0.00737,0.01319,1,0,0
eng_sawyer.txt,22085,0.7885,7,20,0.03088,0.0118,-0.01004,0.01319,1,0,0
eng_sawyer.txt,22085,0.7885,7,50,0.01127,0.00797,0.00953,0.01319,0,0,0
eng_sawyer.txt,22085,0.7885,7,100,0.00348,-0.0031,0.00252,0.01319,0,0,0
eng_sawyer.txt,22085,0.7885,7,200,0.01116,-0.00085,-0.00086,0.01319,0,0,0
eng_sawyer.txt,22085,0.7885,7,300,0.00571,0.00317,0.00719,0.01319,0,0,0
eng_sawyer.txt,22085,0.7885,8,1,0.06645,0.0055,0.00519,0.01319,1,0,0
eng_sawyer.txt,22085,0.7885,8,2,0.04938,-0.00676,0.00714,0.01319,1,0,0
eng_sawyer.txt,22085,0.7885,8,5,0.02011,0.00277,-0.00637,0.01319,1,0,0
eng_sawyer.txt,22085,0.7885,8,10,0.02142,0.00391,-0.00178,0.01319,1,0,0
eng_sawyer.txt,22085,0.7885,8,20,0.0151,0.00113,-0.00508,0.01319,1,0,0
eng_sawyer.txt,22085,0.7885,8,50,0.00676,-0.00462,0.00151,0.01319,0,0,0
eng_sawyer.txt,22085,0.7885,8,100,0.00655,-0.00685,-0.00297,0.01319,0,0,0
eng_sawyer.txt,22085,0.7885,8,200,0.00254,-0.01019,-0.002,0.01319,0,0,0
eng_sawyer.txt,22085,0.7885,8,300,0.01207,-0.00286,0.00153,0.01319,0,0,0
eng_sawyer.txt,22085,0.7885,9,1,0.10719,-0.00216,0.00363,0.01319,1,0,0
eng_sawyer.txt,22085,0.7885,9,2,0.06393,0.00068,-0.01009,0.01319,1,0,0
eng_sawyer.txt,22085,0.7885,9,5,0.04669,0.0005,0.00831,0.01319,1,0,0
eng_sawyer.txt,22085,0.7885,9,10,0.04379,-0.00652,-0.00561,0.01319,1,0,0
eng_sawyer.txt,22085,0.7885,9,20,0.03314,0.00581,-0.00427,0.01319,1,0,0
eng_sawyer.txt,22085,0.7885,9,50,0.03361,0.00993,0.00089,0.01319,1,0,0
eng_sawyer.txt,22085,0.7885,9,100,0.01217,-0.00771,-0.00712,0.01319,0,0,0
eng_sawyer.txt,22085,0.7885,9,200,0.0068,0.00758,-0.00262,0.01319,0,0,0
eng_sawyer.txt,22085,0.7885,9,300,0.01396,0.01085,0.00301,0.01319,1,0,0
eng_sawyer.txt,22085,0.7885,10,1,0.0566,0.00772,0.00863,0.01319,1,0,0
eng_sawyer.txt,22085,0.7885,10,2,0.04724,-0.01182,0.00855,0.01319,1,0,0
eng_sawyer.txt,22085,0.7885,10,5,0.01621,0.00303,-0.00051,0.01319,1,0,0
eng_sawyer.txt,22085,0.7885,10,10,0.02442,0.0072,-0.00748,0.01319,1,0,0
eng_sawyer.txt,22085,0.7885,10,20,0.00112,0.00042,0.00827,0.01319,0,0,0
eng_sawyer.txt,22085,0.7885,10,50,0.00823,-0.00397,-0.00362,0.01319,0,0,0
eng_sawyer.txt,22085,0.7885,10,100,0.00882,-0.00153,0.00067,0.01319,0,0,0
eng_sawyer.txt,22085,0.7885,10,200,-0.00207,0.00205,0.00479,0.01319,0,0,0
eng_sawyer.txt,22085,0.7885,10,300,0.00332,-0.00278,-0.00597,0.01319,0,0,0
eng_sawyer.txt,22085,0.7885,11,1,0.1116,0.00433,-0.00516,0.01319,1,0,0
eng_sawyer.txt,22085,0.7885,11,2,0.05498,0.00498,0.00119,0.01319,1,0,0
eng_sawyer.txt,22085,0.7885,11,5,0.03787,0.00175,-0.00479,0.01319,1,0,0
eng_sawyer.txt,22085,0.7885,11,10,0.01906,0.00096,-0.00187,0.01319,1,0,0
eng_sawyer.txt,22085,0.7885,11,20,0.01804,0.00366,0.01026,0.01319,1,0,0
eng_sawyer.txt,22085,0.7885,11,50,0.01497,0.00689,-0.00349,0.01319,1,0,0
eng_sawyer.txt,22085,0.7885,11,100,0.00771,0.00677,-0.00145,0.01319,0,0,0
eng_sawyer.txt,22085,0.7885,11,200,0.00308,5e-05,0.00895,0.01319,0,0,0
eng_sawyer.txt,22085,0.7885,11,300,-0.00042,-0.00694,0.0092,0.01319,0,0,0
eng_sawyer.txt,22085,0.7885,12,1,0.05012,0.00467,-0.00605,0.01319,1,0,0
eng_sawyer.txt,22085,0.7885,12,2,0.03111,0.00354,0.0082,0.01319,1,0,0
eng_sawyer.txt,22085,0.7885,12,5,0.01307,0.00839,0.01088,0.01319,0,0,0
eng_sawyer.txt,22085,0.7885,12,10,0.00868,-0.00313,-0.00633,0.01319,0,0,0
eng_sawyer.txt,22085,0.7885,12,20,0.01447,0.007,0.00299,0.01319,1,0,0
eng_sawyer.txt,22085,0.7885,12,50,0.00726,-0.00508,-0.00133,0.01319,0,0,0
eng_sawyer.txt,22085,0.7885,12,100,0.00196,-0.00104,-0.00069,0.01319,0,0,0
eng_sawyer.txt,22085,0.7885,12,200,0.0133,-0.00809,0.00196,0.01319,1,0,0
eng_sawyer.txt,22085,0.7885,12,300,0.00438,-0.00175,0.00248,0.01319,0,0,0
eng_sawyer.txt,22085,0.7885,13,1,0.08883,0.00699,0.00346,0.01319,1,0,0
eng_sawyer.txt,22085,0.7885,13,2,0.03463,0.0014,-0.0072,0.01319,1,0,0
eng_sawyer.txt,22085,0.7885,13,5,0.02059,-0.01026,0.00926,0.01319,1,0,0
eng_sawyer.txt,22085,0.7885,13,10,0.02312,0.00446,-0.00131,0.01319,1,0,0
eng_sawyer.txt,22085,0.7885,13,20,0.01834,-0.00266,0.00315,0.01319,1,0,0
eng_sawyer.txt,22085,0.7885,13,50,-0.00275,0.01151,0.00486,0.01319,0,0,0
eng_sawyer.txt,22085,0.7885,13,100,0.00654,-0.00321,0.00766,0.01319,0,0,0
eng_sawyer.txt,22085,0.7885,13,200,0.00725,0.00252,0.00275,0.01319,0,0,0
eng_sawyer.txt,22085,0.7885,13,300,0.00126,0.01521,0.00358,0.01319,0,1,0
eng_sawyer.txt,22085,0.7885,14,1,0.07608,-0.00165,0.00977,0.01319,1,0,0
eng_sawyer.txt,22085,0.7885,14,2,0.03429,0.00478,0.00893,0.01319,1,0,0
eng_sawyer.txt,22085,0.7885,14,5,0.02633,0.00763,-0.00143,0.01319,1,0,0
eng_sawyer.txt,22085,0.7885,14,10,0.00657,0.00605,-0.00353,0.01319,0,0,0
eng_sawyer.txt,22085,0.7885,14,20,-0.00227,0.00042,0.00235,0.01319,0,0,0
eng_sawyer.txt,22085,0.7885,14,50,0.00135,0.00147,0.0159,0.01319,0,0,1
eng_sawyer.txt,22085,0.7885,14,100,0.00167,0.00911,-0.00967,0.01319,0,0,0
eng_sawyer.txt,22085,0.7885,14,200,0.00039,-0.00487,4e-05,0.01319,0,0,0
eng_sawyer.txt,22085,0.7885,14,300,-0.00957,-0.00266,0.00222,0.01319,0,0,0
eng_sawyer.txt,22085,0.7885,15,1,0.09096,0.00194,-0.00224,0.01319,1,0,0
eng_sawyer.txt,22085,0.7885,15,2,0.05568,0.00556,-0.00129,0.01319,1,0,0
eng_sawyer.txt,22085,0.7885,15,5,0.03288,-0.01516,0.01733,0.01319,1,1,1
eng_sawyer.txt,22085,0.7885,15,10,0.02191,0.0051,0.00876,0.01319,1,0,0
eng_sawyer.txt,22085,0.7885,15,20,0.02245,0.00453,-0.02194,0.01319,1,0,1
eng_sawyer.txt,22085,0.7885,15,50,0.00321,0.00041,0.00812,0.01319,0,0,0
eng_sawyer.txt,22085,0.7885,15,100,-0.00731,-0.00274,-0.00716,0.01319,0,0,0
eng_sawyer.txt,22085,0.7885,15,200,0.0022,0.00162,0.00068,0.01319,0,0,0
eng_sawyer.txt,22085,0.7885,15,300,-0.00166,0.00921,0.00918,0.01319,0,0,0
eng_sawyer.txt,22085,0.7885,16,1,0.07869,-0.00203,0.00694,0.01319,1,0,0
eng_sawyer.txt,22085,0.7885,16,2,0.03682,-0.00393,-0.00163,0.01319,1,0,0
eng_sawyer.txt,22085,0.7885,16,5,0.02906,-0.01135,-0.00348,0.01319,1,0,0
eng_sawyer.txt,22085,0.7885,16,10,0.01,-0.00155,0.00997,0.01319,0,0,0
eng_sawyer.txt,22085,0.7885,16,20,0.01284,0.01789,-0.00701,0.01319,0,1,0
eng_sawyer.txt,22085,0.7885,16,50,0.00985,-0.00498,-0.00077,0.01319,0,0,0
eng_sawyer.txt,22085,0.7885,16,100,0.0027,-0.00327,0.00838,0.01319,0,0,0
eng_sawyer.txt,22085,0.7885,16,200,0.01296,0.00135,0.00409,0.01319,0,0,0
eng_sawyer.txt,22085,0.7885,16,300,0.00577,0.00523,0.00159,0.01319,0,0,0
eng_sawyer.txt,22085,0.7885,17,1,0.05908,-0.00503,-0.00657,0.01319,1,0,0
eng_sawyer.txt,22085,0.7885,17,2,0.03741,-0.01495,-0.00843,0.01319,1,1,0
eng_sawyer.txt,22085,0.7885,17,5,0.01134,0.00722,-0.00271,0.01319,0,0,0
eng_sawyer.txt,22085,0.7885,17,10,0.02525,-0.00122,-0.00238,0.01319,1,0,0
eng_sawyer.txt,22085,0.7885,17,20,0.00189,0.00061,0.00782,0.01319,0,0,0
eng_sawyer.txt,22085,0.7885,17,50,0.00996,0.01157,-0.00428,0.01319,0,0,0
eng_sawyer.txt,22085,0.7885,17,100,0.00701,-0.00886,-0.00395,0.01319,0,0,0
eng_sawyer.txt,22085,0.7885,17,200,0.00487,0.00093,-0.00447,0.01319,0,0,0
eng_sawyer.txt,22085,0.7885,17,300,0.014,-0.01626,0.00378,0.01319,1,1,0
eng_sawyer.txt,22085,0.7885,18,1,0.04812,-0.01425,0.00812,0.01319,1,1,0
eng_sawyer.txt,22085,0.7885,18,2,0.03779,0.00136,-0.00366,0.01319,1,0,0
eng_sawyer.txt,22085,0.7885,18,5,0.01978,0.0065,-0.00242,0.01319,1,0,0
eng_sawyer.txt,22085,0.7885,18,10,0.01063,0.00611,0.00188,0.01319,0,0,0
eng_sawyer.txt,22085,0.7885,18,20,0.00633,0.0099,-0.00741,0.01319,0,0,0
eng_sawyer.txt,22085,0.7885,18,50,0.01373,0.00456,-0.00623,0.01319,1,0,0
eng_sawyer.txt,22085,0.7885,18,100,-0.0009,0.00241,0.00437,0.01319,0,0,0
eng_sawyer.txt,22085,0.7885,18,200,0.01491,0.01168,0.00694,0.01319,1,0,0
eng_sawyer.txt,22085,0.7885,18,300,-0.00725,-0.01005,-0.00056,0.01319,0,0,0
eng_sawyer.txt,22085,0.7885,19,1,0.05021,0.00516,0.00593,0.01319,1,0,0
eng_sawyer.txt,22085,0.7885,19,2,0.02128,0.00277,0.00281,0.01319,1,0,0
eng_sawyer.txt,22085,0.7885,19,5,0.01503,0.00624,-0.0237,0.01319,1,0,1
eng_sawyer.txt,22085,0.7885,19,10,0.01351,-0.00441,-0.0051,0.01319,1,0,0
eng_sawyer.txt,22085,0.7885,19,20,0.01464,0.01209,-0.00527,0.01319,1,0,0
eng_sawyer.txt,22085,0.7885,19,50,0.00247,-0.01159,-0.01206,0.01319,0,0,0
eng_sawyer.txt,22085,0.7885,19,100,0.01834,-0.01291,-0.00439,0.01319,1,0,0
eng_sawyer.txt,22085,0.7885,19,200,-0.0046,-0.0,-0.00517,0.01319,0,0,0
eng_sawyer.txt,22085,0.7885,19,300,0.00058,-0.00198,0.00553,0.01319,0,0,0
eng_sawyer.txt,22085,0.7885,20,1,0.06209,0.00019,0.00451,0.01319,1,0,0
eng_sawyer.txt,22085,0.7885,20,2,0.02304,-0.00875,0.00033,0.01319,1,0,0
eng_sawyer.txt,22085,0.7885,20,5,0.0167,-0.006,-0.013,0.01319,1,0,0
eng_sawyer.txt,22085,0.7885,20,10,0.01085,-0.00365,0.00203,0.01319,0,0,0
eng_sawyer.txt,22085,0.7885,20,20,0.00867,0.00074,0.01241,0.01319,0,0,0
eng_sawyer.txt,22085,0.7885,20,50,0.00661,-0.01792,-0.00428,0.01319,0,1,0
eng_sawyer.txt,22085,0.7885,20,100,-0.00115,0.0085,0.01702,0.01319,0,0,1
eng_sawyer.txt,22085,0.7885,20,200,0.00288,-0.00454,-0.00046,0.01319,0,0,0
eng_sawyer.txt,22085,0.7885,20,300,-0.00358,0.00516,-0.00286,0.01319,0,0,0
eng_ulysses.txt,101489,0.7632,1,1,0.12709,0.01451,-0.00722,0.00615,1,1,1
eng_ulysses.txt,101489,0.7632,1,2,0.08398,0.00799,-0.0017,0.00615,1,1,0
eng_ulysses.txt,101489,0.7632,1,5,0.05902,0.00255,0.00036,0.00615,1,0,0
eng_ulysses.txt,101489,0.7632,1,10,0.04585,0.00509,-0.00097,0.00615,1,0,0
eng_ulysses.txt,101489,0.7632,1,20,0.04265,0.00262,0.00359,0.00615,1,0,0
eng_ulysses.txt,101489,0.7632,1,50,0.03472,-0.00131,-0.00353,0.00615,1,0,0
eng_ulysses.txt,101489,0.7632,1,100,0.03046,-0.0029,0.00221,0.00615,1,0,0
eng_ulysses.txt,101489,0.7632,1,200,0.02258,-0.00294,0.0025,0.00615,1,0,0
eng_ulysses.txt,101489,0.7632,1,300,0.02287,0.00148,-0.00178,0.00615,1,0,0
eng_ulysses.txt,101489,0.7632,2,1,0.21164,0.00053,-0.00598,0.00615,1,0,0
eng_ulysses.txt,101489,0.7632,2,2,0.13805,-0.00412,0.00013,0.00615,1,0,0
eng_ulysses.txt,101489,0.7632,2,5,0.10285,0.00124,-0.00257,0.00615,1,0,0
eng_ulysses.txt,101489,0.7632,2,10,0.0856,0.00096,0.00236,0.00615,1,0,0
eng_ulysses.txt,101489,0.7632,2,20,0.06204,-0.00279,0.00197,0.00615,1,0,0
eng_ulysses.txt,101489,0.7632,2,50,0.05128,-5e-05,-0.00324,0.00615,1,0,0
eng_ulysses.txt,101489,0.7632,2,100,0.0465,0.00189,-0.00233,0.00615,1,0,0
eng_ulysses.txt,101489,0.7632,2,200,0.04038,0.00091,0.0002,0.00615,1,0,0
eng_ulysses.txt,101489,0.7632,2,300,0.03898,-0.00481,0.00116,0.00615,1,0,0
eng_ulysses.txt,101489,0.7632,3,1,0.24658,-0.00048,0.00283,0.00615,1,0,0
eng_ulysses.txt,101489,0.7632,3,2,0.15551,-0.00051,4e-05,0.00615,1,0,0
eng_ulysses.txt,101489,0.7632,3,5,0.09906,-0.00184,0.00425,0.00615,1,0,0
eng_ulysses.txt,101489,0.7632,3,10,0.07472,0.00511,0.00209,0.00615,1,0,0
eng_ulysses.txt,101489,0.7632,3,20,0.05599,0.00421,-0.00058,0.00615,1,0,0
eng_ulysses.txt,101489,0.7632,3,50,0.03947,0.00379,-0.00353,0.00615,1,0,0
eng_ulysses.txt,101489,0.7632,3,100,0.02585,0.00074,-0.00561,0.00615,1,0,0
eng_ulysses.txt,101489,0.7632,3,200,0.01645,0.00183,-0.00363,0.00615,1,0,0
eng_ulysses.txt,101489,0.7632,3,300,0.01931,-0.00126,-0.00251,0.00615,1,0,0
eng_ulysses.txt,101489,0.7632,4,1,0.13616,0.00428,-0.0007,0.00615,1,0,0
eng_ulysses.txt,101489,0.7632,4,2,0.10314,0.00186,-0.0004,0.00615,1,0,0
eng_ulysses.txt,101489,0.7632,4,5,0.07481,0.00269,-0.00621,0.00615,1,0,1
eng_ulysses.txt,101489,0.7632,4,10,0.06658,6e-05,-0.00407,0.00615,1,0,0
eng_ulysses.txt,101489,0.7632,4,20,0.05556,-0.00014,0.00303,0.00615,1,0,0
eng_ulysses.txt,101489,0.7632,4,50,0.04604,0.00066,0.00899,0.00615,1,0,1
eng_ulysses.txt,101489,0.7632,4,100,0.03927,-0.00241,-0.00319,0.00615,1,0,0
eng_ulysses.txt,101489,0.7632,4,200,0.03168,0.0001,-0.003,0.00615,1,0,0
eng_ulysses.txt,101489,0.7632,4,300,0.0316,-0.00678,-0.00018,0.00615,1,1,0
eng_ulysses.txt,101489,0.7632,5,1,0.13808,0.00048,0.00123,0.00615,1,0,0
eng_ulysses.txt,101489,0.7632,5,2,0.08535,-0.00522,0.00127,0.00615,1,0,0
eng_ulysses.txt,101489,0.7632,5,5,0.06147,0.00362,-0.00028,0.00615,1,0,0
eng_ulysses.txt,101489,0.7632,5,10,0.04714,0.00536,0.00217,0.00615,1,0,0
eng_ulysses.txt,101489,0.7632,5,20,0.03327,0.00508,0.00334,0.00615,1,0,0
eng_ulysses.txt,101489,0.7632,5,50,0.02551,-0.00013,-0.0023,0.00615,1,0,0
eng_ulysses.txt,101489,0.7632,5,100,0.0174,0.00012,-0.00103,0.00615,1,0,0
eng_ulysses.txt,101489,0.7632,5,200,0.0155,-0.00639,-0.00106,0.00615,1,1,0
eng_ulysses.txt,101489,0.7632,5,300,0.01602,-0.00169,0.00744,0.00615,1,0,1
eng_ulysses.txt,101489,0.7632,6,1,0.15135,-0.00749,1e-05,0.00615,1,1,0
eng_ulysses.txt,101489,0.7632,6,2,0.08938,-0.0006,-0.00434,0.00615,1,0,0
eng_ulysses.txt,101489,0.7632,6,5,0.05428,0.0061,-0.0025,0.00615,1,0,0
eng_ulysses.txt,101489,0.7632,6,10,0.04792,0.00504,0.00192,0.00615,1,0,0
eng_ulysses.txt,101489,0.7632,6,20,0.03335,0.00458,-0.00253,0.00615,1,0,0
eng_ulysses.txt,101489,0.7632,6,50,0.01851,-5e-05,-0.00473,0.00615,1,0,0
eng_ulysses.txt,101489,0.7632,6,100,0.00822,-0.00054,-0.0012,0.00615,1,0,0
eng_ulysses.txt,101489,0.7632,6,200,0.00828,-0.00355,0.00041,0.00615,1,0,0
eng_ulysses.txt,101489,0.7632,6,300,0.011,-0.00459,-0.00169,0.00615,1,0,0
eng_ulysses.txt,101489,0.7632,7,1,0.13311,0.00039,0.00047,0.00615,1,0,0
eng_ulysses.txt,101489,0.7632,7,2,0.0854,0.0007,-0.00475,0.00615,1,0,0
eng_ulysses.txt,101489,0.7632,7,5,0.04781,0.00237,-0.00363,0.00615,1,0,0
eng_ulysses.txt,101489,0.7632,7,10,0.03191,-8e-05,0.00159,0.00615,1,0,0
eng_ulysses.txt,101489,0.7632,7,20,0.02751,0.00175,0.00319,0.00615,1,0,0
eng_ulysses.txt,101489,0.7632,7,50,0.01517,-0.00131,-0.00174,0.00615,1,0,0
eng_ulysses.txt,101489,0.7632,7,100,0.00885,-0.00387,0.00248,0.00615,1,0,0
eng_ulysses.txt,101489,0.7632,7,200,0.00594,0.00056,0.0065,0.00615,0,0,1
eng_ulysses.txt,101489,0.7632,7,300,0.00236,0.00103,0.00223,0.00615,0,0,0
eng_ulysses.txt,101489,0.7632,8,1,0.13965,-0.00068,0.00405,0.00615,1,0,0
eng_ulysses.txt,101489,0.7632,8,2,0.10037,0.00475,-0.00116,0.00615,1,0,0
eng_ulysses.txt,101489,0.7632,8,5,0.0579,-0.00335,0.00028,0.00615,1,0,0
eng_ulysses.txt,101489,0.7632,8,10,0.04733,2e-05,-0.00301,0.00615,1,0,0
eng_ulysses.txt,101489,0.7632,8,20,0.0299,-0.0021,0.00435,0.00615,1,0,0
eng_ulysses.txt,101489,0.7632,8,50,0.01858,-0.0047,0.00082,0.00615,1,0,0
eng_ulysses.txt,101489,0.7632,8,100,0.01355,-0.00292,0.00037,0.00615,1,0,0
eng_ulysses.txt,101489,0.7632,8,200,0.00875,-0.00189,0.00136,0.00615,1,0,0
eng_ulysses.txt,101489,0.7632,8,300,0.01176,0.00057,-0.00378,0.00615,1,0,0
eng_ulysses.txt,101489,0.7632,9,1,0.10405,-0.00205,0.00138,0.00615,1,0,0
eng_ulysses.txt,101489,0.7632,9,2,0.06099,0.00633,-0.00705,0.00615,1,1,1
eng_ulysses.txt,101489,0.7632,9,5,0.03077,0.00286,-0.00097,0.00615,1,0,0
eng_ulysses.txt,101489,0.7632,9,10,0.02803,-0.00272,0.00113,0.00615,1,0,0
eng_ulysses.txt,101489,0.7632,9,20,0.01552,-0.00029,-0.00378,0.00615,1,0,0
eng_ulysses.txt,101489,0.7632,9,50,0.00652,0.00503,-0.00393,0.00615,1,0,0
eng_ulysses.txt,101489,0.7632,9,100,0.00263,0.00012,0.00416,0.00615,0,0,0
eng_ulysses.txt,101489,0.7632,9,200,0.00208,-0.00411,-0.00192,0.00615,0,0,0
eng_ulysses.txt,101489,0.7632,9,300,0.00637,-0.00415,-0.00118,0.00615,1,0,0
eng_ulysses.txt,101489,0.7632,10,1,0.11018,-0.00343,-0.00274,0.00615,1,0,0
eng_ulysses.txt,101489,0.7632,10,2,0.06504,0.00503,0.00511,0.00615,1,0,0
eng_ulysses.txt,101489,0.7632,10,5,0.03869,-0.00147,0.00176,0.00615,1,0,0
eng_ulysses.txt,101489,0.7632,10,10,0.02779,0.00011,0.00058,0.00615,1,0,0
eng_ulysses.txt,101489,0.7632,10,20,0.01875,-0.0016,-0.00264,0.00615,1,0,0
eng_ulysses.txt,101489,0.7632,10,50,0.00468,0.0001,-0.00321,0.00615,0,0,0
eng_ulysses.txt,101489,0.7632,10,100,0.0066,-0.00308,0.0035,0.00615,1,0,0
eng_ulysses.txt,101489,0.7632,10,200,0.00776,-0.00275,0.00067,0.00615,1,0,0
eng_ulysses.txt,101489,0.7632,10,300,0.00414,-0.00123,0.0064,0.00615,0,0,1
eng_ulysses.txt,101489,0.7632,11,1,0.11833,-0.00195,0.00217,0.00615,1,0,0
eng_ulysses.txt,101489,0.7632,11,2,0.06599,-0.00145,-0.0028,0.00615,1,0,0
eng_ulysses.txt,101489,0.7632,11,5,0.03456,-8e-05,-0.00052,0.00615,1,0,0
eng_ulysses.txt,101489,0.7632,11,10,0.02833,-0.0016,0.00214,0.00615,1,0,0
eng_ulysses.txt,101489,0.7632,11,20,0.02275,-0.00526,-0.00216,0.00615,1,0,0
eng_ulysses.txt,101489,0.7632,11,50,0.01927,0.00226,0.00073,0.00615,1,0,0
eng_ulysses.txt,101489,0.7632,11,100,0.00745,0.0068,-0.00111,0.00615,1,1,0
eng_ulysses.txt,101489,0.7632,11,200,0.00653,0.00431,0.00112,0.00615,1,0,0
eng_ulysses.txt,101489,0.7632,11,300,0.00293,-0.00209,-0.00473,0.00615,0,0,0
eng_ulysses.txt,101489,0.7632,12,1,0.12335,-0.00349,-0.00212,0.00615,1,0,0
eng_ulysses.txt,101489,0.7632,12,2,0.07454,0.0036,-0.00098,0.00615,1,0,0
eng_ulysses.txt,101489,0.7632,12,5,0.04236,0.00442,0.0047,0.00615,1,0,0
eng_ulysses.txt,101489,0.7632,12,10,0.0313,-0.0013,-0.00121,0.00615,1,0,0
eng_ulysses.txt,101489,0.7632,12,20,0.01774,-0.00016,-0.00068,0.00615,1,0,0
eng_ulysses.txt,101489,0.7632,12,50,0.01705,0.00076,-0.00204,0.00615,1,0,0
eng_ulysses.txt,101489,0.7632,12,100,0.00877,-0.0,0.0034,0.00615,1,0,0
eng_ulysses.txt,101489,0.7632,12,200,0.00672,0.00198,0.00498,0.00615,1,0,0
eng_ulysses.txt,101489,0.7632,12,300,0.00771,0.00291,0.00089,0.00615,1,0,0
eng_ulysses.txt,101489,0.7632,13,1,0.11402,0.00338,0.00217,0.00615,1,0,0
eng_ulysses.txt,101489,0.7632,13,2,0.06425,0.00033,-0.00227,0.00615,1,0,0
eng_ulysses.txt,101489,0.7632,13,5,0.03558,3e-05,0.00632,0.00615,1,0,1
eng_ulysses.txt,101489,0.7632,13,10,0.02585,0.00472,0.00946,0.00615,1,0,1
eng_ulysses.txt,101489,0.7632,13,20,0.02434,-0.00281,0.00174,0.00615,1,0,0
eng_ulysses.txt,101489,0.7632,13,50,0.01271,-0.00244,0.00051,0.00615,1,0,0
eng_ulysses.txt,101489,0.7632,13,100,0.01229,-0.0009,-0.00302,0.00615,1,0,0
eng_ulysses.txt,101489,0.7632,13,200,0.01015,0.00125,-0.00054,0.00615,1,0,0
eng_ulysses.txt,101489,0.7632,13,300,0.00997,0.00229,0.00625,0.00615,1,0,1
eng_ulysses.txt,101489,0.7632,14,1,0.11479,-0.00387,0.00065,0.00615,1,0,0
eng_ulysses.txt,101489,0.7632,14,2,0.06221,0.00331,0.0027,0.00615,1,0,0
eng_ulysses.txt,101489,0.7632,14,5,0.04101,-0.00131,0.00543,0.00615,1,0,0
eng_ulysses.txt,101489,0.7632,14,10,0.02837,0.00157,-0.00235,0.00615,1,0,0
eng_ulysses.txt,101489,0.7632,14,20,0.02227,0.00336,0.00125,0.00615,1,0,0
eng_ulysses.txt,101489,0.7632,14,50,0.01301,0.00366,-2e-05,0.00615,1,0,0
eng_ulysses.txt,101489,0.7632,14,100,0.00824,-0.00303,-0.00104,0.00615,1,0,0
eng_ulysses.txt,101489,0.7632,14,200,0.00372,-0.0038,0.00601,0.00615,0,0,0
eng_ulysses.txt,101489,0.7632,14,300,0.0037,0.004,-0.00313,0.00615,0,0,0
eng_ulysses.txt,101489,0.7632,15,1,0.09776,0.00034,-0.00093,0.00615,1,0,0
eng_ulysses.txt,101489,0.7632,15,2,0.05291,-0.00534,0.00014,0.00615,1,0,0
eng_ulysses.txt,101489,0.7632,15,5,0.02847,-0.00039,-0.00252,0.00615,1,0,0
eng_ulysses.txt,101489,0.7632,15,10,0.02731,-0.00143,-0.00095,0.00615,1,0,0
eng_ulysses.txt,101489,0.7632,15,20,0.01665,-0.00183,0.00163,0.00615,1,0,0
eng_ulysses.txt,101489,0.7632,15,50,0.00869,0.00262,0.00283,0.00615,1,0,0
eng_ulysses.txt,101489,0.7632,15,100,0.00394,-0.00391,-0.00156,0.00615,0,0,0
eng_ulysses.txt,101489,0.7632,15,200,0.00515,-0.00034,0.0007,0.00615,0,0,0
eng_ulysses.txt,101489,0.7632,15,300,0.00216,-5e-05,0.00142,0.00615,0,0,0
eng_ulysses.txt,101489,0.7632,16,1,0.08703,0.00178,-0.00299,0.00615,1,0,0
eng_ulysses.txt,101489,0.7632,16,2,0.05192,0.00755,-0.00022,0.00615,1,1,0
eng_ulysses.txt,101489,0.7632,16,5,0.02891,0.00109,0.00211,0.00615,1,0,0
eng_ulysses.txt,101489,0.7632,16,10,0.01957,-0.00278,-0.00222,0.00615,1,0,0
eng_ulysses.txt,101489,0.7632,16,20,0.01458,0.00019,-0.00519,0.00615,1,0,0
eng_ulysses.txt,101489,0.7632,16,50,0.01006,0.00412,-0.00177,0.00615,1,0,0
eng_ulysses.txt,101489,0.7632,16,100,0.00364,-0.00127,0.00411,0.00615,0,0,0
eng_ulysses.txt,101489,0.7632,16,200,0.00023,-0.00083,0.00123,0.00615,0,0,0
eng_ulysses.txt,101489,0.7632,16,300,0.00498,0.00615,0.00285,0.00615,0,0,0
eng_ulysses.txt,101489,0.7632,17,1,0.0909,0.0014,0.00093,0.00615,1,0,0
eng_ulysses.txt,101489,0.7632,17,2,0.04559,-0.00381,0.00229,0.00615,1,0,0
eng_ulysses.txt,101489,0.7632,17,5,0.03168,-6e-05,-0.00703,0.00615,1,0,1
eng_ulysses.txt,101489,0.7632,17,10,0.01978,0.00048,-0.00275,0.00615,1,0,0
eng_ulysses.txt,101489,0.7632,17,20,0.01361,-0.00226,0.00602,0.00615,1,0,0
eng_ulysses.txt,101489,0.7632,17,50,0.01097,-0.00156,-0.00113,0.00615,1,0,0
eng_ulysses.txt,101489,0.7632,17,100,0.00373,0.00039,0.00288,0.00615,0,0,0
eng_ulysses.txt,101489,0.7632,17,200,0.01428,-0.00053,-0.00147,0.00615,1,0,0
eng_ulysses.txt,101489,0.7632,17,300,0.00289,0.00126,0.0029,0.00615,0,0,0
eng_ulysses.txt,101489,0.7632,18,1,0.06316,-0.00501,0.00372,0.00615,1,0,0
eng_ulysses.txt,101489,0.7632,18,2,0.0436,-0.0003,0.00385,0.00615,1,0,0
eng_ulysses.txt,101489,0.7632,18,5,0.02521,-0.00447,-0.0004,0.00615,1,0,0
eng_ulysses.txt,101489,0.7632,18,10,0.02024,-0.00145,-4e-05,0.00615,1,0,0
eng_ulysses.txt,101489,0.7632,18,20,0.01454,0.00088,2e-05,0.00615,1,0,0
eng_ulysses.txt,101489,0.7632,18,50,0.01052,0.00553,0.00368,0.00615,1,0,0
eng_ulysses.txt,101489,0.7632,18,100,0.00725,-0.00059,0.00064,0.00615,1,0,0
eng_ulysses.txt,101489,0.7632,18,200,0.00706,0.00341,-0.00733,0.00615,1,0,1
eng_ulysses.txt,101489,0.7632,18,300,0.00422,0.00213,-0.00725,0.00615,0,0,1
eng_ulysses.txt,101489,0.7632,19,1,0.09216,0.00422,-0.00884,0.00615,1,0,1
eng_ulysses.txt,101489,0.7632,19,2,0.05023,0.00105,-0.00109,0.00615,1,0,0
eng_ulysses.txt,101489,0.7632,19,5,0.02797,-0.00242,0.00842,0.00615,1,0,1
eng_ulysses.txt,101489,0.7632,19,10,0.0181,-2e-05,-0.00309,0.00615,1,0,0
eng_ulysses.txt,101489,0.7632,19,20,0.01433,0.00354,-0.00328,0.00615,1,0,0
eng_ulysses.txt,101489,0.7632,19,50,0.00372,0.00175,0.00194,0.00615,0,0,0
eng_ulysses.txt,101489,0.7632,19,100,0.00969,0.00117,0.00109,0.00615,1,0,0
eng_ulysses.txt,101489,0.7632,19,200,0.00839,-0.00205,-0.00289,0.00615,1,0,0
eng_ulysses.txt,101489,0.7632,19,300,0.00011,0.00441,-0.00076,0.00615,0,0,0
eng_ulysses.txt,101489,0.7632,20,1,0.08038,-0.0044,-0.00017,0.00615,1,0,0
eng_ulysses.txt,101489,0.7632,20,2,0.05072,0.00295,0.00164,0.00615,1,0,0
eng_ulysses.txt,101489,0.7632,20,5,0.02928,-0.0009,0.002,0.00615,1,0,0
eng_ulysses.txt,101489,0.7632,20,10,0.01893,-0.00072,0.00271,0.00615,1,0,0
eng_ulysses.txt,101489,0.7632,20,20,0.01862,-0.00084,-0.00129,0.00615,1,0,0
eng_ulysses.txt,101489,0.7632,20,50,0.00756,-0.00474,-0.00086,0.00615,1,0,0
eng_ulysses.txt,101489,0.7632,20,100,0.0101,-0.0013,0.00275,0.00615,1,0,0
eng_ulysses.txt,101489,0.7632,20,200,0.00373,0.00159,-0.00301,0.00615,0,0,0
eng_ulysses.txt,101489,0.7632,20,300,0.00269,0.00248,0.00278,0.00615,0,0,0
eng_wrnpc.txt,235933,0.7209,1,1,0.10289,0.02288,-0.0015,0.00404,1,1,0
eng_wrnpc.txt,235933,0.7209,1,2,0.05987,0.01484,-0.00136,0.00404,1,1,0
eng_wrnpc.txt,235933,0.7209,1,5,0.04002,0.00805,-0.00127,0.00404,1,1,0
eng_wrnpc.txt,235933,0.7209,1,10,0.0355,0.00385,0.0022,0.00404,1,0,0
eng_wrnpc.txt,235933,0.7209,1,20,0.03124,0.00467,0.002,0.00404,1,1,0
eng_wrnpc.txt,235933,0.7209,1,50,0.02273,0.00306,0.00024,0.00404,1,0,0
eng_wrnpc.txt,235933,0.7209,1,100,0.01786,-0.00151,0.00305,0.00404,1,0,0
eng_wrnpc.txt,235933,0.7209,1,200,0.01627,0.00134,-0.00039,0.00404,1,0,0
eng_wrnpc.txt,235933,0.7209,1,300,0.0121,0.00066,0.0032,0.00404,1,0,0
eng_wrnpc.txt,235933,0.7209,2,1,0.22627,0.00361,0.0009,0.00404,1,0,0
eng_wrnpc.txt,235933,0.7209,2,2,0.15818,0.00027,-0.00338,0.00404,1,0,0
eng_wrnpc.txt,235933,0.7209,2,5,0.11614,-0.0022,-0.00346,0.00404,1,0,0
eng_wrnpc.txt,235933,0.7209,2,10,0.09659,-0.00205,0.00187,0.00404,1,0,0
eng_wrnpc.txt,235933,0.7209,2,20,0.08005,0.00201,0.00174,0.00404,1,0,0
eng_wrnpc.txt,235933,0.7209,2,50,0.06385,0.00162,0.00265,0.00404,1,0,0
eng_wrnpc.txt,235933,0.7209,2,100,0.05136,0.00155,-0.00118,0.00404,1,0,0
eng_wrnpc.txt,235933,0.7209,2,200,0.03773,-0.00653,0.00147,0.00404,1,1,0
eng_wrnpc.txt,235933,0.7209,2,300,0.03652,-0.00251,0.00054,0.00404,1,0,0
eng_wrnpc.txt,235933,0.7209,3,1,0.25597,0.00543,-0.00225,0.00404,1,1,0
eng_wrnpc.txt,235933,0.7209,3,2,0.19316,0.00186,-0.00074,0.00404,1,0,0
eng_wrnpc.txt,235933,0.7209,3,5,0.1526,0.00206,0.00147,0.00404,1,0,0
eng_wrnpc.txt,235933,0.7209,3,10,0.136,0.00149,-0.0002,0.00404,1,0,0
eng_wrnpc.txt,235933,0.7209,3,20,0.11592,-0.00013,-0.00119,0.00404,1,0,0
eng_wrnpc.txt,235933,0.7209,3,50,0.09584,-0.00151,-0.00351,0.00404,1,0,0
eng_wrnpc.txt,235933,0.7209,3,100,0.08448,-0.00078,-0.00373,0.00404,1,0,0
eng_wrnpc.txt,235933,0.7209,3,200,0.07288,0.00237,-0.00044,0.00404,1,0,0
eng_wrnpc.txt,235933,0.7209,3,300,0.06255,-0.0006,-0.00354,0.00404,1,0,0
eng_wrnpc.txt,235933,0.7209,4,1,0.20172,0.01127,0.00255,0.00404,1,1,0
eng_wrnpc.txt,235933,0.7209,4,2,0.12477,0.00451,-0.00069,0.00404,1,1,0
eng_wrnpc.txt,235933,0.7209,4,5,0.09308,-0.00114,-0.0,0.00404,1,0,0
eng_wrnpc.txt,235933,0.7209,4,10,0.08072,-0.0007,-0.00206,0.00404,1,0,0
eng_wrnpc.txt,235933,0.7209,4,20,0.06132,-0.00024,-5e-05,0.00404,1,0,0
eng_wrnpc.txt,235933,0.7209,4,50,0.04719,-0.0018,-0.00216,0.00404,1,0,0
eng_wrnpc.txt,235933,0.7209,4,100,0.03935,-0.00093,-0.00025,0.00404,1,0,0
eng_wrnpc.txt,235933,0.7209,4,200,0.02717,0.00185,0.00068,0.00404,1,0,0
eng_wrnpc.txt,235933,0.7209,4,300,0.02471,0.00264,-0.00123,0.00404,1,0,0
eng_wrnpc.txt,235933,0.7209,5,1,0.12036,-0.00181,0.00385,0.00404,1,0,0
eng_wrnpc.txt,235933,0.7209,5,2,0.07638,0.00032,0.00355,0.00404,1,0,0
eng_wrnpc.txt,235933,0.7209,5,5,0.06202,-0.00032,0.00291,0.00404,1,0,0
eng_wrnpc.txt,235933,0.7209,5,10,0.05166,0.00019,-0.00093,0.00404,1,0,0
eng_wrnpc.txt,235933,0.7209,5,20,0.04397,-0.00162,0.00364,0.00404,1,0,0
eng_wrnpc.txt,235933,0.7209,5,50,0.03475,-0.00169,0.00088,0.00404,1,0,0
eng_wrnpc.txt,235933,0.7209,5,100,0.02995,0.00158,0.00185,0.00404,1,0,0
eng_wrnpc.txt,235933,0.7209,5,200,0.02393,0.00298,0.00058,0.00404,1,0,0
eng_wrnpc.txt,235933,0.7209,5,300,0.02088,0.00249,0.00406,0.00404,1,0,1
eng_wrnpc.txt,235933,0.7209,6,1,0.09687,-0.00383,-0.00224,0.00404,1,0,0
eng_wrnpc.txt,235933,0.7209,6,2,0.06248,0.00129,0.0027,0.00404,1,0,0
eng_wrnpc.txt,235933,0.7209,6,5,0.04036,-0.0006,-0.00303,0.00404,1,0,0
eng_wrnpc.txt,235933,0.7209,6,10,0.03635,-0.00047,-0.00014,0.00404,1,0,0
eng_wrnpc.txt,235933,0.7209,6,20,0.0301,-0.00573,0.00215,0.00404,1,1,0
eng_wrnpc.txt,235933,0.7209,6,50,0.02464,-0.00149,0.00257,0.00404,1,0,0
eng_wrnpc.txt,235933,0.7209,6,100,0.01635,0.00397,-0.00313,0.00404,1,0,0
eng_wrnpc.txt,235933,0.7209,6,200,0.01589,-0.00218,-0.00083,0.00404,1,0,0
eng_wrnpc.txt,235933,0.7209,6,300,0.01267,0.00054,-0.00086,0.00404,1,0,0
eng_wrnpc.txt,235933,0.7209,7,1,0.1127,-0.0005,0.00167,0.00404,1,0,0
eng_wrnpc.txt,235933,0.7209,7,2,0.07887,0.0033,-0.00024,0.00404,1,0,0
eng_wrnpc.txt,235933,0.7209,7,5,0.04402,-0.0023,0.0012,0.00404,1,0,0
eng_wrnpc.txt,235933,0.7209,7,10,0.033,0.0004,-0.00457,0.00404,1,0,1
eng_wrnpc.txt,235933,0.7209,7,20,0.02819,-0.00562,0.0003,0.00404,1,1,0
eng_wrnpc.txt,235933,0.7209,7,50,0.02061,-0.00307,5e-05,0.00404,1,0,0
eng_wrnpc.txt,235933,0.7209,7,100,0.0109,-0.00206,0.00085,0.00404,1,0,0
eng_wrnpc.txt,235933,0.7209,7,200,0.00699,0.00118,6e-05,0.00404,1,0,0
eng_wrnpc.txt,235933,0.7209,7,300,0.0102,-0.00251,-0.0011,0.00404,1,0,0
eng_wrnpc.txt,235933,0.7209,8,1,0.13377,-0.00155,-0.00124,0.00404,1,0,0
eng_wrnpc.txt,235933,0.7209,8,2,0.08754,-0.00117,0.00066,0.00404,1,0,0
eng_wrnpc.txt,235933,0.7209,8,5,0.05115,0.00143,0.00019,0.00404,1,0,0
eng_wrnpc.txt,235933,0.7209,8,10,0.03983,-0.00138,0.00061,0.00404,1,0,0
eng_wrnpc.txt,235933,0.7209,8,20,0.0252,-0.00175,5e-05,0.00404,1,0,0
eng_wrnpc.txt,235933,0.7209,8,50,0.02186,-3e-05,0.00042,0.00404,1,0,0
eng_wrnpc.txt,235933,0.7209,8,100,0.01127,0.00061,0.00442,0.00404,1,0,1
eng_wrnpc.txt,235933,0.7209,8,200,0.00799,0.00121,-0.00151,0.00404,1,0,0
eng_wrnpc.txt,235933,0.7209,8,300,0.00268,-0.00404,-0.00103,0.00404,0,1,0
eng_wrnpc.txt,235933,0.7209,9,1,0.14476,-0.00228,-0.00068,0.00404,1,0,0
eng_wrnpc.txt,235933,0.7209,9,2,0.0822,-0.00115,0.00061,0.00404,1,0,0
eng_wrnpc.txt,235933,0.7209,9,5,0.05295,-0.00145,0.00092,0.00404,1,0,0
eng_wrnpc.txt,235933,0.7209,9,10,0.04329,0.0022,-0.00187,0.00404,1,0,0
eng_wrnpc.txt,235933,0.7209,9,20,0.03294,-0.00155,0.00301,0.00404,1,0,0
eng_wrnpc.txt,235933,0.7209,9,50,0.02179,0.00142,0.00269,0.00404,1,0,0
eng_wrnpc.txt,235933,0.7209,9,100,0.02484,-0.00329,-0.00255,0.00404,1,0,0
eng_wrnpc.txt,235933,0.7209,9,200,0.01838,0.00312,-0.00356,0.00404,1,0,0
eng_wrnpc.txt,235933,0.7209,9,300,0.01453,-0.00114,-0.002,0.00404,1,0,0
eng_wrnpc.txt,235933,0.7209,10,1,0.13307,0.00276,0.00111,0.00404,1,0,0
eng_wrnpc.txt,235933,0.7209,10,2,0.07952,0.0017,-0.00166,0.00404,1,0,0
eng_wrnpc.txt,235933,0.7209,10,5,0.0501,-0.00279,0.00207,0.00404,1,0,0
eng_wrnpc.txt,235933,0.7209,10,10,0.03694,0.00182,-0.00015,0.00404,1,0,0
eng_wrnpc.txt,235933,0.7209,10,20,0.03091,-0.00022,-0.00077,0.00404,1,0,0
eng_wrnpc.txt,235933,0.7209,10,50,0.01272,-0.00074,-0.00285,0.00404,1,0,0
eng_wrnpc.txt,235933,0.7209,10,100,0.01109,-0.00086,-0.00314,0.00404,1,0,0
eng_wrnpc.txt,235933,0.7209,10,200,0.01092,0.0011,0.00136,0.00404,1,0,0
eng_wrnpc.txt,235933,0.7209,10,300,0.00341,-0.00211,0.00019,0.00404,0,0,0
eng_wrnpc.txt,235933,0.7209,11,1,0.13213,0.00416,0.00122,0.00404,1,1,0
eng_wrnpc.txt,235933,0.7209,11,2,0.07475,0.00274,-0.00128,0.00404,1,0,0
eng_wrnpc.txt,235933,0.7209,11,5,0.04911,-0.00147,0.00167,0.00404,1,0,0
eng_wrnpc.txt,235933,0.7209,11,10,0.04235,0.003,-1e-05,0.00404,1,0,0
eng_wrnpc.txt,235933,0.7209,11,20,0.03036,0.0019,-0.00128,0.00404,1,0,0
eng_wrnpc.txt,235933,0.7209,11,50,0.02207,-0.00209,0.00194,0.00404,1,0,0
eng_wrnpc.txt,235933,0.7209,11,100,0.01704,0.00056,0.00065,0.00404,1,0,0
eng_wrnpc.txt,235933,0.7209,11,200,0.01503,-0.00337,-0.00222,0.00404,1,0,0
eng_wrnpc.txt,235933,0.7209,11,300,0.0115,-0.00407,-0.0014,0.00404,1,1,0
eng_wrnpc.txt,235933,0.7209,12,1,0.09415,0.00054,-0.00277,0.00404,1,0,0
eng_wrnpc.txt,235933,0.7209,12,2,0.05698,-0.00191,0.00263,0.00404,1,0,0
eng_wrnpc.txt,235933,0.7209,12,5,0.03336,-0.00035,0.00093,0.00404,1,0,0
eng_wrnpc.txt,235933,0.7209,12,10,0.03038,0.00074,0.00143,0.00404,1,0,0
eng_wrnpc.txt,235933,0.7209,12,20,0.0224,-3e-05,0.00066,0.00404,1,0,0
eng_wrnpc.txt,235933,0.7209,12,50,0.0153,8e-05,0.00082,0.00404,1,0,0
eng_wrnpc.txt,235933,0.7209,12,100,0.00884,0.00112,0.00025,0.00404,1,0,0
eng_wrnpc.txt,235933,0.7209,12,200,0.0072,0.00253,-0.00214,0.00404,1,0,0
eng_wrnpc.txt,235933,0.7209,12,300,0.00857,0.0023,-0.00025,0.00404,1,0,0
eng_wrnpc.txt,235933,0.7209,13,1,0.11201,0.00349,0.00288,0.00404,1,0,0
eng_wrnpc.txt,235933,0.7209,13,2,0.05568,0.00188,0.00237,0.00404,1,0,0
eng_wrnpc.txt,235933,0.7209,13,5,0.02723,0.00013,-0.00107,0.00404,1,0,0
eng_wrnpc.txt,235933,0.7209,13,10,0.02538,-0.00039,0.00022,0.00404,1,0,0
eng_wrnpc.txt,235933,0.7209,13,20,0.01898,0.00099,0.00059,0.00404,1,0,0
eng_wrnpc.txt,235933,0.7209,13,50,0.00981,-0.00143,-0.00057,0.00404,1,0,0
eng_wrnpc.txt,235933,0.7209,13,100,0.00887,0.00202,-0.00117,0.00404,1,0,0
eng_wrnpc.txt,235933,0.7209,13,200,0.00862,-0.00077,-0.00122,0.00404,1,0,0
eng_wrnpc.txt,235933,0.7209,13,300,0.00365,-0.00186,-0.0018,0.00404,0,0,0
eng_wrnpc.txt,235933,0.7209,14,1,0.08742,-0.00101,-0.00026,0.00404,1,0,0
eng_wrnpc.txt,235933,0.7209,14,2,0.04192,0.00055,0.00068,0.00404,1,0,0
eng_wrnpc.txt,235933,0.7209,14,5,0.02793,0.0014,-0.00093,0.00404,1,0,0
eng_wrnpc.txt,235933,0.7209,14,10,0.02531,-0.00138,0.00241,0.00404,1,0,0
eng_wrnpc.txt,235933,0.7209,14,20,0.01919,-0.00173,-0.00108,0.00404,1,0,0
eng_wrnpc.txt,235933,0.7209,14,50,0.01694,0.00212,0.00541,0.00404,1,0,1
eng_wrnpc.txt,235933,0.7209,14,100,0.01336,0.00066,0.00037,0.00404,1,0,0
eng_wrnpc.txt,235933,0.7209,14,200,0.00805,-0.00191,-0.0015,0.00404,1,0,0
eng_wrnpc.txt,235933,0.7209,14,300,0.00613,0.00198,0.00118,0.00404,1,0,0
eng_wrnpc.txt,235933,0.7209,15,1,0.08575,-0.00193,0.00066,0.00404,1,0,0
eng_wrnpc.txt,235933,0.7209,15,2,0.04346,0.00247,0.00012,0.00404,1,0,0
eng_wrnpc.txt,235933,0.7209,15,5,0.03174,-0.00132,-0.00198,0.00404,1,0,0
eng_wrnpc.txt,235933,0.7209,15,10,0.02139,0.00093,-0.00122,0.00404,1,0,0
eng_wrnpc.txt,235933,0.7209,15,20,0.01865,0.00114,-0.00161,0.00404,1,0,0
eng_wrnpc.txt,235933,0.7209,15,50,0.01457,0.00076,-0.00034,0.00404,1,0,0
eng_wrnpc.txt,235933,0.7209,15,100,0.01051,-0.00117,0.00108,0.00404,1,0,0
eng_wrnpc.txt,235933,0.7209,15,200,0.00711,-0.00178,-0.00161,0.00404,1,0,0
eng_wrnpc.txt,235933,0.7209,15,300,0.00561,0.0039,0.00683,0.00404,1,0,1
eng_wrnpc.txt,235933,0.7209,16,1,0.10708,-0.00095,-0.00059,0.00404,1,0,0
eng_wrnpc.txt,235933,0.7209,16,2,0.06498,-0.00153,0.0035,0.00404,1,0,0
eng_wrnpc.txt,235933,0.7209,16,5,0.03269,-0.0017,-0.00284,0.00404,1,0,0
eng_wrnpc.txt,235933,0.7209,16,10,0.03004,-0.00109,0.00155,0.00404,1,0,0
eng_wrnpc.txt,235933,0.7209,16,20,0.02244,0.00539,-0.00102,0.00404,1,1,0
eng_wrnpc.txt,235933,0.7209,16,50,0.01584,0.00341,-0.00122,0.00404,1,0,0
eng_wrnpc.txt,235933,0.7209,16,100,0.01209,0.0004,0.00035,0.00404,1,0,0
eng_wrnpc.txt,235933,0.7209,16,200,0.00911,-0.00144,0.00076,0.00404,1,0,0
eng_wrnpc.txt,235933,0.7209,16,300,0.00557,-0.00347,-0.00125,0.00404,1,0,0
eng_wrnpc.txt,235933,0.7209,17,1,0.10778,-0.00045,-0.00092,0.00404,1,0,0
eng_wrnpc.txt,235933,0.7209,17,2,0.06274,-0.00231,0.0021,0.00404,1,0,0
eng_wrnpc.txt,235933,0.7209,17,5,0.04022,0.00015,0.00118,0.00404,1,0,0
eng_wrnpc.txt,235933,0.7209,17,10,0.03184,-0.00115,0.00182,0.00404,1,0,0
eng_wrnpc.txt,235933,0.7209,17,20,0.02005,0.003,0.00349,0.00404,1,0,0
eng_wrnpc.txt,235933,0.7209,17,50,0.01294,-0.00144,-0.00064,0.00404,1,0,0
eng_wrnpc.txt,235933,0.7209,17,100,0.00942,0.0012,-0.00241,0.00404,1,0,0
eng_wrnpc.txt,235933,0.7209,17,200,0.00464,-0.00094,0.00223,0.00404,1,0,0
eng_wrnpc.txt,235933,0.7209,17,300,0.00724,0.00033,-0.00258,0.00404,1,0,0
eng_wrnpc.txt,235933,0.7209,18,1,0.07521,0.00069,0.00122,0.00404,1,0,0
eng_wrnpc.txt,235933,0.7209,18,2,0.03852,0.00161,0.0015,0.00404,1,0,0
eng_wrnpc.txt,235933,0.7209,18,5,0.02248,-0.00156,0.00219,0.00404,1,0,0
eng_wrnpc.txt,235933,0.7209,18,10,0.01467,0.00249,0.00267,0.00404,1,0,0
eng_wrnpc.txt,235933,0.7209,18,20,0.01429,-0.0012,0.00153,0.00404,1,0,0
eng_wrnpc.txt,235933,0.7209,18,50,0.01356,0.00066,0.00164,0.00404,1,0,0
eng_wrnpc.txt,235933,0.7209,18,100,0.00636,-0.00146,-0.00092,0.00404,1,0,0
eng_wrnpc.txt,235933,0.7209,18,200,0.00087,0.00232,-0.00165,0.00404,0,0,0
eng_wrnpc.txt,235933,0.7209,18,300,0.00074,-0.00021,-0.0032,0.00404,0,0,0
eng_wrnpc.txt,235933,0.7209,19,1,0.08983,-0.00129,0.00331,0.00404,1,0,0
eng_wrnpc.txt,235933,0.7209,19,2,0.0435,-0.00018,-0.00014,0.00404,1,0,0
eng_wrnpc.txt,235933,0.7209,19,5,0.02432,-0.00041,-0.00056,0.00404,1,0,0
eng_wrnpc.txt,235933,0.7209,19,10,0.02064,0.00147,0.00096,0.00404,1,0,0
eng_wrnpc.txt,235933,0.7209,19,20,0.0199,-0.00301,-0.00317,0.00404,1,0,0
eng_wrnpc.txt,235933,0.7209,19,50,0.012,-0.00191,-1e-05,0.00404,1,0,0
eng_wrnpc.txt,235933,0.7209,19,100,0.01092,-0.00146,0.00176,0.00404,1,0,0
eng_wrnpc.txt,235933,0.7209,19,200,0.00477,-0.00149,-0.00153,0.00404,1,0,0
eng_wrnpc.txt,235933,0.7209,19,300,0.00309,-0.00075,-0.00404,0.00404,0,0,1
eng_wrnpc.txt,235933,0.7209,20,1,0.05435,-0.00095,-0.00021,0.00404,1,0,0
eng_wrnpc.txt,235933,0.7209,20,2,0.02924,0.00253,-0.00167,0.00404,1,0,0
eng_wrnpc.txt,235933,0.7209,20,5,0.01534,-0.00019,0.00212,0.00404,1,0,0
eng_wrnpc.txt,235933,0.7209,20,10,0.01324,-0.00102,-0.00087,0.00404,1,0,0
eng_wrnpc.txt,235933,0.7209,20,20,0.00608,0.00259,0.00098,0.00404,1,0,0
eng_wrnpc.txt,235933,0.7209,20,50,0.0044,-0.00185,-0.00011,0.00404,1,0,0
eng_wrnpc.txt,235933,0.7209,20,100,0.00443,-0.00047,0.0003,0.00404,1,0,0
eng_wrnpc.txt,235933,0.7209,20,200,0.00638,0.00115,0.0015,0.00404,1,0,0
eng_wrnpc.txt,235933,0.7209,20,300,0.00299,-0.00168,0.00209,0.00404,0,0,0
great_expectations_cut_clean.txt,64410,0.6889,1,1,0.06013,0.00353,0.00565,0.00772,1,0,0
great_expectations_cut_clean.txt,64410,0.6889,1,2,0.03483,-0.00222,-0.00159,0.00772,1,0,0
great_expectations_cut_clean.txt,64410,0.6889,1,5,0.0183,9e-05,-0.00463,0.00772,1,0,0
great_expectations_cut_clean.txt,64410,0.6889,1,10,0.0144,0.00046,-0.00207,0.00772,1,0,0
great_expectations_cut_clean.txt,64410,0.6889,1,20,0.0086,-0.00485,0.00467,0.00772,1,0,0
great_expectations_cut_clean.txt,64410,0.6889,1,50,0.00839,0.00141,-0.00108,0.00772,1,0,0
great_expectations_cut_clean.txt,64410,0.6889,1,100,0.00768,0.00356,0.00111,0.00772,0,0,0
great_expectations_cut_clean.txt,64410,0.6889,1,200,-0.00126,-0.0025,3e-05,0.00772,0,0,0
great_expectations_cut_clean.txt,64410,0.6889,1,300,0.00407,-0.00373,0.00278,0.00772,0,0,0
great_expectations_cut_clean.txt,64410,0.6889,2,1,0.20789,0.00732,0.00459,0.00772,1,0,0
great_expectations_cut_clean.txt,64410,0.6889,2,2,0.13465,-0.00111,0.00214,0.00772,1,0,0
great_expectations_cut_clean.txt,64410,0.6889,2,5,0.07854,0.0054,-0.00624,0.00772,1,0,0
great_expectations_cut_clean.txt,64410,0.6889,2,10,0.0525,0.005,0.00749,0.00772,1,0,0
great_expectations_cut_clean.txt,64410,0.6889,2,20,0.03527,0.00276,0.00237,0.00772,1,0,0
great_expectations_cut_clean.txt,64410,0.6889,2,50,0.02551,-0.00455,-0.00134,0.00772,1,0,0
great_expectations_cut_clean.txt,64410,0.6889,2,100,0.01531,0.0037,0.00475,0.00772,1,0,0
great_expectations_cut_clean.txt,64410,0.6889,2,200,0.00037,0.00109,-0.0044,0.00772,0,0,0
great_expectations_cut_clean.txt,64410,0.6889,2,300,0.00069,0.0069,0.00706,0.00772,0,0,0
great_expectations_cut_clean.txt,64410,0.6889,3,1,0.13553,-0.0024,-0.00343,0.00772,1,0,0
great_expectations_cut_clean.txt,64410,0.6889,3,2,0.09215,0.00225,0.00198,0.00772,1,0,0
great_expectations_cut_clean.txt,64410,0.6889,3,5,0.05472,0.00046,0.01088,0.00772,1,0,1
great_expectations_cut_clean.txt,64410,0.6889,3,10,0.04789,-0.00512,-0.00284,0.00772,1,0,0
great_expectations_cut_clean.txt,64410,0.6889,3,20,0.02489,0.00383,0.00067,0.00772,1,0,0
great_expectations_cut_clean.txt,64410,0.6889,3,50,0.0198,-0.00074,0.00221,0.00772,1,0,0
great_expectations_cut_clean.txt,64410,0.6889,3,100,0.0183,0.00363,-0.00037,0.00772,1,0,0
great_expectations_cut_clean.txt,64410,0.6889,3,200,-0.00187,-0.00547,-0.00444,0.00772,0,0,0
great_expectations_cut_clean.txt,64410,0.6889,3,300,0.00346,0.00076,0.00049,0.00772,0,0,0
great_expectations_cut_clean.txt,64410,0.6889,4,1,0.12322,-0.00305,-0.00321,0.00772,1,0,0
great_expectations_cut_clean.txt,64410,0.6889,4,2,0.07173,0.00102,0.00572,0.00772,1,0,0
great_expectations_cut_clean.txt,64410,0.6889,4,5,0.04011,-0.00795,0.00095,0.00772,1,1,0
great_expectations_cut_clean.txt,64410,0.6889,4,10,0.0239,0.00203,0.00316,0.00772,1,0,0
great_expectations_cut_clean.txt,64410,0.6889,4,20,0.01621,-0.00227,0.00395,0.00772,1,0,0
great_expectations_cut_clean.txt,64410,0.6889,4,50,0.01309,0.00287,-0.00244,0.00772,1,0,0
great_expectations_cut_clean.txt,64410,0.6889,4,100,0.00788,-0.00345,0.00613,0.00772,1,0,0
great_expectations_cut_clean.txt,64410,0.6889,4,200,-0.00238,0.00422,-0.00082,0.00772,0,0,0
great_expectations_cut_clean.txt,64410,0.6889,4,300,0.00813,-0.00455,0.00252,0.00772,1,0,0
great_expectations_cut_clean.txt,64410,0.6889,5,1,0.08566,-0.00206,-0.00182,0.00772,1,0,0
great_expectations_cut_clean.txt,64410,0.6889,5,2,0.05276,-0.00207,-0.00051,0.00772,1,0,0
great_expectations_cut_clean.txt,64410,0.6889,5,5,0.03056,-0.00157,0.00143,0.00772,1,0,0
great_expectations_cut_clean.txt,64410,0.6889,5,10,0.02489,-0.00047,0.00016,0.00772,1,0,0
great_expectations_cut_clean.txt,64410,0.6889,5,20,0.00896,-0.00123,0.00649,0.00772,1,0,0
great_expectations_cut_clean.txt,64410,0.6889,5,50,0.01805,-0.00201,0.00738,0.00772,1,0,0
great_expectations_cut_clean.txt,64410,0.6889,5,100,0.00431,-0.00351,0.01011,0.00772,0,0,1
great_expectations_cut_clean.txt,64410,0.6889,5,200,0.00113,-0.004,0.00309,0.00772,0,0,0
great_expectations_cut_clean.txt,64410,0.6889,5,300,0.00196,-0.00067,-8e-05,0.00772,0,0,0
great_expectations_cut_clean.txt,64410,0.6889,6,1,0.12073,0.00449,-0.00176,0.00772,1,0,0
great_expectations_cut_clean.txt,64410,0.6889,6,2,0.06716,-0.00336,-0.00133,0.00772,1,0,0
great_expectations_cut_clean.txt,64410,0.6889,6,5,0.04238,-0.01027,-0.00396,0.00772,1,1,0
great_expectations_cut_clean.txt,64410,0.6889,6,10,0.0237,-0.00351,-0.00518,0.00772,1,0,0
great_expectations_cut_clean.txt,64410,0.6889,6,20,0.02151,0.00219,0.00214,0.00772,1,0,0
great_expectations_cut_clean.txt,64410,0.6889,6,50,0.01026,-0.00215,0.00446,0.00772,1,0,0
great_expectations_cut_clean.txt,64410,0.6889,6,100,0.00474,-0.00126,0.00344,0.00772,0,0,0
great_expectations_cut_clean.txt,64410,0.6889,6,200,0.00538,-0.00203,0.00541,0.00772,0,0,0
great_expectations_cut_clean.txt,64410,0.6889,6,300,0.01007,-0.00504,-0.00112,0.00772,1,0,0
great_expectations_cut_clean.txt,64410,0.6889,7,1,0.12733,0.00232,0.0003,0.00772,1,0,0
great_expectations_cut_clean.txt,64410,0.6889,7,2,0.07873,0.00499,-0.00204,0.00772,1,0,0
great_expectations_cut_clean.txt,64410,0.6889,7,5,0.04231,0.00481,0.00438,0.00772,1,0,0
great_expectations_cut_clean.txt,64410,0.6889,7,10,0.02153,-0.00061,0.00127,0.00772,1,0,0
great_expectations_cut_clean.txt,64410,0.6889,7,20,0.02,-0.00047,0.00606,0.00772,1,0,0
great_expectations_cut_clean.txt,64410,0.6889,7,50,0.0125,0.00355,0.00473,0.00772,1,0,0
great_expectations_cut_clean.txt,64410,0.6889,7,100,0.00682,-0.00332,0.0047,0.00772,0,0,0
great_expectations_cut_clean.txt,64410,0.6889,7,200,0.00554,0.00072,-0.00165,0.00772,0,0,0
great_expectations_cut_clean.txt,64410,0.6889,7,300,0.00974,-0.00202,0.00169,0.00772,1,0,0
great_expectations_cut_clean.txt,64410,0.6889,8,1,0.1034,0.00084,-0.00031,0.00772,1,0,0
great_expectations_cut_clean.txt,64410,0.6889,8,2,0.05861,0.00018,-0.00135,0.00772,1,0,0
great_expectations_cut_clean.txt,64410,0.6889,8,5,0.03682,-0.00204,0.00015,0.00772,1,0,0
great_expectations_cut_clean.txt,64410,0.6889,8,10,0.03178,-0.00072,0.00334,0.00772,1,0,0
great_expectations_cut_clean.txt,64410,0.6889,8,20,0.02514,-0.00291,0.00362,0.00772,1,0,0
great_expectations_cut_clean.txt,64410,0.6889,8,50,0.01526,0.00523,-0.00308,0.00772,1,0,0
great_expectations_cut_clean.txt,64410,0.6889,8,100,0.00434,0.0032,0.0006,0.00772,0,0,0
great_expectations_cut_clean.txt,64410,0.6889,8,200,0.01032,-0.00271,0.0061,0.00772,1,0,0
great_expectations_cut_clean.txt,64410,0.6889,8,300,-0.00473,-0.00454,0.00378,0.00772,0,0,0
great_expectations_cut_clean.txt,64410,0.6889,9,1,0.08243,-0.00176,-0.00033,0.00772,1,0,0
great_expectations_cut_clean.txt,64410,0.6889,9,2,0.04985,-0.00578,-0.00028,0.00772,1,0,0
great_expectations_cut_clean.txt,64410,0.6889,9,5,0.0275,-8e-05,0.00099,0.00772,1,0,0
great_expectations_cut_clean.txt,64410,0.6889,9,10,0.01304,-0.00367,-0.00047,0.00772,1,0,0
great_expectations_cut_clean.txt,64410,0.6889,9,20,0.01734,0.00178,0.00201,0.00772,1,0,0
great_expectations_cut_clean.txt,64410,0.6889,9,50,0.01716,0.00252,0.0019,0.00772,1,0,0
great_expectations_cut_clean.txt,64410,0.6889,9,100,0.00779,0.00114,0.00133,0.00772,1,0,0
great_expectations_cut_clean.txt,64410,0.6889,9,200,0.00542,-0.00608,-0.00509,0.00772,0,0,0
great_expectations_cut_clean.txt,64410,0.6889,9,300,0.01026,-0.00196,0.00241,0.00772,1,0,0
great_expectations_cut_clean.txt,64410,0.6889,10,1,0.08275,0.00386,0.00478,0.00772,1,0,0
great_expectations_cut_clean.txt,64410,0.6889,10,2,0.04652,-0.00113,-0.00175,0.00772,1,0,0
great_expectations_cut_clean.txt,64410,0.6889,10,5,0.03657,0.00419,-0.00158,0.00772,1,0,0
great_expectations_cut_clean.txt,64410,0.6889,10,10,0.02242,0.00653,-0.00049,0.00772,1,0,0
great_expectations_cut_clean.txt,64410,0.6889,10,20,0.01073,0.0004,0.00099,0.00772,1,0,0
great_expectations_cut_clean.txt,64410,0.6889,10,50,0.01336,-8e-05,0.00334,0.00772,1,0,0
great_expectations_cut_clean.txt,64410,0.6889,10,100,0.00315,0.00344,0.0034,0.00772,0,0,0
great_expectations_cut_clean.txt,64410,0.6889,10,200,0.00103,0.00219,0.00388,0.00772,0,0,0
great_expectations_cut_clean.txt,64410,0.6889,10,300,0.00175,0.00773,-0.00451,0.00772,0,1,0
great_expectations_cut_clean.txt,64410,0.6889,11,1,0.11306,0.00019,0.00166,0.00772,1,0,0
great_expectations_cut_clean.txt,64410,0.6889,11,2,0.04974,-0.00074,0.00237,0.00772,1,0,0
great_expectations_cut_clean.txt,64410,0.6889,11,5,0.027,0.00227,-0.00204,0.00772,1,0,0
great_expectations_cut_clean.txt,64410,0.6889,11,10,0.02339,-0.00798,0.00268,0.00772,1,1,0
great_expectations_cut_clean.txt,64410,0.6889,11,20,0.00869,-0.00308,0.00124,0.00772,1,0,0
great_expectations_cut_clean.txt,64410,0.6889,11,50,0.00105,-0.00362,0.00645,0.00772,0,0,0
great_expectations_cut_clean.txt,64410,0.6889,11,100,-0.00583,0.00635,0.00267,0.00772,0,0,0
great_expectations_cut_clean.txt,64410,0.6889,11,200,-0.00195,0.00506,0.00414,0.00772,0,0,0
great_expectations_cut_clean.txt,64410,0.6889,11,300,0.00083,0.0003,-0.00193,0.00772,0,0,0
great_expectations_cut_clean.txt,64410,0.6889,12,1,0.08976,-0.00069,0.00459,0.00772,1,0,0
great_expectations_cut_clean.txt,64410,0.6889,12,2,0.05434,0.00483,-0.00674,0.00772,1,0,0
great_expectations_cut_clean.txt,64410,0.6889,12,5,0.03597,0.0026,-0.00354,0.00772,1,0,0
great_expectations_cut_clean.txt,64410,0.6889,12,10,0.01062,-0.00756,-0.00382,0.00772,1,0,0
great_expectations_cut_clean.txt,64410,0.6889,12,20,0.00828,0.00063,0.00178,0.00772,1,0,0
great_expectations_cut_clean.txt,64410,0.6889,12,50,0.00868,-0.00075,0.00089,0.00772,1,0,0
great_expectations_cut_clean.txt,64410,0.6889,12,100,0.00806,-0.00358,0.00027,0.00772,1,0,0
great_expectations_cut_clean.txt,64410,0.6889,12,200,0.00534,0.00209,-0.00033,0.00772,0,0,0
great_expectations_cut_clean.txt,64410,0.6889,12,300,0.00039,0.00333,0.00167,0.00772,0,0,0
great_expectations_cut_clean.txt,64410,0.6889,13,1,0.04919,-0.00231,-0.00087,0.00772,1,0,0
great_expectations_cut_clean.txt,64410,0.6889,13,2,0.03095,-0.00416,0.00403,0.00772,1,0,0
great_expectations_cut_clean.txt,64410,0.6889,13,5,0.01785,0.00469,0.00239,0.00772,1,0,0
great_expectations_cut_clean.txt,64410,0.6889,13,10,0.0109,0.00292,0.00415,0.00772,1,0,0
great_expectations_cut_clean.txt,64410,0.6889,13,20,-0.00012,0.00305,-0.00938,0.00772,0,0,1
great_expectations_cut_clean.txt,64410,0.6889,13,50,0.00614,0.00303,-0.00565,0.00772,0,0,0
great_expectations_cut_clean.txt,64410,0.6889,13,100,-0.00317,-0.00231,-0.00038,0.00772,0,0,0
great_expectations_cut_clean.txt,64410,0.6889,13,200,0.00269,-0.00407,-0.00333,0.00772,0,0,0
great_expectations_cut_clean.txt,64410,0.6889,13,300,-0.0005,0.00148,-0.00445,0.00772,0,0,0
great_expectations_cut_clean.txt,64410,0.6889,14,1,0.07536,-0.00028,0.00288,0.00772,1,0,0
great_expectations_cut_clean.txt,64410,0.6889,14,2,0.04035,0.00241,-0.00055,0.00772,1,0,0
great_expectations_cut_clean.txt,64410,0.6889,14,5,0.02317,-0.00039,0.00411,0.00772,1,0,0
great_expectations_cut_clean.txt,64410,0.6889,14,10,0.00909,0.00042,-0.00344,0.00772,1,0,0
great_expectations_cut_clean.txt,64410,0.6889,14,20,0.00789,0.00315,-0.00285,0.00772,1,0,0
great_expectations_cut_clean.txt,64410,0.6889,14,50,0.0018,0.00756,0.00031,0.00772,0,0,0
great_expectations_cut_clean.txt,64410,0.6889,14,100,0.00274,0.00079,0.00849,0.00772,0,0,1
great_expectations_cut_clean.txt,64410,0.6889,14,200,0.00327,-0.0041,0.00297,0.00772,0,0,0
great_expectations_cut_clean.txt,64410,0.6889,14,300,-0.00516,-0.00201,0.00185,0.00772,0,0,0
great_expectations_cut_clean.txt,64410,0.6889,15,1,0.08904,-0.00479,5e-05,0.00772,1,0,0
great_expectations_cut_clean.txt,64410,0.6889,15,2,0.04524,-0.00012,-0.0045,0.00772,1,0,0
great_expectations_cut_clean.txt,64410,0.6889,15,5,0.02872,0.00112,-0.00215,0.00772,1,0,0
great_expectations_cut_clean.txt,64410,0.6889,15,10,0.01502,-0.00288,-0.00025,0.00772,1,0,0
great_expectations_cut_clean.txt,64410,0.6889,15,20,0.01842,-0.00203,-0.00195,0.00772,1,0,0
great_expectations_cut_clean.txt,64410,0.6889,15,50,-0.00158,0.00281,0.00234,0.00772,0,0,0
great_expectations_cut_clean.txt,64410,0.6889,15,100,0.00763,0.0071,-0.00206,0.00772,0,0,0
great_expectations_cut_clean.txt,64410,0.6889,15,200,0.00269,0.00383,0.00121,0.00772,0,0,0
great_expectations_cut_clean.txt,64410,0.6889,15,300,0.0055,0.0046,-0.00121,0.00772,0,0,0
great_expectations_cut_clean.txt,64410,0.6889,16,1,0.07266,-0.00254,-0.00306,0.00772,1,0,0
great_expectations_cut_clean.txt,64410,0.6889,16,2,0.03183,-0.00754,0.00195,0.00772,1,0,0
great_expectations_cut_clean.txt,64410,0.6889,16,5,0.01442,0.00455,-0.0028,0.00772,1,0,0
great_expectations_cut_clean.txt,64410,0.6889,16,10,0.01287,-0.00348,0.00884,0.00772,1,0,1
great_expectations_cut_clean.txt,64410,0.6889,16,20,0.01194,-0.002,-0.00296,0.00772,1,0,0
great_expectations_cut_clean.txt,64410,0.6889,16,50,-0.00288,0.00142,-0.00467,0.00772,0,0,0
great_expectations_cut_clean.txt,64410,0.6889,16,100,-0.00114,0.01217,-0.00207,0.00772,0,1,0
great_expectations_cut_clean.txt,64410,0.6889,16,200,0.00522,0.00056,-0.00644,0.00772,0,0,0
great_expectations_cut_clean.txt,64410,0.6889,16,300,-0.00206,-0.00204,0.00439,0.00772,0,0,0
great_expectations_cut_clean.txt,64410,0.6889,17,1,0.05593,0.00726,-0.00034,0.00772,1,0,0
great_expectations_cut_clean.txt,64410,0.6889,17,2,0.03085,-0.00435,-0.00369,0.00772,1,0,0
great_expectations_cut_clean.txt,64410,0.6889,17,5,0.01659,0.0015,0.0018,0.00772,1,0,0
great_expectations_cut_clean.txt,64410,0.6889,17,10,0.00678,-0.00375,0.0034,0.00772,0,0,0
great_expectations_cut_clean.txt,64410,0.6889,17,20,0.01202,0.00269,0.00073,0.00772,1,0,0
great_expectations_cut_clean.txt,64410,0.6889,17,50,0.00653,0.00213,-0.00193,0.00772,0,0,0
great_expectations_cut_clean.txt,64410,0.6889,17,100,0.00997,0.00657,0.00353,0.00772,1,0,0
great_expectations_cut_clean.txt,64410,0.6889,17,200,0.0013,4e-05,-0.00254,0.00772,0,0,0
great_expectations_cut_clean.txt,64410,0.6889,17,300,0.00208,-0.00281,-0.00206,0.00772,0,0,0
great_expectations_cut_clean.txt,64410,0.6889,18,1,0.05561,-0.00481,-0.00267,0.00772,1,0,0
great_expectations_cut_clean.txt,64410,0.6889,18,2,0.02728,-0.00556,-0.00042,0.00772,1,0,0
great_expectations_cut_clean.txt,64410,0.6889,18,5,0.01648,-0.00117,-0.0087,0.00772,1,0,1
great_expectations_cut_clean.txt,64410,0.6889,18,10,0.01432,-0.00337,0.0008,0.00772,1,0,0
great_expectations_cut_clean.txt,64410,0.6889,18,20,0.0053,-0.00164,-0.00191,0.00772,0,0,0
great_expectations_cut_clean.txt,64410,0.6889,18,50,0.00102,3e-05,-0.00063,0.00772,0,0,0
great_expectations_cut_clean.txt,64410,0.6889,18,100,0.00469,-0.00411,-0.00052,0.00772,0,0,0
great_expectations_cut_clean.txt,64410,0.6889,18,200,0.00634,0.00047,8e-05,0.00772,0,0,0
great_expectations_cut_clean.txt,64410,0.6889,18,300,0.01021,-0.00918,-0.01048,0.00772,1,1,1
great_expectations_cut_clean.txt,64410,0.6889,19,1,0.06685,-0.00364,0.00886,0.00772,1,0,1
great_expectations_cut_clean.txt,64410,0.6889,19,2,0.03761,-0.00372,-0.0054,0.00772,1,0,0
great_expectations_cut_clean.txt,64410,0.6889,19,5,0.0204,-0.0016,-0.00128,0.00772,1,0,0
great_expectations_cut_clean.txt,64410,0.6889,19,10,0.02046,0.00469,-0.00185,0.00772,1,0,0
great_expectations_cut_clean.txt,64410,0.6889,19,20,0.01367,-0.00404,0.00041,0.00772,1,0,0
great_expectations_cut_clean.txt,64410,0.6889,19,50,9e-05,-0.00077,0.00109,0.00772,0,0,0
great_expectations_cut_clean.txt,64410,0.6889,19,100,-0.00252,0.00047,-0.00071,0.00772,0,0,0
great_expectations_cut_clean.txt,64410,0.6889,19,200,0.00308,-0.00058,0.00076,0.00772,0,0,0
great_expectations_cut_clean.txt,64410,0.6889,19,300,0.00587,0.00357,0.00303,0.00772,0,0,0
great_expectations_cut_clean.txt,64410,0.6889,20,1,0.06398,-0.00339,-0.00899,0.00772,1,0,1
great_expectations_cut_clean.txt,64410,0.6889,20,2,0.02722,0.00094,0.00785,0.00772,1,0,1
great_expectations_cut_clean.txt,64410,0.6889,20,5,0.018,0.00266,0.00325,0.00772,1,0,0
great_expectations_cut_clean.txt,64410,0.6889,20,10,0.0176,0.00179,0.00283,0.00772,1,0,0
great_expectations_cut_clean.txt,64410,0.6889,20,20,0.01076,-0.00248,0.00526,0.00772,1,0,0
great_expectations_cut_clean.txt,64410,0.6889,20,50,0.004,0.00087,0.00392,0.00772,0,0,0
great_expectations_cut_clean.txt,64410,0.6889,20,100,0.00388,-0.00158,0.00275,0.00772,0,0,0
great_expectations_cut_clean.txt,64410,0.6889,20,200,0.00143,0.00175,0.00011,0.00772,0,0,0
great_expectations_cut_clean.txt,64410,0.6889,20,300,0.00117,-0.0009,-0.00178,0.00772,0,0,0
kipling_junglebook.txt,49522,0.7753,1,1,0.13017,0.01656,0.00095,0.00881,1,1,0
kipling_junglebook.txt,49522,0.7753,1,2,0.09317,0.00722,0.00308,0.00881,1,0,0
kipling_junglebook.txt,49522,0.7753,1,5,0.05649,0.00302,0.00776,0.00881,1,0,0
kipling_junglebook.txt,49522,0.7753,1,10,0.05566,0.00124,0.00069,0.00881,1,0,0
kipling_junglebook.txt,49522,0.7753,1,20,0.05154,-0.00234,0.00245,0.00881,1,0,0
kipling_junglebook.txt,49522,0.7753,1,50,0.0319,0.0078,-0.00216,0.00881,1,0,0
kipling_junglebook.txt,49522,0.7753,1,100,0.01521,0.00241,0.00358,0.00881,1,0,0
kipling_junglebook.txt,49522,0.7753,1,200,0.01468,0.00108,-0.0006,0.00881,1,0,0
kipling_junglebook.txt,49522,0.7753,1,300,0.0147,-0.00761,0.00599,0.00881,1,0,0
kipling_junglebook.txt,49522,0.7753,2,1,0.24297,-0.00786,-0.00413,0.00881,1,0,0
kipling_junglebook.txt,49522,0.7753,2,2,0.16069,0.0039,0.00053,0.00881,1,0,0
kipling_junglebook.txt,49522,0.7753,2,5,0.10327,0.00581,-0.00334,0.00881,1,0,0
kipling_junglebook.txt,49522,0.7753,2,10,0.07616,-0.00105,0.00066,0.00881,1,0,0
kipling_junglebook.txt,49522,0.7753,2,20,0.05974,0.00077,-0.00444,0.00881,1,0,0
kipling_junglebook.txt,49522,0.7753,2,50,0.04136,-0.0034,-0.00241,0.00881,1,0,0
kipling_junglebook.txt,49522,0.7753,2,100,0.02503,0.00142,0.00463,0.00881,1,0,0
kipling_junglebook.txt,49522,0.7753,2,200,0.01259,0.00375,0.00402,0.00881,1,0,0
kipling_junglebook.txt,49522,0.7753,2,300,0.00287,-0.0109,0.00043,0.00881,0,1,0
kipling_junglebook.txt,49522,0.7753,3,1,0.13909,-0.00482,0.0039,0.00881,1,0,0
kipling_junglebook.txt,49522,0.7753,3,2,0.10566,0.01165,-0.00162,0.00881,1,1,0
kipling_junglebook.txt,49522,0.7753,3,5,0.07527,-0.00078,-0.00086,0.00881,1,0,0
kipling_junglebook.txt,49522,0.7753,3,10,0.06971,0.001,-0.00012,0.00881,1,0,0
kipling_junglebook.txt,49522,0.7753,3,20,0.05339,-0.00635,9e-05,0.00881,1,0,0
kipling_junglebook.txt,49522,0.7753,3,50,0.02963,-0.00382,-0.00219,0.00881,1,0,0
kipling_junglebook.txt,49522,0.7753,3,100,0.03869,0.0085,-0.0012,0.00881,1,0,0
kipling_junglebook.txt,49522,0.7753,3,200,0.02576,-0.00886,-0.00439,0.00881,1,1,0
kipling_junglebook.txt,49522,0.7753,3,300,0.02268,0.00064,-0.00957,0.00881,1,0,1
kipling_junglebook.txt,49522,0.7753,4,1,0.18531,0.00498,-0.00477,0.00881,1,0,0
kipling_junglebook.txt,49522,0.7753,4,2,0.13271,0.00378,-0.01056,0.00881,1,0,1
kipling_junglebook.txt,49522,0.7753,4,5,0.09999,-0.0021,0.00129,0.00881,1,0,0
kipling_junglebook.txt,49522,0.7753,4,10,0.07618,-9e-05,-0.00256,0.00881,1,0,0
kipling_junglebook.txt,49522,0.7753,4,20,0.05962,-0.00229,0.00508,0.00881,1,0,0
kipling_junglebook.txt,49522,0.7753,4,50,0.04697,-0.00715,0.002,0.00881,1,0,0
kipling_junglebook.txt,49522,0.7753,4,100,0.03229,-0.00283,0.00597,0.00881,1,0,0
kipling_junglebook.txt,49522,0.7753,4,200,0.02094,0.00306,-0.00487,0.00881,1,0,0
kipling_junglebook.txt,49522,0.7753,4,300,0.01881,0.0019,-0.00103,0.00881,1,0,0
kipling_junglebook.txt,49522,0.7753,5,1,0.12188,0.00628,0.00114,0.00881,1,0,0
kipling_junglebook.txt,49522,0.7753,5,2,0.08571,-0.00627,-0.00131,0.00881,1,0,0
kipling_junglebook.txt,49522,0.7753,5,5,0.05995,-0.00022,-0.0018,0.00881,1,0,0
kipling_junglebook.txt,49522,0.7753,5,10,0.03882,0.00618,-0.00257,0.00881,1,0,0
kipling_junglebook.txt,49522,0.7753,5,20,0.03283,-0.01347,-0.00758,0.00881,1,1,0
kipling_junglebook.txt,49522,0.7753,5,50,0.02461,-0.00564,-0.00091,0.00881,1,0,0
kipling_junglebook.txt,49522,0.7753,5,100,0.01685,0.0024,0.00123,0.00881,1,0,0
kipling_junglebook.txt,49522,0.7753,5,200,0.02219,-0.01266,-0.00043,0.00881,1,1,0
kipling_junglebook.txt,49522,0.7753,5,300,0.01454,-0.001,0.00282,0.00881,1,0,0
kipling_junglebook.txt,49522,0.7753,6,1,0.18043,-0.00109,0.00322,0.00881,1,0,0
kipling_junglebook.txt,49522,0.7753,6,2,0.09109,0.00234,-0.00545,0.00881,1,0,0
kipling_junglebook.txt,49522,0.7753,6,5,0.04937,-0.00872,-0.00405,0.00881,1,0,0
kipling_junglebook.txt,49522,0.7753,6,10,0.03556,0.00469,0.001,0.00881,1,0,0
kipling_junglebook.txt,49522,0.7753,6,20,0.03477,0.00099,0.00827,0.00881,1,0,0
kipling_junglebook.txt,49522,0.7753,6,50,0.02625,0.00103,0.00495,0.00881,1,0,0
kipling_junglebook.txt,49522,0.7753,6,100,0.0192,-0.00024,0.00396,0.00881,1,0,0
kipling_junglebook.txt,49522,0.7753,6,200,0.01234,-0.00793,-0.00496,0.00881,1,0,0
kipling_junglebook.txt,49522,0.7753,6,300,0.00667,-0.00364,-0.00592,0.00881,0,0,0
kipling_junglebook.txt,49522,0.7753,7,1,0.16283,0.00267,-0.00025,0.00881,1,0,0
kipling_junglebook.txt,49522,0.7753,7,2,0.114,-0.00223,0.0037,0.00881,1,0,0
kipling_junglebook.txt,49522,0.7753,7,5,0.07457,-0.00055,-0.0033,0.00881,1,0,0
kipling_junglebook.txt,49522,0.7753,7,10,0.05196,0.00045,0.00181,0.00881,1,0,0
kipling_junglebook.txt,49522,0.7753,7,20,0.04424,-0.00526,-0.0036,0.00881,1,0,0
kipling_junglebook.txt,49522,0.7753,7,50,0.02898,-0.00029,0.00861,0.00881,1,0,0
kipling_junglebook.txt,49522,0.7753,7,100,0.01435,-0.00174,-0.00278,0.00881,1,0,0
kipling_junglebook.txt,49522,0.7753,7,200,0.00243,-0.00323,-0.0023,0.00881,0,0,0
kipling_junglebook.txt,49522,0.7753,7,300,0.00317,0.00319,0.0048,0.00881,0,0,0
kipling_junglebook.txt,49522,0.7753,8,1,0.10714,-0.00538,0.0019,0.00881,1,0,0
kipling_junglebook.txt,49522,0.7753,8,2,0.05588,0.00095,0.00285,0.00881,1,0,0
kipling_junglebook.txt,49522,0.7753,8,5,0.0291,-0.00417,0.00075,0.00881,1,0,0
kipling_junglebook.txt,49522,0.7753,8,10,0.01936,0.00465,-0.00079,0.00881,1,0,0
kipling_junglebook.txt,49522,0.7753,8,20,0.01218,-0.00342,-0.00252,0.00881,1,0,0
kipling_junglebook.txt,49522,0.7753,8,50,0.01318,-0.00532,0.00576,0.00881,1,0,0
kipling_junglebook.txt,49522,0.7753,8,100,-0.00026,-0.002,-0.00696,0.00881,0,0,0
kipling_junglebook.txt,49522,0.7753,8,200,-0.00025,-0.00187,0.00131,0.00881,0,0,0
kipling_junglebook.txt,49522,0.7753,8,300,0.00312,-0.00053,0.0018,0.00881,0,0,0
kipling_junglebook.txt,49522,0.7753,9,1,0.11124,0.00085,0.00132,0.00881,1,0,0
kipling_junglebook.txt,49522,0.7753,9,2,0.07269,0.00363,-0.00301,0.00881,1,0,0
kipling_junglebook.txt,49522,0.7753,9,5,0.03942,0.00082,0.00841,0.00881,1,0,0
kipling_junglebook.txt,49522,0.7753,9,10,0.03086,-0.00264,0.00041,0.00881,1,0,0
kipling_junglebook.txt,49522,0.7753,9,20,0.02071,-0.00336,0.00275,0.00881,1,0,0
kipling_junglebook.txt,49522,0.7753,9,50,0.01066,0.00113,-0.00268,0.00881,1,0,0
kipling_junglebook.txt,49522,0.7753,9,100,0.00317,-0.01507,-0.01,0.00881,0,1,1
kipling_junglebook.txt,49522,0.7753,9,200,0.01832,0.00773,0.00234,0.00881,1,0,0
kipling_junglebook.txt,49522,0.7753,9,300,0.00349,0.00811,0.0105,0.00881,0,0,1
kipling_junglebook.txt,49522,0.7753,10,1,0.14402,-0.01184,0.00909,0.00881,1,1,1
kipling_junglebook.txt,49522,0.7753,10,2,0.08341,0.00228,0.00073,0.00881,1,0,0
kipling_junglebook.txt,49522,0.7753,10,5,0.05176,-0.00244,-0.00414,0.00881,1,0,0
kipling_junglebook.txt,49522,0.7753,10,10,0.0318,-0.00159,-0.00122,0.00881,1,0,0
kipling_junglebook.txt,49522,0.7753,10,20,0.02633,-0.00627,-0.00802,0.00881,1,0,0
kipling_junglebook.txt,49522,0.7753,10,50,0.0161,-0.00352,-0.0035,0.00881,1,0,0
kipling_junglebook.txt,49522,0.7753,10,100,0.00683,-0.00564,-0.00225,0.00881,0,0,0
kipling_junglebook.txt,49522,0.7753,10,200,0.00807,0.00258,0.00656,0.00881,0,0,0
kipling_junglebook.txt,49522,0.7753,10,300,0.0069,-0.01174,0.01203,0.00881,0,1,1
kipling_junglebook.txt,49522,0.7753,11,1,0.08642,0.00217,-0.00662,0.00881,1,0,0
kipling_junglebook.txt,49522,0.7753,11,2,0.05441,0.00652,-0.00543,0.00881,1,0,0
kipling_junglebook.txt,49522,0.7753,11,5,0.03435,0.00518,0.00598,0.00881,1,0,0
kipling_junglebook.txt,49522,0.7753,11,10,0.03441,-0.00031,-0.00571,0.00881,1,0,0
kipling_junglebook.txt,49522,0.7753,11,20,0.02421,0.00435,-0.00082,0.00881,1,0,0
kipling_junglebook.txt,49522,0.7753,11,50,0.01212,-0.00408,-0.00836,0.00881,1,0,0
kipling_junglebook.txt,49522,0.7753,11,100,0.02002,-0.00942,0.00179,0.00881,1,1,0
kipling_junglebook.txt,49522,0.7753,11,200,0.00185,-0.01003,-0.00127,0.00881,0,1,0
kipling_junglebook.txt,49522,0.7753,11,300,0.00914,-0.00219,-0.00261,0.00881,1,0,0
kipling_junglebook.txt,49522,0.7753,12,1,0.10432,0.00418,0.00701,0.00881,1,0,0
kipling_junglebook.txt,49522,0.7753,12,2,0.04705,0.00184,-0.01172,0.00881,1,0,1
kipling_junglebook.txt,49522,0.7753,12,5,0.04268,-0.00025,-0.0082,0.00881,1,0,0
kipling_junglebook.txt,49522,0.7753,12,10,0.02257,-0.00152,-0.00407,0.00881,1,0,0
kipling_junglebook.txt,49522,0.7753,12,20,0.0228,0.0031,0.00011,0.00881,1,0,0
kipling_junglebook.txt,49522,0.7753,12,50,0.01474,-0.00375,0.00723,0.00881,1,0,0
kipling_junglebook.txt,49522,0.7753,12,100,0.01231,-0.00491,0.00701,0.00881,1,0,0
kipling_junglebook.txt,49522,0.7753,12,200,0.00615,0.00158,0.00114,0.00881,0,0,0
kipling_junglebook.txt,49522,0.7753,12,300,0.00345,-0.00234,-0.00683,0.00881,0,0,0
kipling_junglebook.txt,49522,0.7753,13,1,0.11402,0.00295,0.00642,0.00881,1,0,0
kipling_junglebook.txt,49522,0.7753,13,2,0.06887,-0.01768,-0.00293,0.00881,1,1,0
kipling_junglebook.txt,49522,0.7753,13,5,0.04104,-0.00073,0.00188,0.00881,1,0,0
kipling_junglebook.txt,49522,0.7753,13,10,0.02945,0.00121,0.00153,0.00881,1,0,0
kipling_junglebook.txt,49522,0.7753,13,20,0.01545,-5e-05,-0.00434,0.00881,1,0,0
kipling_junglebook.txt,49522,0.7753,13,50,0.01284,-0.00509,-0.0035,0.00881,1,0,0
kipling_junglebook.txt,49522,0.7753,13,100,0.01148,0.00353,0.00025,0.00881,1,0,0
kipling_junglebook.txt,49522,0.7753,13,200,0.00848,0.00389,-0.00837,0.00881,0,0,0
kipling_junglebook.txt,49522,0.7753,13,300,0.00162,-0.00014,0.01018,0.00881,0,0,1
kipling_junglebook.txt,49522,0.7753,14,1,0.10086,-0.00754,-0.0023,0.00881,1,0,0
kipling_junglebook.txt,49522,0.7753,14,2,0.05429,0.00119,0.00453,0.00881,1,0,0
kipling_junglebook.txt,49522,0.7753,14,5,0.03746,0.00344,0.00093,0.00881,1,0,0
kipling_junglebook.txt,49522,0.7753,14,10,0.02559,-0.00439,-0.00606,0.00881,1,0,0
kipling_junglebook.txt,49522,0.7753,14,20,0.01926,-0.00277,0.00789,0.00881,1,0,0
kipling_junglebook.txt,49522,0.7753,14,50,0.01551,-0.00237,-0.00061,0.00881,1,0,0
kipling_junglebook.txt,49522,0.7753,14,100,0.01847,-0.00394,0.00328,0.00881,1,0,0
kipling_junglebook.txt,49522,0.7753,14,200,-0.0004,0.00269,-0.00319,0.00881,0,0,0
kipling_junglebook.txt,49522,0.7753,14,300,0.00772,0.00083,0.00352,0.00881,0,0,0
kipling_junglebook.txt,49522,0.7753,15,1,0.08738,-0.00171,-0.00064,0.00881,1,0,0
kipling_junglebook.txt,49522,0.7753,15,2,0.05054,0.00128,-0.00287,0.00881,1,0,0
kipling_junglebook.txt,49522,0.7753,15,5,0.0358,0.00366,0.00138,0.00881,1,0,0
kipling_junglebook.txt,49522,0.7753,15,10,0.02361,0.00333,-0.00287,0.00881,1,0,0
kipling_junglebook.txt,49522,0.7753,15,20,0.02623,0.00608,0.00628,0.00881,1,0,0
kipling_junglebook.txt,49522,0.7753,15,50,0.01562,-0.00411,-0.00297,0.00881,1,0,0
kipling_junglebook.txt,49522,0.7753,15,100,0.01125,0.00213,0.0042,0.00881,1,0,0
kipling_junglebook.txt,49522,0.7753,15,200,0.00695,0.00822,-0.00265,0.00881,0,0,0
kipling_junglebook.txt,49522,0.7753,15,300,-0.01003,0.00291,-0.00338,0.00881,1,0,0
kipling_junglebook.txt,49522,0.7753,16,1,0.08016,-0.00306,0.00915,0.00881,1,0,1
kipling_junglebook.txt,49522,0.7753,16,2,0.05066,0.00026,-0.0001,0.00881,1,0,0
kipling_junglebook.txt,49522,0.7753,16,5,0.03382,-0.0024,-0.00265,0.00881,1,0,0
kipling_junglebook.txt,49522,0.7753,16,10,0.01761,0.0065,-0.00418,0.00881,1,0,0
kipling_junglebook.txt,49522,0.7753,16,20,0.02303,0.00015,-0.00381,0.00881,1,0,0
kipling_junglebook.txt,49522,0.7753,16,50,0.00183,0.00795,0.00455,0.00881,0,0,0
kipling_junglebook.txt,49522,0.7753,16,100,-0.00197,-0.00408,0.00483,0.00881,0,0,0
kipling_junglebook.txt,49522,0.7753,16,200,0.00609,-0.00032,0.00667,0.00881,0,0,0
kipling_junglebook.txt,49522,0.7753,16,300,0.00674,8e-05,0.00151,0.00881,0,0,0
kipling_junglebook.txt,49522,0.7753,17,1,0.08557,0.01021,-0.00465,0.00881,1,1,0
kipling_junglebook.txt,49522,0.7753,17,2,0.03987,-0.00329,-8e-05,0.00881,1,0,0
kipling_junglebook.txt,49522,0.7753,17,5,0.02522,-0.00293,4e-05,0.00881,1,0,0
kipling_junglebook.txt,49522,0.7753,17,10,0.01505,-0.00411,0.01008,0.00881,1,0,1
kipling_junglebook.txt,49522,0.7753,17,20,0.00741,-0.00405,0.00132,0.00881,0,0,0
kipling_junglebook.txt,49522,0.7753,17,50,0.01097,0.00552,0.0093,0.00881,1,0,1
kipling_junglebook.txt,49522,0.7753,17,100,0.00508,0.00084,-0.0001,0.00881,0,0,0
kipling_junglebook.txt,49522,0.7753,17,200,0.0059,0.00124,0.00249,0.00881,0,0,0
kipling_junglebook.txt,49522,0.7753,17,300,0.01049,0.00182,0.00118,0.00881,1,0,0
kipling_junglebook.txt,49522,0.7753,18,1,0.08621,0.00277,-0.00208,0.00881,1,0,0
kipling_junglebook.txt,49522,0.7753,18,2,0.0467,0.00672,-0.00597,0.00881,1,0,0
kipling_junglebook.txt,49522,0.7753,18,5,0.02907,0.00682,-0.00452,0.00881,1,0,0
kipling_junglebook.txt,49522,0.7753,18,10,0.02221,0.00531,-0.00548,0.00881,1,0,0
kipling_junglebook.txt,49522,0.7753,18,20,0.01942,-0.00463,0.00823,0.00881,1,0,0
kipling_junglebook.txt,49522,0.7753,18,50,0.01082,0.00748,0.0044,0.00881,1,0,0
kipling_junglebook.txt,49522,0.7753,18,100,0.01377,-0.00435,-0.0005,0.00881,1,0,0
kipling_junglebook.txt,49522,0.7753,18,200,0.00262,0.00277,-0.00569,0.00881,0,0,0
kipling_junglebook.txt,49522,0.7753,18,300,0.00235,0.01237,0.00163,0.00881,0,1,0
kipling_junglebook.txt,49522,0.7753,19,1,0.06308,-0.00353,-0.00164,0.00881,1,0,0
kipling_junglebook.txt,49522,0.7753,19,2,0.02754,-4e-05,-0.00817,0.00881,1,0,0
kipling_junglebook.txt,49522,0.7753,19,5,0.021,-0.00332,-0.00424,0.00881,1,0,0
kipling_junglebook.txt,49522,0.7753,19,10,0.0091,0.00487,-0.00222,0.00881,1,0,0
kipling_junglebook.txt,49522,0.7753,19,20,0.01409,0.00173,0.00135,0.00881,1,0,0
kipling_junglebook.txt,49522,0.7753,19,50,0.00801,0.00379,0.00016,0.00881,0,0,0
kipling_junglebook.txt,49522,0.7753,19,100,-0.00031,0.00127,0.00039,0.00881,0,0,0
kipling_junglebook.txt,49522,0.7753,19,200,0.00107,-0.0008,0.00435,0.00881,0,0,0
kipling_junglebook.txt,49522,0.7753,19,300,0.00514,0.00199,0.00666,0.00881,0,0,0
kipling_junglebook.txt,49522,0.7753,20,1,0.04819,-0.00204,-0.00089,0.00881,1,0,0
kipling_junglebook.txt,49522,0.7753,20,2,0.02839,0.00019,0.00572,0.00881,1,0,0
kipling_junglebook.txt,49522,0.7753,20,5,0.01324,0.00198,0.00778,0.00881,1,0,0
kipling_junglebook.txt,49522,0.7753,20,10,0.01065,0.0044,0.00464,0.00881,1,0,0
kipling_junglebook.txt,49522,0.7753,20,20,0.01017,-0.00241,-0.01326,0.00881,1,0,1
kipling_junglebook.txt,49522,0.7753,20,50,0.0094,0.00403,0.007,0.00881,1,0,0
kipling_junglebook.txt,49522,0.7753,20,100,-0.00642,0.00068,-0.00668,0.00881,0,0,0
kipling_junglebook.txt,49522,0.7753,20,200,0.00036,-0.00155,0.0014,0.00881,0,0,0
kipling_junglebook.txt,49522,0.7753,20,300,-0.00097,-0.00418,-0.0052,0.00881,0,0,0
olivertwist_cut_clean.txt,59729,0.7112,1,1,0.08408,0.01465,0.00714,0.00802,1,1,0
olivertwist_cut_clean.txt,59729,0.7112,1,2,0.05316,0.0047,0.00745,0.00802,1,0,0
olivertwist_cut_clean.txt,59729,0.7112,1,5,0.0316,0.00528,-0.00915,0.00802,1,0,1
olivertwist_cut_clean.txt,59729,0.7112,1,10,0.02235,-0.00201,-0.00075,0.00802,1,0,0
olivertwist_cut_clean.txt,59729,0.7112,1,20,0.02811,-0.00017,-0.00279,0.00802,1,0,0
olivertwist_cut_clean.txt,59729,0.7112,1,50,0.01521,-0.00107,-0.00636,0.00802,1,0,0
olivertwist_cut_clean.txt,59729,0.7112,1,100,0.00424,0.00346,0.00147,0.00802,0,0,0
olivertwist_cut_clean.txt,59729,0.7112,1,200,0.00301,-0.0013,0.00314,0.00802,0,0,0
olivertwist_cut_clean.txt,59729,0.7112,1,300,0.00615,-0.00565,0.00093,0.00802,0,0,0
olivertwist_cut_clean.txt,59729,0.7112,2,1,0.19681,0.00072,0.00467,0.00802,1,0,0
olivertwist_cut_clean.txt,59729,0.7112,2,2,0.11703,-0.00269,0.00652,0.00802,1,0,0
olivertwist_cut_clean.txt,59729,0.7112,2,5,0.07317,0.00599,0.00271,0.00802,1,0,0
olivertwist_cut_clean.txt,59729,0.7112,2,10,0.04961,0.00568,-0.00153,0.00802,1,0,0
olivertwist_cut_clean.txt,59729,0.7112,2,20,0.03417,-0.00469,0.00032,0.00802,1,0,0
olivertwist_cut_clean.txt,59729,0.7112,2,50,0.01767,0.00215,0.00347,0.00802,1,0,0
olivertwist_cut_clean.txt,59729,0.7112,2,100,0.0091,-0.0014,-0.0,0.00802,1,0,0
olivertwist_cut_clean.txt,59729,0.7112,2,200,0.00278,0.0048,0.00191,0.00802,0,0,0
olivertwist_cut_clean.txt,59729,0.7112,2,300,0.01225,-0.00471,-0.001,0.00802,1,0,0
olivertwist_cut_clean.txt,59729,0.7112,3,1,0.11944,0.00466,0.00126,0.00802,1,0,0
olivertwist_cut_clean.txt,59729,0.7112,3,2,0.08129,0.00381,-0.00487,0.00802,1,0,0
olivertwist_cut_clean.txt,59729,0.7112,3,5,0.05204,0.00099,0.00684,0.00802,1,0,0
olivertwist_cut_clean.txt,59729,0.7112,3,10,0.03876,0.00171,0.00347,0.00802,1,0,0
olivertwist_cut_clean.txt,59729,0.7112,3,20,0.03639,-0.0008,0.00065,0.00802,1,0,0
olivertwist_cut_clean.txt,59729,0.7112,3,50,0.01852,0.00152,0.00224,0.00802,1,0,0
olivertwist_cut_clean.txt,59729,0.7112,3,100,0.02008,0.00923,0.00273,0.00802,1,1,0
olivertwist_cut_clean.txt,59729,0.7112,3,200,0.00567,-0.00228,-0.00616,0.00802,0,0,0
olivertwist_cut_clean.txt,59729,0.7112,3,300,0.0046,-0.00384,0.0028,0.00802,0,0,0
olivertwist_cut_clean.txt,59729,0.7112,4,1,0.17744,0.00907,0.00322,0.00802,1,1,0
olivertwist_cut_clean.txt,59729,0.7112,4,2,0.10043,0.00111,-0.00453,0.00802,1,0,0
olivertwist_cut_clean.txt,59729,0.7112,4,5,0.0714,0.00065,-0.00044,0.00802,1,0,0
olivertwist_cut_clean.txt,59729,0.7112,4,10,0.05708,0.00042,-0.00373,0.00802,1,0,0
olivertwist_cut_clean.txt,59729,0.7112,4,20,0.04246,0.00378,0.00024,0.00802,1,0,0
olivertwist_cut_clean.txt,59729,0.7112,4,50,0.03073,-0.00537,0.00459,0.00802,1,0,0
olivertwist_cut_clean.txt,59729,0.7112,4,100,0.01386,9e-05,0.00374,0.00802,1,0,0
olivertwist_cut_clean.txt,59729,0.7112,4,200,0.01431,-0.00404,0.00144,0.00802,1,0,0
olivertwist_cut_clean.txt,59729,0.7112,4,300,0.013,-0.00265,0.00292,0.00802,1,0,0
olivertwist_cut_clean.txt,59729,0.7112,5,1,0.06688,0.00457,0.00186,0.00802,1,0,0
olivertwist_cut_clean.txt,59729,0.7112,5,2,0.05253,-0.00785,-0.0037,0.00802,1,0,0
olivertwist_cut_clean.txt,59729,0.7112,5,5,0.03823,-0.00504,-0.00226,0.00802,1,0,0
olivertwist_cut_clean.txt,59729,0.7112,5,10,0.02421,-0.00696,-0.00251,0.00802,1,0,0
olivertwist_cut_clean.txt,59729,0.7112,5,20,0.01387,0.00143,0.00227,0.00802,1,0,0
olivertwist_cut_clean.txt,59729,0.7112,5,50,0.00901,0.00577,-0.00724,0.00802,1,0,0
olivertwist_cut_clean.txt,59729,0.7112,5,100,0.00161,-0.00083,-0.00384,0.00802,0,0,0
olivertwist_cut_clean.txt,59729,0.7112,5,200,0.00195,-0.0118,-0.00627,0.00802,0,1,0
olivertwist_cut_clean.txt,59729,0.7112,5,300,0.00249,-0.00086,0.00292,0.00802,0,0,0
olivertwist_cut_clean.txt,59729,0.7112,6,1,0.12837,-0.00077,-0.00587,0.00802,1,0,0
olivertwist_cut_clean.txt,59729,0.7112,6,2,0.0926,-0.00489,0.00411,0.00802,1,0,0
olivertwist_cut_clean.txt,59729,0.7112,6,5,0.06543,-0.00642,-0.01305,0.00802,1,0,1
olivertwist_cut_clean.txt,59729,0.7112,6,10,0.04905,-0.00554,-0.00389,0.00802,1,0,0
olivertwist_cut_clean.txt,59729,0.7112,6,20,0.04226,0.00191,0.00164,0.00802,1,0,0
olivertwist_cut_clean.txt,59729,0.7112,6,50,0.02826,-0.00379,-0.00315,0.00802,1,0,0
olivertwist_cut_clean.txt,59729,0.7112,6,100,0.02695,0.00623,-0.00176,0.00802,1,0,0
olivertwist_cut_clean.txt,59729,0.7112,6,200,0.01481,0.0012,0.00077,0.00802,1,0,0
olivertwist_cut_clean.txt,59729,0.7112,6,300,0.01737,-0.0029,-0.00176,0.00802,1,0,0
olivertwist_cut_clean.txt,59729,0.7112,7,1,0.09349,0.00375,0.00433,0.00802,1,0,0
olivertwist_cut_clean.txt,59729,0.7112,7,2,0.05164,-0.00629,-0.00176,0.00802,1,0,0
olivertwist_cut_clean.txt,59729,0.7112,7,5,0.02221,-0.00573,-0.00236,0.00802,1,0,0
olivertwist_cut_clean.txt,59729,0.7112,7,10,0.0198,0.00065,0.00184,0.00802,1,0,0
olivertwist_cut_clean.txt,59729,0.7112,7,20,0.01754,-0.00143,0.00642,0.00802,1,0,0
olivertwist_cut_clean.txt,59729,0.7112,7,50,0.00811,-0.00414,-0.0058,0.00802,1,0,0
olivertwist_cut_clean.txt,59729,0.7112,7,100,0.0077,-0.00044,0.00167,0.00802,0,0,0
olivertwist_cut_clean.txt,59729,0.7112,7,200,-0.00299,0.00354,0.0051,0.00802,0,0,0
olivertwist_cut_clean.txt,59729,0.7112,7,300,0.00516,0.00172,-0.00254,0.00802,0,0,0
olivertwist_cut_clean.txt,59729,0.7112,8,1,0.12985,0.00109,0.0016,0.00802,1,0,0
olivertwist_cut_clean.txt,59729,0.7112,8,2,0.07746,0.00031,-0.00074,0.00802,1,0,0
olivertwist_cut_clean.txt,59729,0.7112,8,5,0.04442,-0.00402,-0.00551,0.00802,1,0,0
olivertwist_cut_clean.txt,59729,0.7112,8,10,0.02872,-0.00076,4e-05,0.00802,1,0,0
olivertwist_cut_clean.txt,59729,0.7112,8,20,0.02109,0.00027,-0.00111,0.00802,1,0,0
olivertwist_cut_clean.txt,59729,0.7112,8,50,0.01049,0.00154,0.00111,0.00802,1,0,0
olivertwist_cut_clean.txt,59729,0.7112,8,100,0.00982,0.00139,-0.00315,0.00802,1,0,0
olivertwist_cut_clean.txt,59729,0.7112,8,200,0.00313,0.00157,-0.0031,0.00802,0,0,0
olivertwist_cut_clean.txt,59729,0.7112,8,300,0.00129,-0.00554,0.00354,0.00802,0,0,0
olivertwist_cut_clean.txt,59729,0.7112,9,1,0.09425,-0.0001,0.0024,0.00802,1,0,0
olivertwist_cut_clean.txt,59729,0.7112,9,2,0.05345,0.00208,-0.00211,0.00802,1,0,0
olivertwist_cut_clean.txt,59729,0.7112,9,5,0.02739,-0.00143,-0.00164,0.00802,1,0,0
olivertwist_cut_clean.txt,59729,0.7112,9,10,0.03044,-0.00242,-0.00053,0.00802,1,0,0
olivertwist_cut_clean.txt,59729,0.7112,9,20,0.01143,-0.00422,-0.00494,0.00802,1,0,0
olivertwist_cut_clean.txt,59729,0.7112,9,50,0.00305,-0.00077,-2e-05,0.00802,0,0,0
olivertwist_cut_clean.txt,59729,0.7112,9,100,0.01163,0.00072,0.00051,0.00802,1,0,0
olivertwist_cut_clean.txt,59729,0.7112,9,200,-0.00297,-0.00183,-0.00196,0.00802,0,0,0
olivertwist_cut_clean.txt,59729,0.7112,9,300,0.00025,-0.00351,-0.00404,0.00802,0,0,0
olivertwist_cut_clean.txt,59729,0.7112,10,1,0.09916,-0.00346,0.00194,0.00802,1,0,0
olivertwist_cut_clean.txt,59729,0.7112,10,2,0.05292,-0.00052,-0.00276,0.00802,1,0,0
olivertwist_cut_clean.txt,59729,0.7112,10,5,0.03225,0.00302,0.00345,0.00802,1,0,0
olivertwist_cut_clean.txt,59729,0.7112,10,10,0.0374,0.0007,-0.00149,0.00802,1,0,0
olivertwist_cut_clean.txt,59729,0.7112,10,20,0.03,0.00975,0.00081,0.00802,1,1,0
olivertwist_cut_clean.txt,59729,0.7112,10,50,0.0166,0.00131,-0.00451,0.00802,1,0,0
olivertwist_cut_clean.txt,59729,0.7112,10,100,0.01215,-0.00218,0.00312,0.00802,1,0,0
olivertwist_cut_clean.txt,59729,0.7112,10,200,0.00605,0.00257,-0.00366,0.00802,0,0,0
olivertwist_cut_clean.txt,59729,0.7112,10,300,-0.00181,0.00076,0.00088,0.00802,0,0,0
olivertwist_cut_clean.txt,59729,0.7112,11,1,0.0613,0.00059,-0.00296,0.00802,1,0,0
olivertwist_cut_clean.txt,59729,0.7112,11,2,0.02666,-0.00056,-0.00204,0.00802,1,0,0
olivertwist_cut_clean.txt,59729,0.7112,11,5,0.01588,0.0033,-0.00961,0.00802,1,0,1
olivertwist_cut_clean.txt,59729,0.7112,11,10,0.01215,0.00328,0.00564,0.00802,1,0,0
olivertwist_cut_clean.txt,59729,0.7112,11,20,0.00883,-0.00408,-0.00073,0.00802,1,0,0
olivertwist_cut_clean.txt,59729,0.7112,11,50,0.00291,-0.0142,-0.00574,0.00802,0,1,0
olivertwist_cut_clean.txt,59729,0.7112,11,100,0.00075,-0.00038,-0.00868,0.00802,0,0,1
olivertwist_cut_clean.txt,59729,0.7112,11,200,0.00064,0.00572,-0.00618,0.00802,0,0,0
olivertwist_cut_clean.txt,59729,0.7112,11,300,0.00294,-0.00282,0.00489,0.00802,0,0,0
olivertwist_cut_clean.txt,59729,0.7112,12,1,0.12329,-0.00395,0.00128,0.00802,1,0,0
olivertwist_cut_clean.txt,59729,0.7112,12,2,0.0564,0.0028,-0.00242,0.00802,1,0,0
olivertwist_cut_clean.txt,59729,0.7112,12,5,0.02653,0.00472,0.00401,0.00802,1,0,0
olivertwist_cut_clean.txt,59729,0.7112,12,10,0.0203,0.00568,0.00115,0.00802,1,0,0
olivertwist_cut_clean.txt,59729,0.7112,12,20,0.01506,0.00248,-0.00226,0.00802,1,0,0
olivertwist_cut_clean.txt,59729,0.7112,12,50,0.00546,-0.0001,-0.0042,0.00802,0,0,0
olivertwist_cut_clean.txt,59729,0.7112,12,100,0.01195,0.00486,-0.00407,0.00802,1,0,0
olivertwist_cut_clean.txt,59729,0.7112,12,200,0.00602,-0.00039,-0.00588,0.00802,0,0,0
olivertwist_cut_clean.txt,59729,0.7112,12,300,0.00095,0.00191,0.01053,0.00802,0,0,1
olivertwist_cut_clean.txt,59729,0.7112,13,1,0.07788,0.00157,-0.00653,0.00802,1,0,0
olivertwist_cut_clean.txt,59729,0.7112,13,2,0.04395,-0.00232,-0.00069,0.00802,1,0,0
olivertwist_cut_clean.txt,59729,0.7112,13,5,0.0196,0.00249,0.00461,0.00802,1,0,0
olivertwist_cut_clean.txt,59729,0.7112,13,10,0.02086,-0.00406,-0.00461,0.00802,1,0,0
olivertwist_cut_clean.txt,59729,0.7112,13,20,0.01294,-0.0044,-0.00749,0.00802,1,0,0
olivertwist_cut_clean.txt,59729,0.7112,13,50,0.00401,0.00316,0.0021,0.00802,0,0,0
olivertwist_cut_clean.txt,59729,0.7112,13,100,0.00443,-0.00037,-0.00261,0.00802,0,0,0
olivertwist_cut_clean.txt,59729,0.7112,13,200,0.00675,0.00285,0.00022,0.00802,0,0,0
olivertwist_cut_clean.txt,59729,0.7112,13,300,8e-05,-0.0003,-0.00783,0.00802,0,0,0
olivertwist_cut_clean.txt,59729,0.7112,14,1,0.06992,-2e-05,0.0022,0.00802,1,0,0
olivertwist_cut_clean.txt,59729,0.7112,14,2,0.02987,-0.00049,0.002,0.00802,1,0,0
olivertwist_cut_clean.txt,59729,0.7112,14,5,0.01555,0.00061,-0.01132,0.00802,1,0,1
olivertwist_cut_clean.txt,59729,0.7112,14,10,0.01718,-0.00082,0.00633,0.00802,1,0,0
olivertwist_cut_clean.txt,59729,0.7112,14,20,0.00558,-0.00127,-0.00225,0.00802,0,0,0
olivertwist_cut_clean.txt,59729,0.7112,14,50,0.00272,-0.00167,-0.00383,0.00802,0,0,0
olivertwist_cut_clean.txt,59729,0.7112,14,100,0.01049,-0.0036,-0.00301,0.00802,1,0,0
olivertwist_cut_clean.txt,59729,0.7112,14,200,-0.00402,0.00292,-0.00103,0.00802,0,0,0
olivertwist_cut_clean.txt,59729,0.7112,14,300,-0.00393,0.00346,-0.00287,0.00802,0,0,0
olivertwist_cut_clean.txt,59729,0.7112,15,1,0.08082,0.00551,-0.00059,0.00802,1,0,0
olivertwist_cut_clean.txt,59729,0.7112,15,2,0.04643,0.00348,0.00092,0.00802,1,0,0
olivertwist_cut_clean.txt,59729,0.7112,15,5,0.02908,0.00062,0.00154,0.00802,1,0,0
olivertwist_cut_clean.txt,59729,0.7112,15,10,0.02709,-0.00619,-0.00175,0.00802,1,0,0
olivertwist_cut_clean.txt,59729,0.7112,15,20,0.01884,0.00287,0.01105,0.00802,1,0,1
olivertwist_cut_clean.txt,59729,0.7112,15,50,0.01266,-0.00267,0.0032,0.00802,1,0,0
olivertwist_cut_clean.txt,59729,0.7112,15,100,0.01194,-0.00275,0.00052,0.00802,1,0,0
olivertwist_cut_clean.txt,59729,0.7112,15,200,0.01471,0.00101,0.01233,0.00802,1,0,1
olivertwist_cut_clean.txt,59729,0.7112,15,300,0.01355,0.00371,0.00036,0.00802,1,0,0
olivertwist_cut_clean.txt,59729,0.7112,16,1,0.06855,-0.00037,0.00356,0.00802,1,0,0
olivertwist_cut_clean.txt,59729,0.7112,16,2,0.03407,-0.00301,0.00907,0.00802,1,0,1
olivertwist_cut_clean.txt,59729,0.7112,16,5,0.01875,0.00711,-0.00514,0.00802,1,0,0
olivertwist_cut_clean.txt,59729,0.7112,16,10,0.00855,-0.00284,-0.00553,0.00802,1,0,0
olivertwist_cut_clean.txt,59729,0.7112,16,20,0.01549,0.00549,-0.00125,0.00802,1,0,0
olivertwist_cut_clean.txt,59729,0.7112,16,50,0.01227,0.0027,0.00043,0.00802,1,0,0
olivertwist_cut_clean.txt,59729,0.7112,16,100,-0.00302,0.00035,0.00108,0.00802,0,0,0
olivertwist_cut_clean.txt,59729,0.7112,16,200,0.00468,0.00504,-0.00168,0.00802,0,0,0
olivertwist_cut_clean.txt,59729,0.7112,16,300,0.00468,-0.00615,-0.00185,0.00802,0,0,0
olivertwist_cut_clean.txt,59729,0.7112,17,1,0.07008,0.00966,0.00657,0.00802,1,1,0
olivertwist_cut_clean.txt,59729,0.7112,17,2,0.0347,0.0031,-0.00554,0.00802,1,0,0
olivertwist_cut_clean.txt,59729,0.7112,17,5,0.01766,0.00011,-0.00142,0.00802,1,0,0
olivertwist_cut_clean.txt,59729,0.7112,17,10,0.01469,0.00557,0.00056,0.00802,1,0,0
olivertwist_cut_clean.txt,59729,0.7112,17,20,0.00688,0.01046,0.00239,0.00802,0,1,0
olivertwist_cut_clean.txt,59729,0.7112,17,50,0.00757,-0.0009,-0.00138,0.00802,0,0,0
olivertwist_cut_clean.txt,59729,0.7112,17,100,0.00561,0.0033,-0.00341,0.00802,0,0,0
olivertwist_cut_clean.txt,59729,0.7112,17,200,0.00938,-0.00072,-0.00379,0.00802,1,0,0
olivertwist_cut_clean.txt,59729,0.7112,17,300,-0.00145,0.00767,0.00013,0.00802,0,0,0
olivertwist_cut_clean.txt,59729,0.7112,18,1,0.06503,0.00469,-0.00864,0.00802,1,0,1
olivertwist_cut_clean.txt,59729,0.7112,18,2,0.0429,-0.00548,-0.00855,0.00802,1,0,1
olivertwist_cut_clean.txt,59729,0.7112,18,5,0.01455,0.00329,-0.00048,0.00802,1,0,0
olivertwist_cut_clean.txt,59729,0.7112,18,10,0.01215,0.00524,0.00147,0.00802,1,0,0
olivertwist_cut_clean.txt,59729,0.7112,18,20,0.01377,0.00794,0.00737,0.00802,1,0,0
olivertwist_cut_clean.txt,59729,0.7112,18,50,0.01466,0.00382,0.00136,0.00802,1,0,0
olivertwist_cut_clean.txt,59729,0.7112,18,100,0.00804,0.001,-0.00102,0.00802,1,0,0
olivertwist_cut_clean.txt,59729,0.7112,18,200,0.00628,0.00537,0.00254,0.00802,0,0,0
olivertwist_cut_clean.txt,59729,0.7112,18,300,-0.00396,-0.00348,-0.00541,0.00802,0,0,0
olivertwist_cut_clean.txt,59729,0.7112,19,1,0.0521,0.00289,-0.00042,0.00802,1,0,0
olivertwist_cut_clean.txt,59729,0.7112,19,2,0.02655,-0.00299,-0.00411,0.00802,1,0,0
olivertwist_cut_clean.txt,59729,0.7112,19,5,0.01452,0.0014,-0.00058,0.00802,1,0,0
olivertwist_cut_clean.txt,59729,0.7112,19,10,0.01346,0.00424,0.00135,0.00802,1,0,0
olivertwist_cut_clean.txt,59729,0.7112,19,20,0.00515,0.00367,0.00641,0.00802,0,0,0
olivertwist_cut_clean.txt,59729,0.7112,19,50,0.00573,-0.00021,0.00996,0.00802,0,0,1
olivertwist_cut_clean.txt,59729,0.7112,19,100,0.00686,0.0047,-0.00433,0.00802,0,0,0
olivertwist_cut_clean.txt,59729,0.7112,19,200,0.00576,-0.00042,-7e-05,0.00802,0,0,0
olivertwist_cut_clean.txt,59729,0.7112,19,300,0.00713,-0.0016,0.00254,0.00802,0,0,0
olivertwist_cut_clean.txt,59729,0.7112,20,1,0.06392,-0.00389,-0.00294,0.00802,1,0,0
olivertwist_cut_clean.txt,59729,0.7112,20,2,0.03533,0.00106,0.00088,0.00802,1,0,0
olivertwist_cut_clean.txt,59729,0.7112,20,5,0.01603,-0.00181,-0.00399,0.00802,1,0,0
olivertwist_cut_clean.txt,59729,0.7112,20,10,0.00935,0.00416,-0.00423,0.00802,1,0,0
olivertwist_cut_clean.txt,59729,0.7112,20,20,0.01124,0.00194,0.00194,0.00802,1,0,0
olivertwist_cut_clean.txt,59729,0.7112,20,50,0.00744,0.00532,-0.00131,0.00802,0,0,0
olivertwist_cut_clean.txt,59729,0.7112,20,100,0.0085,0.00667,-0.00044,0.00802,1,0,0
olivertwist_cut_clean.txt,59729,0.7112,20,200,0.00276,0.00071,0.00228,0.00802,0,0,0
olivertwist_cut_clean.txt,59729,0.7112,20,300,0.00332,0.00176,0.00934,0.00802,0,0,1
principia_newton.txt,26347,0.8152,1,1,0.17985,0.00258,0.00103,0.01208,1,0,0
principia_newton.txt,26347,0.8152,1,2,0.15561,-0.01299,0.00342,0.01208,1,1,0
principia_newton.txt,26347,0.8152,1,5,0.14182,0.00576,-0.00975,0.01208,1,0,0
principia_newton.txt,26347,0.8152,1,10,0.11902,0.005,0.00088,0.01208,1,0,0
principia_newton.txt,26347,0.8152,1,20,0.09635,0.01364,0.00856,0.01208,1,1,0
principia_newton.txt,26347,0.8152,1,50,0.06873,-0.00557,-0.00344,0.01208,1,0,0
principia_newton.txt,26347,0.8152,1,100,0.04997,-0.00382,-0.00329,0.01208,1,0,0
principia_newton.txt,26347,0.8152,1,200,0.04053,-0.00079,-0.00225,0.01208,1,0,0
principia_newton.txt,26347,0.8152,1,300,0.03132,0.00572,0.00904,0.01208,1,0,0
principia_newton.txt,26347,0.8152,2,1,0.193,0.00595,0.00721,0.01208,1,0,0
principia_newton.txt,26347,0.8152,2,2,0.17797,-0.00434,0.00613,0.01208,1,0,0
principia_newton.txt,26347,0.8152,2,5,0.13945,-0.00515,-0.00117,0.01208,1,0,0
principia_newton.txt,26347,0.8152,2,10,0.13471,0.00244,-0.00869,0.01208,1,0,0
principia_newton.txt,26347,0.8152,2,20,0.10546,-0.00067,-0.00602,0.01208,1,0,0
principia_newton.txt,26347,0.8152,2,50,0.07824,-0.00273,0.00143,0.01208,1,0,0
principia_newton.txt,26347,0.8152,2,100,0.0566,-0.00549,-0.00342,0.01208,1,0,0
principia_newton.txt,26347,0.8152,2,200,0.0319,0.00629,0.00081,0.01208,1,0,0
principia_newton.txt,26347,0.8152,2,300,0.02932,0.00388,0.00273,0.01208,1,0,0
principia_newton.txt,26347,0.8152,3,1,0.09925,0.00769,-0.013,0.01208,1,0,1
principia_newton.txt,26347,0.8152,3,2,0.08232,0.00157,0.00277,0.01208,1,0,0
principia_newton.txt,26347,0.8152,3,5,0.06264,0.00453,-0.01,0.01208,1,0,0
principia_newton.txt,26347,0.8152,3,10,0.04526,0.00482,-0.00895,0.01208,1,0,0
principia_newton.txt,26347,0.8152,3,20,0.03099,-0.00493,0.00046,0.01208,1,0,0
principia_newton.txt,26347,0.8152,3,50,0.01498,-0.00849,0.00386,0.01208,1,0,0
principia_newton.txt,26347,0.8152,3,100,0.02422,-0.00265,-0.00364,0.01208,1,0,0
principia_newton.txt,26347,0.8152,3,200,0.01666,0.00584,-0.00723,0.01208,1,0,0
principia_newton.txt,26347,0.8152,3,300,0.02438,-0.00458,-0.0026,0.01208,1,0,0
principia_newton.txt,26347,0.8152,4,1,0.0791,0.00465,0.00326,0.01208,1,0,0
principia_newton.txt,26347,0.8152,4,2,0.07019,-0.00397,-0.0083,0.01208,1,0,0
principia_newton.txt,26347,0.8152,4,5,0.06759,-0.01061,0.00368,0.01208,1,0,0
principia_newton.txt,26347,0.8152,4,10,0.04863,0.00814,0.00401,0.01208,1,0,0
principia_newton.txt,26347,0.8152,4,20,0.0299,0.00141,-0.00134,0.01208,1,0,0
principia_newton.txt,26347,0.8152,4,50,0.01186,-0.00393,0.0087,0.01208,0,0,0
principia_newton.txt,26347,0.8152,4,100,0.00165,-0.00623,-0.0062,0.01208,0,0,0
principia_newton.txt,26347,0.8152,4,200,0.01045,0.00028,0.00933,0.01208,0,0,0
principia_newton.txt,26347,0.8152,4,300,-0.00702,-0.00609,-0.00065,0.01208,0,0,0
principia_newton.txt,26347,0.8152,5,1,0.0662,-0.00206,-0.00649,0.01208,1,0,0
principia_newton.txt,26347,0.8152,5,2,0.07539,0.01034,0.00675,0.01208,1,0,0
principia_newton.txt,26347,0.8152,5,5,0.03695,0.00184,0.00281,0.01208,1,0,0
principia_newton.txt,26347,0.8152,5,10,0.03441,-0.00126,0.01234,0.01208,1,0,1
principia_newton.txt,26347,0.8152,5,20,0.02514,0.00024,-0.00162,0.01208,1,0,0
principia_newton.txt,26347,0.8152,5,50,0.02411,-0.00558,-0.00857,0.01208,1,0,0
principia_newton.txt,26347,0.8152,5,100,0.00843,0.00295,0.00137,0.01208,0,0,0
principia_newton.txt,26347,0.8152,5,200,0.00766,0.00182,-0.00163,0.01208,0,0,0
principia_newton.txt,26347,0.8152,5,300,0.00061,-0.00501,0.00346,0.01208,0,0,0
principia_newton.txt,26347,0.8152,6,1,0.09262,-0.00044,0.0041,0.01208,1,0,0
principia_newton.txt,26347,0.8152,6,2,0.05137,-0.00526,-0.00651,0.01208,1,0,0
principia_newton.txt,26347,0.8152,6,5,0.04677,-0.00221,-0.01178,0.01208,1,0,0
principia_newton.txt,26347,0.8152,6,10,0.02857,0.01161,0.00265,0.01208,1,0,0
principia_newton.txt,26347,0.8152,6,20,0.02912,0.00152,0.00221,0.01208,1,0,0
principia_newton.txt,26347,0.8152,6,50,0.01016,0.01086,0.00401,0.01208,0,0,0
principia_newton.txt,26347,0.8152,6,100,0.01275,0.00078,-0.00492,0.01208,1,0,0
principia_newton.txt,26347,0.8152,6,200,0.00579,0.00236,-0.00596,0.01208,0,0,0
principia_newton.txt,26347,0.8152,6,300,0.00994,-0.0015,-0.00437,0.01208,0,0,0
principia_newton.txt,26347,0.8152,7,1,0.06297,0.00613,-0.0028,0.01208,1,0,0
principia_newton.txt,26347,0.8152,7,2,0.06054,0.00068,0.00058,0.01208,1,0,0
principia_newton.txt,26347,0.8152,7,5,0.04986,0.00487,-0.00576,0.01208,1,0,0
principia_newton.txt,26347,0.8152,7,10,0.03001,0.0023,0.01032,0.01208,1,0,0
principia_newton.txt,26347,0.8152,7,20,0.02488,-0.00462,-0.00492,0.01208,1,0,0
principia_newton.txt,26347,0.8152,7,50,0.00311,-0.00614,-0.01482,0.01208,0,0,1
principia_newton.txt,26347,0.8152,7,100,-0.00163,-0.00385,0.00491,0.01208,0,0,0
principia_newton.txt,26347,0.8152,7,200,0.00021,-0.00421,-0.00812,0.01208,0,0,0
principia_newton.txt,26347,0.8152,7,300,0.00595,0.00316,-0.00121,0.01208,0,0,0
principia_newton.txt,26347,0.8152,8,1,0.06532,-0.00278,-0.00136,0.01208,1,0,0
principia_newton.txt,26347,0.8152,8,2,0.09211,-0.00201,0.00128,0.01208,1,0,0
principia_newton.txt,26347,0.8152,8,5,0.07119,-0.00165,-7e-05,0.01208,1,0,0
principia_newton.txt,26347,0.8152,8,10,0.05866,-0.01268,0.0066,0.01208,1,1,0
principia_newton.txt,26347,0.8152,8,20,0.03316,0.00437,0.00068,0.01208,1,0,0
principia_newton.txt,26347,0.8152,8,50,0.02837,0.00075,-0.00078,0.01208,1,0,0
principia_newton.txt,26347,0.8152,8,100,0.02197,0.00251,0.00654,0.01208,1,0,0
principia_newton.txt,26347,0.8152,8,200,0.01275,-0.00752,0.00065,0.01208,1,0,0
principia_newton.txt,26347,0.8152,8,300,0.00688,-0.00183,0.01091,0.01208,0,0,0
principia_newton.txt,26347,0.8152,9,1,0.06491,-0.00028,-0.00839,0.01208,1,0,0
principia_newton.txt,26347,0.8152,9,2,0.04681,-0.00041,-5e-05,0.01208,1,0,0
principia_newton.txt,26347,0.8152,9,5,0.04372,-0.00282,-0.00211,0.01208,1,0,0
principia_newton.txt,26347,0.8152,9,10,0.03653,0.00213,-0.00281,0.01208,1,0,0
principia_newton.txt,26347,0.8152,9,20,0.03995,-0.00489,0.00068,0.01208,1,0,0
principia_newton.txt,26347,0.8152,9,50,0.00912,0.00542,7e-05,0.01208,0,0,0
principia_newton.txt,26347,0.8152,9,100,0.01969,-0.00357,0.00156,0.01208,1,0,0
principia_newton.txt,26347,0.8152,9,200,-0.0023,-0.00239,-0.00267,0.01208,0,0,0
principia_newton.txt,26347,0.8152,9,300,0.01085,-0.00386,0.00636,0.01208,0,0,0
principia_newton.txt,26347,0.8152,10,1,0.06105,-0.00137,-0.0103,0.01208,1,0,0
principia_newton.txt,26347,0.8152,10,2,0.09906,-0.00253,0.0035,0.01208,1,0,0
principia_newton.txt,26347,0.8152,10,5,0.0764,0.00791,-0.00337,0.01208,1,0,0
principia_newton.txt,26347,0.8152,10,10,0.04161,0.01132,0.00671,0.01208,1,0,0
principia_newton.txt,26347,0.8152,10,20,0.0328,-0.00506,0.00628,0.01208,1,0,0
principia_newton.txt,26347,0.8152,10,50,0.01207,0.00338,0.00731,0.01208,0,0,0
principia_newton.txt,26347,0.8152,10,100,0.01665,-0.00216,-0.00539,0.01208,1,0,0
principia_newton.txt,26347,0.8152,10,200,0.00265,-0.00611,0.00483,0.01208,0,0,0
principia_newton.txt,26347,0.8152,10,300,-0.0056,-0.00215,-0.01166,0.01208,0,0,0
principia_newton.txt,26347,0.8152,11,1,0.04595,-0.00815,-0.00793,0.01208,1,0,0
principia_newton.txt,26347,0.8152,11,2,0.06496,0.00445,-0.00505,0.01208,1,0,0
principia_newton.txt,26347,0.8152,11,5,0.04917,-0.00399,-0.00185,0.01208,1,0,0
principia_newton.txt,26347,0.8152,11,10,0.03093,0.00199,0.00331,0.01208,1,0,0
principia_newton.txt,26347,0.8152,11,20,0.02077,-0.00513,0.00715,0.01208,1,0,0
principia_newton.txt,26347,0.8152,11,50,0.0163,0.00571,-0.00393,0.01208,1,0,0
principia_newton.txt,26347,0.8152,11,100,0.01867,-0.00658,0.00514,0.01208,1,0,0
principia_newton.txt,26347,0.8152,11,200,0.00405,0.00174,-0.00793,0.01208,0,0,0
principia_newton.txt,26347,0.8152,11,300,0.01375,-0.00479,-0.00798,0.01208,1,0,0
principia_newton.txt,26347,0.8152,12,1,0.04128,0.00349,0.00116,0.01208,1,0,0
principia_newton.txt,26347,0.8152,12,2,0.04968,0.00475,0.00869,0.01208,1,0,0
principia_newton.txt,26347,0.8152,12,5,0.04866,0.00939,0.00769,0.01208,1,0,0
principia_newton.txt,26347,0.8152,12,10,0.02568,0.00189,0.00171,0.01208,1,0,0
principia_newton.txt,26347,0.8152,12,20,0.02416,-0.00715,0.00076,0.01208,1,0,0
principia_newton.txt,26347,0.8152,12,50,0.01349,-0.00322,0.00377,0.01208,1,0,0
principia_newton.txt,26347,0.8152,12,100,0.00276,0.00606,-0.00576,0.01208,0,0,0
principia_newton.txt,26347,0.8152,12,200,0.00541,-0.02092,-8e-05,0.01208,0,1,0
principia_newton.txt,26347,0.8152,12,300,-0.00287,0.00403,-0.00268,0.01208,0,0,0
principia_newton.txt,26347,0.8152,13,1,0.06099,0.01651,-0.00418,0.01208,1,1,0
principia_newton.txt,26347,0.8152,13,2,0.07682,-0.00353,-0.00022,0.01208,1,0,0
principia_newton.txt,26347,0.8152,13,5,0.04961,0.01,-0.00748,0.01208,1,0,0
principia_newton.txt,26347,0.8152,13,10,0.04852,0.00029,0.0146,0.01208,1,0,1
principia_newton.txt,26347,0.8152,13,20,0.02589,0.00545,-0.00281,0.01208,1,0,0
principia_newton.txt,26347,0.8152,13,50,0.01258,-0.00063,-0.00621,0.01208,1,0,0
principia_newton.txt,26347,0.8152,13,100,0.0092,-0.00529,-0.0141,0.01208,0,0,1
principia_newton.txt,26347,0.8152,13,200,0.01051,0.00225,0.00119,0.01208,0,0,0
principia_newton.txt,26347,0.8152,13,300,0.01638,-0.00713,0.00668,0.01208,1,0,0
principia_newton.txt,26347,0.8152,14,1,0.04305,0.00281,-0.00047,0.01208,1,0,0
principia_newton.txt,26347,0.8152,14,2,0.04781,0.00939,0.00356,0.01208,1,0,0
principia_newton.txt,26347,0.8152,14,5,0.04119,0.00936,-0.00893,0.01208,1,0,0
principia_newton.txt,26347,0.8152,14,10,0.03437,0.00333,-0.00861,0.01208,1,0,0
principia_newton.txt,26347,0.8152,14,20,0.03314,-0.00146,0.00059,0.01208,1,0,0
principia_newton.txt,26347,0.8152,14,50,0.01734,0.00047,-0.00082,0.01208,1,0,0
principia_newton.txt,26347,0.8152,14,100,0.00673,0.00445,0.00146,0.01208,0,0,0
principia_newton.txt,26347,0.8152,14,200,0.01263,-0.00878,-0.00707,0.01208,1,0,0
principia_newton.txt,26347,0.8152,14,300,0.00821,0.00552,-0.0063,0.01208,0,0,0
principia_newton.txt,26347,0.8152,15,1,0.04201,0.01454,-0.00053,0.01208,1,1,0
principia_newton.txt,26347,0.8152,15,2,0.05652,-0.00606,0.00559,0.01208,1,0,0
principia_newton.txt,26347,0.8152,15,5,0.07114,-0.00624,0.00664,0.01208,1,0,0
principia_newton.txt,26347,0.8152,15,10,0.03462,0.0024,0.00783,0.01208,1,0,0
principia_newton.txt,26347,0.8152,15,20,0.03369,0.00793,0.00584,0.01208,1,0,0
principia_newton.txt,26347,0.8152,15,50,0.01744,0.00051,0.00603,0.01208,1,0,0
principia_newton.txt,26347,0.8152,15,100,0.00789,0.00063,0.00314,0.01208,0,0,0
principia_newton.txt,26347,0.8152,15,200,0.00209,-0.00265,-0.0002,0.01208,0,0,0
principia_newton.txt,26347,0.8152,15,300,0.01311,-0.00663,0.00787,0.01208,1,0,0
principia_newton.txt,26347,0.8152,16,1,0.06577,0.00849,0.00488,0.01208,1,0,0
principia_newton.txt,26347,0.8152,16,2,0.06197,0.00134,0.00366,0.01208,1,0,0
principia_newton.txt,26347,0.8152,16,5,0.04844,0.00524,-0.00761,0.01208,1,0,0
principia_newton.txt,26347,0.8152,16,10,0.03814,0.0074,0.00337,0.01208,1,0,0
principia_newton.txt,26347,0.8152,16,20,0.01515,-0.00318,0.00557,0.01208,1,0,0
principia_newton.txt,26347,0.8152,16,50,0.01794,0.00197,-0.00976,0.01208,1,0,0
principia_newton.txt,26347,0.8152,16,100,0.01065,-0.00811,-0.00165,0.01208,0,0,0
principia_newton.txt,26347,0.8152,16,200,0.01172,-0.00773,-0.00053,0.01208,0,0,0
principia_newton.txt,26347,0.8152,16,300,0.0022,0.00282,0.00193,0.01208,0,0,0
principia_newton.txt,26347,0.8152,17,1,0.06386,0.00225,5e-05,0.01208,1,0,0
principia_newton.txt,26347,0.8152,17,2,0.07778,0.01003,-0.00165,0.01208,1,0,0
principia_newton.txt,26347,0.8152,17,5,0.05613,0.00331,0.00102,0.01208,1,0,0
principia_newton.txt,26347,0.8152,17,10,0.05219,-0.00707,-0.00582,0.01208,1,0,0
principia_newton.txt,26347,0.8152,17,20,0.04542,0.01928,0.00771,0.01208,1,1,0
principia_newton.txt,26347,0.8152,17,50,0.02429,-0.01506,-0.0007,0.01208,1,1,0
principia_newton.txt,26347,0.8152,17,100,0.02617,-0.00801,-0.01216,0.01208,1,0,1
principia_newton.txt,26347,0.8152,17,200,0.00676,0.00021,0.00649,0.01208,0,0,0
principia_newton.txt,26347,0.8152,17,300,0.00733,0.00121,0.0054,0.01208,0,0,0
principia_newton.txt,26347,0.8152,18,1,0.05406,-0.00899,0.00056,0.01208,1,0,0
principia_newton.txt,26347,0.8152,18,2,0.04864,0.01185,0.00608,0.01208,1,0,0
principia_newton.txt,26347,0.8152,18,5,0.05045,-0.00526,0.00366,0.01208,1,0,0
principia_newton.txt,26347,0.8152,18,10,0.02322,-0.00449,0.00717,0.01208,1,0,0
principia_newton.txt,26347,0.8152,18,20,0.02908,-0.00757,0.0025,0.01208,1,0,0
principia_newton.txt,26347,0.8152,18,50,0.00501,-0.00735,-0.00117,0.01208,0,0,0
principia_newton.txt,26347,0.8152,18,100,0.01338,-0.00163,0.00071,0.01208,1,0,0
principia_newton.txt,26347,0.8152,18,200,0.00574,-0.0069,0.00937,0.01208,0,0,0
principia_newton.txt,26347,0.8152,18,300,-0.00521,-0.00604,-0.00159,0.01208,0,0,0
principia_newton.txt,26347,0.8152,19,1,0.03897,-0.00225,-0.002,0.01208,1,0,0
principia_newton.txt,26347,0.8152,19,2,0.04144,0.01199,-0.00878,0.01208,1,0,0
principia_newton.txt,26347,0.8152,19,5,0.04565,-0.00739,-0.00153,0.01208,1,0,0
principia_newton.txt,26347,0.8152,19,10,0.03193,-0.00667,-0.00462,0.01208,1,0,0
principia_newton.txt,26347,0.8152,19,20,0.02856,0.00442,-0.00973,0.01208,1,0,0
principia_newton.txt,26347,0.8152,19,50,0.00613,0.00385,0.00262,0.01208,0,0,0
principia_newton.txt,26347,0.8152,19,100,0.01331,0.00217,0.00542,0.01208,1,0,0
principia_newton.txt,26347,0.8152,19,200,0.00523,0.00395,-0.00139,0.01208,0,0,0
principia_newton.txt,26347,0.8152,19,300,0.00068,0.00927,-0.00025,0.01208,0,0,0
principia_newton.txt,26347,0.8152,20,1,0.03029,0.00745,0.00786,0.01208,1,0,0
principia_newton.txt,26347,0.8152,20,2,0.04419,0.00666,-0.00689,0.01208,1,0,0
principia_newton.txt,26347,0.8152,20,5,0.04465,0.00273,-0.00329,0.01208,1,0,0
principia_newton.txt,26347,0.8152,20,10,0.02794,0.00673,0.00387,0.01208,1,0,0
principia_newton.txt,26347,0.8152,20,20,0.02688,-0.00332,0.00357,0.01208,1,0,0
principia_newton.txt,26347,0.8152,20,50,0.00875,0.0027,0.00068,0.01208,0,0,0
principia_newton.txt,26347,0.8152,20,100,0.00444,0.00095,-0.00528,0.01208,0,0,0
principia_newton.txt,26347,0.8152,20,200,0.00503,-0.00422,0.00859,0.01208,0,0,0
principia_newton.txt,26347,0.8152,20,300,-0.0046,-0.00278,0.00326,0.01208,0,0,0
